  0
SECTION
  2
HEADER
  9
$ACADVER
  1
AC1024
  9
$ACADMAINTVER
 70
6
  9
$DWGCODEPAGE
  3
ANSI_1252
  9
$LASTSAVEDBY
  1
ezdxf
  9
$INSBASE
 10
0.0
 20
0.0
 30
0.0
  9
$EXTMIN
 10
1e+20
 20
1e+20
 30
1e+20
  9
$EXTMAX
 10
-1e+20
 20
-1e+20
 30
-1e+20
  9
$LIMMIN
 10
0.0
 20
0.0
  9
$LIMMAX
 10
420.0
 20
297.0
  9
$ORTHOMODE
 70
0
  9
$REGENMODE
 70
1
  9
$FILLMODE
 70
1
  9
$QTEXTMODE
 70
0
  9
$MIRRTEXT
 70
1
  9
$LTSCALE
 40
1.0
  9
$ATTMODE
 70
1
  9
$TEXTSIZE
 40
2.5
  9
$TRACEWID
 40
1.0
  9
$TEXTSTYLE
  7
OpenSans
  9
$CLAYER
  8
0
  9
$CELTYPE
  6
ByLayer
  9
$CECOLOR
 62
256
  9
$CELTSCALE
 40
1.0
  9
$DISPSILH
 70
0
  9
$DIMSCALE
 40
1.0
  9
$DIMASZ
 40
0.175
  9
$DIMEXO
 40
0.125
  9
$DIMDLI
 40
3.75
  9
$DIMRND
 40
0.0
  9
$DIMDLE
 40
0.0
  9
$DIMEXE
 40
0.375
  9
$DIMTP
 40
0.0
  9
$DIMTM
 40
0.0
  9
$DIMTXT
 40
0.25
  9
$DIMCEN
 40
2.5
  9
$DIMTSZ
 40
0.0
  9
$DIMTOL
 70
0
  9
$DIMLIM
 70
0
  9
$DIMTIH
 70
0
  9
$DIMTOH
 70
0
  9
$DIMSE1
 70
0
  9
$DIMSE2
 70
0
  9
$DIMTAD
 70
1
  9
$DIMZIN
 70
12
  9
$DIMBLK
  1
ARCHTICK
  9
$DIMASO
 70
1
  9
$DIMSHO
 70
1
  9
$DIMPOST
  1

  9
$DIMAPOST
  1

  9
$DIMALT
 70
0
  9
$DIMALTD
 70
3
  9
$DIMALTF
 40
0.03937007874
  9
$DIMLFAC
 40
100.0
  9
$DIMTOFL
 70
1
  9
$DIMTVP
 40
0.0
  9
$DIMTIX
 70
0
  9
$DIMSOXD
 70
0
  9
$DIMSAH
 70
0
  9
$DIMBLK1
  1

  9
$DIMBLK2
  1

  9
$DIMSTYLE
  2
EZDXF
  9
$DIMCLRD
 70
0
  9
$DIMCLRE
 70
0
  9
$DIMCLRT
 70
0
  9
$DIMTFAC
 40
0.5
  9
$DIMGAP
 40
0.1
  9
$DIMJUST
 70
0
  9
$DIMSD1
 70
0
  9
$DIMSD2
 70
0
  9
$DIMTOLJ
 70
0
  9
$DIMTZIN
 70
8
  9
$DIMALTZ
 70
0
  9
$DIMALTTZ
 70
0
  9
$DIMUPT
 70
1
  9
$DIMDEC
 70
2
  9
$DIMTDEC
 70
2
  9
$DIMALTU
 70
2
  9
$DIMALTTD
 70
3
  9
$DIMTXSTY
  7
OpenSansCondensed-Light
  9
$DIMAUNIT
 70
0
  9
$DIMADEC
 70
2
  9
$DIMALTRND
 40
0.0
  9
$DIMAZIN
 70
3
  9
$DIMDSEP
 70
46
  9
$DIMATFIT
 70
3
  9
$DIMFRAC
 70
0
  9
$DIMLDRBLK
  1

  9
$DIMLUNIT
 70
2
  9
$DIMLWD
 70
-2
  9
$DIMLWE
 70
-2
  9
$DIMTMOVE
 70
2
  9
$DIMFXL
 40
1.0
  9
$DIMFXLON
 70
0
  9
$DIMJOGANG
 40
0.785398163397
  9
$DIMTFILL
 70
0
  9
$DIMTFILLCLR
 70
0
  9
$DIMARCSYM
 70
0
  9
$DIMLTYPE
  6

  9
$DIMLTEX1
  6

  9
$DIMLTEX2
  6

  9
$DIMTXTDIRECTION
 70
0
  9
$LUNITS
 70
2
  9
$LUPREC
 70
4
  9
$SKETCHINC
 40
1.0
  9
$FILLETRAD
 40
10.0
  9
$AUNITS
 70
0
  9
$AUPREC
 70
2
  9
$MENU
  1
.
  9
$ELEVATION
 40
0.0
  9
$PELEVATION
 40
0.0
  9
$THICKNESS
 40
0.0
  9
$LIMCHECK
 70
0
  9
$CHAMFERA
 40
0.0
  9
$CHAMFERB
 40
0.0
  9
$CHAMFERC
 40
0.0
  9
$CHAMFERD
 40
0.0
  9
$SKPOLY
 70
0
  9
$TDCREATE
 40
2461224.736458333
  9
$TDUCREATE
 40
2458532.153996898
  9
$TDUPDATE
 40
2461224.736469907
  9
$TDUUPDATE
 40
2458532.1544311
  9
$TDINDWG
 40
0.0
  9
$TDUSRTIMER
 40
0.0
  9
$USRTIMER
 70
1
  9
$ANGBASE
 50
0.0
  9
$ANGDIR
 70
0
  9
$PDMODE
 70
0
  9
$PDSIZE
 40
0.0
  9
$PLINEWID
 40
0.0
  9
$SPLFRAME
 70
0
  9
$SPLINETYPE
 70
6
  9
$SPLINESEGS
 70
8
  9
$HANDSEED
  5
797
  9
$SURFTAB1
 70
6
  9
$SURFTAB2
 70
6
  9
$SURFTYPE
 70
6
  9
$SURFU
 70
6
  9
$SURFV
 70
6
  9
$UCSBASE
  2

  9
$UCSNAME
  2

  9
$UCSORG
 10
0.0
 20
0.0
 30
0.0
  9
$UCSXDIR
 10
1.0
 20
0.0
 30
0.0
  9
$UCSYDIR
 10
0.0
 20
1.0
 30
0.0
  9
$UCSORTHOREF
  2

  9
$UCSORTHOVIEW
 70
0
  9
$UCSORGTOP
 10
0.0
 20
0.0
 30
0.0
  9
$UCSORGBOTTOM
 10
0.0
 20
0.0
 30
0.0
  9
$UCSORGLEFT
 10
0.0
 20
0.0
 30
0.0
  9
$UCSORGRIGHT
 10
0.0
 20
0.0
 30
0.0
  9
$UCSORGFRONT
 10
0.0
 20
0.0
 30
0.0
  9
$UCSORGBACK
 10
0.0
 20
0.0
 30
0.0
  9
$PUCSBASE
  2

  9
$PUCSNAME
  2

  9
$PUCSORG
 10
0.0
 20
0.0
 30
0.0
  9
$PUCSXDIR
 10
1.0
 20
0.0
 30
0.0
  9
$PUCSYDIR
 10
0.0
 20
1.0
 30
0.0
  9
$PUCSORTHOREF
  2

  9
$PUCSORTHOVIEW
 70
0
  9
$PUCSORGTOP
 10
0.0
 20
0.0
 30
0.0
  9
$PUCSORGBOTTOM
 10
0.0
 20
0.0
 30
0.0
  9
$PUCSORGLEFT
 10
0.0
 20
0.0
 30
0.0
  9
$PUCSORGRIGHT
 10
0.0
 20
0.0
 30
0.0
  9
$PUCSORGFRONT
 10
0.0
 20
0.0
 30
0.0
  9
$PUCSORGBACK
 10
0.0
 20
0.0
 30
0.0
  9
$USERI1
 70
0
  9
$USERI2
 70
0
  9
$USERI3
 70
0
  9
$USERI4
 70
0
  9
$USERI5
 70
0
  9
$USERR1
 40
0.0
  9
$USERR2
 40
0.0
  9
$USERR3
 40
0.0
  9
$USERR4
 40
0.0
  9
$USERR5
 40
0.0
  9
$WORLDVIEW
 70
1
  9
$SHADEDGE
 70
3
  9
$SHADEDIF
 70
70
  9
$TILEMODE
 70
1
  9
$MAXACTVP
 70
64
  9
$PINSBASE
 10
0.0
 20
0.0
 30
0.0
  9
$PLIMCHECK
 70
0
  9
$PEXTMIN
 10
1e+20
 20
1e+20
 30
1e+20
  9
$PEXTMAX
 10
-1e+20
 20
-1e+20
 30
-1e+20
  9
$PLIMMIN
 10
0.0
 20
0.0
  9
$PLIMMAX
 10
420.0
 20
297.0
  9
$UNITMODE
 70
0
  9
$VISRETAIN
 70
1
  9
$PLINEGEN
 70
0
  9
$PSLTSCALE
 70
1
  9
$TREEDEPTH
 70
3020
  9
$CMLSTYLE
  2
Standard
  9
$CMLJUST
 70
0
  9
$CMLSCALE
 40
20.0
  9
$PROXYGRAPHICS
 70
1
  9
$MEASUREMENT
 70
1
  9
$CELWEIGHT
370
-1
  9
$ENDCAPS
280
0
  9
$JOINSTYLE
280
0
  9
$LWDISPLAY
290
0
  9
$INSUNITS
 70
2
  9
$HYPERLINKBASE
  1

  9
$STYLESHEET
  1

  9
$XEDIT
290
1
  9
$CEPSNTYPE
380
0
  9
$PSTYLEMODE
290
1
  9
$FINGERPRINTGUID
  2
{4592DD34-3E30-4AD0-AEFB-0A1FFB43B554}
  9
$VERSIONGUID
  2
{86E8E9CA-4D48-4ED9-9B60-54B0216F002E}
  9
$EXTNAMES
290
1
  9
$PSVPSCALE
 40
0.0
  9
$OLESTARTUP
290
0
  9
$SORTENTS
280
127
  9
$INDEXCTL
280
0
  9
$HIDETEXT
280
1
  9
$XCLIPFRAME
280
1
  9
$HALOGAP
280
0
  9
$OBSCOLOR
 70
257
  9
$OBSLTYPE
280
0
  9
$INTERSECTIONDISPLAY
280
0
  9
$INTERSECTIONCOLOR
 70
257
  9
$DIMASSOC
280
2
  9
$PROJECTNAME
  1

  9
$CAMERADISPLAY
290
0
  9
$LENSLENGTH
 40
50.0
  9
$CAMERAHEIGHT
 40
0.0
  9
$STEPSPERSEC
 40
24.0
  9
$STEPSIZE
 40
100.0
  9
$3DDWFPREC
 40
2.0
  9
$PSOLWIDTH
 40
0.005
  9
$PSOLHEIGHT
 40
0.08
  9
$LOFTANG1
 40
1.570796326795
  9
$LOFTANG2
 40
1.570796326795
  9
$LOFTMAG1
 40
0.0
  9
$LOFTMAG2
 40
0.0
  9
$LOFTPARAM
 70
7
  9
$LOFTNORMALS
280
1
  9
$LATITUDE
 40
37.795
  9
$LONGITUDE
 40
-122.394
  9
$NORTHDIRECTION
 40
0.0
  9
$TIMEZONE
 70
-8000
  9
$LIGHTGLYPHDISPLAY
280
1
  9
$TILEMODELIGHTSYNCH
280
1
  9
$CMATERIAL
347
20
  9
$SOLIDHIST
280
0
  9
$SHOWHIST
280
1
  9
$DWFFRAME
280
2
  9
$DGNFRAME
280
2
  9
$REALWORLDSCALE
290
1
  9
$INTERFERECOLOR
 62
256
  9
$CSHADOW
280
0
  9
$SHADOWPLANELOCATION
 40
0.0
  0
ENDSEC
  0
SECTION
  2
CLASSES
  0
CLASS
  1
ACDBDICTIONARYWDFLT
  2
AcDbDictionaryWithDefault
  3
ObjectDBX Classes
 90
0
 91
0
280
0
281
0
  0
CLASS
  1
SUN
  2
AcDbSun
  3
SCENEOE
 90
1153
 91
0
280
0
281
0
  0
CLASS
  1
VISUALSTYLE
  2
AcDbVisualStyle
  3
ObjectDBX Classes
 90
4095
 91
0
280
0
281
0
  0
CLASS
  1
MATERIAL
  2
AcDbMaterial
  3
ObjectDBX Classes
 90
1153
 91
0
280
0
281
0
  0
CLASS
  1
SCALE
  2
AcDbScale
  3
ObjectDBX Classes
 90
1153
 91
0
280
0
281
0
  0
CLASS
  1
TABLESTYLE
  2
AcDbTableStyle
  3
ObjectDBX Classes
 90
4095
 91
0
280
0
281
0
  0
CLASS
  1
MLEADERSTYLE
  2
AcDbMLeaderStyle
  3
ACDB_MLEADERSTYLE_CLASS
 90
4095
 91
0
280
0
281
0
  0
CLASS
  1
DICTIONARYVAR
  2
AcDbDictionaryVar
  3
ObjectDBX Classes
 90
0
 91
0
280
0
281
0
  0
CLASS
  1
CELLSTYLEMAP
  2
AcDbCellStyleMap
  3
ObjectDBX Classes
 90
1152
 91
0
280
0
281
0
  0
CLASS
  1
MENTALRAYRENDERSETTINGS
  2
AcDbMentalRayRenderSettings
  3
SCENEOE
 90
1024
 91
0
280
0
281
0
  0
CLASS
  1
ACDBDETAILVIEWSTYLE
  2
AcDbDetailViewStyle
  3
ObjectDBX Classes
 90
1025
 91
0
280
0
281
0
  0
CLASS
  1
ACDBSECTIONVIEWSTYLE
  2
AcDbSectionViewStyle
  3
ObjectDBX Classes
 90
1025
 91
0
280
0
281
0
  0
CLASS
  1
RASTERVARIABLES
  2
AcDbRasterVariables
  3
ISM
 90
0
 91
0
280
0
281
0
  0
CLASS
  1
ACDBPLACEHOLDER
  2
AcDbPlaceHolder
  3
ObjectDBX Classes
 90
0
 91
0
280
0
281
0
  0
CLASS
  1
LAYOUT
  2
AcDbLayout
  3
ObjectDBX Classes
 90
0
 91
0
280
0
281
0
  0
ENDSEC
  0
SECTION
  2
TABLES
  0
TABLE
  2
VPORT
  5
8
330
0
100
AcDbSymbolTable
 70
1
  0
VPORT
  5
23
330
8
100
AcDbSymbolTableRecord
100
AcDbViewportTableRecord
  2
*Active
 70
0
 10
0.0
 20
0.0
 11
1.0
 21
1.0
 12
0.0
 22
0.0
 13
0.0
 23
0.0
 14
0.5
 24
0.5
 15
0.5
 25
0.5
 16
0.0
 26
0.0
 36
1.0
 17
0.0
 27
0.0
 37
0.0
 40
1000.0
 41
1.34
 42
50.0
 43
0.0
 44
0.0
 50
0.0
 51
0.0
 71
0
 72
1000
 73
1
 74
3
 75
0
 76
0
 77
0
 78
0
281
0
 65
0
146
0.0
  0
ENDTAB
  0
TABLE
  2
LTYPE
  5
2
330
0
100
AcDbSymbolTable
 70
29
  0
LTYPE
  5
24
330
2
100
AcDbSymbolTableRecord
100
AcDbLinetypeTableRecord
  2
ByBlock
 70
0
  3

 72
65
 73
0
 40
0.0
  0
LTYPE
  5
25
330
2
100
AcDbSymbolTableRecord
100
AcDbLinetypeTableRecord
  2
ByLayer
 70
0
  3

 72
65
 73
0
 40
0.0
  0
LTYPE
  5
26
330
2
100
AcDbSymbolTableRecord
100
AcDbLinetypeTableRecord
  2
Continuous
 70
0
  3

 72
65
 73
0
 40
0.0
  0
LTYPE
  5
2F
330
2
100
AcDbSymbolTableRecord
100
AcDbLinetypeTableRecord
  2
CENTER
 70
0
  3
Center ____ _ ____ _ ____ _ ____ _ ____ _ ____
 72
65
 73
4
 40
5.08
 49
3.175
 74
0
 49
-0.635
 74
0
 49
0.635
 74
0
 49
-0.635
 74
0
  0
LTYPE
  5
30
330
2
100
AcDbSymbolTableRecord
100
AcDbLinetypeTableRecord
  2
CENTERX2
 70
0
  3
Center (2x) ________  __  ________  __  ________
 72
65
 73
4
 40
8.89
 49
6.35
 74
0
 49
-0.635
 74
0
 49
1.27
 74
0
 49
-0.635
 74
0
  0
LTYPE
  5
31
330
2
100
AcDbSymbolTableRecord
100
AcDbLinetypeTableRecord
  2
CENTER2
 70
0
  3
Center (.5x) ____ _ ____ _ ____ _ ____ _ ____
 72
65
 73
4
 40
2.54
 49
1.587
 74
0
 49
-0.318
 74
0
 49
0.318
 74
0
 49
-0.318
 74
0
  0
LTYPE
  5
32
330
2
100
AcDbSymbolTableRecord
100
AcDbLinetypeTableRecord
  2
DASHED
 70
0
  3
Dashed __ __ __ __ __ __ __ __ __ __ __ __ __ _
 72
65
 73
2
 40
1.524
 49
1.27
 74
0
 49
-0.254
 74
0
  0
LTYPE
  5
33
330
2
100
AcDbSymbolTableRecord
100
AcDbLinetypeTableRecord
  2
DASHEDX2
 70
0
  3
Dashed (2x) ____  ____  ____  ____  ____  ____
 72
65
 73
2
 40
3.048
 49
2.54
 74
0
 49
-0.508
 74
0
  0
LTYPE
  5
34
330
2
100
AcDbSymbolTableRecord
100
AcDbLinetypeTableRecord
  2
DASHED2
 70
0
  3
Dashed (.5x) _ _ _ _ _ _ _ _ _ _ _ _ _ _
 72
65
 73
2
 40
0.762
 49
0.635
 74
0
 49
-0.127
 74
0
  0
LTYPE
  5
35
330
2
100
AcDbSymbolTableRecord
100
AcDbLinetypeTableRecord
  2
PHANTOM
 70
0
  3
Phantom ______  __  __  ______  __  __  ______
 72
65
 73
6
 40
6.35
 49
3.175
 74
0
 49
-0.635
 74
0
 49
0.635
 74
0
 49
-0.635
 74
0
 49
0.635
 74
0
 49
-0.635
 74
0
  0
LTYPE
  5
36
330
2
100
AcDbSymbolTableRecord
100
AcDbLinetypeTableRecord
  2
PHANTOMX2
 70
0
  3
Phantom (2x)____________    ____    ____    ____________
 72
65
 73
6
 40
10.795
 49
6.35
 74
0
 49
-0.635
 74
0
 49
1.27
 74
0
 49
-0.635
 74
0
 49
1.27
 74
0
 49
-0.635
 74
0
  0
LTYPE
  5
37
330
2
100
AcDbSymbolTableRecord
100
AcDbLinetypeTableRecord
  2
PHANTOM2
 70
0
  3
Phantom (.5x) ___ _ _ ___ _ _ ___ _ _ ___ _ _ ___
 72
65
 73
6
 40
3.175
 49
1.587
 74
0
 49
-0.318
 74
0
 49
0.318
 74
0
 49
-0.318
 74
0
 49
0.318
 74
0
 49
-0.318
 74
0
  0
LTYPE
  5
38
330
2
100
AcDbSymbolTableRecord
100
AcDbLinetypeTableRecord
  2
DASHDOT
 70
0
  3
Dash dot __ . __ . __ . __ . __ . __ . __ . __
 72
65
 73
4
 40
3.556
 49
2.54
 74
0
 49
-0.508
 74
0
 49
0.0
 74
0
 49
-0.508
 74
0
  0
LTYPE
  5
39
330
2
100
AcDbSymbolTableRecord
100
AcDbLinetypeTableRecord
  2
DASHDOTX2
 70
0
  3
Dash dot (2x) ____  .  ____  .  ____  .  ____
 72
65
 73
4
 40
6.096
 49
5.08
 74
0
 49
-0.508
 74
0
 49
0.0
 74
0
 49
-0.508
 74
0
  0
LTYPE
  5
3A
330
2
100
AcDbSymbolTableRecord
100
AcDbLinetypeTableRecord
  2
DASHDOT2
 70
0
  3
Dash dot (.5x) _ . _ . _ . _ . _ . _ . _ . _
 72
65
 73
4
 40
1.778
 49
1.27
 74
0
 49
-0.254
 74
0
 49
0.0
 74
0
 49
-0.254
 74
0
  0
LTYPE
  5
3B
330
2
100
AcDbSymbolTableRecord
100
AcDbLinetypeTableRecord
  2
DOT
 70
0
  3
Dot .  .  .  .  .  .  .  .  .  .  .  .  .  .  .  .
 72
65
 73
2
 40
0.508
 49
0.0
 74
0
 49
-0.508
 74
0
  0
LTYPE
  5
3C
330
2
100
AcDbSymbolTableRecord
100
AcDbLinetypeTableRecord
  2
DOTX2
 70
0
  3
Dot (2x) .    .    .    .    .    .    .    . 
 72
65
 73
2
 40
1.016
 49
0.0
 74
0
 49
-1.016
 74
0
  0
LTYPE
  5
3D
330
2
100
AcDbSymbolTableRecord
100
AcDbLinetypeTableRecord
  2
DOT2
 70
0
  3
Dot (.5) . . . . . . . . . . . . . . . . . . . 
 72
65
 73
2
 40
0.254
 49
0.0
 74
0
 49
-0.254
 74
0
  0
LTYPE
  5
3E
330
2
100
AcDbSymbolTableRecord
100
AcDbLinetypeTableRecord
  2
DIVIDE
 70
0
  3
Divide __ . . __ . . __ . . __ . . __ . . __
 72
65
 73
6
 40
4.064
 49
2.54
 74
0
 49
-0.508
 74
0
 49
0.0
 74
0
 49
-0.508
 74
0
 49
0.0
 74
0
 49
-0.508
 74
0
  0
LTYPE
  5
3F
330
2
100
AcDbSymbolTableRecord
100
AcDbLinetypeTableRecord
  2
DIVIDEX2
 70
0
  3
Divide (2x) ____  . .  ____  . .  ____  . .  ____
 72
65
 73
6
 40
6.604
 49
5.08
 74
0
 49
-0.508
 74
0
 49
0.0
 74
0
 49
-0.508
 74
0
 49
0.0
 74
0
 49
-0.508
 74
0
  0
LTYPE
  5
40
330
2
100
AcDbSymbolTableRecord
100
AcDbLinetypeTableRecord
  2
DIVIDE2
 70
0
  3
Divide(.5x) _ . _ . _ . _ . _ . _ . _ . _
 72
65
 73
6
 40
2.032
 49
1.27
 74
0
 49
-0.254
 74
0
 49
0.0
 74
0
 49
-0.254
 74
0
 49
0.0
 74
0
 49
-0.254
 74
0
  0
LTYPE
  5
8B
330
2
100
AcDbSymbolTableRecord
100
AcDbLinetypeTableRecord
  2
UTIL_W
 70
0
  3
Utilidad W ------W------
 72
65
 73
3
 40
10.0
 49
4.0
 74
0
 49
-3.0
 74
2
 75
0
340
8A
 46
1.2
 50
0.0
 44
-1.86
 45
-0.6
  9
W
 49
-3.0
 74
0
  0
LTYPE
  5
8C
330
2
100
AcDbSymbolTableRecord
100
AcDbLinetypeTableRecord
  2
UTIL_SS
 70
0
  3
Utilidad SS ------SS------
 72
65
 73
3
 40
10.0
 49
4.0
 74
0
 49
-3.0
 74
2
 75
0
340
8A
 46
1.2
 50
0.0
 44
-2.22
 45
-0.6
  9
SS
 49
-3.0
 74
0
  0
LTYPE
  5
8D
330
2
100
AcDbSymbolTableRecord
100
AcDbLinetypeTableRecord
  2
UTIL_G
 70
0
  3
Utilidad G ------G------
 72
65
 73
3
 40
10.0
 49
4.0
 74
0
 49
-3.0
 74
2
 75
0
340
8A
 46
1.2
 50
0.0
 44
-1.86
 45
-0.6
  9
G
 49
-3.0
 74
0
  0
LTYPE
  5
8E
330
2
100
AcDbSymbolTableRecord
100
AcDbLinetypeTableRecord
  2
UTIL_E
 70
0
  3
Utilidad E ------E------
 72
65
 73
3
 40
10.0
 49
4.0
 74
0
 49
-3.0
 74
2
 75
0
340
8A
 46
1.2
 50
0.0
 44
-1.86
 45
-0.6
  9
E
 49
-3.0
 74
0
  0
LTYPE
  5
8F
330
2
100
AcDbSymbolTableRecord
100
AcDbLinetypeTableRecord
  2
UTIL_T
 70
0
  3
Utilidad T ------T------
 72
65
 73
3
 40
10.0
 49
4.0
 74
0
 49
-3.0
 74
2
 75
0
340
8A
 46
1.2
 50
0.0
 44
-1.86
 45
-0.6
  9
T
 49
-3.0
 74
0
  0
LTYPE
  5
90
330
2
100
AcDbSymbolTableRecord
100
AcDbLinetypeTableRecord
  2
UTIL_SD
 70
0
  3
Utilidad SD ------SD------
 72
65
 73
3
 40
10.0
 49
4.0
 74
0
 49
-3.0
 74
2
 75
0
340
8A
 46
1.2
 50
0.0
 44
-2.22
 45
-0.6
  9
SD
 49
-3.0
 74
0
  0
LTYPE
  5
91
330
2
100
AcDbSymbolTableRecord
100
AcDbLinetypeTableRecord
  2
UTIL_EOH
 70
0
  3
Utilidad E(OH) ------E(OH)------
 72
65
 73
3
 40
10.0
 49
4.0
 74
0
 49
-3.0
 74
2
 75
0
340
8A
 46
1.2
 50
0.0
 44
-3.3
 45
-0.6
  9
E(OH)
 49
-3.0
 74
0
  0
LTYPE
  5
92
330
2
100
AcDbSymbolTableRecord
100
AcDbLinetypeTableRecord
  2
UTIL_TOH
 70
0
  3
Utilidad T(OH) ------T(OH)------
 72
65
 73
3
 40
10.0
 49
4.0
 74
0
 49
-3.0
 74
2
 75
0
340
8A
 46
1.2
 50
0.0
 44
-3.3
 45
-0.6
  9
T(OH)
 49
-3.0
 74
0
  0
ENDTAB
  0
TABLE
  2
LAYER
  5
1
330
0
100
AcDbSymbolTable
 70
17
  0
LAYER
  5
27
330
1
100
AcDbSymbolTableRecord
100
AcDbLayerTableRecord
  2
0
 70
0
 62
7
  6
Continuous
370
-3
390
13
347
21
  0
LAYER
  5
28
330
1
100
AcDbSymbolTableRecord
100
AcDbLayerTableRecord
  2
Defpoints
 70
0
 62
7
  6
Continuous
290
0
370
-3
390
13
347
21
  0
LAYER
  5
93
330
1
100
AcDbSymbolTableRecord
100
AcDbLayerTableRecord
  2
TELECOM
 70
0
 62
30
  6
UTIL_T
370
-3
390
13
347
21
  0
LAYER
  5
A1
330
1
100
AcDbSymbolTableRecord
100
AcDbLayerTableRecord
  2
ESTRUCTURAS
 70
0
 62
7
  6
CONTINUOUS
370
-3
390
13
347
21
  0
LAYER
  5
44B
330
1
100
AcDbSymbolTableRecord
100
AcDbLayerTableRecord
  2
DRENAJE_PLUVIAL
 70
0
 62
3
  6
UTIL_SD
370
-3
390
13
347
21
  0
LAYER
  5
458
330
1
100
AcDbSymbolTableRecord
100
AcDbLayerTableRecord
  2
ALCANTARILLADO
 70
0
 62
3
  6
UTIL_SS
370
-3
390
13
347
21
  0
LAYER
  5
469
330
1
100
AcDbSymbolTableRecord
100
AcDbLayerTableRecord
  2
ELECTRICO_AEREO
 70
0
 62
1
  6
UTIL_EOH
370
-3
390
13
347
21
  0
LAYER
  5
485
330
1
100
AcDbSymbolTableRecord
100
AcDbLayerTableRecord
  2
ELECTRICO
 70
0
 62
1
  6
UTIL_E
370
-3
390
13
347
21
  0
LAYER
  5
48E
330
1
100
AcDbSymbolTableRecord
100
AcDbLayerTableRecord
  2
TOPO
 70
0
 62
8
  6
CONTINUOUS
370
-3
390
13
347
21
  0
LAYER
  5
500
330
1
100
AcDbSymbolTableRecord
100
AcDbLayerTableRecord
  2
TELECOM_AEREO
 70
0
 62
30
  6
UTIL_TOH
370
-3
390
13
347
21
  0
LAYER
  5
518
330
1
100
AcDbSymbolTableRecord
100
AcDbLayerTableRecord
  2
GAS
 70
0
 62
2
  6
UTIL_G
370
-3
390
13
347
21
  0
LAYER
  5
538
330
1
100
AcDbSymbolTableRecord
100
AcDbLayerTableRecord
  2
DIGITALIZADO
 70
0
 62
7
  6
CONTINUOUS
370
-3
390
13
347
21
  0
LAYER
  5
575
330
1
100
AcDbSymbolTableRecord
100
AcDbLayerTableRecord
  2
EJE_VIA
 70
0
 62
7
  6
CONTINUOUS
370
-3
390
13
347
21
  0
LAYER
  5
671
330
1
100
AcDbSymbolTableRecord
100
AcDbLayerTableRecord
  2
METRO_RW
 70
0
 62
140
  6
CENTER2
370
-3
390
13
347
21
  0
LAYER
  5
6C0
330
1
100
AcDbSymbolTableRecord
100
AcDbLayerTableRecord
  2
AGUA
 70
0
 62
5
  6
UTIL_W
370
-3
390
13
347
21
  0
LAYER
  5
6F4
330
1
100
AcDbSymbolTableRecord
100
AcDbLayerTableRecord
  2
ANOTACION
 70
0
 62
8
  6
CONTINUOUS
370
-3
390
13
347
21
  0
LAYER
  5
790
330
1
100
AcDbSymbolTableRecord
100
AcDbLayerTableRecord
  2
METADATA
 70
0
 62
8
  6
CONTINUOUS
370
-3
390
13
347
21
  0
ENDTAB
  0
TABLE
  2
STYLE
  5
5
330
0
100
AcDbSymbolTable
 70
28
  0
STYLE
  5
29
330
5
100
AcDbSymbolTableRecord
100
AcDbTextStyleTableRecord
  2
Standard
 70
0
 40
0.0
 41
1.0
 50
0.0
 71
0
 42
2.5
  3
txt
  4

  0
STYLE
  5
41
330
5
100
AcDbSymbolTableRecord
100
AcDbTextStyleTableRecord
  2
OpenSans-Light
 70
0
 40
0.0
 41
1.0
 50
0.0
 71
0
 42
2.5
  3
OpenSans-Light.ttf
  4

  0
STYLE
  5
42
330
5
100
AcDbSymbolTableRecord
100
AcDbTextStyleTableRecord
  2
OpenSans-Light-Italic
 70
0
 40
0.0
 41
1.0
 50
0.0
 71
0
 42
2.5
  3
OpenSans-LightItalic.ttf
  4

  0
STYLE
  5
43
330
5
100
AcDbSymbolTableRecord
100
AcDbTextStyleTableRecord
  2
OpenSans
 70
0
 40
0.0
 41
1.0
 50
0.0
 71
0
 42
2.5
  3
OpenSans-Regular.ttf
  4

  0
STYLE
  5
44
330
5
100
AcDbSymbolTableRecord
100
AcDbTextStyleTableRecord
  2
OpenSans-Italic
 70
0
 40
0.0
 41
1.0
 50
0.0
 71
0
 42
2.5
  3
OpenSans-Italic.ttf
  4

  0
STYLE
  5
45
330
5
100
AcDbSymbolTableRecord
100
AcDbTextStyleTableRecord
  2
OpenSans-SemiBold
 70
0
 40
0.0
 41
1.0
 50
0.0
 71
0
 42
2.5
  3
OpenSans-SemiBold.ttf
  4

  0
STYLE
  5
46
330
5
100
AcDbSymbolTableRecord
100
AcDbTextStyleTableRecord
  2
OpenSans-SemiBoldItalic
 70
0
 40
0.0
 41
1.0
 50
0.0
 71
0
 42
2.5
  3
OpenSans-SemiBoldItalic.ttf
  4

  0
STYLE
  5
47
330
5
100
AcDbSymbolTableRecord
100
AcDbTextStyleTableRecord
  2
OpenSans-Bold
 70
0
 40
0.0
 41
1.0
 50
0.0
 71
0
 42
2.5
  3
OpenSans-Bold.ttf
  4

  0
STYLE
  5
48
330
5
100
AcDbSymbolTableRecord
100
AcDbTextStyleTableRecord
  2
OpenSans-BoldItalic
 70
0
 40
0.0
 41
1.0
 50
0.0
 71
0
 42
2.5
  3
OpenSans-BoldItalic.ttf
  4

  0
STYLE
  5
49
330
5
100
AcDbSymbolTableRecord
100
AcDbTextStyleTableRecord
  2
OpenSans-ExtraBold
 70
0
 40
0.0
 41
1.0
 50
0.0
 71
0
 42
2.5
  3
OpenSans-ExtraBold.ttf
  4

  0
STYLE
  5
4A
330
5
100
AcDbSymbolTableRecord
100
AcDbTextStyleTableRecord
  2
OpenSans-ExtraBoldItalic
 70
0
 40
0.0
 41
1.0
 50
0.0
 71
0
 42
2.5
  3
OpenSans-ExtraBoldItalic.ttf
  4

  0
STYLE
  5
4B
330
5
100
AcDbSymbolTableRecord
100
AcDbTextStyleTableRecord
  2
OpenSansCondensed-Bold
 70
0
 40
0.0
 41
1.0
 50
0.0
 71
0
 42
2.5
  3
OpenSansCondensed-Bold.ttf
  4

  0
STYLE
  5
4C
330
5
100
AcDbSymbolTableRecord
100
AcDbTextStyleTableRecord
  2
OpenSansCondensed-Light
 70
0
 40
0.0
 41
1.0
 50
0.0
 71
0
 42
2.5
  3
OpenSansCondensed-Light.ttf
  4

  0
STYLE
  5
4D
330
5
100
AcDbSymbolTableRecord
100
AcDbTextStyleTableRecord
  2
OpenSansCondensed-Italic
 70
0
 40
0.0
 41
1.0
 50
0.0
 71
0
 42
2.5
  3
OpenSansCondensed-LightItalic.ttf
  4

  0
STYLE
  5
4E
330
5
100
AcDbSymbolTableRecord
100
AcDbTextStyleTableRecord
  2
LiberationSans
 70
0
 40
0.0
 41
1.0
 50
0.0
 71
0
 42
2.5
  3
LiberationSans-Regular.ttf
  4

  0
STYLE
  5
4F
330
5
100
AcDbSymbolTableRecord
100
AcDbTextStyleTableRecord
  2
LiberationSans-Bold
 70
0
 40
0.0
 41
1.0
 50
0.0
 71
0
 42
2.5
  3
LiberationSans-Bold.ttf
  4

  0
STYLE
  5
50
330
5
100
AcDbSymbolTableRecord
100
AcDbTextStyleTableRecord
  2
LiberationSans-BoldItalic
 70
0
 40
0.0
 41
1.0
 50
0.0
 71
0
 42
2.5
  3
LiberationSans-BoldItalic.ttf
  4

  0
STYLE
  5
51
330
5
100
AcDbSymbolTableRecord
100
AcDbTextStyleTableRecord
  2
LiberationSans-Italic
 70
0
 40
0.0
 41
1.0
 50
0.0
 71
0
 42
2.5
  3
LiberationSans-Italic.ttf
  4

  0
STYLE
  5
52
330
5
100
AcDbSymbolTableRecord
100
AcDbTextStyleTableRecord
  2
LiberationSerif
 70
0
 40
0.0
 41
1.0
 50
0.0
 71
0
 42
2.5
  3
LiberationSerif-Regular.ttf
  4

  0
STYLE
  5
53
330
5
100
AcDbSymbolTableRecord
100
AcDbTextStyleTableRecord
  2
LiberationSerif-Bold
 70
0
 40
0.0
 41
1.0
 50
0.0
 71
0
 42
2.5
  3
LiberationSerif-Bold.ttf
  4

  0
STYLE
  5
54
330
5
100
AcDbSymbolTableRecord
100
AcDbTextStyleTableRecord
  2
LiberationSerif-BoldItalic
 70
0
 40
0.0
 41
1.0
 50
0.0
 71
0
 42
2.5
  3
LiberationSerif-BoldItalic.ttf
  4

  0
STYLE
  5
55
330
5
100
AcDbSymbolTableRecord
100
AcDbTextStyleTableRecord
  2
LiberationSerif-Italic
 70
0
 40
0.0
 41
1.0
 50
0.0
 71
0
 42
2.5
  3
LiberationSerif-Italic.ttf
  4

  0
STYLE
  5
56
330
5
100
AcDbSymbolTableRecord
100
AcDbTextStyleTableRecord
  2
LiberationMono
 70
0
 40
0.0
 41
1.0
 50
0.0
 71
0
 42
2.5
  3
LiberationMono-Regular.ttf
  4

  0
STYLE
  5
57
330
5
100
AcDbSymbolTableRecord
100
AcDbTextStyleTableRecord
  2
LiberationMono-Bold
 70
0
 40
0.0
 41
1.0
 50
0.0
 71
0
 42
2.5
  3
LiberationMono-Bold.ttf
  4

  0
STYLE
  5
58
330
5
100
AcDbSymbolTableRecord
100
AcDbTextStyleTableRecord
  2
LiberationMono-BoldItalic
 70
0
 40
0.0
 41
1.0
 50
0.0
 71
0
 42
2.5
  3
LiberationMono-BoldItalic.ttf
  4

  0
STYLE
  5
59
330
5
100
AcDbSymbolTableRecord
100
AcDbTextStyleTableRecord
  2
LiberationMono-Italic
 70
0
 40
0.0
 41
1.0
 50
0.0
 71
0
 42
2.5
  3
LiberationMono-Italic.ttf
  4

  0
STYLE
  5
8A
330
5
100
AcDbSymbolTableRecord
100
AcDbTextStyleTableRecord
  2
LTSTD
 70
0
 40
0.0
 41
1.0
 50
0.0
 71
0
 42
2.5
  3
Arial
  4

  0
STYLE
  5
727
330
5
100
AcDbSymbolTableRecord
100
AcDbTextStyleTableRecord
  2
CAD_TEXT
 70
0
 40
0.0
 41
1.0
 50
0.0
 71
0
 42
2.5
  3
Arial
  4

  0
ENDTAB
  0
TABLE
  2
VIEW
  5
7
330
0
100
AcDbSymbolTable
 70
0
  0
ENDTAB
  0
TABLE
  2
UCS
  5
6
330
0
100
AcDbSymbolTable
 70
0
  0
ENDTAB
  0
TABLE
  2
APPID
  5
3
330
0
100
AcDbSymbolTable
 70
4
  0
APPID
  5
2A
330
3
100
AcDbSymbolTableRecord
100
AcDbRegAppTableRecord
  2
ACAD
 70
0
  0
APPID
  5
793
330
3
100
AcDbSymbolTableRecord
100
AcDbRegAppTableRecord
  2
PDFCAD
 70
0
  0
APPID
  5
794
330
3
100
AcDbSymbolTableRecord
100
AcDbRegAppTableRecord
  2
HATCHBACKGROUNDCOLOR
 70
0
  0
APPID
  5
795
330
3
100
AcDbSymbolTableRecord
100
AcDbRegAppTableRecord
  2
EZDXF
 70
0
  0
ENDTAB
  0
TABLE
  2
DIMSTYLE
  5
4
330
0
100
AcDbSymbolTable
 70
12
100
AcDbDimStyleTable
  0
DIMSTYLE
105
2B
330
4
100
AcDbSymbolTableRecord
100
AcDbDimStyleTableRecord
  2
Standard
 70
0
 40
1.0
 41
2.5
 42
0.625
 43
3.75
 44
1.25
 45
0.0
 46
0.0
 47
0.0
 48
0.0
 49
2.5
140
2.5
141
2.5
142
0.0
143
0.03937007874
144
1.0
145
0.0
146
1.0
147
0.625
148
0.0
 69
0
 70
0
 71
0
 72
0
 73
0
 74
0
 75
0
 76
0
 77
1
 78
8
 79
3
170
0
171
3
172
1
173
0
174
0
175
0
176
0
177
0
178
0
179
2
271
2
272
2
273
2
274
3
275
0
276
0
277
2
278
44
279
0
280
0
281
0
282
0
283
0
284
8
285
0
286
0
288
0
289
3
290
0
371
-2
372
-2
  0
DIMSTYLE
105
73
330
4
100
AcDbSymbolTableRecord
100
AcDbDimStyleTableRecord
  2
EZDXF
 70
0
 40
1.0
 41
0.175
 42
0.125
 43
3.75
 44
0.375
 45
0.0
 46
0.0
 47
0.0
 48
0.0
 49
2.5
140
0.25
141
2.5
142
0.0
143
0.03937007874
144
100.0
145
0.0
146
0.5
147
0.1
148
0.0
 69
0
 70
0
 71
0
 72
0
 73
0
 74
0
 75
0
 76
0
 77
1
 78
12
 79
3
170
0
171
3
172
1
173
0
174
0
175
0
176
0
177
0
178
0
179
2
271
2
272
2
273
2
274
3
275
0
276
0
277
2
278
46
279
2
280
0
281
0
282
0
283
0
284
8
285
0
286
0
288
1
289
3
290
0
340
4C
342
74
371
-2
372
-2
  0
DIMSTYLE
105
7C
330
4
100
AcDbSymbolTableRecord
100
AcDbDimStyleTableRecord
  2
EZ_M_100_H25_CM
 70
0
 40
1.0
 41
0.25
 42
0.125
 43
3.75
 44
0.375
 45
0.0
 46
0.0
 47
0.0
 48
0.0
 49
2.5
140
0.25
141
2.5
142
0.125
143
0.03937007874
144
100.0
145
0.0
146
0.5
147
0.1
148
0.0
 69
0
 70
0
 71
0
 72
0
 73
0
 74
0
 75
0
 76
0
 77
1
 78
12
 79
3
170
0
171
3
172
1
173
0
174
0
175
0
176
0
177
0
178
0
179
2
271
2
272
2
273
2
274
3
275
0
276
0
277
2
278
46
279
2
280
0
281
0
282
0
283
0
284
8
285
0
286
0
288
1
289
3
290
0
340
4C
371
-2
372
-2
  0
DIMSTYLE
105
7D
330
4
100
AcDbSymbolTableRecord
100
AcDbDimStyleTableRecord
  2
EZ_M_50_H25_CM
 70
0
 40
1.0
 41
0.125
 42
0.0625
 43
3.75
 44
0.1875
 45
0.0
 46
0.0
 47
0.0
 48
0.0
 49
2.5
140
0.125
141
2.5
142
0.0625
143
0.03937007874
144
100.0
145
0.0
146
0.5
147
0.05
148
0.0
 69
0
 70
0
 71
0
 72
0
 73
0
 74
0
 75
0
 76
0
 77
1
 78
12
 79
3
170
0
171
3
172
1
173
0
174
0
175
0
176
0
177
0
178
0
179
2
271
2
272
2
273
2
274
3
275
0
276
0
277
2
278
46
279
2
280
0
281
0
282
0
283
0
284
8
285
0
286
0
288
1
289
3
290
0
340
4C
371
-2
372
-2
  0
DIMSTYLE
105
7E
330
4
100
AcDbSymbolTableRecord
100
AcDbDimStyleTableRecord
  2
EZ_M_25_H25_CM
 70
0
 40
1.0
 41
0.0625
 42
0.03125
 43
3.75
 44
0.09375
 45
0.0
 46
0.0
 47
0.0
 48
0.0
 49
2.5
140
0.0625
141
2.5
142
0.03125
143
0.03937007874
144
100.0
145
0.0
146
0.5
147
0.025
148
0.0
 69
0
 70
0
 71
0
 72
0
 73
0
 74
0
 75
0
 76
0
 77
1
 78
12
 79
3
170
0
171
3
172
1
173
0
174
0
175
0
176
0
177
0
178
0
179
2
271
2
272
2
273
2
274
3
275
0
276
0
277
2
278
46
279
2
280
0
281
0
282
0
283
0
284
8
285
0
286
0
288
1
289
3
290
0
340
4C
371
-2
372
-2
  0
DIMSTYLE
105
7F
330
4
100
AcDbSymbolTableRecord
100
AcDbDimStyleTableRecord
  2
EZ_M_20_H25_CM
 70
0
 40
1.0
 41
0.05
 42
0.025
 43
3.75
 44
0.07500000000000001
 45
0.0
 46
0.0
 47
0.0
 48
0.0
 49
2.5
140
0.05
141
2.5
142
0.025
143
0.03937007874
144
100.0
145
0.0
146
0.5
147
0.020000000000000004
148
0.0
 69
0
 70
0
 71
0
 72
0
 73
0
 74
0
 75
0
 76
0
 77
1
 78
12
 79
3
170
0
171
3
172
1
173
0
174
0
175
0
176
0
177
0
178
0
179
2
271
2
272
2
273
2
274
3
275
0
276
0
277
2
278
46
279
2
280
0
281
0
282
0
283
0
284
8
285
0
286
0
288
1
289
3
290
0
340
4C
371
-2
372
-2
  0
DIMSTYLE
105
80
330
4
100
AcDbSymbolTableRecord
100
AcDbDimStyleTableRecord
  2
EZ_M_10_H25_CM
 70
0
 40
1.0
 41
0.025
 42
0.0125
 43
3.75
 44
0.037500000000000006
 45
0.0
 46
0.0
 47
0.0
 48
0.0
 49
2.5
140
0.025
141
2.5
142
0.0125
143
0.03937007874
144
100.0
145
0.0
146
0.5
147
0.010000000000000002
148
0.0
 69
0
 70
0
 71
0
 72
0
 73
0
 74
0
 75
0
 76
0
 77
1
 78
12
 79
3
170
0
171
3
172
1
173
0
174
0
175
0
176
0
177
0
178
0
179
2
271
2
272
2
273
2
274
3
275
0
276
0
277
2
278
46
279
2
280
0
281
0
282
0
283
0
284
8
285
0
286
0
288
1
289
3
290
0
340
4C
371
-2
372
-2
  0
DIMSTYLE
105
81
330
4
100
AcDbSymbolTableRecord
100
AcDbDimStyleTableRecord
  2
EZ_M_5_H25_CM
 70
0
 40
1.0
 41
0.0125
 42
0.00625
 43
3.75
 44
0.018750000000000003
 45
0.0
 46
0.0
 47
0.0
 48
0.0
 49
2.5
140
0.0125
141
2.5
142
0.00625
143
0.03937007874
144
100.0
145
0.0
146
0.5
147
0.005000000000000001
148
0.0
 69
0
 70
0
 71
0
 72
0
 73
0
 74
0
 75
0
 76
0
 77
1
 78
12
 79
3
170
0
171
3
172
1
173
0
174
0
175
0
176
0
177
0
178
0
179
2
271
2
272
2
273
2
274
3
275
0
276
0
277
2
278
46
279
2
280
0
281
0
282
0
283
0
284
8
285
0
286
0
288
1
289
3
290
0
340
4C
371
-2
372
-2
  0
DIMSTYLE
105
82
330
4
100
AcDbSymbolTableRecord
100
AcDbDimStyleTableRecord
  2
EZ_M_1_H25_CM
 70
0
 40
1.0
 41
0.0025
 42
0.00125
 43
3.75
 44
0.00375
 45
0.0
 46
0.0
 47
0.0
 48
0.0
 49
2.5
140
0.0025
141
2.5
142
0.00125
143
0.03937007874
144
100.0
145
0.0
146
0.5
147
0.001
148
0.0
 69
0
 70
0
 71
0
 72
0
 73
0
 74
0
 75
0
 76
0
 77
1
 78
12
 79
3
170
0
171
3
172
1
173
0
174
0
175
0
176
0
177
0
178
0
179
2
271
2
272
2
273
2
274
3
275
0
276
0
277
2
278
46
279
2
280
0
281
0
282
0
283
0
284
8
285
0
286
0
288
1
289
3
290
0
340
4C
371
-2
372
-2
  0
DIMSTYLE
105
83
330
4
100
AcDbSymbolTableRecord
100
AcDbDimStyleTableRecord
  2
EZ_RADIUS
 70
0
 40
1.0
 41
0.25
 42
0.125
 43
3.75
 44
0.375
 45
0.0
 46
0.0
 47
0.0
 48
0.0
 49
2.5
140
0.25
141
0.0
142
0.0
143
0.03937007874
144
100.0
145
0.0
146
0.5
147
0.1
148
0.0
 69
0
 70
0
 71
0
 72
0
 73
0
 74
0
 75
0
 76
0
 77
1
 78
12
 79
3
170
0
171
3
172
0
173
0
174
0
175
0
176
0
177
0
178
0
179
2
271
2
272
2
273
2
274
3
275
0
276
0
277
2
278
46
279
1
280
0
281
0
282
0
283
0
284
8
285
0
286
0
288
1
289
3
290
0
340
4C
342
84
371
-2
372
-2
  0
DIMSTYLE
105
88
330
4
100
AcDbSymbolTableRecord
100
AcDbDimStyleTableRecord
  2
EZ_RADIUS_INSIDE
 70
0
 40
1.0
 41
0.25
 42
0.125
 43
3.75
 44
0.375
 45
0.0
 46
0.0
 47
0.0
 48
0.0
 49
2.5
140
0.25
141
0.0
142
0.0
143
0.03937007874
144
100.0
145
0.0
146
0.5
147
0.1
148
0.0
 69
0
 70
0
 71
0
 72
0
 73
0
 74
0
 75
0
 76
0
 77
0
 78
12
 79
3
170
0
171
3
172
0
173
0
174
1
175
0
176
0
177
0
178
0
179
2
271
2
272
2
273
2
274
3
275
0
276
0
277
2
278
46
279
0
280
0
281
0
282
0
283
0
284
8
285
0
286
0
288
1
289
0
290
0
340
4C
342
84
371
-2
372
-2
  0
DIMSTYLE
105
89
330
4
100
AcDbSymbolTableRecord
100
AcDbDimStyleTableRecord
  2
EZ_CURVED
 70
0
 40
1.0
 41
0.25
 42
0.125
 43
3.75
 44
0.375
 45
0.0
 46
0.0
 47
0.0
 48
0.0
 49
2.5
140
0.25
141
2.5
142
0.0
143
0.03937007874
144
100.0
145
0.0
146
0.5
147
0.1
148
0.0
 69
0
 70
0
 71
0
 72
0
 73
0
 74
0
 75
0
 76
0
 77
1
 78
12
 79
2
 90
2
170
0
171
3
172
1
173
0
174
0
175
0
176
0
177
0
178
0
179
2
271
2
272
2
273
2
274
3
275
0
276
0
277
2
278
46
279
2
280
0
281
0
282
0
283
0
284
8
285
0
286
0
288
1
289
3
290
0
340
4C
371
-2
372
-2
  0
ENDTAB
  0
TABLE
  2
BLOCK_RECORD
  5
9
330
0
100
AcDbSymbolTable
 70
5
  0
BLOCK_RECORD
  5
17
330
9
100
AcDbSymbolTableRecord
100
AcDbBlockTableRecord
  2
*Model_Space
340
1A
 70
0
280
1
281
0
  0
BLOCK_RECORD
  5
1B
330
9
100
AcDbSymbolTableRecord
100
AcDbBlockTableRecord
  2
*Paper_Space
340
1E
 70
0
280
1
281
0
  0
BLOCK_RECORD
  5
74
330
9
100
AcDbSymbolTableRecord
100
AcDbBlockTableRecord
  2
_ARCHTICK
340
0
 70
0
280
1
281
0
  0
BLOCK_RECORD
  5
78
330
9
100
AcDbSymbolTableRecord
100
AcDbBlockTableRecord
  2
_CLOSEDFILLED
340
0
 70
0
280
1
281
0
  0
BLOCK_RECORD
  5
84
330
9
100
AcDbSymbolTableRecord
100
AcDbBlockTableRecord
  2
_CLOSEDBLANK
340
0
 70
0
280
1
281
0
  0
ENDTAB
  0
ENDSEC
  0
SECTION
  2
BLOCKS
  0
BLOCK
  5
18
330
17
100
AcDbEntity
  8
0
100
AcDbBlockBegin
  2
*Model_Space
 70
0
 10
0.0
 20
0.0
 30
0.0
  3
*Model_Space
  1

  0
ENDBLK
  5
19
330
17
100
AcDbEntity
  8
0
100
AcDbBlockEnd
  0
BLOCK
  5
1C
330
1B
100
AcDbEntity
  8
0
100
AcDbBlockBegin
  2
*Paper_Space
 70
0
 10
0.0
 20
0.0
 30
0.0
  3
*Paper_Space
  1

  0
ENDBLK
  5
1D
330
1B
100
AcDbEntity
  8
0
100
AcDbBlockEnd
  0
BLOCK
  5
75
330
74
100
AcDbEntity
  8
0
100
AcDbBlockBegin
  2
_ARCHTICK
 70
0
 10
0.0
 20
0.0
 30
0.0
  3
_ARCHTICK
  1

  0
LWPOLYLINE
  5
77
330
74
100
AcDbEntity
  8
0
  6
BYBLOCK
 62
0
100
AcDbPolyline
 90
2
 70
0
 43
0.15
 10
-0.5
 20
-0.5
 10
0.5
 20
0.5
  0
ENDBLK
  5
76
330
74
100
AcDbEntity
  8
0
100
AcDbBlockEnd
  0
BLOCK
  5
79
330
78
100
AcDbEntity
  8
0
100
AcDbBlockBegin
  2
_CLOSEDFILLED
 70
0
 10
0.0
 20
0.0
 30
0.0
  3
_CLOSEDFILLED
  1

  0
SOLID
  5
7B
330
78
100
AcDbEntity
  8
0
  6
BYBLOCK
 62
0
100
AcDbTrace
 10
-1.0
 20
0.16439898372402537
 30
0.0
 11
0.0
 21
0.0
 31
0.0
 12
-1.0
 22
-0.16439898372402537
 32
0.0
 13
-1.0
 23
-0.16439898372402537
 33
0.0
  0
ENDBLK
  5
7A
330
78
100
AcDbEntity
  8
0
100
AcDbBlockEnd
  0
BLOCK
  5
85
330
84
100
AcDbEntity
  8
0
100
AcDbBlockBegin
  2
_CLOSEDBLANK
 70
0
 10
0.0
 20
0.0
 30
0.0
  3
_CLOSEDBLANK
  1

  0
LWPOLYLINE
  5
87
330
84
100
AcDbEntity
  8
0
  6
BYBLOCK
 62
0
100
AcDbPolyline
 90
3
 70
1
 10
-1.0
 20
0.16439898372402537
 10
0.0
 20
0.0
 10
-1.0
 20
-0.16439898372402537
  0
ENDBLK
  5
86
330
84
100
AcDbEntity
  8
0
100
AcDbBlockEnd
  0
ENDSEC
  0
SECTION
  2
ENTITIES
  0
LWPOLYLINE
  5
94
330
17
100
AcDbEntity
  8
TELECOM
100
AcDbPolyline
 90
4
 70
0
 10
373.3666653103299
 20
250.0999959309896
 10
378.6000230577257
 20
250.0999959309896
 10
378.63335503472223
 20
246.09998914930557
 10
268.3666653103299
 20
246.06665717230905
  0
LWPOLYLINE
  5
95
330
17
100
AcDbEntity
  8
TELECOM
100
AcDbPolyline
 90
4
 70
0
 10
265.8666653103299
 20
246.06665717230905
 10
260.6333414713542
 20
246.06665717230905
 10
260.6333414713542
 20
250.06666395399307
 10
265.8666653103299
 20
250.06666395399307
  0
LINE
  5
96
330
17
100
AcDbEntity
  8
TELECOM
100
AcDbLine
 10
485.1999918619792
 20
252.16666327582467
 30
0.0
 11
531.4666748046875
 21
252.16666327582467
 31
0.0
  0
LWPOLYLINE
  5
97
330
17
100
AcDbEntity
  8
TELECOM
100
AcDbPolyline
 90
3
 70
0
 10
408.66668701171875
 20
252.0999993218316
 10
429.29999457465277
 20
252.13333129882812
 10
470.23335774739587
 20
252.13333129882812
  0
LINE
  5
98
330
17
100
AcDbEntity
  8
TELECOM
100
AcDbLine
 10
131.86665852864584
 20
249.23333062065973
 30
0.0
 11
206.00002712673611
 21
249.26666259765625
 31
0.0
  0
LINE
  5
99
330
17
100
AcDbEntity
  8
TELECOM
100
AcDbLine
 10
350.16665988498266
 20
356.9333224826389
 30
0.0
 11
350.6666734483507
 21
420.80000135633685
 31
0.0
1001
PDFCAD
1000
nota=EX. 1-2" DUCTS, CATV,
1000
diametro=2
1000
EX=Existing (existente)
1000
CATV=Cable TV
  0
LINE
  5
9A
330
17
100
AcDbEntity
  8
TELECOM
100
AcDbLine
 10
484.4666883680556
 20
339.3333265516493
 30
0.0
 11
531.4666748046875
 21
339.3333265516493
 31
0.0
  0
LINE
  5
9B
330
17
100
AcDbEntity
  8
TELECOM
100
AcDbLine
 10
240.89999728732639
 20
339.4333224826389
 30
0.0
 11
469.53335232204864
 21
339.36665852864587
 31
0.0
  0
LINE
  5
9C
330
17
100
AcDbEntity
  8
TELECOM
100
AcDbLine
 10
167.30000813802084
 20
339.46665445963544
 30
0.0
 11
228.90001085069446
 21
339.46665445963544
 31
0.0
  0
LINE
  5
9D
330
17
100
AcDbEntity
  8
TELECOM
100
AcDbLine
 10
268.3666653103299
 20
250.06666395399307
 30
0.0
 11
370.8666653103299
 21
250.0999959309896
 31
0.0
  0
LINE
  5
9E
330
17
100
AcDbEntity
  8
TELECOM
100
AcDbLine
 10
322.5999959309896
 20
248.09999254014758
 30
0.0
 11
377.03335232204864
 21
248.5333251953125
 31
0.0
  0
LINE
  5
9F
330
17
100
AcDbEntity
  8
TELECOM
100
AcDbLine
 10
243.56669108072919
 20
248.46666124131946
 30
0.0
 11
311.13335503472223
 21
248.49999321831598
 31
0.0
  0
LINE
  5
A0
330
17
100
AcDbEntity
  8
TELECOM
100
AcDbLine
 10
220.63334147135419
 20
248.0333285861545
 30
0.0
 11
241.76666259765625
 21
248.0333285861545
 31
0.0
  0
LINE
  5
A2
330
17
100
AcDbEntity
  8
ESTRUCTURAS
100
AcDbLine
 10
305.3000217013889
 20
282.999996609158
 30
0.0
 11
305.33335367838544
 21
281.0333251953125
 31
0.0
  0
LINE
  5
A3
330
17
100
AcDbEntity
  8
ESTRUCTURAS
100
AcDbLine
 10
305.3000217013889
 20
282.999996609158
 30
0.0
 11
305.93332926432294
 21
282.999996609158
 31
0.0
  0
LINE
  5
A4
330
17
100
AcDbEntity
  8
ESTRUCTURAS
100
AcDbLine
 10
301.53333875868054
 20
283.70000203450525
 30
0.0
 11
305.93332926432294
 21
281.0333251953125
 31
0.0
  0
LINE
  5
A5
330
17
100
AcDbEntity
  8
ESTRUCTURAS
100
AcDbLine
 10
392.3333401150174
 20
280.93332926432294
 30
0.0
 11
392.9666815863715
 21
280.93332926432294
 31
0.0
  0
LINE
  5
A6
330
17
100
AcDbEntity
  8
ESTRUCTURAS
100
AcDbLine
 10
361.3333468967014
 20
283.0999925401476
 30
0.0
 11
361.36667887369794
 21
281.16665310329864
 31
0.0
  0
LINE
  5
A7
330
17
100
AcDbEntity
  8
ESTRUCTURAS
100
AcDbLine
 10
360.73333740234375
 20
281.1333211263021
 30
0.0
 11
361.36667887369794
 21
281.16665310329864
 31
0.0
  0
LINE
  5
A8
330
17
100
AcDbEntity
  8
ESTRUCTURAS
100
AcDbLine
 10
360.73333740234375
 20
283.0999925401476
 30
0.0
 11
361.3333468967014
 21
283.0999925401476
 31
0.0
  0
LINE
  5
A9
330
17
100
AcDbEntity
  8
ESTRUCTURAS
100
AcDbLine
 10
305.3000217013889
 20
246.06665717230905
 30
0.0
 11
305.3000217013889
 21
247.999996609158
 31
0.0
  0
LINE
  5
AA
330
17
100
AcDbEntity
  8
ESTRUCTURAS
100
AcDbLine
 10
305.6333414713542
 20
283.7999979654948
 30
0.0
 11
305.6333414713542
 21
287.89998372395837
 31
0.0
  0
LINE
  5
AB
330
17
100
AcDbEntity
  8
ESTRUCTURAS
100
AcDbLine
 10
305.3000217013889
 20
247.999996609158
 30
0.0
 11
305.8999972873264
 21
247.999996609158
 31
0.0
  0
LINE
  5
AC
330
17
100
AcDbEntity
  8
ESTRUCTURAS
100
AcDbLine
 10
305.3000217013889
 20
246.06665717230905
 30
0.0
 11
305.8999972873264
 21
246.06665717230905
 31
0.0
  0
LINE
  5
AD
330
17
100
AcDbEntity
  8
ESTRUCTURAS
100
AcDbLine
 10
361.3000149197049
 20
248.09999254014758
 30
0.0
 11
361.3333468967014
 21
246.1333211263021
 31
0.0
  0
LINE
  5
AE
330
17
100
AcDbEntity
  8
ESTRUCTURAS
100
AcDbLine
 10
360.70000542534723
 20
246.1333211263021
 30
0.0
 11
361.3333468967014
 21
246.1333211263021
 31
0.0
  0
LINE
  5
AF
330
17
100
AcDbEntity
  8
ESTRUCTURAS
100
AcDbLine
 10
360.70000542534723
 20
248.06666056315106
 30
0.0
 11
361.3000149197049
 21
248.09999254014758
 31
0.0
  0
LINE
  5
B0
330
17
100
AcDbEntity
  8
ESTRUCTURAS
100
AcDbLine
 10
288.3666653103299
 20
246.96665445963544
 30
0.0
 11
292.3333401150174
 21
247.03333536783856
 31
0.0
  0
LINE
  5
B1
330
17
100
AcDbEntity
  8
ESTRUCTURAS
100
AcDbLine
 10
292.5
 20
242.79998779296875
 30
0.0
 11
292.5
 21
246.86665852864584
 31
0.0
  0
LINE
  5
B2
330
17
100
AcDbEntity
  8
ESTRUCTURAS
100
AcDbLine
 10
292.3666720920139
 20
278.86666191948785
 30
0.0
 11
292.3666720920139
 21
279.49998643663196
 31
0.0
  0
LINE
  5
B3
330
17
100
AcDbEntity
  8
ESTRUCTURAS
100
AcDbLine
 10
359.80000813802087
 20
242.76665581597223
 30
0.0
 11
370.8999972873264
 21
242.86666870117188
 31
0.0
  0
LINE
  5
B4
330
17
100
AcDbEntity
  8
ESTRUCTURAS
100
AcDbLine
 10
359.8333401150174
 20
242.999996609158
 30
0.0
 11
366.63333468967016
 21
242.999996609158
 31
0.0
  0
LINE
  5
B5
330
17
100
AcDbEntity
  8
ESTRUCTURAS
100
AcDbLine
 10
371.0333251953125
 20
238.6333211263021
 30
0.0
 11
371.0666910807292
 21
242.69999186197919
 31
0.0
  0
LINE
  5
B6
330
17
100
AcDbEntity
  8
ESTRUCTURAS
100
AcDbLine
 10
297.23334418402777
 20
283.499993218316
 30
0.0
 11
301.0666910807292
 21
283.499993218316
 31
0.0
  0
LINE
  5
B7
330
17
100
AcDbEntity
  8
ESTRUCTURAS
100
AcDbLine
 10
297.2666761610243
 20
283.73333401150177
 30
0.0
 11
301.0666910807292
 21
283.73333401150177
 31
0.0
  0
LINE
  5
B8
330
17
100
AcDbEntity
  8
ESTRUCTURAS
100
AcDbLine
 10
290.50001356336804
 20
280.69998847113715
 30
0.0
 11
291.13335503472223
 21
280.69998847113715
 31
0.0
  0
LINE
  5
B9
330
17
100
AcDbEntity
  8
ESTRUCTURAS
100
AcDbLine
 10
365.433349609375
 20
282.1333312988281
 30
0.0
 11
372.23334418402777
 21
282.16666327582465
 31
0.0
  0
LINE
  5
BA
330
17
100
AcDbEntity
  8
ESTRUCTURAS
100
AcDbLine
 10
293.5666910807292
 20
280.73332044813367
 30
0.0
 11
294.1999986436632
 21
280.73332044813367
 31
0.0
  0
LINE
  5
BB
330
17
100
AcDbEntity
  8
ESTRUCTURAS
100
AcDbLine
 10
365.433349609375
 20
282.36665513780383
 30
0.0
 11
372.23334418402777
 21
282.39998711480035
 31
0.0
  0
LINE
  5
BC
330
17
100
AcDbEntity
  8
ESTRUCTURAS
100
AcDbLine
 10
360.96666124131946
 20
282.23332722981775
 30
0.0
 11
364.93333604600696
 21
282.3333231608073
 31
0.0
  0
LINE
  5
BD
330
17
100
AcDbEntity
  8
ESTRUCTURAS
100
AcDbLine
 10
360.80000135633685
 20
282.39998711480035
 30
0.0
 11
360.80000135633685
 21
286.500006781684
 31
0.0
  0
LINE
  5
BE
330
17
100
AcDbEntity
  8
ESTRUCTURAS
100
AcDbLine
 10
304.93333604600696
 20
95.29999627007379
 30
0.0
 11
305.56667751736114
 21
94.69999525282118
 31
0.0
  0
LINE
  5
BF
330
17
100
AcDbEntity
  8
ESTRUCTURAS
100
AcDbLine
 10
307.86668565538196
 20
94.69999525282118
 30
0.0
 11
308.46666124131946
 21
95.29999627007379
 31
0.0
  0
LINE
  5
C0
330
17
100
AcDbEntity
  8
ESTRUCTURAS
100
AcDbLine
 10
306.6999986436632
 20
94.76666768391928
 30
0.0
 11
306.6999986436632
 21
96.03333367241754
 31
0.0
  0
LINE
  5
C1
330
17
100
AcDbEntity
  8
ESTRUCTURAS
100
AcDbLine
 10
306.79999457465277
 20
287.0333184136285
 30
0.0
 11
306.79999457465277
 21
287.6999918619792
 31
0.0
  0
LINE
  5
C2
330
17
100
AcDbEntity
  8
ESTRUCTURAS
100
AcDbLine
 10
247.86668565538196
 20
185.83333333333334
 30
0.0
 11
248.76668294270834
 21
184.93333604600696
 31
0.0
  0
LINE
  5
C3
330
17
100
AcDbEntity
  8
ESTRUCTURAS
100
AcDbLine
 10
247.1333482530382
 20
184.0666707356771
 30
0.0
 11
252.1333482530382
 21
184.0666707356771
 31
0.0
  0
LINE
  5
C4
330
17
100
AcDbEntity
  8
ESTRUCTURAS
100
AcDbLine
 10
247.90001763237848
 20
182.29999118381076
 30
0.0
 11
248.76668294270834
 21
183.16665649414062
 31
0.0
  0
LINE
  5
C5
330
17
100
AcDbEntity
  8
ESTRUCTURAS
100
AcDbLine
 10
249.66668023003473
 20
181.5666707356771
 30
0.0
 11
249.6333482530382
 21
186.5666707356771
 31
0.0
  0
LINE
  5
C6
330
17
100
AcDbEntity
  8
ESTRUCTURAS
100
AcDbLine
 10
250.5333455403646
 20
183.16665649414062
 30
0.0
 11
251.43334282769098
 21
182.29999118381076
 31
0.0
  0
LINE
  5
C7
330
17
100
AcDbEntity
  8
ESTRUCTURAS
100
AcDbLine
 10
250.5333455403646
 20
184.93333604600696
 30
0.0
 11
251.40001085069446
 21
185.83333333333334
 31
0.0
  0
LINE
  5
C8
330
17
100
AcDbEntity
  8
ESTRUCTURAS
100
AcDbLine
 10
181.00002712673611
 20
186.73333062065973
 30
0.0
 11
184.53335232204861
 21
183.23333740234375
 31
0.0
  0
LINE
  5
C9
330
17
100
AcDbEntity
  8
ESTRUCTURAS
100
AcDbLine
 10
165.93332926432294
 20
184.93333604600696
 30
0.0
 11
170.93332926432294
 21
184.93333604600696
 31
0.0
  0
LINE
  5
CA
330
17
100
AcDbEntity
  8
ESTRUCTURAS
100
AcDbLine
 10
180.26668972439236
 20
184.96666802300348
 30
0.0
 11
185.26668972439236
 21
185.0
 31
0.0
  0
LINE
  5
CB
330
17
100
AcDbEntity
  8
ESTRUCTURAS
100
AcDbLine
 10
181.00002712673611
 20
183.19998847113717
 30
0.0
 11
181.86669243706598
 21
184.10000271267361
 31
0.0
  0
LINE
  5
CC
330
17
100
AcDbEntity
  8
ESTRUCTURAS
100
AcDbLine
 10
182.76668972439236
 20
182.5
 30
0.0
 11
182.76668972439236
 21
187.5
 31
0.0
  0
LINE
  5
CD
330
17
100
AcDbEntity
  8
ESTRUCTURAS
100
AcDbLine
 10
183.63335503472223
 20
185.86666531032986
 30
0.0
 11
184.53335232204861
 21
186.76666259765625
 31
0.0
  0
LINE
  5
CE
330
17
100
AcDbEntity
  8
ESTRUCTURAS
100
AcDbLine
 10
166.66666666666669
 20
186.6999986436632
 30
0.0
 11
167.53333197699652
 21
185.80000135633682
 31
0.0
  0
LINE
  5
CF
330
17
100
AcDbEntity
  8
ESTRUCTURAS
100
AcDbLine
 10
166.66666666666669
 20
183.16665649414062
 30
0.0
 11
167.53333197699652
 21
184.0333218044705
 31
0.0
  0
LINE
  5
D0
330
17
100
AcDbEntity
  8
ESTRUCTURAS
100
AcDbLine
 10
168.43332926432294
 20
182.43333604600696
 30
0.0
 11
168.43332926432294
 21
187.43333604600696
 31
0.0
  0
LINE
  5
D1
330
17
100
AcDbEntity
  8
ESTRUCTURAS
100
AcDbLine
 10
169.30002848307294
 20
184.0666707356771
 30
0.0
 11
170.20002577039932
 21
183.16665649414062
 31
0.0
  0
LINE
  5
D2
330
17
100
AcDbEntity
  8
ESTRUCTURAS
100
AcDbLine
 10
169.30002848307294
 20
185.83333333333334
 30
0.0
 11
170.20002577039932
 21
186.6999986436632
 31
0.0
  0
LINE
  5
D3
330
17
100
AcDbEntity
  8
ESTRUCTURAS
100
AcDbLine
 10
354.13333468967016
 20
407.4666680230035
 30
0.0
 11
354.13333468967016
 21
408.46666124131946
 31
0.0
  0
LINE
  5
D4
330
17
100
AcDbEntity
  8
ESTRUCTURAS
100
AcDbLine
 10
354.13333468967016
 20
407.4666680230035
 30
0.0
 11
355.8666653103299
 21
408.46666124131946
 31
0.0
  0
LINE
  5
D5
330
17
100
AcDbEntity
  8
ESTRUCTURAS
100
AcDbLine
 10
355.8666653103299
 20
407.4666680230035
 30
0.0
 11
355.8666653103299
 21
408.46666124131946
 31
0.0
  0
LINE
  5
D6
330
17
100
AcDbEntity
  8
ESTRUCTURAS
100
AcDbLine
 10
354.13333468967016
 20
408.46666124131946
 30
0.0
 11
355.8666653103299
 21
407.4666680230035
 31
0.0
  0
LINE
  5
D7
330
17
100
AcDbEntity
  8
ESTRUCTURAS
100
AcDbLine
 10
476.3333468967014
 20
284.23333062065973
 30
0.0
 11
476.36667887369794
 21
283.23332044813367
 31
0.0
  0
LINE
  5
D8
330
17
100
AcDbEntity
  8
ESTRUCTURAS
100
AcDbLine
 10
476.36667887369794
 20
283.23332044813367
 30
0.0
 11
478.06667751736114
 21
284.23333062065973
 31
0.0
  0
LINE
  5
D9
330
17
100
AcDbEntity
  8
ESTRUCTURAS
100
AcDbLine
 10
478.06667751736114
 20
283.23332044813367
 30
0.0
 11
478.06667751736114
 21
284.23333062065973
 31
0.0
  0
LINE
  5
DA
330
17
100
AcDbEntity
  8
ESTRUCTURAS
100
AcDbLine
 10
476.3333468967014
 20
284.23333062065973
 30
0.0
 11
478.06667751736114
 21
283.23332044813367
 31
0.0
  0
LINE
  5
DB
330
17
100
AcDbEntity
  8
ESTRUCTURAS
100
AcDbLine
 10
269.80000813802087
 20
333.03331163194446
 30
0.0
 11
269.8333401150174
 21
336.96665445963544
 31
0.0
  0
LINE
  5
DC
330
17
100
AcDbEntity
  8
ESTRUCTURAS
100
AcDbLine
 10
263.76668294270837
 20
337.0999823676215
 30
0.0
 11
269.8333401150174
 21
336.96665445963544
 31
0.0
  0
LINE
  5
DD
330
17
100
AcDbEntity
  8
ESTRUCTURAS
100
AcDbLine
 10
263.70001898871527
 20
333.10000949435766
 30
0.0
 11
263.76668294270837
 21
337.0999823676215
 31
0.0
  0
LINE
  5
DE
330
17
100
AcDbEntity
  8
ESTRUCTURAS
100
AcDbLine
 10
263.70001898871527
 20
333.10000949435766
 30
0.0
 11
269.80000813802087
 21
333.03331163194446
 31
0.0
  0
LINE
  5
DF
330
17
100
AcDbEntity
  8
ESTRUCTURAS
100
AcDbLine
 10
375.56667751736114
 20
335.8666653103299
 30
0.0
 11
376.20001898871527
 21
335.8666653103299
 31
0.0
  0
LINE
  5
E0
330
17
100
AcDbEntity
  8
ESTRUCTURAS
100
AcDbLine
 10
210.56667751736111
 20
337.0333184136285
 30
0.0
 11
210.60000949435764
 21
333.03331163194446
 31
0.0
  0
LINE
  5
E1
330
17
100
AcDbEntity
  8
ESTRUCTURAS
100
AcDbLine
 10
204.53335232204861
 20
337.0999823676215
 30
0.0
 11
210.56667751736111
 21
337.0333184136285
 31
0.0
  0
LINE
  5
E2
330
17
100
AcDbEntity
  8
ESTRUCTURAS
100
AcDbLine
 10
204.53335232204861
 20
333.10000949435766
 30
0.0
 11
204.53335232204861
 21
337.0999823676215
 31
0.0
  0
LINE
  5
E3
330
17
100
AcDbEntity
  8
ESTRUCTURAS
100
AcDbLine
 10
204.53335232204861
 20
333.10000949435766
 30
0.0
 11
210.60000949435764
 21
333.03331163194446
 31
0.0
  0
LINE
  5
E4
330
17
100
AcDbEntity
  8
ESTRUCTURAS
100
AcDbLine
 10
167.30000813802084
 20
336.36664496527777
 30
0.0
 11
167.30000813802084
 21
336.99998643663196
 31
0.0
  0
LINE
  5
E5
330
17
100
AcDbEntity
  8
ESTRUCTURAS
100
AcDbLine
 10
165.433349609375
 20
335.13332790798614
 30
0.0
 11
166.06669108072919
 21
335.13332790798614
 31
0.0
  0
LINE
  5
E6
330
17
100
AcDbEntity
  8
ESTRUCTURAS
100
AcDbLine
 10
167.30000813802084
 20
333.26666937934027
 30
0.0
 11
167.30000813802084
 21
333.8999769422743
 31
0.0
  0
LINE
  5
E7
330
17
100
AcDbEntity
  8
ESTRUCTURAS
100
AcDbLine
 10
168.50002712673611
 20
335.13332790798614
 30
0.0
 11
169.16666666666669
 21
335.13332790798614
 31
0.0
  0
LINE
  5
E8
330
17
100
AcDbEntity
  8
ESTRUCTURAS
100
AcDbLine
 10
176.66666666666669
 20
334.49998643663196
 30
0.0
 11
176.66666666666669
 21
336.500006781684
 31
0.0
  0
LINE
  5
E9
330
17
100
AcDbEntity
  8
ESTRUCTURAS
100
AcDbLine
 10
176.00002712673611
 20
334.7666422526042
 30
0.0
 11
176.00002712673611
 21
336.2333170572917
 31
0.0
  0
LINE
  5
EA
330
17
100
AcDbEntity
  8
ESTRUCTURAS
100
AcDbLine
 10
188.30000135633682
 20
336.1333211263021
 30
0.0
 11
188.33333333333334
 21
334.13333468967016
 31
0.0
  0
LINE
  5
EB
330
17
100
AcDbEntity
  8
ESTRUCTURAS
100
AcDbLine
 10
187.63336181640625
 20
334.36665852864587
 30
0.0
 11
187.63336181640625
 21
335.8666653103299
 31
0.0
  0
LINE
  5
EC
330
17
100
AcDbEntity
  8
ESTRUCTURAS
100
AcDbLine
 10
311.40001085069446
 20
354.63331434461804
 30
0.0
 11
312.1333482530382
 21
353.8999769422743
 31
0.0
  0
LINE
  5
ED
330
17
100
AcDbEntity
  8
ESTRUCTURAS
100
AcDbLine
 10
308.933342827691
 20
353.8999769422743
 30
0.0
 11
309.66668023003473
 21
354.63331434461804
 31
0.0
  0
LINE
  5
EE
330
17
100
AcDbEntity
  8
ESTRUCTURAS
100
AcDbLine
 10
294.23333062065973
 20
194.5999993218316
 30
0.0
 11
294.23333062065973
 21
195.2333238389757
 31
0.0
  0
LINE
  5
EF
330
17
100
AcDbEntity
  8
ESTRUCTURAS
100
AcDbLine
 10
294.366692437066
 20
338.20000542534723
 30
0.0
 11
294.366692437066
 21
338.83331298828125
 31
0.0
  0
LINE
  5
F0
330
17
100
AcDbEntity
  8
ESTRUCTURAS
100
AcDbLine
 10
292.5333319769965
 20
336.96665445963544
 30
0.0
 11
293.1666734483507
 21
336.99998643663196
 31
0.0
  0
LINE
  5
F1
330
17
100
AcDbEntity
  8
ESTRUCTURAS
100
AcDbLine
 10
294.23333062065973
 20
191.5333218044705
 30
0.0
 11
294.23333062065973
 21
192.16666327582467
 31
0.0
  0
LINE
  5
F2
330
17
100
AcDbEntity
  8
ESTRUCTURAS
100
AcDbLine
 10
294.4000244140625
 20
335.13332790798614
 30
0.0
 11
294.4000244140625
 21
335.76666937934027
 31
0.0
  0
LINE
  5
F3
330
17
100
AcDbEntity
  8
ESTRUCTURAS
100
AcDbLine
 10
295.60000949435766
 20
336.99998643663196
 30
0.0
 11
296.2333509657118
 21
336.99998643663196
 31
0.0
  0
LINE
  5
F4
330
17
100
AcDbEntity
  8
ESTRUCTURAS
100
AcDbLine
 10
355.999993218316
 20
354.46665445963544
 30
0.0
 11
356.73333062065973
 21
353.7333170572917
 31
0.0
  0
LINE
  5
F5
330
17
100
AcDbEntity
  8
ESTRUCTURAS
100
AcDbLine
 10
353.5333251953125
 20
353.7333170572917
 30
0.0
 11
354.26666259765625
 21
354.46665445963544
 31
0.0
  0
LINE
  5
F6
330
17
100
AcDbEntity
  8
ESTRUCTURAS
100
AcDbLine
 10
292.3333401150174
 20
281.9333224826389
 30
0.0
 11
292.3333401150174
 21
282.56666395399304
 31
0.0
  0
LINE
  5
F7
330
17
100
AcDbEntity
  8
ESTRUCTURAS
100
AcDbLine
 10
293.20000542534723
 20
281.56665378146704
 30
0.0
 11
293.933342827691
 21
282.2999911838108
 31
0.0
  0
LINE
  5
F8
330
17
100
AcDbEntity
  8
ESTRUCTURAS
100
AcDbLine
 10
293.20000542534723
 20
279.86665513780383
 30
0.0
 11
293.933342827691
 21
279.13333468967016
 31
0.0
  0
LINE
  5
F9
330
17
100
AcDbEntity
  8
ESTRUCTURAS
100
AcDbLine
 10
308.00001356336804
 20
285.83333333333337
 30
0.0
 11
308.66668701171875
 21
285.83333333333337
 31
0.0
  0
LINE
  5
FA
330
17
100
AcDbEntity
  8
ESTRUCTURAS
100
AcDbLine
 10
304.93333604600696
 20
285.83333333333337
 30
0.0
 11
305.56667751736114
 21
285.83333333333337
 31
0.0
  0
LINE
  5
FB
330
17
100
AcDbEntity
  8
ESTRUCTURAS
100
AcDbLine
 10
306.79999457465277
 20
283.9666578504774
 30
0.0
 11
306.79999457465277
 21
284.5999823676215
 31
0.0
  0
LINE
  5
FC
330
17
100
AcDbEntity
  8
ESTRUCTURAS
100
AcDbLine
 10
307.66665988498266
 20
284.9666680230035
 30
0.0
 11
308.3999972873264
 21
284.23333062065973
 31
0.0
  0
LINE
  5
FD
330
17
100
AcDbEntity
  8
ESTRUCTURAS
100
AcDbLine
 10
305.2000257703993
 20
284.23333062065973
 30
0.0
 11
305.93332926432294
 21
284.9666680230035
 31
0.0
  0
LINE
  5
FE
330
17
100
AcDbEntity
  8
ESTRUCTURAS
100
AcDbLine
 10
294.93333604600696
 20
296.5666707356771
 30
0.0
 11
295.6666734483507
 21
297.30000813802087
 31
0.0
  0
LINE
  5
FF
330
17
100
AcDbEntity
  8
ESTRUCTURAS
100
AcDbLine
 10
294.9666680230035
 20
294.8666720920139
 30
0.0
 11
295.70000542534723
 21
294.13333468967016
 31
0.0
  0
LINE
  5
100
330
17
100
AcDbEntity
  8
ESTRUCTURAS
100
AcDbLine
 10
391.13335503472223
 20
282.16666327582465
 30
0.0
 11
391.13335503472223
 21
282.79998779296875
 31
0.0
  0
LINE
  5
101
330
17
100
AcDbEntity
  8
ESTRUCTURAS
100
AcDbLine
 10
389.26666259765625
 20
280.93332926432294
 30
0.0
 11
389.90000406901044
 21
280.93332926432294
 31
0.0
  0
LINE
  5
102
330
17
100
AcDbEntity
  8
ESTRUCTURAS
100
AcDbLine
 10
391.13335503472223
 20
279.06665378146704
 30
0.0
 11
391.13335503472223
 21
279.73332722981775
 31
0.0
  0
LINE
  5
103
330
17
100
AcDbEntity
  8
ESTRUCTURAS
100
AcDbLine
 10
392.0000203450521
 20
280.06666395399304
 30
0.0
 11
392.7333238389757
 21
279.3333265516493
 31
0.0
  0
LINE
  5
104
330
17
100
AcDbEntity
  8
ESTRUCTURAS
100
AcDbLine
 10
389.53335232204864
 20
279.3333265516493
 30
0.0
 11
390.2666897243924
 21
280.06666395399304
 31
0.0
  0
LINE
  5
105
330
17
100
AcDbEntity
  8
ESTRUCTURAS
100
AcDbLine
 10
374.56668429904516
 20
248.99998982747397
 30
0.0
 11
375.3000217013889
 21
249.73332722981772
 31
0.0
  0
LINE
  5
106
330
17
100
AcDbEntity
  8
ESTRUCTURAS
100
AcDbLine
 10
374.56668429904516
 20
247.26665920681424
 30
0.0
 11
375.3000217013889
 21
246.5333218044705
 31
0.0
  0
LINE
  5
107
330
17
100
AcDbEntity
  8
ESTRUCTURAS
100
AcDbLine
 10
358.10000949435766
 20
242.63332790798611
 30
0.0
 11
358.10000949435766
 21
243.2666693793403
 31
0.0
  0
LINE
  5
108
330
17
100
AcDbEntity
  8
ESTRUCTURAS
100
AcDbLine
 10
356.26668294270837
 20
241.43332587348092
 30
0.0
 11
356.9000244140625
 21
241.43332587348092
 31
0.0
  0
LINE
  5
109
330
17
100
AcDbEntity
  8
ESTRUCTURAS
100
AcDbLine
 10
358.10000949435766
 20
239.56666734483508
 30
0.0
 11
358.10000949435766
 21
240.19999186197919
 31
0.0
  0
LINE
  5
10A
330
17
100
AcDbEntity
  8
ESTRUCTURAS
100
AcDbLine
 10
359.33332655164935
 20
241.43332587348092
 30
0.0
 11
359.9666680230035
 21
241.43332587348092
 31
0.0
  0
LINE
  5
10B
330
17
100
AcDbEntity
  8
ESTRUCTURAS
100
AcDbLine
 10
358.9666748046875
 20
242.29999118381076
 30
0.0
 11
359.70001220703125
 21
243.0333285861545
 31
0.0
  0
LINE
  5
10C
330
17
100
AcDbEntity
  8
ESTRUCTURAS
100
AcDbLine
 10
358.9666748046875
 20
240.56666056315106
 30
0.0
 11
359.70001220703125
 21
239.8333231608073
 31
0.0
  0
LINE
  5
10D
330
17
100
AcDbEntity
  8
ESTRUCTURAS
100
AcDbLine
 10
372.3666720920139
 20
234.56666734483508
 30
0.0
 11
373.10000949435766
 21
235.29998779296875
 31
0.0
  0
LINE
  5
10E
330
17
100
AcDbEntity
  8
ESTRUCTURAS
100
AcDbLine
 10
372.3666720920139
 20
232.8333197699653
 30
0.0
 11
373.10000949435766
 21
232.0999993218316
 31
0.0
  0
LINE
  5
10F
330
17
100
AcDbEntity
  8
ESTRUCTURAS
100
AcDbLine
 10
352.5999959309896
 20
178.86666191948785
 30
0.0
 11
353.33333333333337
 21
178.1333245171441
 31
0.0
  0
LINE
  5
110
330
17
100
AcDbEntity
  8
ESTRUCTURAS
100
AcDbLine
 10
355.06666395399304
 20
178.1333245171441
 30
0.0
 11
355.80000135633685
 21
178.86666191948785
 31
0.0
  0
LINE
  5
111
330
17
100
AcDbEntity
  8
ESTRUCTURAS
100
AcDbLine
 10
366.6999986436632
 20
190.89999728732639
 30
0.0
 11
366.6999986436632
 21
191.5333218044705
 31
0.0
  0
LINE
  5
112
330
17
100
AcDbEntity
  8
ESTRUCTURAS
100
AcDbLine
 10
206.33334689670139
 20
194.33332655164932
 30
0.0
 11
211.66666666666669
 21
194.36665852864584
 31
0.0
  0
LINE
  5
113
330
17
100
AcDbEntity
  8
ESTRUCTURAS
100
AcDbLine
 10
367.9000176323785
 20
192.76665581597223
 30
0.0
 11
368.5333251953125
 21
192.76665581597223
 31
0.0
  0
LINE
  5
114
330
17
100
AcDbEntity
  8
ESTRUCTURAS
100
AcDbLine
 10
366.6666666666667
 20
194.5999993218316
 30
0.0
 11
366.6999986436632
 21
193.96665785047745
 31
0.0
  0
LINE
  5
115
330
17
100
AcDbEntity
  8
ESTRUCTURAS
100
AcDbLine
 10
364.8333401150174
 20
192.7333238389757
 30
0.0
 11
365.4666815863715
 21
192.7333238389757
 31
0.0
  0
LINE
  5
116
330
17
100
AcDbEntity
  8
ESTRUCTURAS
100
AcDbLine
 10
365.0999959309896
 20
191.1666700575087
 30
0.0
 11
365.83333333333337
 21
191.89999050564236
 31
0.0
  0
LINE
  5
117
330
17
100
AcDbEntity
  8
ESTRUCTURAS
100
AcDbLine
 10
365.0999959309896
 20
194.33332655164932
 30
0.0
 11
365.83333333333337
 21
193.59998914930557
 31
0.0
  0
LINE
  5
118
330
17
100
AcDbEntity
  8
ESTRUCTURAS
100
AcDbLine
 10
314.80000813802087
 20
135.63333299424914
 30
0.0
 11
314.80000813802087
 21
136.26666598849826
 31
0.0
  0
LINE
  5
119
330
17
100
AcDbEntity
  8
ESTRUCTURAS
100
AcDbLine
 10
312.933349609375
 20
134.3999989827474
 30
0.0
 11
313.6000230577257
 21
134.3999989827474
 31
0.0
  0
LINE
  5
11A
330
17
100
AcDbEntity
  8
ESTRUCTURAS
100
AcDbLine
 10
314.80000813802087
 20
132.56666395399307
 30
0.0
 11
314.80000813802087
 21
133.1999969482422
 31
0.0
  0
LINE
  5
11B
330
17
100
AcDbEntity
  8
ESTRUCTURAS
100
AcDbLine
 10
316.03335910373266
 20
134.43333095974393
 30
0.0
 11
316.6666666666667
 21
134.43333095974393
 31
0.0
  0
LINE
  5
11C
330
17
100
AcDbEntity
  8
ESTRUCTURAS
100
AcDbLine
 10
313.06667751736114
 20
167.63332790798611
 30
0.0
 11
313.8000149197049
 21
166.89999050564236
 31
0.0
  0
LINE
  5
11D
330
17
100
AcDbEntity
  8
ESTRUCTURAS
100
AcDbLine
 10
315.5333455403646
 20
166.93332248263889
 30
0.0
 11
316.26668294270837
 21
167.66665988498264
 31
0.0
  0
LINE
  5
11E
330
17
100
AcDbEntity
  8
ESTRUCTURAS
100
AcDbLine
 10
292.3666720920139
 20
193.36666531032986
 30
0.0
 11
293.00001356336804
 21
193.36666531032986
 31
0.0
  0
LINE
  5
11F
330
17
100
AcDbEntity
  8
ESTRUCTURAS
100
AcDbLine
 10
295.433349609375
 20
193.39999728732639
 30
0.0
 11
296.1000230577257
 21
193.39999728732639
 31
0.0
  0
LINE
  5
120
330
17
100
AcDbEntity
  8
ESTRUCTURAS
100
AcDbLine
 10
295.0999959309896
 20
194.23333062065973
 30
0.0
 11
295.83333333333337
 21
195.0
 31
0.0
  0
LINE
  5
121
330
17
100
AcDbEntity
  8
ESTRUCTURAS
100
AcDbLine
 10
295.0999959309896
 20
192.53333197699655
 30
0.0
 11
295.83333333333337
 21
191.7999945746528
 31
0.0
  0
LINE
  5
122
330
17
100
AcDbEntity
  8
ESTRUCTURAS
100
AcDbLine
 10
374.36665852864587
 20
334.000006781684
 30
0.0
 11
374.36665852864587
 21
334.6666463216146
 31
0.0
  0
LINE
  5
123
330
17
100
AcDbEntity
  8
ESTRUCTURAS
100
AcDbLine
 10
374.33332655164935
 20
337.7333238389757
 30
0.0
 11
374.36665852864587
 21
337.0999823676215
 31
0.0
  0
LINE
  5
124
330
17
100
AcDbEntity
  8
ESTRUCTURAS
100
AcDbLine
 10
372.5
 20
335.8666653103299
 30
0.0
 11
373.1333414713542
 21
335.8666653103299
 31
0.0
  0
LINE
  5
125
330
17
100
AcDbEntity
  8
ESTRUCTURAS
100
AcDbLine
 10
372.7666897243924
 20
334.26666259765625
 30
0.0
 11
373.499993218316
 21
335.0
 31
0.0
  0
LINE
  5
126
330
17
100
AcDbEntity
  8
ESTRUCTURAS
100
AcDbLine
 10
372.7666897243924
 20
337.4666680230035
 30
0.0
 11
373.499993218316
 21
336.73333062065973
 31
0.0
  0
LINE
  5
127
330
17
100
AcDbEntity
  8
ESTRUCTURAS
100
AcDbLine
 10
295.23335774739587
 20
337.8666517469618
 30
0.0
 11
295.96666124131946
 21
338.59998914930554
 31
0.0
  0
LINE
  5
128
330
17
100
AcDbEntity
  8
ESTRUCTURAS
100
AcDbLine
 10
295.23335774739587
 20
336.1333211263021
 30
0.0
 11
295.96666124131946
 21
335.39998372395837
 31
0.0
  0
LINE
  5
129
330
17
100
AcDbEntity
  8
ESTRUCTURAS
100
AcDbLine
 10
235.33335367838544
 20
337.3333401150174
 30
0.0
 11
243.33333333333334
 21
337.4666680230035
 31
0.0
  0
LINE
  5
12A
330
17
100
AcDbEntity
  8
ESTRUCTURAS
100
AcDbLine
 10
265.73333740234375
 20
192.0999993218316
 30
0.0
 11
273.7333509657118
 21
192.26665920681424
 31
0.0
  0
LWPOLYLINE
  5
12B
330
17
100
AcDbEntity
  8
ESTRUCTURAS
100
AcDbPolyline
 90
3
 70
0
 10
311.3000149197049
 20
282.4666680230035
 10
311.3000149197049
 20
281.9333224826389
 10
311.3000149197049
 20
281.63333468967016
  0
LWPOLYLINE
  5
12C
330
17
100
AcDbEntity
  8
ESTRUCTURAS
100
AcDbPolyline
 90
8
 70
0
 10
311.0666910807292
 20
282.63332790798614
 10
311.20001898871527
 20
282.63332790798614
 10
311.3333468967014
 20
282.63332790798614
 10
311.4666748046875
 20
282.63332790798614
 10
311.60000271267364
 20
282.63332790798614
 10
311.73333062065973
 20
282.63332790798614
 10
311.866692437066
 20
282.63332790798614
 10
312.0000203450521
 20
282.63332790798614
  0
LWPOLYLINE
  5
12D
330
17
100
AcDbEntity
  8
ESTRUCTURAS
100
AcDbPolyline
 90
14
 70
0
 10
310.73333740234375
 20
283.03332858615454
 10
310.8666653103299
 20
283.06666056315106
 10
310.999993218316
 20
283.06666056315106
 10
311.1000230577257
 20
283.06666056315106
 10
311.2333509657118
 20
283.06666056315106
 10
311.36667887369794
 20
283.06666056315106
 10
311.500006781684
 20
283.06666056315106
 10
311.63333468967016
 20
283.06666056315106
 10
311.76666259765625
 20
283.06666056315106
 10
311.866692437066
 20
283.06666056315106
 10
312.0000203450521
 20
283.06666056315106
 10
312.1333482530382
 20
283.06666056315106
 10
312.2666761610243
 20
283.06666056315106
 10
312.1333482530382
 20
283.03332858615454
  0
LWPOLYLINE
  5
12E
330
17
100
AcDbEntity
  8
ESTRUCTURAS
100
AcDbPolyline
 90
11
 70
0
 10
312.03335232204864
 20
283.03332858615454
 10
311.9000244140625
 20
283.03332858615454
 10
311.79999457465277
 20
283.03332858615454
 10
311.6666666666667
 20
283.03332858615454
 10
311.500006781684
 20
283.03332858615454
 10
311.36667887369794
 20
283.03332858615454
 10
311.2333509657118
 20
283.03332858615454
 10
311.1000230577257
 20
283.03332858615454
 10
310.999993218316
 20
283.03332858615454
 10
310.8666653103299
 20
283.03332858615454
 10
310.73333740234375
 20
283.03332858615454
  0
LWPOLYLINE
  5
12F
330
17
100
AcDbEntity
  8
ESTRUCTURAS
100
AcDbPolyline
 90
9
 70
0
 10
310.4000176323785
 20
282.76665581597223
 10
310.5333455403646
 20
282.76665581597223
 10
310.6666734483507
 20
282.79998779296875
 10
310.8000013563368
 20
282.79998779296875
 10
310.96666124131946
 20
282.79998779296875
 10
311.0666910807292
 20
282.79998779296875
 10
311.20001898871527
 20
282.79998779296875
 10
311.3333468967014
 20
282.79998779296875
 10
311.4666748046875
 20
282.79998779296875
  0
LWPOLYLINE
  5
130
330
17
100
AcDbEntity
  8
ESTRUCTURAS
100
AcDbPolyline
 90
9
 70
0
 10
310.4000176323785
 20
282.8666687011719
 10
310.5333455403646
 20
282.8666687011719
 10
310.6666734483507
 20
282.8666687011719
 10
310.8000013563368
 20
282.8666687011719
 10
310.96666124131946
 20
282.8666687011719
 10
311.0666910807292
 20
282.8666687011719
 10
311.20001898871527
 20
282.8666687011719
 10
311.3333468967014
 20
282.8666687011719
 10
311.4666748046875
 20
282.8666687011719
  0
LWPOLYLINE
  5
131
330
17
100
AcDbEntity
  8
ESTRUCTURAS
100
AcDbPolyline
 90
8
 70
0
 10
311.0666910807292
 20
281.499989827474
 10
311.20001898871527
 20
281.499989827474
 10
311.3333468967014
 20
281.499989827474
 10
311.4666748046875
 20
281.499989827474
 10
311.60000271267364
 20
281.499989827474
 10
311.73333062065973
 20
281.499989827474
 10
311.866692437066
 20
281.499989827474
 10
312.0000203450521
 20
281.499989827474
  0
LWPOLYLINE
  5
132
330
17
100
AcDbEntity
  8
ESTRUCTURAS
100
AcDbPolyline
 90
10
 70
0
 10
310.4000176323785
 20
281.33332994249133
 10
310.5333455403646
 20
281.33332994249133
 10
310.6666734483507
 20
281.33332994249133
 10
310.8000013563368
 20
281.33332994249133
 10
310.93332926432294
 20
281.33332994249133
 10
311.03335910373266
 20
281.33332994249133
 10
311.16668701171875
 20
281.33332994249133
 10
311.3000149197049
 20
281.33332994249133
 10
311.433342827691
 20
281.33332994249133
 10
311.5666707356771
 20
281.33332994249133
  0
LWPOLYLINE
  5
133
330
17
100
AcDbEntity
  8
ESTRUCTURAS
100
AcDbPolyline
 90
10
 70
0
 10
310.4000176323785
 20
281.23333401150177
 10
310.5333455403646
 20
281.23333401150177
 10
310.6666734483507
 20
281.23333401150177
 10
310.8000013563368
 20
281.23333401150177
 10
310.93332926432294
 20
281.23333401150177
 10
311.03335910373266
 20
281.23333401150177
 10
311.16668701171875
 20
281.2666659884983
 10
311.3000149197049
 20
281.2666659884983
 10
311.433342827691
 20
281.2666659884983
 10
311.5666707356771
 20
281.2666659884983
  0
LWPOLYLINE
  5
134
330
17
100
AcDbEntity
  8
ESTRUCTURAS
100
AcDbPolyline
 90
14
 70
0
 10
310.73333740234375
 20
281.09998914930554
 10
310.8666653103299
 20
281.066657172309
 10
310.999993218316
 20
281.066657172309
 10
311.1000230577257
 20
281.066657172309
 10
311.2333509657118
 20
281.066657172309
 10
311.36667887369794
 20
281.066657172309
 10
311.500006781684
 20
281.066657172309
 10
311.63333468967016
 20
281.066657172309
 10
311.76666259765625
 20
281.066657172309
 10
311.866692437066
 20
281.066657172309
 10
312.0000203450521
 20
281.066657172309
 10
312.1333482530382
 20
281.066657172309
 10
312.2666761610243
 20
281.066657172309
 10
312.1333482530382
 20
281.09998914930554
  0
LWPOLYLINE
  5
135
330
17
100
AcDbEntity
  8
ESTRUCTURAS
100
AcDbPolyline
 90
11
 70
0
 10
312.03335232204864
 20
281.09998914930554
 10
311.9000244140625
 20
281.09998914930554
 10
311.79999457465277
 20
281.09998914930554
 10
311.6666666666667
 20
281.09998914930554
 10
311.500006781684
 20
281.09998914930554
 10
311.36667887369794
 20
281.09998914930554
 10
311.2333509657118
 20
281.09998914930554
 10
311.1000230577257
 20
281.09998914930554
 10
310.999993218316
 20
281.09998914930554
 10
310.8666653103299
 20
281.09998914930554
 10
310.73333740234375
 20
281.09998914930554
  0
LWPOLYLINE
  5
136
330
17
100
AcDbEntity
  8
ESTRUCTURAS
100
AcDbPolyline
 90
7
 70
0
 10
309.90000406901044
 20
283.03332858615454
 10
310.0333319769965
 20
283.03332858615454
 10
310.16665988498266
 20
283.03332858615454
 10
310.2666897243924
 20
283.03332858615454
 10
310.4000176323785
 20
283.03332858615454
 10
310.5333455403646
 20
283.03332858615454
 10
310.6666734483507
 20
283.03332858615454
  0
LWPOLYLINE
  5
137
330
17
100
AcDbEntity
  8
ESTRUCTURAS
100
AcDbPolyline
 90
10
 70
0
 10
309.10000271267364
 20
281.23333401150177
 10
309.23333062065973
 20
281.23333401150177
 10
309.366692437066
 20
281.23333401150177
 10
309.5000203450521
 20
281.23333401150177
 10
309.6333482530382
 20
281.23333401150177
 10
309.7666761610243
 20
281.23333401150177
 10
309.90000406901044
 20
281.23333401150177
 10
310.0333319769965
 20
281.23333401150177
 10
310.16665988498266
 20
281.23333401150177
 10
310.2666897243924
 20
281.23333401150177
  0
LWPOLYLINE
  5
138
330
17
100
AcDbEntity
  8
ESTRUCTURAS
100
AcDbPolyline
 90
10
 70
0
 10
309.10000271267364
 20
281.33332994249133
 10
309.23333062065973
 20
281.33332994249133
 10
309.366692437066
 20
281.33332994249133
 10
309.5000203450521
 20
281.33332994249133
 10
309.6333482530382
 20
281.33332994249133
 10
309.7666761610243
 20
281.33332994249133
 10
309.90000406901044
 20
281.33332994249133
 10
310.0333319769965
 20
281.33332994249133
 10
310.16665988498266
 20
281.33332994249133
 10
310.2666897243924
 20
281.33332994249133
  0
LWPOLYLINE
  5
139
330
17
100
AcDbEntity
  8
ESTRUCTURAS
100
AcDbPolyline
 90
7
 70
0
 10
309.93333604600696
 20
281.066657172309
 10
310.06666395399304
 20
281.066657172309
 10
310.2000257703993
 20
281.066657172309
 10
310.33335367838544
 20
281.066657172309
 10
310.4666815863715
 20
281.066657172309
 10
310.60000949435766
 20
281.066657172309
 10
310.73333740234375
 20
281.066657172309
  0
LWPOLYLINE
  5
13A
330
17
100
AcDbEntity
  8
ESTRUCTURAS
100
AcDbPolyline
 90
11
 70
0
 10
309.53335232204864
 20
280.0999959309896
 10
309.53335232204864
 20
279.9666680230035
 10
309.5000203450521
 20
279.86665513780383
 10
309.366692437066
 20
279.73332722981775
 10
309.26666259765625
 20
279.69999525282117
 10
309.13333468967016
 20
279.66666327582465
 10
309.000006781684
 20
279.69999525282117
 10
308.86667887369794
 20
279.73332722981775
 10
308.76668294270837
 20
279.86665513780383
 10
308.7333509657118
 20
279.9666680230035
 10
308.70001898871527
 20
280.0999959309896
  0
LWPOLYLINE
  5
13B
330
17
100
AcDbEntity
  8
ESTRUCTURAS
100
AcDbPolyline
 90
7
 70
0
 10
308.70001898871527
 20
281.0333251953125
 10
308.70001898871527
 20
280.8999972873264
 10
308.70001898871527
 20
280.76665242513025
 10
308.70001898871527
 20
280.6333245171441
 10
308.70001898871527
 20
280.4666646321615
 10
308.70001898871527
 20
280.33331976996527
 10
308.70001898871527
 20
280.1999918619792
  0
LWPOLYLINE
  5
13C
330
17
100
AcDbEntity
  8
ESTRUCTURAS
100
AcDbPolyline
 90
7
 70
0
 10
309.53335232204864
 20
281.0333251953125
 10
309.53335232204864
 20
280.8999972873264
 10
309.53335232204864
 20
280.76665242513025
 10
309.53335232204864
 20
280.5999925401476
 10
309.53335232204864
 20
280.4666646321615
 10
309.53335232204864
 20
280.33331976996527
 10
309.53335232204864
 20
280.1999918619792
  0
LWPOLYLINE
  5
13D
330
17
100
AcDbEntity
  8
ESTRUCTURAS
100
AcDbPolyline
 90
15
 70
0
 10
308.3000013563368
 20
281.066657172309
 10
308.43332926432294
 20
281.0333251953125
 10
308.53335910373266
 20
281.0333251953125
 10
308.66668701171875
 20
281.0333251953125
 10
308.8000149197049
 20
281.0333251953125
 10
308.9666748046875
 20
281.0333251953125
 10
309.13333468967016
 20
281.0333251953125
 10
309.26666259765625
 20
281.0333251953125
 10
309.366692437066
 20
281.0333251953125
 10
309.5000203450521
 20
281.0333251953125
 10
309.6333482530382
 20
281.0333251953125
 10
309.7666761610243
 20
281.0333251953125
 10
309.90000406901044
 20
281.0333251953125
 10
309.7666761610243
 20
281.09998914930554
 10
309.6333482530382
 20
281.09998914930554
  0
LWPOLYLINE
  5
13E
330
17
100
AcDbEntity
  8
ESTRUCTURAS
100
AcDbPolyline
 90
11
 70
0
 10
309.6000162760417
 20
281.09998914930554
 10
309.46668836805554
 20
281.066657172309
 10
309.3333265516493
 20
281.066657172309
 10
309.1999986436632
 20
281.066657172309
 10
309.0666707356771
 20
281.066657172309
 10
308.933342827691
 20
281.066657172309
 10
308.8000149197049
 20
281.066657172309
 10
308.66668701171875
 20
281.066657172309
 10
308.53335910373266
 20
281.066657172309
 10
308.43332926432294
 20
281.066657172309
 10
308.3000013563368
 20
281.066657172309
  0
LWPOLYLINE
  5
13F
330
17
100
AcDbEntity
  8
ESTRUCTURAS
100
AcDbPolyline
 90
8
 70
0
 10
308.63335503472223
 20
281.4666578504774
 10
308.76668294270837
 20
281.4666578504774
 10
308.90001085069446
 20
281.4666578504774
 10
309.03333875868054
 20
281.4666578504774
 10
309.1666666666667
 20
281.4666578504774
 10
309.29999457465277
 20
281.4666578504774
 10
309.4000244140625
 20
281.4666578504774
 10
309.53335232204864
 20
281.4666578504774
  0
LWPOLYLINE
  5
140
330
17
100
AcDbEntity
  8
ESTRUCTURAS
100
AcDbPolyline
 90
8
 70
0
 10
308.70001898871527
 20
281.4666578504774
 10
308.8000149197049
 20
281.59998575846356
 10
308.933342827691
 20
281.6666666666667
 10
309.0666707356771
 20
281.6666666666667
 10
309.1999986436632
 20
281.6666666666667
 10
309.3333265516493
 20
281.6666666666667
 10
309.433356391059
 20
281.59998575846356
 10
309.53335232204864
 20
281.4666578504774
  0
LWPOLYLINE
  5
141
330
17
100
AcDbEntity
  8
ESTRUCTURAS
100
AcDbPolyline
 90
9
 70
0
 10
308.76668294270837
 20
281.5333218044705
 10
308.76668294270837
 20
281.63333468967016
 10
308.76668294270837
 20
281.76666259765625
 10
308.76668294270837
 20
281.8999905056424
 10
308.76668294270837
 20
282.03333536783856
 10
308.76668294270837
 20
282.16666327582465
 10
308.76668294270837
 20
282.2999911838108
 10
308.76668294270837
 20
282.4333190917969
 10
308.76668294270837
 20
282.5333319769965
  0
LWPOLYLINE
  5
142
330
17
100
AcDbEntity
  8
ESTRUCTURAS
100
AcDbPolyline
 90
10
 70
0
 10
309.53335232204864
 20
281.4666578504774
 10
309.53335232204864
 20
281.59998575846356
 10
309.53335232204864
 20
281.6999986436632
 10
309.53335232204864
 20
281.8333265516493
 10
309.53335232204864
 20
281.96665445963544
 10
309.53335232204864
 20
282.0999993218316
 10
309.53335232204864
 20
282.23332722981775
 10
309.5000203450521
 20
282.36665513780383
 10
309.5000203450521
 20
282.4666680230035
 10
309.5000203450521
 20
282.5999959309896
  0
LWPOLYLINE
  5
143
330
17
100
AcDbEntity
  8
ESTRUCTURAS
100
AcDbPolyline
 90
7
 70
0
 10
309.3333265516493
 20
282.4666680230035
 10
309.3333265516493
 20
282.36665513780383
 10
309.3333265516493
 20
282.23332722981775
 10
309.366692437066
 20
282.0999993218316
 10
309.366692437066
 20
281.99998643663196
 10
309.366692437066
 20
281.86665852864587
 10
309.366692437066
 20
281.73333062065973
  0
LWPOLYLINE
  5
144
330
17
100
AcDbEntity
  8
ESTRUCTURAS
100
AcDbPolyline
 90
7
 70
0
 10
308.70001898871527
 20
282.5999959309896
 10
308.8333468967014
 20
282.5
 10
308.9666748046875
 20
282.4333190917969
 10
309.10000271267364
 20
282.39998711480035
 10
309.23333062065973
 20
282.39998711480035
 10
309.366692437066
 20
282.4666680230035
 10
309.5000203450521
 20
282.5999959309896
  0
LWPOLYLINE
  5
145
330
17
100
AcDbEntity
  8
ESTRUCTURAS
100
AcDbPolyline
 90
8
 70
0
 10
308.6000230577257
 20
282.5999959309896
 10
308.7333509657118
 20
282.5999959309896
 10
308.86667887369794
 20
282.5999959309896
 10
309.000006781684
 20
282.5999959309896
 10
309.13333468967016
 20
282.63332790798614
 10
309.26666259765625
 20
282.63332790798614
 10
309.366692437066
 20
282.63332790798614
 10
309.5000203450521
 20
282.63332790798614
  0
LWPOLYLINE
  5
146
330
17
100
AcDbEntity
  8
ESTRUCTURAS
100
AcDbPolyline
 90
10
 70
0
 10
309.10000271267364
 20
282.76665581597223
 10
309.23333062065973
 20
282.76665581597223
 10
309.366692437066
 20
282.76665581597223
 10
309.5000203450521
 20
282.76665581597223
 10
309.6333482530382
 20
282.76665581597223
 10
309.7666761610243
 20
282.76665581597223
 10
309.90000406901044
 20
282.76665581597223
 10
310.0333319769965
 20
282.76665581597223
 10
310.16665988498266
 20
282.76665581597223
 10
310.2666897243924
 20
282.76665581597223
  0
LWPOLYLINE
  5
147
330
17
100
AcDbEntity
  8
ESTRUCTURAS
100
AcDbPolyline
 90
10
 70
0
 10
309.10000271267364
 20
282.8666687011719
 10
309.23333062065973
 20
282.8666687011719
 10
309.366692437066
 20
282.8666687011719
 10
309.5000203450521
 20
282.8666687011719
 10
309.6333482530382
 20
282.8666687011719
 10
309.7666761610243
 20
282.8666687011719
 10
309.90000406901044
 20
282.8666687011719
 10
310.0333319769965
 20
282.8666687011719
 10
310.16665988498266
 20
282.8666687011719
 10
310.2666897243924
 20
282.8666687011719
  0
LWPOLYLINE
  5
148
330
17
100
AcDbEntity
  8
ESTRUCTURAS
100
AcDbPolyline
 90
15
 70
0
 10
308.3000013563368
 20
282.999996609158
 10
308.43332926432294
 20
283.03332858615454
 10
308.53335910373266
 20
283.03332858615454
 10
308.66668701171875
 20
283.03332858615454
 10
308.8000149197049
 20
283.03332858615454
 10
308.933342827691
 20
283.06666056315106
 10
309.10000271267364
 20
283.06666056315106
 10
309.23333062065973
 20
283.06666056315106
 10
309.366692437066
 20
283.06666056315106
 10
309.5000203450521
 20
283.06666056315106
 10
309.6333482530382
 20
283.06666056315106
 10
309.7666761610243
 20
283.06666056315106
 10
309.90000406901044
 20
283.06666056315106
 10
309.7666761610243
 20
282.999996609158
 10
309.6333482530382
 20
282.999996609158
  0
LWPOLYLINE
  5
149
330
17
100
AcDbEntity
  8
ESTRUCTURAS
100
AcDbPolyline
 90
11
 70
0
 10
309.56668429904516
 20
282.999996609158
 10
309.433356391059
 20
282.999996609158
 10
309.3333265516493
 20
282.999996609158
 10
309.1999986436632
 20
282.999996609158
 10
309.0666707356771
 20
282.999996609158
 10
308.933342827691
 20
282.999996609158
 10
308.8000149197049
 20
282.999996609158
 10
308.66668701171875
 20
282.999996609158
 10
308.53335910373266
 20
282.999996609158
 10
308.43332926432294
 20
282.999996609158
 10
308.3000013563368
 20
282.999996609158
  0
LWPOLYLINE
  5
14A
330
17
100
AcDbEntity
  8
ESTRUCTURAS
100
AcDbPolyline
 90
8
 70
0
 10
309.5000203450521
 20
283.06666056315106
 10
309.5000203450521
 20
283.19998847113715
 10
309.5000203450521
 20
283.3000013563368
 10
309.5000203450521
 20
283.43332926432294
 10
309.5000203450521
 20
283.566657172309
 10
309.5000203450521
 20
283.70000203450525
 10
309.5000203450521
 20
283.83332994249133
 10
309.5000203450521
 20
283.9666578504774
  0
LWPOLYLINE
  5
14B
330
17
100
AcDbEntity
  8
ESTRUCTURAS
100
AcDbPolyline
 90
10
 70
0
 10
309.5000203450521
 20
283.999989827474
 10
309.5000203450521
 20
284.13333468967016
 10
309.433356391059
 20
284.26666259765625
 10
309.3333265516493
 20
284.36665852864587
 10
309.1999986436632
 20
284.3999905056424
 10
309.0666707356771
 20
284.3999905056424
 10
308.933342827691
 20
284.3999905056424
 10
308.8000149197049
 20
284.3333265516493
 10
308.7333509657118
 20
284.1999986436632
 10
308.70001898871527
 20
284.09998575846356
  0
LWPOLYLINE
  5
14C
330
17
100
AcDbEntity
  8
ESTRUCTURAS
100
AcDbPolyline
 90
8
 70
0
 10
308.70001898871527
 20
283.03332858615454
 10
308.70001898871527
 20
283.1666564941406
 10
308.70001898871527
 20
283.3000013563368
 10
308.70001898871527
 20
283.43332926432294
 10
308.70001898871527
 20
283.566657172309
 10
308.70001898871527
 20
283.70000203450525
 10
308.70001898871527
 20
283.83332994249133
 10
308.70001898871527
 20
283.9666578504774
  0
LWPOLYLINE
  5
14D
330
17
100
AcDbEntity
  8
ESTRUCTURAS
100
AcDbPolyline
 90
5
 70
0
 10
309.9666680230035
 20
282.0666673448351
 10
309.9666680230035
 20
281.96665445963544
 10
309.9666680230035
 20
281.8333265516493
 10
309.9666680230035
 20
281.6999986436632
 10
309.9666680230035
 20
281.59998575846356
  0
LWPOLYLINE
  5
14E
330
17
100
AcDbEntity
  8
ESTRUCTURAS
100
AcDbPolyline
 90
6
 70
0
 10
309.9666680230035
 20
281.59998575846356
 10
310.0999959309896
 20
281.59998575846356
 10
310.2000257703993
 20
281.59998575846356
 10
310.33335367838544
 20
281.59998575846356
 10
310.4666815863715
 20
281.59998575846356
 10
310.60000949435766
 20
281.59998575846356
  0
LWPOLYLINE
  5
14F
330
17
100
AcDbEntity
  8
ESTRUCTURAS
100
AcDbPolyline
 90
6
 70
0
 10
309.9666680230035
 20
282.5
 10
310.0999959309896
 20
282.5
 10
310.2000257703993
 20
282.5
 10
310.33335367838544
 20
282.5
 10
310.4666815863715
 20
282.5
 10
310.60000949435766
 20
282.5
  0
LWPOLYLINE
  5
150
330
17
100
AcDbEntity
  8
ESTRUCTURAS
100
AcDbPolyline
 90
12
 70
0
 10
310.8000013563368
 20
282.79998779296875
 10
310.8000013563368
 20
282.66665988498266
 10
310.8000013563368
 20
282.5333319769965
 10
310.83333333333337
 20
282.4333190917969
 10
310.83333333333337
 20
282.2999911838108
 10
310.83333333333337
 20
282.16666327582465
 10
310.83333333333337
 20
281.99998643663196
 10
310.83333333333337
 20
281.86665852864587
 10
310.83333333333337
 20
281.73333062065973
 10
310.83333333333337
 20
281.59998575846356
 10
310.83333333333337
 20
281.4666578504774
 10
310.83333333333337
 20
281.33332994249133
  0
LWPOLYLINE
  5
151
330
17
100
AcDbEntity
  8
ESTRUCTURAS
100
AcDbPolyline
 90
5
 70
0
 10
310.70000542534723
 20
282.0666673448351
 10
310.70000542534723
 20
281.96665445963544
 10
310.70000542534723
 20
281.8333265516493
 10
310.70000542534723
 20
281.6999986436632
 10
310.70000542534723
 20
281.59998575846356
  0
LWPOLYLINE
  5
152
330
17
100
AcDbEntity
  8
ESTRUCTURAS
100
AcDbPolyline
 90
8
 70
0
 10
311.16668701171875
 20
281.066657172309
 10
311.16668701171875
 20
280.93332926432294
 10
311.16668701171875
 20
280.8000013563368
 10
311.16668701171875
 20
280.69998847113715
 10
311.16668701171875
 20
280.56666056315106
 10
311.16668701171875
 20
280.4333326551649
 10
311.16668701171875
 20
280.33331976996527
 10
311.16668701171875
 20
280.1999918619792
  0
LWPOLYLINE
  5
153
330
17
100
AcDbEntity
  8
ESTRUCTURAS
100
AcDbPolyline
 90
10
 70
0
 10
311.96668836805554
 20
280.0999959309896
 10
311.96668836805554
 20
279.9666680230035
 10
311.933356391059
 20
279.86665513780383
 10
311.8333265516493
 20
279.76665920681427
 10
311.6999986436632
 20
279.69999525282117
 10
311.5666707356771
 20
279.69999525282117
 10
311.433342827691
 20
279.69999525282117
 10
311.3000149197049
 20
279.76665920681427
 10
311.20001898871527
 20
279.89998711480035
 10
311.16668701171875
 20
280.0
  0
LWPOLYLINE
  5
154
330
17
100
AcDbEntity
  8
ESTRUCTURAS
100
AcDbPolyline
 90
8
 70
0
 10
311.96668836805554
 20
281.066657172309
 10
311.96668836805554
 20
280.93332926432294
 10
311.96668836805554
 20
280.8000013563368
 10
311.96668836805554
 20
280.69998847113715
 10
311.96668836805554
 20
280.53332858615454
 10
311.96668836805554
 20
280.4000006781684
 10
311.96668836805554
 20
280.29998779296875
 10
311.96668836805554
 20
280.16665988498266
  0
LWPOLYLINE
  5
155
330
17
100
AcDbEntity
  8
ESTRUCTURAS
100
AcDbPolyline
 90
7
 70
0
 10
311.13335503472223
 20
281.499989827474
 10
311.26668294270837
 20
281.59998575846356
 10
311.40001085069446
 20
281.6666666666667
 10
311.53333875868054
 20
281.6999986436632
 10
311.6666666666667
 20
281.6999986436632
 10
311.79999457465277
 20
281.6666666666667
 10
311.9000244140625
 20
281.59998575846356
  0
LWPOLYLINE
  5
156
330
17
100
AcDbEntity
  8
ESTRUCTURAS
100
AcDbPolyline
 90
7
 70
0
 10
311.13335503472223
 20
282.63332790798614
 10
311.2333509657118
 20
282.5
 10
311.36667887369794
 20
282.4666680230035
 10
311.500006781684
 20
282.4333190917969
 10
311.63333468967016
 20
282.4333190917969
 10
311.76666259765625
 20
282.4666680230035
 10
311.866692437066
 20
282.5333319769965
  0
LWPOLYLINE
  5
157
330
17
100
AcDbEntity
  8
ESTRUCTURAS
100
AcDbPolyline
 90
8
 70
0
 10
311.96668836805554
 20
283.06666056315106
 10
311.96668836805554
 20
283.19998847113715
 10
311.96668836805554
 20
283.3000013563368
 10
311.96668836805554
 20
283.43332926432294
 10
311.96668836805554
 20
283.59998914930554
 10
311.933356391059
 20
283.70000203450525
 10
311.933356391059
 20
283.83332994249133
 10
311.933356391059
 20
283.9666578504774
  0
LWPOLYLINE
  5
158
330
17
100
AcDbEntity
  8
ESTRUCTURAS
100
AcDbPolyline
 90
10
 70
0
 10
311.933356391059
 20
284.0333218044705
 10
311.933356391059
 20
284.13333468967016
 10
311.9000244140625
 20
284.26666259765625
 10
311.79999457465277
 20
284.36665852864587
 10
311.6666666666667
 20
284.4333224826389
 10
311.53333875868054
 20
284.4333224826389
 10
311.40001085069446
 20
284.4333224826389
 10
311.26668294270837
 20
284.36665852864587
 10
311.16668701171875
 20
284.23333062065973
 10
311.13335503472223
 20
284.09998575846356
  0
LWPOLYLINE
  5
159
330
17
100
AcDbEntity
  8
ESTRUCTURAS
100
AcDbPolyline
 90
8
 70
0
 10
311.13335503472223
 20
283.06666056315106
 10
311.13335503472223
 20
283.19998847113715
 10
311.13335503472223
 20
283.3000013563368
 10
311.13335503472223
 20
283.43332926432294
 10
311.13335503472223
 20
283.59998914930554
 10
311.13335503472223
 20
283.70000203450525
 10
311.13335503472223
 20
283.83332994249133
 10
311.13335503472223
 20
283.9666578504774
  0
LWPOLYLINE
  5
15A
330
17
100
AcDbEntity
  8
ESTRUCTURAS
100
AcDbPolyline
 90
17
 70
0
 10
310.6333414713542
 20
282.08445231119794
 10
310.6080102920532
 20
282.20762888590497
 10
310.5397923787435
 20
282.30804443359375
 10
310.4389015833537
 20
282.3755518595378
 10
310.3155517578125
 20
282.40000406901044
 10
310.19237518310547
 20
282.37467765808105
 10
310.0919596354167
 20
282.3064549763998
 10
310.02445220947266
 20
282.20555941263837
 10
310.0
 20
282.08221435546875
 10
310.02533117930096
 20
281.9590377807617
 10
310.0935490926107
 20
281.85862223307294
 10
310.1944398880005
 20
281.7911148071289
 10
310.3177897135417
 20
281.76666259765625
 10
310.4409662882487
 20
281.79198900858563
 10
310.5413818359375
 20
281.86021169026696
 10
310.60888926188153
 20
281.9611072540283
 10
310.6333414713542
 20
282.08445231119794
  0
LINE
  5
15B
330
17
100
AcDbEntity
  8
ESTRUCTURAS
100
AcDbLine
 10
311.3000149197049
 20
281.9333224826389
 30
0.0
 11
332.3333401150174
 21
281.99998643663196
 31
0.0
  0
LINE
  5
15C
330
17
100
AcDbEntity
  8
ESTRUCTURAS
100
AcDbLine
 10
332.3333401150174
 20
282.26665920681427
 30
0.0
 11
311.3000149197049
 21
282.19999525282117
 31
0.0
  0
LWPOLYLINE
  5
15D
330
17
100
AcDbEntity
  8
ESTRUCTURAS
100
AcDbPolyline
 90
7
 70
0
 10
305.93332926432294
 20
281.0333251953125
 10
306.20001898871527
 20
280.29998779296875
 10
306.5666707356771
 20
279.6333312988281
 10
307.03335232204864
 20
278.999989827474
 10
307.5999959309896
 20
278.499993218316
 10
308.23333740234375
 20
278.06666056315106
 10
308.7333509657118
 20
277.8666687011719
  0
LWPOLYLINE
  5
15E
330
17
100
AcDbEntity
  8
ESTRUCTURAS
100
AcDbPolyline
 90
8
 70
0
 10
311.20001898871527
 20
277.63332790798614
 10
312.0000203450521
 20
277.8666687011719
 10
312.66665988498266
 20
278.23332044813367
 10
313.3000013563368
 20
278.66665310329864
 10
313.8333468967014
 20
279.23333062065973
 10
314.26666259765625
 20
279.86665513780383
 10
314.6000162760417
 20
280.5999925401476
 10
314.66668023003473
 20
280.8999972873264
  0
LWPOLYLINE
  5
15F
330
17
100
AcDbEntity
  8
ESTRUCTURAS
100
AcDbPolyline
 90
8
 70
0
 10
314.6333482530382
 20
283.3666653103299
 10
314.56668429904516
 20
283.6333211263021
 10
314.23333062065973
 20
284.3333265516493
 10
313.76668294270837
 20
284.9666680230035
 10
313.23333740234375
 20
285.49997965494794
 10
312.5999959309896
 20
285.93332926432294
 10
311.9000244140625
 20
286.2666490342882
 10
311.16668701171875
 20
286.500006781684
  0
LWPOLYLINE
  5
160
330
17
100
AcDbEntity
  8
ESTRUCTURAS
100
AcDbPolyline
 90
7
 70
0
 10
308.63335503472223
 20
286.19998508029516
 10
308.1666734483507
 20
285.999993218316
 10
307.5333319769965
 20
285.566643608941
 10
306.96668836805554
 20
285.0333319769965
 10
306.500006781684
 20
284.4333224826389
 10
306.16668701171875
 20
283.73333401150177
 10
305.93332926432294
 20
282.999996609158
  0
LWPOLYLINE
  5
161
330
17
100
AcDbEntity
  8
ESTRUCTURAS
100
AcDbPolyline
 90
3
 70
0
 10
355.36668565538196
 20
281.6666666666667
 10
355.36668565538196
 20
282.19999525282117
 10
355.36668565538196
 20
282.5
  0
LWPOLYLINE
  5
162
330
17
100
AcDbEntity
  8
ESTRUCTURAS
100
AcDbPolyline
 90
8
 70
0
 10
355.60000949435766
 20
281.499989827474
 10
355.4666815863715
 20
281.499989827474
 10
355.33335367838544
 20
281.499989827474
 10
355.1999918619792
 20
281.499989827474
 10
355.06666395399304
 20
281.499989827474
 10
354.93333604600696
 20
281.499989827474
 10
354.80000813802087
 20
281.499989827474
 10
354.66668023003473
 20
281.499989827474
  0
LWPOLYLINE
  5
163
330
17
100
AcDbEntity
  8
ESTRUCTURAS
100
AcDbPolyline
 90
15
 70
0
 10
355.93332926432294
 20
281.09998914930554
 10
355.80000135633685
 20
281.066657172309
 10
355.6666734483507
 20
281.066657172309
 10
355.5333455403646
 20
281.066657172309
 10
355.4000176323785
 20
281.066657172309
 10
355.23335774739587
 20
281.066657172309
 10
355.0999959309896
 20
281.066657172309
 10
354.9666680230035
 20
281.066657172309
 10
354.8333401150174
 20
281.066657172309
 10
354.70001220703125
 20
281.066657172309
 10
354.56668429904516
 20
281.066657172309
 10
354.433356391059
 20
281.066657172309
 10
354.3333265516493
 20
281.066657172309
 10
354.433356391059
 20
281.09998914930554
 10
354.56668429904516
 20
281.09998914930554
  0
LWPOLYLINE
  5
164
330
17
100
AcDbEntity
  8
ESTRUCTURAS
100
AcDbPolyline
 90
11
 70
0
 10
354.6333482530382
 20
281.09998914930554
 10
354.7666761610243
 20
281.09998914930554
 10
354.90000406901044
 20
281.09998914930554
 10
355.0333319769965
 20
281.09998914930554
 10
355.16665988498266
 20
281.09998914930554
 10
355.2666897243924
 20
281.09998914930554
 10
355.4000176323785
 20
281.09998914930554
 10
355.5333455403646
 20
281.09998914930554
 10
355.6666734483507
 20
281.09998914930554
 10
355.80000135633685
 20
281.09998914930554
 10
355.93332926432294
 20
281.1333211263021
  0
LWPOLYLINE
  5
165
330
17
100
AcDbEntity
  8
ESTRUCTURAS
100
AcDbPolyline
 90
10
 70
0
 10
356.26668294270837
 20
281.36666191948785
 10
356.13335503472223
 20
281.36666191948785
 10
356.0333251953125
 20
281.36666191948785
 10
355.8999972873264
 20
281.36666191948785
 10
355.76666937934027
 20
281.36666191948785
 10
355.6333414713542
 20
281.36666191948785
 10
355.50001356336804
 20
281.36666191948785
 10
355.36668565538196
 20
281.36666191948785
 10
355.23335774739587
 20
281.36666191948785
 10
355.13332790798614
 20
281.33332994249133
  0
LWPOLYLINE
  5
166
330
17
100
AcDbEntity
  8
ESTRUCTURAS
100
AcDbPolyline
 90
10
 70
0
 10
356.26668294270837
 20
281.2666659884983
 10
356.13335503472223
 20
281.2666659884983
 10
356.0333251953125
 20
281.2666659884983
 10
355.8999972873264
 20
281.2666659884983
 10
355.76666937934027
 20
281.2666659884983
 10
355.6333414713542
 20
281.2666659884983
 10
355.50001356336804
 20
281.2666659884983
 10
355.36668565538196
 20
281.2666659884983
 10
355.23335774739587
 20
281.2666659884983
 10
355.13332790798614
 20
281.2666659884983
  0
LWPOLYLINE
  5
167
330
17
100
AcDbEntity
  8
ESTRUCTURAS
100
AcDbPolyline
 90
8
 70
0
 10
355.60000949435766
 20
282.66665988498266
 10
355.4666815863715
 20
282.66665988498266
 10
355.33335367838544
 20
282.63332790798614
 10
355.1999918619792
 20
282.63332790798614
 10
355.06666395399304
 20
282.63332790798614
 10
354.93333604600696
 20
282.63332790798614
 10
354.80000813802087
 20
282.63332790798614
 10
354.66668023003473
 20
282.63332790798614
  0
LWPOLYLINE
  5
168
330
17
100
AcDbEntity
  8
ESTRUCTURAS
100
AcDbPolyline
 90
10
 70
0
 10
356.26668294270837
 20
282.79998779296875
 10
356.13335503472223
 20
282.79998779296875
 10
356.0333251953125
 20
282.79998779296875
 10
355.8999972873264
 20
282.79998779296875
 10
355.76666937934027
 20
282.79998779296875
 10
355.6333414713542
 20
282.79998779296875
 10
355.50001356336804
 20
282.79998779296875
 10
355.36668565538196
 20
282.79998779296875
 10
355.23335774739587
 20
282.79998779296875
 10
355.13332790798614
 20
282.79998779296875
  0
LWPOLYLINE
  5
169
330
17
100
AcDbEntity
  8
ESTRUCTURAS
100
AcDbPolyline
 90
10
 70
0
 10
356.26668294270837
 20
282.9000006781684
 10
356.13335503472223
 20
282.9000006781684
 10
356.0333251953125
 20
282.9000006781684
 10
355.8999972873264
 20
282.9000006781684
 10
355.76666937934027
 20
282.9000006781684
 10
355.6333414713542
 20
282.9000006781684
 10
355.50001356336804
 20
282.9000006781684
 10
355.36668565538196
 20
282.9000006781684
 10
355.23335774739587
 20
282.9000006781684
 10
355.13332790798614
 20
282.9000006781684
  0
LWPOLYLINE
  5
16A
330
17
100
AcDbEntity
  8
ESTRUCTURAS
100
AcDbPolyline
 90
15
 70
0
 10
355.93332926432294
 20
283.06666056315106
 10
355.80000135633685
 20
283.0999925401476
 10
355.6666734483507
 20
283.0999925401476
 10
355.5333455403646
 20
283.0999925401476
 10
355.4000176323785
 20
283.0999925401476
 10
355.2666897243924
 20
283.0999925401476
 10
355.16665988498266
 20
283.0999925401476
 10
355.0333319769965
 20
283.06666056315106
 10
354.90000406901044
 20
283.06666056315106
 10
354.7666761610243
 20
283.06666056315106
 10
354.6333482530382
 20
283.06666056315106
 10
354.5000203450521
 20
283.06666056315106
 10
354.36665852864587
 20
283.06666056315106
 10
354.46668836805554
 20
283.03332858615454
 10
354.6000162760417
 20
283.03332858615454
  0
LWPOLYLINE
  5
16B
330
17
100
AcDbEntity
  8
ESTRUCTURAS
100
AcDbPolyline
 90
10
 70
0
 10
354.6333482530382
 20
283.03332858615454
 10
354.7666761610243
 20
283.03332858615454
 10
354.90000406901044
 20
283.03332858615454
 10
355.0999959309896
 20
283.03332858615454
 10
355.23335774739587
 20
283.03332858615454
 10
355.36668565538196
 20
283.03332858615454
 10
355.50001356336804
 20
283.03332858615454
 10
355.6333414713542
 20
283.03332858615454
 10
355.76666937934027
 20
283.03332858615454
 10
355.8999972873264
 20
283.03332858615454
  0
LWPOLYLINE
  5
16C
330
17
100
AcDbEntity
  8
ESTRUCTURAS
100
AcDbPolyline
 90
7
 70
0
 10
356.76666259765625
 20
281.09998914930554
 10
356.63333468967016
 20
281.09998914930554
 10
356.500006781684
 20
281.09998914930554
 10
356.3333468967014
 20
281.09998914930554
 10
356.20001898871527
 20
281.09998914930554
 10
356.0666910807292
 20
281.09998914930554
 10
355.96666124131946
 20
281.09998914930554
  0
LWPOLYLINE
  5
16D
330
17
100
AcDbEntity
  8
ESTRUCTURAS
100
AcDbPolyline
 90
10
 70
0
 10
357.5666639539931
 20
282.9000006781684
 10
357.43333604600696
 20
282.9000006781684
 10
357.30000813802087
 20
282.9000006781684
 10
357.16668023003473
 20
282.9000006781684
 10
357.03335232204864
 20
282.9000006781684
 10
356.9000244140625
 20
282.9000006781684
 10
356.79999457465277
 20
282.9000006781684
 10
356.6666666666667
 20
282.9000006781684
 10
356.5333387586806
 20
282.9000006781684
 10
356.40001085069446
 20
282.9000006781684
  0
LWPOLYLINE
  5
16E
330
17
100
AcDbEntity
  8
ESTRUCTURAS
100
AcDbPolyline
 90
10
 70
0
 10
357.5666639539931
 20
282.83331976996527
 10
357.43333604600696
 20
282.83331976996527
 10
357.30000813802087
 20
282.83331976996527
 10
357.16668023003473
 20
282.83331976996527
 10
357.03335232204864
 20
282.83331976996527
 10
356.9000244140625
 20
282.83331976996527
 10
356.79999457465277
 20
282.79998779296875
 10
356.6666666666667
 20
282.79998779296875
 10
356.5333387586806
 20
282.79998779296875
 10
356.40001085069446
 20
282.79998779296875
  0
LWPOLYLINE
  5
16F
330
17
100
AcDbEntity
  8
ESTRUCTURAS
100
AcDbPolyline
 90
7
 70
0
 10
356.73333062065973
 20
283.06666056315106
 10
356.60000271267364
 20
283.06666056315106
 10
356.4666748046875
 20
283.06666056315106
 10
356.3333468967014
 20
283.06666056315106
 10
356.20001898871527
 20
283.06666056315106
 10
356.0666910807292
 20
283.06666056315106
 10
355.96666124131946
 20
283.06666056315106
  0
LWPOLYLINE
  5
170
330
17
100
AcDbEntity
  8
ESTRUCTURAS
100
AcDbPolyline
 90
11
 70
0
 10
357.1333482530382
 20
284.0333218044705
 10
357.1333482530382
 20
284.13333468967016
 10
357.16668023003473
 20
284.26666259765625
 10
357.26667616102435
 20
284.3999905056424
 10
357.40000406901044
 20
284.4333224826389
 10
357.5333319769965
 20
284.46665445963544
 10
357.66665988498266
 20
284.46665445963544
 10
357.7666897243924
 20
284.4333224826389
 10
357.9000176323785
 20
284.3333265516493
 10
357.933349609375
 20
284.1999986436632
 10
357.9666815863715
 20
284.09998575846356
  0
LWPOLYLINE
  5
171
330
17
100
AcDbEntity
  8
ESTRUCTURAS
100
AcDbPolyline
 90
8
 70
0
 10
357.9666815863715
 20
283.0999925401476
 10
357.9666815863715
 20
283.23332044813367
 10
357.9666815863715
 20
283.33333333333337
 10
357.9666815863715
 20
283.46666124131946
 10
357.9666815863715
 20
283.6333211263021
 10
357.9666815863715
 20
283.73333401150177
 10
357.9666815863715
 20
283.86666191948785
 10
357.9666815863715
 20
283.999989827474
  0
LWPOLYLINE
  5
172
330
17
100
AcDbEntity
  8
ESTRUCTURAS
100
AcDbPolyline
 90
8
 70
0
 10
357.1333482530382
 20
283.0999925401476
 10
357.1333482530382
 20
283.23332044813367
 10
357.1333482530382
 20
283.33333333333337
 10
357.1333482530382
 20
283.46666124131946
 10
357.1333482530382
 20
283.6333211263021
 10
357.1333482530382
 20
283.73333401150177
 10
357.1333482530382
 20
283.86666191948785
 10
357.1333482530382
 20
283.999989827474
  0
LWPOLYLINE
  5
173
330
17
100
AcDbEntity
  8
ESTRUCTURAS
100
AcDbPolyline
 90
15
 70
0
 10
358.3666653103299
 20
283.06666056315106
 10
358.23333740234375
 20
283.0999925401476
 10
358.10000949435766
 20
283.0999925401476
 10
357.9666815863715
 20
283.0999925401476
 10
357.83335367838544
 20
283.0999925401476
 10
357.66665988498266
 20
283.0999925401476
 10
357.5333319769965
 20
283.0999925401476
 10
357.40000406901044
 20
283.0999925401476
 10
357.26667616102435
 20
283.0999925401476
 10
357.1333482530382
 20
283.0999925401476
 10
357.0000203450521
 20
283.0999925401476
 10
356.86665852864587
 20
283.0999925401476
 10
356.73333062065973
 20
283.0999925401476
 10
356.86665852864587
 20
283.06666056315106
 10
356.9666883680556
 20
283.06666056315106
  0
LWPOLYLINE
  5
174
330
17
100
AcDbEntity
  8
ESTRUCTURAS
100
AcDbPolyline
 90
10
 70
0
 10
357.06668429904516
 20
283.06666056315106
 10
357.20001220703125
 20
283.06666056315106
 10
357.3333401150174
 20
283.06666056315106
 10
357.4666680230035
 20
283.06666056315106
 10
357.5999959309896
 20
283.06666056315106
 10
357.73335774739587
 20
283.06666056315106
 10
357.86668565538196
 20
283.06666056315106
 10
358.0000135633681
 20
283.06666056315106
 10
358.1333414713542
 20
283.06666056315106
 10
358.26666937934027
 20
283.06666056315106
  0
LWPOLYLINE
  5
175
330
17
100
AcDbEntity
  8
ESTRUCTURAS
100
AcDbPolyline
 90
8
 70
0
 10
358.0333455403646
 20
282.66665988498266
 10
357.9000176323785
 20
282.66665988498266
 10
357.7666897243924
 20
282.66665988498266
 10
357.66665988498266
 20
282.66665988498266
 10
357.5
 20
282.66665988498266
 10
357.3666720920139
 20
282.66665988498266
 10
357.23334418402777
 20
282.66665988498266
 10
357.1000162760417
 20
282.66665988498266
  0
LWPOLYLINE
  5
176
330
17
100
AcDbEntity
  8
ESTRUCTURAS
100
AcDbPolyline
 90
7
 70
0
 10
357.9666815863715
 20
282.66665988498266
 10
357.86668565538196
 20
282.5333319769965
 10
357.73335774739587
 20
282.4666680230035
 10
357.63332790798614
 20
282.4666680230035
 10
357.5
 20
282.4666680230035
 10
357.3666720920139
 20
282.4666680230035
 10
357.23334418402777
 20
282.56666395399304
  0
LWPOLYLINE
  5
177
330
17
100
AcDbEntity
  8
ESTRUCTURAS
100
AcDbPolyline
 90
9
 70
0
 10
357.9000176323785
 20
282.5999959309896
 10
357.9000176323785
 20
282.4666680230035
 10
357.9000176323785
 20
282.36665513780383
 10
357.9000176323785
 20
282.23332722981775
 10
357.9000176323785
 20
282.0999993218316
 10
357.9000176323785
 20
281.99998643663196
 10
357.9000176323785
 20
281.86665852864587
 10
357.9000176323785
 20
281.73333062065973
 10
357.9000176323785
 20
281.59998575846356
  0
LWPOLYLINE
  5
178
330
17
100
AcDbEntity
  8
ESTRUCTURAS
100
AcDbPolyline
 90
10
 70
0
 10
357.1333482530382
 20
282.66665988498266
 10
357.1333482530382
 20
282.5333319769965
 10
357.1333482530382
 20
282.4333190917969
 10
357.1333482530382
 20
282.2999911838108
 10
357.1333482530382
 20
282.16666327582465
 10
357.1333482530382
 20
282.03333536783856
 10
357.16668023003473
 20
281.9333224826389
 10
357.16668023003473
 20
281.79999457465277
 10
357.16668023003473
 20
281.6666666666667
 10
357.16668023003473
 20
281.56665378146704
  0
LWPOLYLINE
  5
179
330
17
100
AcDbEntity
  8
ESTRUCTURAS
100
AcDbPolyline
 90
7
 70
0
 10
357.3333401150174
 20
281.6666666666667
 10
357.3333401150174
 20
281.79999457465277
 10
357.3333401150174
 20
281.9333224826389
 10
357.30000813802087
 20
282.0666673448351
 10
357.30000813802087
 20
282.19999525282117
 10
357.30000813802087
 20
282.3333231608073
 10
357.30000813802087
 20
282.4666680230035
  0
LWPOLYLINE
  5
17A
330
17
100
AcDbEntity
  8
ESTRUCTURAS
100
AcDbPolyline
 90
8
 70
0
 10
357.9666815863715
 20
281.5333218044705
 10
357.9000176323785
 20
281.63333468967016
 10
357.7666897243924
 20
281.6999986436632
 10
357.66665988498266
 20
281.73333062065973
 10
357.5333319769965
 20
281.73333062065973
 10
357.40000406901044
 20
281.6999986436632
 10
357.26667616102435
 20
281.6666666666667
 10
357.20001220703125
 20
281.56665378146704
  0
LWPOLYLINE
  5
17B
330
17
100
AcDbEntity
  8
ESTRUCTURAS
100
AcDbPolyline
 90
8
 70
0
 10
358.06667751736114
 20
281.5333218044705
 10
357.933349609375
 20
281.5333218044705
 10
357.8000217013889
 20
281.5333218044705
 10
357.6999918619792
 20
281.5333218044705
 10
357.5666639539931
 20
281.5333218044705
 10
357.43333604600696
 20
281.5333218044705
 10
357.30000813802087
 20
281.5333218044705
 10
357.16668023003473
 20
281.5333218044705
  0
LWPOLYLINE
  5
17C
330
17
100
AcDbEntity
  8
ESTRUCTURAS
100
AcDbPolyline
 90
10
 70
0
 10
357.5666639539931
 20
281.36666191948785
 10
357.43333604600696
 20
281.36666191948785
 10
357.30000813802087
 20
281.36666191948785
 10
357.16668023003473
 20
281.36666191948785
 10
357.03335232204864
 20
281.36666191948785
 10
356.9000244140625
 20
281.36666191948785
 10
356.79999457465277
 20
281.36666191948785
 10
356.6666666666667
 20
281.36666191948785
 10
356.5333387586806
 20
281.36666191948785
 10
356.40001085069446
 20
281.36666191948785
  0
LWPOLYLINE
  5
17D
330
17
100
AcDbEntity
  8
ESTRUCTURAS
100
AcDbPolyline
 90
10
 70
0
 10
357.5666639539931
 20
281.2999979654948
 10
357.43333604600696
 20
281.2999979654948
 10
357.30000813802087
 20
281.2666659884983
 10
357.16668023003473
 20
281.2666659884983
 10
357.03335232204864
 20
281.2666659884983
 10
356.9000244140625
 20
281.2666659884983
 10
356.79999457465277
 20
281.2666659884983
 10
356.6666666666667
 20
281.2666659884983
 10
356.5333387586806
 20
281.2666659884983
 10
356.40001085069446
 20
281.2666659884983
  0
LWPOLYLINE
  5
17E
330
17
100
AcDbEntity
  8
ESTRUCTURAS
100
AcDbPolyline
 90
15
 70
0
 10
358.3666653103299
 20
281.1333211263021
 10
358.23333740234375
 20
281.09998914930554
 10
358.10000949435766
 20
281.09998914930554
 10
357.9666815863715
 20
281.09998914930554
 10
357.83335367838544
 20
281.09998914930554
 10
357.6999918619792
 20
281.09998914930554
 10
357.5666639539931
 20
281.09998914930554
 10
357.43333604600696
 20
281.09998914930554
 10
357.30000813802087
 20
281.09998914930554
 10
357.16668023003473
 20
281.09998914930554
 10
357.03335232204864
 20
281.09998914930554
 10
356.9000244140625
 20
281.09998914930554
 10
356.79999457465277
 20
281.066657172309
 10
356.9000244140625
 20
281.1333211263021
 10
357.03335232204864
 20
281.1333211263021
  0
LWPOLYLINE
  5
17F
330
17
100
AcDbEntity
  8
ESTRUCTURAS
100
AcDbPolyline
 90
10
 70
0
 10
357.1000162760417
 20
281.1333211263021
 10
357.23334418402777
 20
281.1333211263021
 10
357.3666720920139
 20
281.1333211263021
 10
357.5333319769965
 20
281.1333211263021
 10
357.66665988498266
 20
281.1333211263021
 10
357.7666897243924
 20
281.1333211263021
 10
357.9000176323785
 20
281.1333211263021
 10
358.0333455403646
 20
281.1333211263021
 10
358.1666734483507
 20
281.1333211263021
 10
358.30000135633685
 20
281.1333211263021
  0
LWPOLYLINE
  5
180
330
17
100
AcDbEntity
  8
ESTRUCTURAS
100
AcDbPolyline
 90
8
 70
0
 10
357.16668023003473
 20
281.09998914930554
 10
357.16668023003473
 20
280.96666124131946
 10
357.16668023003473
 20
280.83333333333337
 10
357.16668023003473
 20
280.73332044813367
 10
357.16668023003473
 20
280.5999925401476
 10
357.16668023003473
 20
280.4666646321615
 10
357.16668023003473
 20
280.33331976996527
 10
357.16668023003473
 20
280.1999918619792
  0
LWPOLYLINE
  5
181
330
17
100
AcDbEntity
  8
ESTRUCTURAS
100
AcDbPolyline
 90
10
 70
0
 10
357.16668023003473
 20
280.13332790798614
 10
357.16668023003473
 20
280.0
 10
357.20001220703125
 20
279.89998711480035
 10
357.3333401150174
 20
279.7999911838108
 10
357.4666680230035
 20
279.73332722981775
 10
357.5999959309896
 20
279.73332722981775
 10
357.73335774739587
 20
279.73332722981775
 10
357.86668565538196
 20
279.7999911838108
 10
357.933349609375
 20
279.9333190917969
 10
357.9666815863715
 20
280.0333319769965
  0
LWPOLYLINE
  5
182
330
17
100
AcDbEntity
  8
ESTRUCTURAS
100
AcDbPolyline
 90
8
 70
0
 10
357.9666815863715
 20
281.09998914930554
 10
357.9666815863715
 20
280.96666124131946
 10
357.9666815863715
 20
280.83333333333337
 10
357.9666815863715
 20
280.73332044813367
 10
357.9666815863715
 20
280.5999925401476
 10
357.9666815863715
 20
280.4666646321615
 10
357.9666815863715
 20
280.33331976996527
 10
357.9666815863715
 20
280.1999918619792
  0
LWPOLYLINE
  5
183
330
17
100
AcDbEntity
  8
ESTRUCTURAS
100
AcDbPolyline
 90
6
 70
0
 10
356.6999986436632
 20
282.5333319769965
 10
356.5666707356771
 20
282.5333319769965
 10
356.433342827691
 20
282.5333319769965
 10
356.3000149197049
 20
282.5333319769965
 10
356.16668701171875
 20
282.5333319769965
 10
356.0333251953125
 20
282.5333319769965
  0
LWPOLYLINE
  5
184
330
17
100
AcDbEntity
  8
ESTRUCTURAS
100
AcDbPolyline
 90
6
 70
0
 10
356.6999986436632
 20
281.63333468967016
 10
356.5666707356771
 20
281.63333468967016
 10
356.433342827691
 20
281.63333468967016
 10
356.3000149197049
 20
281.63333468967016
 10
356.16668701171875
 20
281.63333468967016
 10
356.0333251953125
 20
281.63333468967016
  0
LWPOLYLINE
  5
185
330
17
100
AcDbEntity
  8
ESTRUCTURAS
100
AcDbPolyline
 90
11
 70
0
 10
355.8666653103299
 20
281.36666191948785
 10
355.8666653103299
 20
281.499989827474
 10
355.8666653103299
 20
281.63333468967016
 10
355.8666653103299
 20
281.76666259765625
 10
355.83333333333337
 20
281.8999905056424
 10
355.83333333333337
 20
282.0666673448351
 10
355.83333333333337
 20
282.19999525282117
 10
355.83333333333337
 20
282.3333231608073
 10
355.83333333333337
 20
282.4666680230035
 10
355.83333333333337
 20
282.5999959309896
 10
355.83333333333337
 20
282.7333238389757
  0
LWPOLYLINE
  5
186
330
17
100
AcDbEntity
  8
ESTRUCTURAS
100
AcDbPolyline
 90
8
 70
0
 10
355.50001356336804
 20
283.0999925401476
 10
355.50001356336804
 20
283.23332044813367
 10
355.50001356336804
 20
283.33333333333337
 10
355.50001356336804
 20
283.46666124131946
 10
355.50001356336804
 20
283.59998914930554
 10
355.50001356336804
 20
283.70000203450525
 10
355.50001356336804
 20
283.83332994249133
 10
355.50001356336804
 20
283.9666578504774
  0
LWPOLYLINE
  5
187
330
17
100
AcDbEntity
  8
ESTRUCTURAS
100
AcDbPolyline
 90
10
 70
0
 10
354.70001220703125
 20
284.0333218044705
 10
354.70001220703125
 20
284.13333468967016
 10
354.73334418402777
 20
284.26666259765625
 10
354.8333401150174
 20
284.3999905056424
 10
354.9666680230035
 20
284.4333224826389
 10
355.0999959309896
 20
284.4333224826389
 10
355.23335774739587
 20
284.4333224826389
 10
355.36668565538196
 20
284.36665852864587
 10
355.4666815863715
 20
284.23333062065973
 10
355.50001356336804
 20
284.09998575846356
  0
LWPOLYLINE
  5
188
330
17
100
AcDbEntity
  8
ESTRUCTURAS
100
AcDbPolyline
 90
8
 70
0
 10
354.70001220703125
 20
283.06666056315106
 10
354.70001220703125
 20
283.19998847113715
 10
354.70001220703125
 20
283.3000013563368
 10
354.70001220703125
 20
283.43332926432294
 10
354.70001220703125
 20
283.566657172309
 10
354.70001220703125
 20
283.70000203450525
 10
354.70001220703125
 20
283.83332994249133
 10
354.70001220703125
 20
283.9666578504774
  0
LWPOLYLINE
  5
189
330
17
100
AcDbEntity
  8
ESTRUCTURAS
100
AcDbPolyline
 90
7
 70
0
 10
355.5333455403646
 20
282.66665988498266
 10
355.433349609375
 20
282.5333319769965
 10
355.3000217013889
 20
282.4666680230035
 10
355.1999918619792
 20
282.4333190917969
 10
355.06666395399304
 20
282.4333190917969
 10
354.93333604600696
 20
282.4666680230035
 10
354.80000813802087
 20
282.5333319769965
  0
LWPOLYLINE
  5
18A
330
17
100
AcDbEntity
  8
ESTRUCTURAS
100
AcDbPolyline
 90
8
 70
0
 10
355.5333455403646
 20
281.499989827474
 10
355.433349609375
 20
281.63333468967016
 10
355.3000217013889
 20
281.6999986436632
 10
355.1999918619792
 20
281.6999986436632
 10
355.06666395399304
 20
281.6999986436632
 10
354.93333604600696
 20
281.6999986436632
 10
354.80000813802087
 20
281.63333468967016
 10
354.73334418402777
 20
281.5333218044705
  0
LWPOLYLINE
  5
18B
330
17
100
AcDbEntity
  8
ESTRUCTURAS
100
AcDbPolyline
 90
8
 70
0
 10
354.70001220703125
 20
281.066657172309
 10
354.70001220703125
 20
280.93332926432294
 10
354.70001220703125
 20
280.8000013563368
 10
354.70001220703125
 20
280.69998847113715
 10
354.73334418402777
 20
280.53332858615454
 10
354.73334418402777
 20
280.4000006781684
 10
354.73334418402777
 20
280.29998779296875
 10
354.73334418402777
 20
280.16665988498266
  0
LWPOLYLINE
  5
18C
330
17
100
AcDbEntity
  8
ESTRUCTURAS
100
AcDbPolyline
 90
11
 70
0
 10
354.73334418402777
 20
280.13332790798614
 10
354.73334418402777
 20
280.0
 10
354.7666761610243
 20
279.89998711480035
 10
354.8666720920139
 20
279.76665920681427
 10
355.0
 20
279.73332722981775
 10
355.13332790798614
 20
279.69999525282117
 10
355.23335774739587
 20
279.69999525282117
 10
355.36668565538196
 20
279.76665920681427
 10
355.50001356336804
 20
279.89998711480035
 10
355.5333455403646
 20
280.0
 10
355.5333455403646
 20
280.13332790798614
  0
LWPOLYLINE
  5
18D
330
17
100
AcDbEntity
  8
ESTRUCTURAS
100
AcDbPolyline
 90
8
 70
0
 10
355.5333455403646
 20
281.066657172309
 10
355.5333455403646
 20
280.93332926432294
 10
355.5333455403646
 20
280.8000013563368
 10
355.5333455403646
 20
280.69998847113715
 10
355.5333455403646
 20
280.56666056315106
 10
355.5333455403646
 20
280.4333326551649
 10
355.5333455403646
 20
280.33331976996527
 10
355.5333455403646
 20
280.1999918619792
  0
LWPOLYLINE
  5
18E
330
17
100
AcDbEntity
  8
ESTRUCTURAS
100
AcDbPolyline
 90
17
 70
0
 10
355.999993218316
 20
282.082265218099
 10
356.0253042644925
 20
281.9590926170349
 10
356.09350840250653
 20
281.8586667378744
 10
356.19438542260065
 20
281.79113944371545
 10
356.3177151150174
 20
281.76666259765625
 10
356.44089751773413
 20
281.79196437199914
 10
356.5413284301758
 20
281.8601671854655
 10
356.6088575787015
 20
281.9610524177551
 10
356.63333468967016
 20
282.08440144856775
 10
356.60802364349365
 20
282.2075740496318
 10
356.5398195054796
 20
282.30799992879236
 10
356.4389424853855
 20
282.3755272229513
 10
356.31561279296875
 20
282.40000406901044
 10
356.192430390252
 20
282.3747022946676
 10
356.09199947781036
 20
282.3064994812012
 10
356.02447032928467
 20
282.20561424891156
 10
355.999993218316
 20
282.082265218099
  0
LINE
  5
18F
330
17
100
AcDbEntity
  8
ESTRUCTURAS
100
AcDbLine
 10
355.36668565538196
 20
282.19999525282117
 30
0.0
 11
334.3333265516493
 21
282.1333312988281
 31
0.0
  0
LINE
  5
190
330
17
100
AcDbEntity
  8
ESTRUCTURAS
100
AcDbLine
 10
334.3333265516493
 20
281.86665852864587
 30
0.0
 11
355.36668565538196
 21
281.96665445963544
 31
0.0
  0
LWPOLYLINE
  5
191
330
17
100
AcDbEntity
  8
ESTRUCTURAS
100
AcDbPolyline
 90
7
 70
0
 10
360.73333740234375
 20
283.0999925401476
 10
360.4666815863715
 20
283.83332994249133
 10
360.13332790798614
 20
284.5333184136285
 10
359.6333482530382
 20
285.13332790798614
 10
359.0666707356771
 20
285.6666734483507
 10
358.43332926432294
 20
286.066657172309
 10
357.933349609375
 20
286.2666490342882
  0
LWPOLYLINE
  5
192
330
17
100
AcDbEntity
  8
ESTRUCTURAS
100
AcDbPolyline
 90
8
 70
0
 10
355.4666815863715
 20
286.500006781684
 10
354.66668023003473
 20
286.2666490342882
 10
354.000006781684
 20
285.93332926432294
 10
353.3666653103299
 20
285.4666476779514
 10
352.83335367838544
 20
284.90000406901044
 10
352.40000406901044
 20
284.26666259765625
 10
352.1000162760417
 20
283.566657172309
 10
352.0000203450521
 20
283.26665242513025
  0
LWPOLYLINE
  5
193
330
17
100
AcDbEntity
  8
ESTRUCTURAS
100
AcDbPolyline
 90
8
 70
0
 10
352.03335232204864
 20
280.8000013563368
 10
352.1000162760417
 20
280.53332858615454
 10
352.43333604600696
 20
279.8333231608073
 10
352.9000176323785
 20
279.1999986436632
 10
353.43332926432294
 20
278.6333211263021
 10
354.0666707356771
 20
278.19998847113715
 10
354.7666761610243
 20
277.8666687011719
 10
355.50001356336804
 20
277.66665988498266
  0
LWPOLYLINE
  5
194
330
17
100
AcDbEntity
  8
ESTRUCTURAS
100
AcDbPolyline
 90
7
 70
0
 10
358.0333455403646
 20
277.9333326551649
 10
358.499993218316
 20
278.1333245171441
 10
359.13333468967016
 20
278.566657172309
 10
359.70001220703125
 20
279.09998575846356
 10
360.16665988498266
 20
279.69999525282117
 10
360.5000135633681
 20
280.4000006781684
 10
360.73333740234375
 20
281.1333211263021
  0
LWPOLYLINE
  5
195
330
17
100
AcDbEntity
  8
ESTRUCTURAS
100
AcDbPolyline
 90
3
 70
0
 10
311.26668294270837
 20
247.46666802300348
 10
311.26668294270837
 20
246.93332248263889
 10
311.26668294270837
 20
246.63333468967014
  0
LWPOLYLINE
  5
196
330
17
100
AcDbEntity
  8
ESTRUCTURAS
100
AcDbPolyline
 90
8
 70
0
 10
311.03335910373266
 20
247.63332790798611
 10
311.16668701171875
 20
247.63332790798611
 10
311.3000149197049
 20
247.63332790798611
 10
311.433342827691
 20
247.63332790798611
 10
311.5666707356771
 20
247.63332790798611
 10
311.6999986436632
 20
247.63332790798611
 10
311.8333265516493
 20
247.63332790798611
 10
311.933356391059
 20
247.63332790798611
  0
LWPOLYLINE
  5
197
330
17
100
AcDbEntity
  8
ESTRUCTURAS
100
AcDbPolyline
 90
15
 70
0
 10
310.70000542534723
 20
248.0333285861545
 10
310.83333333333337
 20
248.06666056315106
 10
310.96666124131946
 20
248.06666056315106
 10
311.0666910807292
 20
248.06666056315106
 10
311.20001898871527
 20
248.06666056315106
 10
311.3333468967014
 20
248.06666056315106
 10
311.4666748046875
 20
248.06666056315106
 10
311.60000271267364
 20
248.06666056315106
 10
311.73333062065973
 20
248.06666056315106
 10
311.866692437066
 20
248.06666056315106
 10
312.0000203450521
 20
248.06666056315106
 10
312.1333482530382
 20
248.06666056315106
 10
312.2666761610243
 20
248.06666056315106
 10
312.1333482530382
 20
248.0333285861545
 10
312.0000203450521
 20
248.0333285861545
  0
LWPOLYLINE
  5
198
330
17
100
AcDbEntity
  8
ESTRUCTURAS
100
AcDbPolyline
 90
11
 70
0
 10
312.0000203450521
 20
248.0333285861545
 10
311.866692437066
 20
248.0333285861545
 10
311.76666259765625
 20
248.0333285861545
 10
311.63333468967016
 20
248.0333285861545
 10
311.4666748046875
 20
248.0333285861545
 10
311.3333468967014
 20
248.0333285861545
 10
311.20001898871527
 20
248.0333285861545
 10
311.0666910807292
 20
248.0333285861545
 10
310.96666124131946
 20
248.0333285861545
 10
310.83333333333337
 20
248.0333285861545
 10
310.70000542534723
 20
248.0333285861545
  0
LWPOLYLINE
  5
199
330
17
100
AcDbEntity
  8
ESTRUCTURAS
100
AcDbPolyline
 90
9
 70
0
 10
310.36668565538196
 20
247.76665581597223
 10
310.50001356336804
 20
247.76665581597223
 10
310.6333414713542
 20
247.76665581597223
 10
310.76666937934027
 20
247.76665581597223
 10
310.8999972873264
 20
247.76665581597223
 10
311.03335910373266
 20
247.76665581597223
 10
311.16668701171875
 20
247.76665581597223
 10
311.3000149197049
 20
247.76665581597223
 10
311.433342827691
 20
247.76665581597223
  0
LWPOLYLINE
  5
19A
330
17
100
AcDbEntity
  8
ESTRUCTURAS
100
AcDbPolyline
 90
9
 70
0
 10
310.36668565538196
 20
247.86666870117188
 10
310.50001356336804
 20
247.86666870117188
 10
310.6333414713542
 20
247.86666870117188
 10
310.76666937934027
 20
247.86666870117188
 10
310.8999972873264
 20
247.86666870117188
 10
311.03335910373266
 20
247.86666870117188
 10
311.16668701171875
 20
247.86666870117188
 10
311.3000149197049
 20
247.86666870117188
 10
311.433342827691
 20
247.86666870117188
  0
LWPOLYLINE
  5
19B
330
17
100
AcDbEntity
  8
ESTRUCTURAS
100
AcDbPolyline
 90
8
 70
0
 10
311.03335910373266
 20
246.49998982747397
 10
311.16668701171875
 20
246.49998982747397
 10
311.3000149197049
 20
246.49998982747397
 10
311.433342827691
 20
246.49998982747397
 10
311.5666707356771
 20
246.49998982747397
 10
311.6999986436632
 20
246.49998982747397
 10
311.8333265516493
 20
246.49998982747397
 10
311.933356391059
 20
246.49998982747397
  0
LWPOLYLINE
  5
19C
330
17
100
AcDbEntity
  8
ESTRUCTURAS
100
AcDbPolyline
 90
9
 70
0
 10
310.36668565538196
 20
246.33332994249133
 10
310.50001356336804
 20
246.33332994249133
 10
310.6333414713542
 20
246.33332994249133
 10
310.76666937934027
 20
246.33332994249133
 10
310.8999972873264
 20
246.33332994249133
 10
311.03335910373266
 20
246.33332994249133
 10
311.16668701171875
 20
246.33332994249133
 10
311.3000149197049
 20
246.33332994249133
 10
311.433342827691
 20
246.33332994249133
  0
LWPOLYLINE
  5
19D
330
17
100
AcDbEntity
  8
ESTRUCTURAS
100
AcDbPolyline
 90
9
 70
0
 10
310.36668565538196
 20
246.23333401150174
 10
310.50001356336804
 20
246.23333401150174
 10
310.6333414713542
 20
246.23333401150174
 10
310.76666937934027
 20
246.23333401150174
 10
310.8999972873264
 20
246.23333401150174
 10
311.03335910373266
 20
246.23333401150174
 10
311.16668701171875
 20
246.23333401150174
 10
311.3000149197049
 20
246.23333401150174
 10
311.433342827691
 20
246.23333401150174
  0
LWPOLYLINE
  5
19E
330
17
100
AcDbEntity
  8
ESTRUCTURAS
100
AcDbPolyline
 90
15
 70
0
 10
310.70000542534723
 20
246.06665717230905
 10
310.83333333333337
 20
246.0333251953125
 10
310.96666124131946
 20
246.0333251953125
 10
311.0666910807292
 20
246.0333251953125
 10
311.20001898871527
 20
246.0333251953125
 10
311.3333468967014
 20
246.0333251953125
 10
311.4666748046875
 20
246.0333251953125
 10
311.60000271267364
 20
246.0333251953125
 10
311.73333062065973
 20
246.0333251953125
 10
311.866692437066
 20
246.06665717230905
 10
312.0000203450521
 20
246.06665717230905
 10
312.1333482530382
 20
246.06665717230905
 10
312.2666761610243
 20
246.06665717230905
 10
312.1333482530382
 20
246.09998914930557
 10
312.0000203450521
 20
246.09998914930557
  0
LWPOLYLINE
  5
19F
330
17
100
AcDbEntity
  8
ESTRUCTURAS
100
AcDbPolyline
 90
11
 70
0
 10
312.0000203450521
 20
246.09998914930557
 10
311.866692437066
 20
246.09998914930557
 10
311.76666259765625
 20
246.09998914930557
 10
311.63333468967016
 20
246.09998914930557
 10
311.4666748046875
 20
246.09998914930557
 10
311.3333468967014
 20
246.09998914930557
 10
311.20001898871527
 20
246.09998914930557
 10
311.0666910807292
 20
246.09998914930557
 10
310.96666124131946
 20
246.09998914930557
 10
310.83333333333337
 20
246.09998914930557
 10
310.70000542534723
 20
246.09998914930557
  0
LWPOLYLINE
  5
1A0
330
17
100
AcDbEntity
  8
ESTRUCTURAS
100
AcDbPolyline
 90
7
 70
0
 10
309.90000406901044
 20
248.0333285861545
 10
310.0333319769965
 20
248.0333285861545
 10
310.16665988498266
 20
248.0333285861545
 10
310.2666897243924
 20
248.0333285861545
 10
310.4000176323785
 20
248.0333285861545
 10
310.5333455403646
 20
248.0333285861545
 10
310.6666734483507
 20
248.0333285861545
  0
LWPOLYLINE
  5
1A1
330
17
100
AcDbEntity
  8
ESTRUCTURAS
100
AcDbPolyline
 90
10
 70
0
 10
309.0666707356771
 20
246.23333401150174
 10
309.1999986436632
 20
246.23333401150174
 10
309.3333265516493
 20
246.23333401150174
 10
309.433356391059
 20
246.23333401150174
 10
309.56668429904516
 20
246.23333401150174
 10
309.70001220703125
 20
246.23333401150174
 10
309.8333401150174
 20
246.23333401150174
 10
309.9666680230035
 20
246.23333401150174
 10
310.0999959309896
 20
246.23333401150174
 10
310.2000257703993
 20
246.23333401150174
  0
LWPOLYLINE
  5
1A2
330
17
100
AcDbEntity
  8
ESTRUCTURAS
100
AcDbPolyline
 90
10
 70
0
 10
309.0666707356771
 20
246.33332994249133
 10
309.1999986436632
 20
246.33332994249133
 10
309.3333265516493
 20
246.33332994249133
 10
309.433356391059
 20
246.33332994249133
 10
309.56668429904516
 20
246.33332994249133
 10
309.70001220703125
 20
246.33332994249133
 10
309.8333401150174
 20
246.33332994249133
 10
309.9666680230035
 20
246.33332994249133
 10
310.0999959309896
 20
246.33332994249133
 10
310.2000257703993
 20
246.33332994249133
  0
LWPOLYLINE
  5
1A3
330
17
100
AcDbEntity
  8
ESTRUCTURAS
100
AcDbPolyline
 90
7
 70
0
 10
309.90000406901044
 20
246.06665717230905
 10
310.0333319769965
 20
246.06665717230905
 10
310.16665988498266
 20
246.06665717230905
 10
310.2666897243924
 20
246.06665717230905
 10
310.4000176323785
 20
246.06665717230905
 10
310.5333455403646
 20
246.06665717230905
 10
310.6666734483507
 20
246.06665717230905
  0
LWPOLYLINE
  5
1A4
330
17
100
AcDbEntity
  8
ESTRUCTURAS
100
AcDbPolyline
 90
10
 70
0
 10
309.5000203450521
 20
245.0999959309896
 10
309.46668836805554
 20
244.96666802300348
 10
309.46668836805554
 20
244.86665513780383
 10
309.3333265516493
 20
244.73332722981772
 10
309.1999986436632
 20
244.6999952528212
 10
309.0666707356771
 20
244.6999952528212
 10
308.933342827691
 20
244.6999952528212
 10
308.8000149197049
 20
244.76665920681424
 10
308.70001898871527
 20
244.89998711480035
 10
308.66668701171875
 20
245.0
  0
LWPOLYLINE
  5
1A5
330
17
100
AcDbEntity
  8
ESTRUCTURAS
100
AcDbPolyline
 90
8
 70
0
 10
308.66668701171875
 20
246.0333251953125
 10
308.66668701171875
 20
245.89999728732639
 10
308.66668701171875
 20
245.7666693793403
 10
308.66668701171875
 20
245.66665649414062
 10
308.66668701171875
 20
245.5333285861545
 10
308.66668701171875
 20
245.40000067816842
 10
308.66668701171875
 20
245.29998779296875
 10
308.66668701171875
 20
245.16665988498264
  0
LWPOLYLINE
  5
1A6
330
17
100
AcDbEntity
  8
ESTRUCTURAS
100
AcDbPolyline
 90
8
 70
0
 10
309.5000203450521
 20
246.0333251953125
 10
309.5000203450521
 20
245.89999728732639
 10
309.5000203450521
 20
245.7666693793403
 10
309.5000203450521
 20
245.66665649414062
 10
309.5000203450521
 20
245.5333285861545
 10
309.5000203450521
 20
245.40000067816842
 10
309.5000203450521
 20
245.29998779296875
 10
309.5000203450521
 20
245.16665988498264
  0
LWPOLYLINE
  5
1A7
330
17
100
AcDbEntity
  8
ESTRUCTURAS
100
AcDbPolyline
 90
15
 70
0
 10
308.26666937934027
 20
246.06665717230905
 10
308.3999972873264
 20
246.0333251953125
 10
308.53335910373266
 20
246.0333251953125
 10
308.66668701171875
 20
246.0333251953125
 10
308.8000149197049
 20
246.0333251953125
 10
308.9666748046875
 20
246.0333251953125
 10
309.10000271267364
 20
246.0333251953125
 10
309.23333062065973
 20
246.0333251953125
 10
309.366692437066
 20
246.0333251953125
 10
309.5000203450521
 20
246.0333251953125
 10
309.6333482530382
 20
246.0333251953125
 10
309.7666761610243
 20
246.0333251953125
 10
309.90000406901044
 20
246.0333251953125
 10
309.7666761610243
 20
246.09998914930557
 10
309.6333482530382
 20
246.09998914930557
  0
LWPOLYLINE
  5
1A8
330
17
100
AcDbEntity
  8
ESTRUCTURAS
100
AcDbPolyline
 90
10
 70
0
 10
309.56668429904516
 20
246.09998914930557
 10
309.433356391059
 20
246.09998914930557
 10
309.3333265516493
 20
246.09998914930557
 10
309.1999986436632
 20
246.09998914930557
 10
309.03333875868054
 20
246.09998914930557
 10
308.90001085069446
 20
246.09998914930557
 10
308.76668294270837
 20
246.09998914930557
 10
308.63335503472223
 20
246.09998914930557
 10
308.499993218316
 20
246.09998914930557
 10
308.3666653103299
 20
246.09998914930557
  0
LWPOLYLINE
  5
1A9
330
17
100
AcDbEntity
  8
ESTRUCTURAS
100
AcDbPolyline
 90
8
 70
0
 10
308.6000230577257
 20
246.46665785047745
 10
308.7333509657118
 20
246.46665785047745
 10
308.86667887369794
 20
246.46665785047745
 10
309.000006781684
 20
246.46665785047745
 10
309.13333468967016
 20
246.46665785047745
 10
309.26666259765625
 20
246.46665785047745
 10
309.366692437066
 20
246.46665785047745
 10
309.5000203450521
 20
246.46665785047745
  0
LWPOLYLINE
  5
1AA
330
17
100
AcDbEntity
  8
ESTRUCTURAS
100
AcDbPolyline
 90
8
 70
0
 10
308.66668701171875
 20
246.46665785047745
 10
308.76668294270837
 20
246.60000271267361
 10
308.90001085069446
 20
246.66666666666669
 10
309.03333875868054
 20
246.6999986436632
 10
309.1666666666667
 20
246.6999986436632
 10
309.29999457465277
 20
246.66666666666669
 10
309.4000244140625
 20
246.60000271267361
 10
309.46668836805554
 20
246.49998982747397
  0
LWPOLYLINE
  5
1AB
330
17
100
AcDbEntity
  8
ESTRUCTURAS
100
AcDbPolyline
 90
9
 70
0
 10
308.7333509657118
 20
246.5333218044705
 10
308.7333509657118
 20
246.63333468967014
 10
308.7333509657118
 20
246.76666259765625
 10
308.7333509657118
 20
246.89999050564236
 10
308.7333509657118
 20
247.03333536783856
 10
308.7333509657118
 20
247.16666327582467
 10
308.7333509657118
 20
247.29999118381076
 10
308.7333509657118
 20
247.43333604600696
 10
308.7333509657118
 20
247.56666395399307
  0
LWPOLYLINE
  5
1AC
330
17
100
AcDbEntity
  8
ESTRUCTURAS
100
AcDbPolyline
 90
10
 70
0
 10
309.5000203450521
 20
246.46665785047745
 10
309.5000203450521
 20
246.60000271267361
 10
309.5000203450521
 20
246.73333062065973
 10
309.5000203450521
 20
246.86665852864584
 10
309.5000203450521
 20
246.99998643663196
 10
309.5000203450521
 20
247.0999993218316
 10
309.5000203450521
 20
247.23332722981772
 10
309.5000203450521
 20
247.36665513780383
 10
309.5000203450521
 20
247.46666802300348
 10
309.5000203450521
 20
247.5999959309896
  0
LWPOLYLINE
  5
1AD
330
17
100
AcDbEntity
  8
ESTRUCTURAS
100
AcDbPolyline
 90
7
 70
0
 10
309.3333265516493
 20
247.46666802300348
 10
309.3333265516493
 20
247.36665513780383
 10
309.3333265516493
 20
247.23332722981772
 10
309.3333265516493
 20
247.0999993218316
 10
309.3333265516493
 20
246.99998643663196
 10
309.3333265516493
 20
246.86665852864584
 10
309.3333265516493
 20
246.73333062065973
  0
LWPOLYLINE
  5
1AE
330
17
100
AcDbEntity
  8
ESTRUCTURAS
100
AcDbPolyline
 90
8
 70
0
 10
308.66668701171875
 20
247.63332790798611
 10
308.76668294270837
 20
247.5
 10
308.90001085069446
 20
247.43333604600696
 10
309.03333875868054
 20
247.39998711480035
 10
309.1666666666667
 20
247.39998711480035
 10
309.29999457465277
 20
247.43333604600696
 10
309.4000244140625
 20
247.5
 10
309.5000203450521
 20
247.63332790798611
  0
LWPOLYLINE
  5
1AF
330
17
100
AcDbEntity
  8
ESTRUCTURAS
100
AcDbPolyline
 90
8
 70
0
 10
308.6000230577257
 20
247.63332790798611
 10
308.7333509657118
 20
247.63332790798611
 10
308.86667887369794
 20
247.63332790798611
 10
309.000006781684
 20
247.63332790798611
 10
309.13333468967016
 20
247.63332790798611
 10
309.26666259765625
 20
247.63332790798611
 10
309.366692437066
 20
247.63332790798611
 10
309.5000203450521
 20
247.63332790798611
  0
LWPOLYLINE
  5
1B0
330
17
100
AcDbEntity
  8
ESTRUCTURAS
100
AcDbPolyline
 90
10
 70
0
 10
309.0666707356771
 20
247.76665581597223
 10
309.1999986436632
 20
247.76665581597223
 10
309.3333265516493
 20
247.76665581597223
 10
309.433356391059
 20
247.76665581597223
 10
309.56668429904516
 20
247.76665581597223
 10
309.70001220703125
 20
247.76665581597223
 10
309.8333401150174
 20
247.76665581597223
 10
309.9666680230035
 20
247.76665581597223
 10
310.0999959309896
 20
247.76665581597223
 10
310.2000257703993
 20
247.76665581597223
  0
LWPOLYLINE
  5
1B1
330
17
100
AcDbEntity
  8
ESTRUCTURAS
100
AcDbPolyline
 90
10
 70
0
 10
309.0666707356771
 20
247.86666870117188
 10
309.1999986436632
 20
247.86666870117188
 10
309.3333265516493
 20
247.86666870117188
 10
309.433356391059
 20
247.86666870117188
 10
309.56668429904516
 20
247.86666870117188
 10
309.70001220703125
 20
247.86666870117188
 10
309.8333401150174
 20
247.86666870117188
 10
309.9666680230035
 20
247.86666870117188
 10
310.0999959309896
 20
247.86666870117188
 10
310.2000257703993
 20
247.86666870117188
  0
LWPOLYLINE
  5
1B2
330
17
100
AcDbEntity
  8
ESTRUCTURAS
100
AcDbPolyline
 90
15
 70
0
 10
308.26666937934027
 20
248.0333285861545
 10
308.3999972873264
 20
248.06666056315106
 10
308.53335910373266
 20
248.06666056315106
 10
308.66668701171875
 20
248.06666056315106
 10
308.8000149197049
 20
248.06666056315106
 10
308.933342827691
 20
248.06666056315106
 10
309.10000271267364
 20
248.06666056315106
 10
309.23333062065973
 20
248.06666056315106
 10
309.366692437066
 20
248.06666056315106
 10
309.5000203450521
 20
248.06666056315106
 10
309.6333482530382
 20
248.06666056315106
 10
309.7666761610243
 20
248.06666056315106
 10
309.90000406901044
 20
248.06666056315106
 10
309.7666761610243
 20
248.0333285861545
 10
309.6333482530382
 20
248.0333285861545
  0
LWPOLYLINE
  5
1B3
330
17
100
AcDbEntity
  8
ESTRUCTURAS
100
AcDbPolyline
 90
10
 70
0
 10
309.56668429904516
 20
248.0333285861545
 10
309.433356391059
 20
248.0333285861545
 10
309.3333265516493
 20
247.999996609158
 10
309.1999986436632
 20
247.999996609158
 10
309.03333875868054
 20
247.999996609158
 10
308.90001085069446
 20
247.999996609158
 10
308.76668294270837
 20
247.999996609158
 10
308.63335503472223
 20
247.999996609158
 10
308.499993218316
 20
247.999996609158
 10
308.3666653103299
 20
247.999996609158
  0
LWPOLYLINE
  5
1B4
330
17
100
AcDbEntity
  8
ESTRUCTURAS
100
AcDbPolyline
 90
8
 70
0
 10
309.5000203450521
 20
248.06666056315106
 10
309.46668836805554
 20
248.19998847113717
 10
309.46668836805554
 20
248.30000135633682
 10
309.46668836805554
 20
248.43332926432294
 10
309.46668836805554
 20
248.56665717230905
 10
309.46668836805554
 20
248.70000203450522
 10
309.46668836805554
 20
248.83332994249133
 10
309.46668836805554
 20
248.96665785047745
  0
LWPOLYLINE
  5
1B5
330
17
100
AcDbEntity
  8
ESTRUCTURAS
100
AcDbPolyline
 90
11
 70
0
 10
309.46668836805554
 20
248.99998982747397
 10
309.46668836805554
 20
249.10000271267361
 10
309.433356391059
 20
249.23333062065973
 10
309.3333265516493
 20
249.33332655164932
 10
309.1999986436632
 20
249.39999050564236
 10
309.0666707356771
 20
249.39999050564236
 10
308.933342827691
 20
249.39999050564236
 10
308.8000149197049
 20
249.36665852864584
 10
308.70001898871527
 20
249.23333062065973
 10
308.66668701171875
 20
249.10000271267361
 10
308.66668701171875
 20
248.99998982747397
  0
LWPOLYLINE
  5
1B6
330
17
100
AcDbEntity
  8
ESTRUCTURAS
100
AcDbPolyline
 90
8
 70
0
 10
308.66668701171875
 20
248.06666056315106
 10
308.66668701171875
 20
248.19998847113717
 10
308.66668701171875
 20
248.30000135633682
 10
308.66668701171875
 20
248.43332926432294
 10
308.66668701171875
 20
248.56665717230905
 10
308.66668701171875
 20
248.70000203450522
 10
308.66668701171875
 20
248.83332994249133
 10
308.66668701171875
 20
248.96665785047745
  0
LWPOLYLINE
  5
1B7
330
17
100
AcDbEntity
  8
ESTRUCTURAS
100
AcDbPolyline
 90
6
 70
0
 10
309.93333604600696
 20
246.60000271267361
 10
310.06666395399304
 20
246.60000271267361
 10
310.2000257703993
 20
246.60000271267361
 10
310.33335367838544
 20
246.60000271267361
 10
310.4666815863715
 20
246.60000271267361
 10
310.60000949435766
 20
246.60000271267361
  0
LWPOLYLINE
  5
1B8
330
17
100
AcDbEntity
  8
ESTRUCTURAS
100
AcDbPolyline
 90
6
 70
0
 10
309.93333604600696
 20
247.5
 10
310.06666395399304
 20
247.5
 10
310.2000257703993
 20
247.5
 10
310.33335367838544
 20
247.5
 10
310.4666815863715
 20
247.5
 10
310.60000949435766
 20
247.5
  0
LWPOLYLINE
  5
1B9
330
17
100
AcDbEntity
  8
ESTRUCTURAS
100
AcDbPolyline
 90
12
 70
0
 10
310.8000013563368
 20
247.76665581597223
 10
310.8000013563368
 20
247.63332790798611
 10
310.8000013563368
 20
247.5
 10
310.8000013563368
 20
247.39998711480035
 10
310.8000013563368
 20
247.26665920681424
 10
310.8000013563368
 20
247.13333129882812
 10
310.8000013563368
 20
246.99998643663196
 10
310.8000013563368
 20
246.86665852864584
 10
310.8000013563368
 20
246.73333062065973
 10
310.8000013563368
 20
246.60000271267361
 10
310.8000013563368
 20
246.49998982747397
 10
310.8000013563368
 20
246.36666191948785
  0
LWPOLYLINE
  5
1BA
330
17
100
AcDbEntity
  8
ESTRUCTURAS
100
AcDbPolyline
 90
8
 70
0
 10
311.13335503472223
 20
246.0333251953125
 10
311.13335503472223
 20
245.89999728732639
 10
311.13335503472223
 20
245.7666693793403
 10
311.13335503472223
 20
245.66665649414062
 10
311.13335503472223
 20
245.5333285861545
 10
311.13335503472223
 20
245.40000067816842
 10
311.13335503472223
 20
245.29998779296875
 10
311.13335503472223
 20
245.16665988498264
  0
LWPOLYLINE
  5
1BB
330
17
100
AcDbEntity
  8
ESTRUCTURAS
100
AcDbPolyline
 90
11
 70
0
 10
311.933356391059
 20
245.0999959309896
 10
311.933356391059
 20
244.96666802300348
 10
311.9000244140625
 20
244.86665513780383
 10
311.79999457465277
 20
244.76665920681424
 10
311.6666666666667
 20
244.6999952528212
 10
311.53333875868054
 20
244.6999952528212
 10
311.40001085069446
 20
244.6999952528212
 10
311.26668294270837
 20
244.73332722981772
 10
311.16668701171875
 20
244.86665513780383
 10
311.13335503472223
 20
244.96666802300348
 10
311.13335503472223
 20
245.0999959309896
  0
LWPOLYLINE
  5
1BC
330
17
100
AcDbEntity
  8
ESTRUCTURAS
100
AcDbPolyline
 90
8
 70
0
 10
311.933356391059
 20
246.06665717230905
 10
311.933356391059
 20
245.93332926432294
 10
311.933356391059
 20
245.80000135633682
 10
311.933356391059
 20
245.69998847113717
 10
311.933356391059
 20
245.56666056315106
 10
311.933356391059
 20
245.43333265516495
 10
311.933356391059
 20
245.3333197699653
 10
311.933356391059
 20
245.19999186197919
  0
LWPOLYLINE
  5
1BD
330
17
100
AcDbEntity
  8
ESTRUCTURAS
100
AcDbPolyline
 90
8
 70
0
 10
311.13335503472223
 20
246.49998982747397
 10
311.20001898871527
 20
246.60000271267361
 10
311.3333468967014
 20
246.66666666666669
 10
311.4666748046875
 20
246.6999986436632
 10
311.60000271267364
 20
246.6999986436632
 10
311.73333062065973
 20
246.66666666666669
 10
311.8333265516493
 20
246.566653781467
 10
311.933356391059
 20
246.49998982747397
  0
LWPOLYLINE
  5
1BE
330
17
100
AcDbEntity
  8
ESTRUCTURAS
100
AcDbPolyline
 90
7
 70
0
 10
311.1000230577257
 20
247.63332790798611
 10
311.20001898871527
 20
247.5
 10
311.3333468967014
 20
247.43333604600696
 10
311.4666748046875
 20
247.43333604600696
 10
311.60000271267364
 20
247.43333604600696
 10
311.73333062065973
 20
247.43333604600696
 10
311.866692437066
 20
247.53333197699655
  0
LWPOLYLINE
  5
1BF
330
17
100
AcDbEntity
  8
ESTRUCTURAS
100
AcDbPolyline
 90
8
 70
0
 10
311.933356391059
 20
248.06666056315106
 10
311.933356391059
 20
248.19998847113717
 10
311.933356391059
 20
248.30000135633682
 10
311.933356391059
 20
248.43332926432294
 10
311.933356391059
 20
248.56665717230905
 10
311.933356391059
 20
248.70000203450522
 10
311.933356391059
 20
248.83332994249133
 10
311.933356391059
 20
248.96665785047745
  0
LWPOLYLINE
  5
1C0
330
17
100
AcDbEntity
  8
ESTRUCTURAS
100
AcDbPolyline
 90
11
 70
0
 10
311.933356391059
 20
248.99998982747397
 10
311.933356391059
 20
249.10000271267361
 10
311.9000244140625
 20
249.23333062065973
 10
311.79999457465277
 20
249.33332655164932
 10
311.6666666666667
 20
249.39999050564236
 10
311.53333875868054
 20
249.4333224826389
 10
311.40001085069446
 20
249.39999050564236
 10
311.26668294270837
 20
249.36665852864584
 10
311.16668701171875
 20
249.23333062065973
 10
311.13335503472223
 20
249.10000271267361
 10
311.1000230577257
 20
248.99998982747397
  0
LWPOLYLINE
  5
1C1
330
17
100
AcDbEntity
  8
ESTRUCTURAS
100
AcDbPolyline
 90
8
 70
0
 10
311.1000230577257
 20
248.06666056315106
 10
311.1000230577257
 20
248.19998847113717
 10
311.1000230577257
 20
248.30000135633682
 10
311.1000230577257
 20
248.43332926432294
 10
311.1000230577257
 20
248.56665717230905
 10
311.1000230577257
 20
248.70000203450522
 10
311.1000230577257
 20
248.83332994249133
 10
311.1000230577257
 20
248.96665785047745
  0
LWPOLYLINE
  5
1C2
330
17
100
AcDbEntity
  8
ESTRUCTURAS
100
AcDbPolyline
 90
17
 70
0
 10
310.60000949435766
 20
247.08287556966147
 10
310.5752939648099
 20
247.20617691675824
 10
310.50757090250653
 20
247.30693181355795
 10
310.40700965457495
 20
247.37494071324667
 10
310.2837795681424
 20
247.40000406901044
 10
310.16049755944147
 20
247.37529595692953
 10
310.0597508748373
 20
247.30757395426434
 10
309.9917406506009
 20
247.20701376597088
 10
309.9666680230035
 20
247.08379109700522
 10
309.99138355255127
 20
246.96048974990845
 10
310.0591066148546
 20
246.85973485310873
 10
310.1596678627862
 20
246.79172595342
 10
310.28289794921875
 20
246.76666259765625
 10
310.4061799579197
 20
246.79137070973715
 10
310.50692664252387
 20
246.85909271240234
 10
310.57493686676025
 20
246.9596529006958
 10
310.60000949435766
 20
247.08287556966147
  0
LINE
  5
1C3
330
17
100
AcDbEntity
  8
ESTRUCTURAS
100
AcDbLine
 10
311.26668294270837
 20
246.93332248263889
 30
0.0
 11
332.30000813802087
 21
246.89999050564236
 31
0.0
  0
LINE
  5
1C4
330
17
100
AcDbEntity
  8
ESTRUCTURAS
100
AcDbLine
 10
332.30000813802087
 20
247.16666327582467
 30
0.0
 11
311.26668294270837
 21
247.16666327582467
 31
0.0
  0
LWPOLYLINE
  5
1C5
330
17
100
AcDbEntity
  8
ESTRUCTURAS
100
AcDbPolyline
 90
7
 70
0
 10
305.8999972873264
 20
246.06665717230905
 10
306.16668701171875
 20
245.3333197699653
 10
306.500006781684
 20
244.63333129882812
 10
306.96668836805554
 20
244.0333218044705
 10
307.5333319769965
 20
243.49999321831598
 10
308.20000542534723
 20
243.06666056315106
 10
308.70001898871527
 20
242.86666870117188
  0
LWPOLYLINE
  5
1C6
330
17
100
AcDbEntity
  8
ESTRUCTURAS
100
AcDbPolyline
 90
8
 70
0
 10
311.13335503472223
 20
242.63332790798611
 10
311.933356391059
 20
242.86666870117188
 10
312.63332790798614
 20
243.19998847113717
 10
313.26666937934027
 20
243.66665310329861
 10
313.8000149197049
 20
244.23333062065973
 10
314.23333062065973
 20
244.86665513780383
 10
314.53335232204864
 20
245.56666056315106
 10
314.6333482530382
 20
245.86666531032986
  0
LWPOLYLINE
  5
1C7
330
17
100
AcDbEntity
  8
ESTRUCTURAS
100
AcDbPolyline
 90
8
 70
0
 10
314.6000162760417
 20
248.33333333333334
 10
314.53335232204864
 20
248.59998914930557
 10
314.1999986436632
 20
249.2999945746528
 10
313.76668294270837
 20
249.93333604600696
 10
313.23333740234375
 20
250.499996609158
 10
312.5999959309896
 20
250.93332926432294
 10
311.9000244140625
 20
251.2666659884983
 10
311.16668701171875
 20
251.46665785047745
  0
LWPOLYLINE
  5
1C8
330
17
100
AcDbEntity
  8
ESTRUCTURAS
100
AcDbPolyline
 90
7
 70
0
 10
308.63335503472223
 20
251.20000203450522
 10
308.1666734483507
 20
250.99999321831598
 10
307.5
 20
250.59999254014758
 10
306.933356391059
 20
250.06666395399307
 10
306.500006781684
 20
249.4333224826389
 10
306.13335503472223
 20
248.76666598849826
 10
305.8999972873264
 20
247.999996609158
  0
LWPOLYLINE
  5
1C9
330
17
100
AcDbEntity
  8
ESTRUCTURAS
100
AcDbPolyline
 90
3
 70
0
 10
355.33335367838544
 20
246.66666666666669
 10
355.33335367838544
 20
247.1999952528212
 10
355.33335367838544
 20
247.5
  0
LWPOLYLINE
  5
1CA
330
17
100
AcDbEntity
  8
ESTRUCTURAS
100
AcDbPolyline
 90
8
 70
0
 10
355.56667751736114
 20
246.49998982747397
 10
355.433349609375
 20
246.49998982747397
 10
355.3000217013889
 20
246.49998982747397
 10
355.1999918619792
 20
246.49998982747397
 10
355.0333319769965
 20
246.49998982747397
 10
354.90000406901044
 20
246.49998982747397
 10
354.7666761610243
 20
246.49998982747397
 10
354.6333482530382
 20
246.49998982747397
  0
LWPOLYLINE
  5
1CB
330
17
100
AcDbEntity
  8
ESTRUCTURAS
100
AcDbPolyline
 90
15
 70
0
 10
355.8999972873264
 20
246.09998914930557
 10
355.76666937934027
 20
246.06665717230905
 10
355.6333414713542
 20
246.06665717230905
 10
355.50001356336804
 20
246.06665717230905
 10
355.36668565538196
 20
246.06665717230905
 10
355.1999918619792
 20
246.06665717230905
 10
355.06666395399304
 20
246.06665717230905
 10
354.93333604600696
 20
246.06665717230905
 10
354.80000813802087
 20
246.06665717230905
 10
354.66668023003473
 20
246.06665717230905
 10
354.53335232204864
 20
246.06665717230905
 10
354.4000244140625
 20
246.06665717230905
 10
354.29999457465277
 20
246.06665717230905
 10
354.4000244140625
 20
246.1333211263021
 10
354.53335232204864
 20
246.1333211263021
  0
LWPOLYLINE
  5
1CC
330
17
100
AcDbEntity
  8
ESTRUCTURAS
100
AcDbPolyline
 90
11
 70
0
 10
354.6000162760417
 20
246.1333211263021
 10
354.73334418402777
 20
246.1333211263021
 10
354.8666720920139
 20
246.1333211263021
 10
355.0
 20
246.1333211263021
 10
355.13332790798614
 20
246.1333211263021
 10
355.23335774739587
 20
246.1333211263021
 10
355.36668565538196
 20
246.1333211263021
 10
355.50001356336804
 20
246.1333211263021
 10
355.6333414713542
 20
246.1333211263021
 10
355.76666937934027
 20
246.1333211263021
 10
355.8999972873264
 20
246.1333211263021
  0
LWPOLYLINE
  5
1CD
330
17
100
AcDbEntity
  8
ESTRUCTURAS
100
AcDbPolyline
 90
9
 70
0
 10
356.23335096571185
 20
246.36666191948785
 10
356.1000230577257
 20
246.36666191948785
 10
355.999993218316
 20
246.36666191948785
 10
355.8666653103299
 20
246.36666191948785
 10
355.73333740234375
 20
246.36666191948785
 10
355.60000949435766
 20
246.36666191948785
 10
355.4666815863715
 20
246.36666191948785
 10
355.33335367838544
 20
246.36666191948785
 10
355.1999918619792
 20
246.36666191948785
  0
LWPOLYLINE
  5
1CE
330
17
100
AcDbEntity
  8
ESTRUCTURAS
100
AcDbPolyline
 90
9
 70
0
 10
356.23335096571185
 20
246.26666598849826
 10
356.1000230577257
 20
246.26666598849826
 10
355.999993218316
 20
246.26666598849826
 10
355.8666653103299
 20
246.26666598849826
 10
355.73333740234375
 20
246.26666598849826
 10
355.60000949435766
 20
246.26666598849826
 10
355.4666815863715
 20
246.26666598849826
 10
355.33335367838544
 20
246.26666598849826
 10
355.1999918619792
 20
246.26666598849826
  0
LWPOLYLINE
  5
1CF
330
17
100
AcDbEntity
  8
ESTRUCTURAS
100
AcDbPolyline
 90
8
 70
0
 10
355.56667751736114
 20
247.66665988498264
 10
355.433349609375
 20
247.66665988498264
 10
355.3000217013889
 20
247.66665988498264
 10
355.1999918619792
 20
247.66665988498264
 10
355.0333319769965
 20
247.66665988498264
 10
354.90000406901044
 20
247.66665988498264
 10
354.7666761610243
 20
247.66665988498264
 10
354.6333482530382
 20
247.66665988498264
  0
LWPOLYLINE
  5
1D0
330
17
100
AcDbEntity
  8
ESTRUCTURAS
100
AcDbPolyline
 90
9
 70
0
 10
356.23335096571185
 20
247.79998779296875
 10
356.1000230577257
 20
247.79998779296875
 10
355.999993218316
 20
247.79998779296875
 10
355.8666653103299
 20
247.79998779296875
 10
355.73333740234375
 20
247.79998779296875
 10
355.60000949435766
 20
247.79998779296875
 10
355.4666815863715
 20
247.79998779296875
 10
355.33335367838544
 20
247.79998779296875
 10
355.1999918619792
 20
247.79998779296875
  0
LWPOLYLINE
  5
1D1
330
17
100
AcDbEntity
  8
ESTRUCTURAS
100
AcDbPolyline
 90
10
 70
0
 10
356.23335096571185
 20
247.90000067816842
 10
356.1000230577257
 20
247.90000067816842
 10
355.999993218316
 20
247.90000067816842
 10
355.8666653103299
 20
247.90000067816842
 10
355.73333740234375
 20
247.90000067816842
 10
355.60000949435766
 20
247.90000067816842
 10
355.4666815863715
 20
247.90000067816842
 10
355.33335367838544
 20
247.90000067816842
 10
355.1999918619792
 20
247.90000067816842
 10
355.06666395399304
 20
247.90000067816842
  0
LWPOLYLINE
  5
1D2
330
17
100
AcDbEntity
  8
ESTRUCTURAS
100
AcDbPolyline
 90
15
 70
0
 10
355.8999972873264
 20
248.06666056315106
 10
355.76666937934027
 20
248.09999254014758
 10
355.6333414713542
 20
248.09999254014758
 10
355.50001356336804
 20
248.09999254014758
 10
355.36668565538196
 20
248.09999254014758
 10
355.23335774739587
 20
248.09999254014758
 10
355.13332790798614
 20
248.09999254014758
 10
355.0
 20
248.09999254014758
 10
354.8666720920139
 20
248.09999254014758
 10
354.73334418402777
 20
248.09999254014758
 10
354.6000162760417
 20
248.09999254014758
 10
354.46668836805554
 20
248.09999254014758
 10
354.36665852864587
 20
248.09999254014758
 10
354.46668836805554
 20
248.0333285861545
 10
354.6000162760417
 20
248.0333285861545
  0
LWPOLYLINE
  5
1D3
330
17
100
AcDbEntity
  8
ESTRUCTURAS
100
AcDbPolyline
 90
11
 70
0
 10
354.6000162760417
 20
248.0333285861545
 10
354.73334418402777
 20
248.0333285861545
 10
354.8666720920139
 20
248.0333285861545
 10
355.0
 20
248.0333285861545
 10
355.13332790798614
 20
248.06666056315106
 10
355.23335774739587
 20
248.06666056315106
 10
355.36668565538196
 20
248.06666056315106
 10
355.50001356336804
 20
248.06666056315106
 10
355.6333414713542
 20
248.06666056315106
 10
355.76666937934027
 20
248.06666056315106
 10
355.8999972873264
 20
248.06666056315106
  0
LWPOLYLINE
  5
1D4
330
17
100
AcDbEntity
  8
ESTRUCTURAS
100
AcDbPolyline
 90
7
 70
0
 10
356.73333062065973
 20
246.09998914930557
 10
356.60000271267364
 20
246.09998914930557
 10
356.4666748046875
 20
246.09998914930557
 10
356.3000149197049
 20
246.09998914930557
 10
356.16668701171875
 20
246.09998914930557
 10
356.0333251953125
 20
246.09998914930557
 10
355.8999972873264
 20
246.09998914930557
  0
LWPOLYLINE
  5
1D5
330
17
100
AcDbEntity
  8
ESTRUCTURAS
100
AcDbPolyline
 90
9
 70
0
 10
357.5333319769965
 20
247.90000067816842
 10
357.40000406901044
 20
247.90000067816842
 10
357.26667616102435
 20
247.90000067816842
 10
357.1333482530382
 20
247.90000067816842
 10
357.0000203450521
 20
247.90000067816842
 10
356.86665852864587
 20
247.90000067816842
 10
356.73333062065973
 20
247.90000067816842
 10
356.60000271267364
 20
247.90000067816842
 10
356.4666748046875
 20
247.90000067816842
  0
LWPOLYLINE
  5
1D6
330
17
100
AcDbEntity
  8
ESTRUCTURAS
100
AcDbPolyline
 90
9
 70
0
 10
357.5333319769965
 20
247.8333197699653
 10
357.40000406901044
 20
247.8333197699653
 10
357.26667616102435
 20
247.8333197699653
 10
357.1333482530382
 20
247.8333197699653
 10
357.0000203450521
 20
247.79998779296875
 10
356.86665852864587
 20
247.79998779296875
 10
356.73333062065973
 20
247.79998779296875
 10
356.60000271267364
 20
247.79998779296875
 10
356.4666748046875
 20
247.79998779296875
  0
LWPOLYLINE
  5
1D7
330
17
100
AcDbEntity
  8
ESTRUCTURAS
100
AcDbPolyline
 90
7
 70
0
 10
356.6999986436632
 20
248.06666056315106
 10
356.5666707356771
 20
248.06666056315106
 10
356.433342827691
 20
248.06666056315106
 10
356.3000149197049
 20
248.06666056315106
 10
356.16668701171875
 20
248.06666056315106
 10
356.0333251953125
 20
248.06666056315106
 10
355.8999972873264
 20
248.06666056315106
  0
LWPOLYLINE
  5
1D8
330
17
100
AcDbEntity
  8
ESTRUCTURAS
100
AcDbPolyline
 90
11
 70
0
 10
357.1333482530382
 20
249.0333218044705
 10
357.1333482530382
 20
249.13333468967016
 10
357.16668023003473
 20
249.26666259765625
 10
357.26667616102435
 20
249.39999050564236
 10
357.40000406901044
 20
249.4333224826389
 10
357.5333319769965
 20
249.46665445963544
 10
357.66665988498266
 20
249.4333224826389
 10
357.7666897243924
 20
249.39999050564236
 10
357.9000176323785
 20
249.2999945746528
 10
357.933349609375
 20
249.16666666666669
 10
357.933349609375
 20
249.06665378146704
  0
LWPOLYLINE
  5
1D9
330
17
100
AcDbEntity
  8
ESTRUCTURAS
100
AcDbPolyline
 90
8
 70
0
 10
357.933349609375
 20
248.09999254014758
 10
357.933349609375
 20
248.2333204481337
 10
357.933349609375
 20
248.33333333333334
 10
357.933349609375
 20
248.46666124131946
 10
357.933349609375
 20
248.59998914930557
 10
357.933349609375
 20
248.70000203450522
 10
357.933349609375
 20
248.83332994249133
 10
357.933349609375
 20
248.96665785047745
  0
LWPOLYLINE
  5
1DA
330
17
100
AcDbEntity
  8
ESTRUCTURAS
100
AcDbPolyline
 90
8
 70
0
 10
357.1333482530382
 20
248.09999254014758
 10
357.1333482530382
 20
248.2333204481337
 10
357.1333482530382
 20
248.33333333333334
 10
357.1333482530382
 20
248.46666124131946
 10
357.1333482530382
 20
248.59998914930557
 10
357.1333482530382
 20
248.70000203450522
 10
357.1333482530382
 20
248.83332994249133
 10
357.1333482530382
 20
248.96665785047745
  0
LWPOLYLINE
  5
1DB
330
17
100
AcDbEntity
  8
ESTRUCTURAS
100
AcDbPolyline
 90
15
 70
0
 10
358.33333333333337
 20
248.06666056315106
 10
358.20000542534723
 20
248.09999254014758
 10
358.06667751736114
 20
248.09999254014758
 10
357.933349609375
 20
248.09999254014758
 10
357.8000217013889
 20
248.09999254014758
 10
357.6999918619792
 20
248.09999254014758
 10
357.5
 20
248.09999254014758
 10
357.3666720920139
 20
248.09999254014758
 10
357.23334418402777
 20
248.09999254014758
 10
357.1000162760417
 20
248.09999254014758
 10
356.9666883680556
 20
248.09999254014758
 10
356.86665852864587
 20
248.09999254014758
 10
356.73333062065973
 20
248.09999254014758
 10
356.86665852864587
 20
248.06666056315106
 10
356.9666883680556
 20
248.06666056315106
  0
LWPOLYLINE
  5
1DC
330
17
100
AcDbEntity
  8
ESTRUCTURAS
100
AcDbPolyline
 90
10
 70
0
 10
357.03335232204864
 20
248.06666056315106
 10
357.16668023003473
 20
248.06666056315106
 10
357.30000813802087
 20
248.06666056315106
 10
357.43333604600696
 20
248.06666056315106
 10
357.5666639539931
 20
248.06666056315106
 10
357.73335774739587
 20
248.06666056315106
 10
357.86668565538196
 20
248.06666056315106
 10
358.0000135633681
 20
248.06666056315106
 10
358.1333414713542
 20
248.06666056315106
 10
358.26666937934027
 20
248.06666056315106
  0
LWPOLYLINE
  5
1DD
330
17
100
AcDbEntity
  8
ESTRUCTURAS
100
AcDbPolyline
 90
8
 70
0
 10
358.0333455403646
 20
247.66665988498264
 10
357.9000176323785
 20
247.66665988498264
 10
357.7666897243924
 20
247.66665988498264
 10
357.66665988498266
 20
247.66665988498264
 10
357.5333319769965
 20
247.66665988498264
 10
357.40000406901044
 20
247.66665988498264
 10
357.26667616102435
 20
247.66665988498264
 10
357.1333482530382
 20
247.66665988498264
  0
LWPOLYLINE
  5
1DE
330
17
100
AcDbEntity
  8
ESTRUCTURAS
100
AcDbPolyline
 90
7
 70
0
 10
357.933349609375
 20
247.66665988498264
 10
357.83335367838544
 20
247.53333197699655
 10
357.6999918619792
 20
247.46666802300348
 10
357.5666639539931
 20
247.46666802300348
 10
357.43333604600696
 20
247.46666802300348
 10
357.30000813802087
 20
247.5
 10
357.16668023003473
 20
247.5999959309896
  0
LWPOLYLINE
  5
1DF
330
17
100
AcDbEntity
  8
ESTRUCTURAS
100
AcDbPolyline
 90
9
 70
0
 10
357.86668565538196
 20
247.5999959309896
 10
357.86668565538196
 20
247.46666802300348
 10
357.86668565538196
 20
247.36665513780383
 10
357.86668565538196
 20
247.23332722981772
 10
357.86668565538196
 20
247.0999993218316
 10
357.86668565538196
 20
246.99998643663196
 10
357.86668565538196
 20
246.86665852864584
 10
357.86668565538196
 20
246.73333062065973
 10
357.86668565538196
 20
246.60000271267361
  0
LWPOLYLINE
  5
1E0
330
17
100
AcDbEntity
  8
ESTRUCTURAS
100
AcDbPolyline
 90
9
 70
0
 10
357.1333482530382
 20
247.66665988498264
 10
357.1333482530382
 20
247.53333197699655
 10
357.1333482530382
 20
247.39998711480035
 10
357.1333482530382
 20
247.26665920681424
 10
357.1333482530382
 20
247.13333129882812
 10
357.1333482530382
 20
246.99998643663196
 10
357.1333482530382
 20
246.86665852864584
 10
357.1333482530382
 20
246.73333062065973
 10
357.1333482530382
 20
246.60000271267361
  0
LWPOLYLINE
  5
1E1
330
17
100
AcDbEntity
  8
ESTRUCTURAS
100
AcDbPolyline
 90
7
 70
0
 10
357.30000813802087
 20
246.66666666666669
 10
357.30000813802087
 20
246.7999945746528
 10
357.30000813802087
 20
246.93332248263889
 10
357.30000813802087
 20
247.06666734483508
 10
357.30000813802087
 20
247.1999952528212
 10
357.30000813802087
 20
247.3333231608073
 10
357.30000813802087
 20
247.43333604600696
  0
LWPOLYLINE
  5
1E2
330
17
100
AcDbEntity
  8
ESTRUCTURAS
100
AcDbPolyline
 90
8
 70
0
 10
357.933349609375
 20
246.5333218044705
 10
357.86668565538196
 20
246.63333468967014
 10
357.73335774739587
 20
246.6999986436632
 10
357.63332790798614
 20
246.73333062065973
 10
357.5
 20
246.73333062065973
 10
357.3666720920139
 20
246.6999986436632
 10
357.23334418402777
 20
246.63333468967014
 10
357.1333482530382
 20
246.5333218044705
  0
LWPOLYLINE
  5
1E3
330
17
100
AcDbEntity
  8
ESTRUCTURAS
100
AcDbPolyline
 90
8
 70
0
 10
358.0333455403646
 20
246.5333218044705
 10
357.9000176323785
 20
246.5333218044705
 10
357.7666897243924
 20
246.5333218044705
 10
357.66665988498266
 20
246.5333218044705
 10
357.5333319769965
 20
246.5333218044705
 10
357.40000406901044
 20
246.5333218044705
 10
357.26667616102435
 20
246.5333218044705
 10
357.1333482530382
 20
246.5333218044705
  0
LWPOLYLINE
  5
1E4
330
17
100
AcDbEntity
  8
ESTRUCTURAS
100
AcDbPolyline
 90
9
 70
0
 10
357.5333319769965
 20
246.36666191948785
 10
357.40000406901044
 20
246.36666191948785
 10
357.26667616102435
 20
246.36666191948785
 10
357.1333482530382
 20
246.36666191948785
 10
357.0000203450521
 20
246.36666191948785
 10
356.86665852864587
 20
246.36666191948785
 10
356.73333062065973
 20
246.36666191948785
 10
356.60000271267364
 20
246.36666191948785
 10
356.4666748046875
 20
246.36666191948785
  0
LWPOLYLINE
  5
1E5
330
17
100
AcDbEntity
  8
ESTRUCTURAS
100
AcDbPolyline
 90
9
 70
0
 10
357.5333319769965
 20
246.26666598849826
 10
357.40000406901044
 20
246.26666598849826
 10
357.26667616102435
 20
246.26666598849826
 10
357.1333482530382
 20
246.26666598849826
 10
357.0000203450521
 20
246.26666598849826
 10
356.86665852864587
 20
246.26666598849826
 10
356.73333062065973
 20
246.26666598849826
 10
356.60000271267364
 20
246.26666598849826
 10
356.4666748046875
 20
246.26666598849826
  0
LWPOLYLINE
  5
1E6
330
17
100
AcDbEntity
  8
ESTRUCTURAS
100
AcDbPolyline
 90
15
 70
0
 10
358.33333333333337
 20
246.1333211263021
 10
358.20000542534723
 20
246.09998914930557
 10
358.06667751736114
 20
246.09998914930557
 10
357.933349609375
 20
246.09998914930557
 10
357.8000217013889
 20
246.09998914930557
 10
357.6999918619792
 20
246.09998914930557
 10
357.5333319769965
 20
246.09998914930557
 10
357.40000406901044
 20
246.09998914930557
 10
357.26667616102435
 20
246.06665717230905
 10
357.1333482530382
 20
246.06665717230905
 10
357.0000203450521
 20
246.06665717230905
 10
356.86665852864587
 20
246.06665717230905
 10
356.73333062065973
 20
246.06665717230905
 10
356.86665852864587
 20
246.1333211263021
 10
356.9666883680556
 20
246.1333211263021
  0
LWPOLYLINE
  5
1E7
330
17
100
AcDbEntity
  8
ESTRUCTURAS
100
AcDbPolyline
 90
10
 70
0
 10
357.06668429904516
 20
246.1333211263021
 10
357.20001220703125
 20
246.1333211263021
 10
357.3333401150174
 20
246.1333211263021
 10
357.5
 20
246.1333211263021
 10
357.66665988498266
 20
246.1333211263021
 10
357.7666897243924
 20
246.1333211263021
 10
357.9000176323785
 20
246.1333211263021
 10
358.0333455403646
 20
246.1333211263021
 10
358.1666734483507
 20
246.1333211263021
 10
358.30000135633685
 20
246.1333211263021
  0
LWPOLYLINE
  5
1E8
330
17
100
AcDbEntity
  8
ESTRUCTURAS
100
AcDbPolyline
 90
8
 70
0
 10
357.1333482530382
 20
246.06665717230905
 10
357.1333482530382
 20
245.93332926432294
 10
357.1333482530382
 20
245.80000135633682
 10
357.1333482530382
 20
245.69998847113717
 10
357.1333482530382
 20
245.56666056315106
 10
357.1333482530382
 20
245.43333265516495
 10
357.1333482530382
 20
245.3333197699653
 10
357.1333482530382
 20
245.19999186197919
  0
LWPOLYLINE
  5
1E9
330
17
100
AcDbEntity
  8
ESTRUCTURAS
100
AcDbPolyline
 90
11
 70
0
 10
357.1333482530382
 20
245.13332790798611
 10
357.1333482530382
 20
245.0
 10
357.16668023003473
 20
244.89998711480035
 10
357.30000813802087
 20
244.76665920681424
 10
357.43333604600696
 20
244.73332722981772
 10
357.5666639539931
 20
244.73332722981772
 10
357.6999918619792
 20
244.73332722981772
 10
357.8000217013889
 20
244.76665920681424
 10
357.9000176323785
 20
244.89998711480035
 10
357.933349609375
 20
245.0
 10
357.933349609375
 20
245.13332790798611
  0
LWPOLYLINE
  5
1EA
330
17
100
AcDbEntity
  8
ESTRUCTURAS
100
AcDbPolyline
 90
8
 70
0
 10
357.933349609375
 20
246.09998914930557
 10
357.933349609375
 20
245.96666124131946
 10
357.933349609375
 20
245.83333333333334
 10
357.933349609375
 20
245.7333204481337
 10
357.933349609375
 20
245.59999254014758
 10
357.933349609375
 20
245.46666463216147
 10
357.933349609375
 20
245.3333197699653
 10
357.933349609375
 20
245.19999186197919
  0
LWPOLYLINE
  5
1EB
330
17
100
AcDbEntity
  8
ESTRUCTURAS
100
AcDbPolyline
 90
6
 70
0
 10
356.6666666666667
 20
247.53333197699655
 10
356.5333387586806
 20
247.53333197699655
 10
356.40001085069446
 20
247.53333197699655
 10
356.26668294270837
 20
247.53333197699655
 10
356.13335503472223
 20
247.53333197699655
 10
356.0333251953125
 20
247.53333197699655
  0
LWPOLYLINE
  5
1EC
330
17
100
AcDbEntity
  8
ESTRUCTURAS
100
AcDbPolyline
 90
6
 70
0
 10
356.6666666666667
 20
246.63333468967014
 10
356.5333387586806
 20
246.63333468967014
 10
356.40001085069446
 20
246.63333468967014
 10
356.26668294270837
 20
246.63333468967014
 10
356.13335503472223
 20
246.63333468967014
 10
356.0333251953125
 20
246.63333468967014
  0
LWPOLYLINE
  5
1ED
330
17
100
AcDbEntity
  8
ESTRUCTURAS
100
AcDbPolyline
 90
12
 70
0
 10
355.83333333333337
 20
246.36666191948785
 10
355.83333333333337
 20
246.49998982747397
 10
355.83333333333337
 20
246.60000271267361
 10
355.83333333333337
 20
246.73333062065973
 10
355.83333333333337
 20
246.86665852864584
 10
355.83333333333337
 20
246.99998643663196
 10
355.83333333333337
 20
247.0999993218316
 10
355.83333333333337
 20
247.23332722981772
 10
355.83333333333337
 20
247.36665513780383
 10
355.83333333333337
 20
247.46666802300348
 10
355.83333333333337
 20
247.5999959309896
 10
355.83333333333337
 20
247.7333238389757
  0
LWPOLYLINE
  5
1EE
330
17
100
AcDbEntity
  8
ESTRUCTURAS
100
AcDbPolyline
 90
8
 70
0
 10
355.50001356336804
 20
248.09999254014758
 10
355.50001356336804
 20
248.2333204481337
 10
355.50001356336804
 20
248.33333333333334
 10
355.50001356336804
 20
248.46666124131946
 10
355.50001356336804
 20
248.59998914930557
 10
355.50001356336804
 20
248.70000203450522
 10
355.50001356336804
 20
248.83332994249133
 10
355.50001356336804
 20
248.96665785047745
  0
LWPOLYLINE
  5
1EF
330
17
100
AcDbEntity
  8
ESTRUCTURAS
100
AcDbPolyline
 90
10
 70
0
 10
354.66668023003473
 20
249.0333218044705
 10
354.66668023003473
 20
249.13333468967016
 10
354.70001220703125
 20
249.26666259765625
 10
354.8333401150174
 20
249.39999050564236
 10
354.9666680230035
 20
249.4333224826389
 10
355.0999959309896
 20
249.4333224826389
 10
355.23335774739587
 20
249.4333224826389
 10
355.36668565538196
 20
249.36665852864584
 10
355.4666815863715
 20
249.23333062065973
 10
355.50001356336804
 20
249.10000271267361
  0
LWPOLYLINE
  5
1F0
330
17
100
AcDbEntity
  8
ESTRUCTURAS
100
AcDbPolyline
 90
8
 70
0
 10
354.66668023003473
 20
248.09999254014758
 10
354.66668023003473
 20
248.2333204481337
 10
354.66668023003473
 20
248.33333333333334
 10
354.66668023003473
 20
248.46666124131946
 10
354.66668023003473
 20
248.59998914930557
 10
354.66668023003473
 20
248.70000203450522
 10
354.66668023003473
 20
248.83332994249133
 10
354.66668023003473
 20
248.96665785047745
  0
LWPOLYLINE
  5
1F1
330
17
100
AcDbEntity
  8
ESTRUCTURAS
100
AcDbPolyline
 90
8
 70
0
 10
355.50001356336804
 20
247.66665988498264
 10
355.4000176323785
 20
247.53333197699655
 10
355.2666897243924
 20
247.46666802300348
 10
355.16665988498266
 20
247.46666802300348
 10
355.0333319769965
 20
247.43333604600696
 10
354.90000406901044
 20
247.46666802300348
 10
354.7666761610243
 20
247.53333197699655
 10
354.66668023003473
 20
247.66665988498264
  0
LWPOLYLINE
  5
1F2
330
17
100
AcDbEntity
  8
ESTRUCTURAS
100
AcDbPolyline
 90
8
 70
0
 10
355.50001356336804
 20
246.49998982747397
 10
355.433349609375
 20
246.60000271267361
 10
355.3000217013889
 20
246.66666666666669
 10
355.1999918619792
 20
246.6999986436632
 10
355.06666395399304
 20
246.73333062065973
 10
354.93333604600696
 20
246.6999986436632
 10
354.80000813802087
 20
246.63333468967014
 10
354.70001220703125
 20
246.5333218044705
  0
LWPOLYLINE
  5
1F3
330
17
100
AcDbEntity
  8
ESTRUCTURAS
100
AcDbPolyline
 90
8
 70
0
 10
354.66668023003473
 20
246.06665717230905
 10
354.66668023003473
 20
245.93332926432294
 10
354.66668023003473
 20
245.80000135633682
 10
354.66668023003473
 20
245.69998847113717
 10
354.66668023003473
 20
245.56666056315106
 10
354.66668023003473
 20
245.43333265516495
 10
354.66668023003473
 20
245.3333197699653
 10
354.66668023003473
 20
245.19999186197919
  0
LWPOLYLINE
  5
1F4
330
17
100
AcDbEntity
  8
ESTRUCTURAS
100
AcDbPolyline
 90
10
 70
0
 10
354.66668023003473
 20
245.13332790798611
 10
354.70001220703125
 20
245.0
 10
354.73334418402777
 20
244.89998711480035
 10
354.8333401150174
 20
244.76665920681424
 10
354.9666680230035
 20
244.73332722981772
 10
355.0999959309896
 20
244.73332722981772
 10
355.23335774739587
 20
244.73332722981772
 10
355.36668565538196
 20
244.79999118381076
 10
355.4666815863715
 20
244.93333604600696
 10
355.50001356336804
 20
245.06666395399307
  0
LWPOLYLINE
  5
1F5
330
17
100
AcDbEntity
  8
ESTRUCTURAS
100
AcDbPolyline
 90
8
 70
0
 10
355.50001356336804
 20
246.06665717230905
 10
355.50001356336804
 20
245.93332926432294
 10
355.50001356336804
 20
245.80000135633682
 10
355.50001356336804
 20
245.69998847113717
 10
355.50001356336804
 20
245.56666056315106
 10
355.50001356336804
 20
245.43333265516495
 10
355.50001356336804
 20
245.3333197699653
 10
355.50001356336804
 20
245.19999186197919
  0
LWPOLYLINE
  5
1F6
330
17
100
AcDbEntity
  8
ESTRUCTURAS
100
AcDbPolyline
 90
17
 70
0
 10
355.96666124131946
 20
247.08379109700522
 10
355.99137677086725
 20
246.96048974990845
 10
356.0590998331706
 20
246.85973485310873
 10
356.1596610811022
 20
246.79172595342
 10
356.28289116753473
 20
246.76666259765625
 10
356.40617317623565
 20
246.79137070973715
 10
356.50691986083984
 20
246.85909271240234
 10
356.57493008507623
 20
246.9596529006958
 10
356.60000271267364
 20
247.08287556966147
 10
356.57528718312585
 20
247.20617691675824
 10
356.5075641208225
 20
247.30693181355795
 10
356.4070028728909
 20
247.37494071324667
 10
356.28377278645837
 20
247.40000406901044
 10
356.16049077775745
 20
247.37529595692953
 10
356.05974409315326
 20
247.30757395426434
 10
355.99173386891687
 20
247.20701376597088
 10
355.96666124131946
 20
247.08379109700522
  0
LINE
  5
1F7
330
17
100
AcDbEntity
  8
ESTRUCTURAS
100
AcDbLine
 10
355.33335367838544
 20
247.1999952528212
 30
0.0
 11
334.29999457465277
 21
247.23332722981772
 31
0.0
  0
LINE
  5
1F8
330
17
100
AcDbEntity
  8
ESTRUCTURAS
100
AcDbLine
 10
334.29999457465277
 20
246.99998643663196
 30
0.0
 11
355.33335367838544
 21
246.96665445963544
 31
0.0
  0
LWPOLYLINE
  5
1F9
330
17
100
AcDbEntity
  8
ESTRUCTURAS
100
AcDbPolyline
 90
7
 70
0
 10
360.70000542534723
 20
248.06666056315106
 10
360.4666815863715
 20
248.83332994249133
 10
360.0999959309896
 20
249.49998643663196
 10
359.6333482530382
 20
250.0999959309896
 10
359.0666707356771
 20
250.6333245171441
 10
358.3999972873264
 20
251.06665717230905
 10
357.9000176323785
 20
251.2666659884983
  0
LWPOLYLINE
  5
1FA
330
17
100
AcDbEntity
  8
ESTRUCTURAS
100
AcDbPolyline
 90
8
 70
0
 10
355.4666815863715
 20
251.49998982747397
 10
354.66668023003473
 20
251.2666659884983
 10
353.9666748046875
 20
250.93332926432294
 10
353.3666653103299
 20
250.46666463216147
 10
352.8000217013889
 20
249.93333604600696
 10
352.3666720920139
 20
249.26666259765625
 10
352.06668429904516
 20
248.56665717230905
 10
352.0000203450521
 20
248.2666693793403
  0
LWPOLYLINE
  5
1FB
330
17
100
AcDbEntity
  8
ESTRUCTURAS
100
AcDbPolyline
 90
8
 70
0
 10
352.0000203450521
 20
245.80000135633682
 10
352.06668429904516
 20
245.5333285861545
 10
352.40000406901044
 20
244.8333231608073
 10
352.83335367838544
 20
244.1999986436632
 10
353.3999972873264
 20
243.66665310329861
 10
354.000006781684
 20
243.19998847113717
 10
354.70001220703125
 20
242.86666870117188
 10
355.4666815863715
 20
242.66665988498264
  0
LWPOLYLINE
  5
1FC
330
17
100
AcDbEntity
  8
ESTRUCTURAS
100
AcDbPolyline
 90
7
 70
0
 10
358.0000135633681
 20
242.93333265516495
 10
358.46666124131946
 20
243.1333245171441
 10
359.10000271267364
 20
243.56665717230905
 10
359.66668023003473
 20
244.066653781467
 10
360.13332790798614
 20
244.6999952528212
 10
360.4666815863715
 20
245.40000067816842
 10
360.70000542534723
 20
246.1333211263021
  0
LWPOLYLINE
  5
1FD
330
17
100
AcDbEntity
  8
ESTRUCTURAS
100
AcDbPolyline
 90
10
 70
0
 10
288.26666937934027
 20
247.0834181043837
 10
288.2352934943305
 20
247.18590501281952
 10
288.120174407959
 20
247.2629530231158
 10
288.01187356313073
 20
247.25222534603543
 10
287.90820506711805
 20
247.13776989943452
 10
287.9082616170248
 20
247.02873560703463
 10
287.99602932400177
 20
246.92209120839834
 10
288.1021721081601
 20
246.9009604636166
 10
288.2130304972331
 20
246.9537565443251
 10
288.2657294554843
 20
247.0646731141541
  0
LWPOLYLINE
  5
1FE
330
17
100
AcDbEntity
  8
ESTRUCTURAS
100
AcDbPolyline
 90
10
 70
0
 10
292.66669379340277
 20
247.05008612738717
 10
292.635317908393
 20
247.152573035823
 10
292.5201988220215
 20
247.22962104611926
 10
292.41189797719323
 20
247.2188933690389
 10
292.30822948118055
 20
247.104437922438
 10
292.3082860310873
 20
246.9954036300381
 10
292.39605373806427
 20
246.88875923140182
 10
292.5021965222226
 20
246.86762848662008
 10
292.6130549112956
 20
246.92042456732858
 10
292.6657538695468
 20
247.03134113715757
  0
LWPOLYLINE
  5
1FF
330
17
100
AcDbEntity
  8
ESTRUCTURAS
100
AcDbPolyline
 90
17
 70
0
 10
288.2333713107639
 20
247.06710815429688
 10
288.25356798867386
 20
246.63248543938002
 10
288.316274550226
 20
246.21024409929913
 10
288.4193633579546
 20
245.80252900719643
 10
288.56070677439374
 20
245.4114850362142
 10
288.7381771620777
 20
245.03925705949467
 10
288.9496468835407
 20
244.68798995018005
 10
289.1929883013169
 20
244.35982858141264
 10
289.46607377794055
 20
244.05691782633465
 10
289.76677567594584
 20
243.7814025580883
 10
290.09296635786694
 20
243.5354276498159
 10
290.4425181862381
 20
243.32113797465962
 10
290.8133035235935
 20
243.14067840576172
 10
291.20319473246735
 20
242.99619381626448
 10
291.61006417539386
 20
242.88982907931012
 10
292.03178421490725
 20
242.82372906804085
 10
292.4662272135417
 20
242.80003865559897
  0
LWPOLYLINE
  5
200
330
17
100
AcDbEntity
  8
ESTRUCTURAS
100
AcDbPolyline
 90
12
 70
0
 10
359.36665852864587
 20
241.89999050564236
 10
359.23333062065973
 20
241.89999050564236
 10
359.10000271267364
 20
241.89999050564236
 10
358.9666748046875
 20
241.89999050564236
 10
358.8333468967014
 20
241.89999050564236
 10
358.70001898871527
 20
241.89999050564236
 10
358.5666910807292
 20
241.89999050564236
 10
358.46666124131946
 20
241.89999050564236
 10
358.33333333333337
 20
241.89999050564236
 10
358.20000542534723
 20
241.89999050564236
 10
358.06667751736114
 20
241.89999050564236
 10
357.933349609375
 20
241.89999050564236
  0
LWPOLYLINE
  5
201
330
17
100
AcDbEntity
  8
ESTRUCTURAS
100
AcDbPolyline
 90
5
 70
0
 10
359.6000162760417
 20
243.59998914930557
 10
359.6000162760417
 20
243.46666124131946
 10
359.6000162760417
 20
243.33333333333334
 10
359.6000162760417
 20
243.2333204481337
 10
359.6000162760417
 20
243.09999254014758
  0
LWPOLYLINE
  5
202
330
17
100
AcDbEntity
  8
ESTRUCTURAS
100
AcDbPolyline
 90
5
 70
0
 10
359.6000162760417
 20
242.63332790798611
 10
359.6000162760417
 20
242.5
 10
359.6000162760417
 20
242.39998711480035
 10
359.6000162760417
 20
242.26665920681424
 10
359.6000162760417
 20
242.13333129882812
  0
LWPOLYLINE
  5
203
330
17
100
AcDbEntity
  8
ESTRUCTURAS
100
AcDbPolyline
 90
11
 70
0
 10
359.6333482530382
 20
243.1333245171441
 10
359.5000203450521
 20
243.09999254014758
 10
359.4000244140625
 20
242.96666463216147
 10
359.36665852864587
 20
242.8333197699653
 10
359.433356391059
 20
242.69999186197919
 10
359.56668429904516
 20
242.63332790798611
 10
359.70001220703125
 20
242.63332790798611
 10
359.80000813802087
 20
242.76665581597223
 10
359.8666720920139
 20
242.86666870117188
 10
359.8333401150174
 20
242.999996609158
 10
359.70001220703125
 20
243.09999254014758
  0
LWPOLYLINE
  5
204
330
17
100
AcDbEntity
  8
ESTRUCTURAS
100
AcDbPolyline
 90
12
 70
0
 10
357.66665988498266
 20
243.59998914930557
 10
357.66665988498266
 20
243.46666124131946
 10
357.66665988498266
 20
243.33333333333334
 10
357.66665988498266
 20
243.2333204481337
 10
357.66665988498266
 20
243.09999254014758
 10
357.66665988498266
 20
242.96666463216147
 10
357.66665988498266
 20
242.79998779296875
 10
357.66665988498266
 20
242.66665988498264
 10
357.66665988498266
 20
242.53333197699655
 10
357.66665988498266
 20
242.39998711480035
 10
357.66665988498266
 20
242.26665920681424
 10
357.66665988498266
 20
242.13333129882812
  0
LWPOLYLINE
  5
205
330
17
100
AcDbEntity
  8
ESTRUCTURAS
100
AcDbPolyline
 90
12
 70
0
 10
359.36665852864587
 20
243.86666191948785
 10
359.23333062065973
 20
243.86666191948785
 10
359.10000271267364
 20
243.86666191948785
 10
358.9666748046875
 20
243.86666191948785
 10
358.8333468967014
 20
243.86666191948785
 10
358.70001898871527
 20
243.86666191948785
 10
358.5666910807292
 20
243.86666191948785
 10
358.46666124131946
 20
243.86666191948785
 10
358.33333333333337
 20
243.86666191948785
 10
358.20000542534723
 20
243.86666191948785
 10
358.06667751736114
 20
243.86666191948785
 10
357.933349609375
 20
243.86666191948785
  0
LWPOLYLINE
  5
206
330
17
100
AcDbEntity
  8
ESTRUCTURAS
100
AcDbPolyline
 90
11
 70
0
 10
358.90001085069446
 20
242.86666870117188
 10
358.8333468967014
 20
242.7333238389757
 10
358.70001898871527
 20
242.63332790798611
 10
358.5666910807292
 20
242.63332790798611
 10
358.46666124131946
 20
242.69999186197919
 10
358.3999972873264
 20
242.86666870117188
 10
358.3999972873264
 20
242.999996609158
 10
358.5666910807292
 20
243.09999254014758
 10
358.70001898871527
 20
243.1333245171441
 10
358.8333468967014
 20
243.06666056315106
 10
358.86667887369794
 20
242.93333265516495
  0
LWPOLYLINE
  5
207
330
17
100
AcDbEntity
  8
ESTRUCTURAS
100
AcDbPolyline
 90
10
 70
0
 10
366.80002848307294
 20
242.91636149088544
 10
366.76888565222424
 20
243.01891813675564
 10
366.6539326641295
 20
243.09621118836932
 10
366.54560459984674
 20
243.0857054392497
 10
366.4416772706641
 20
242.97147462765378
 10
366.4414950294627
 20
242.8624403352539
 10
366.5290280928215
 20
242.75560513552693
 10
366.63512664536637
 20
242.73425589005154
 10
366.7461098564996
 20
242.78681861029733
 10
366.7990504619148
 20
242.89761864476733
  0
LWPOLYLINE
  5
208
330
17
100
AcDbEntity
  8
ESTRUCTURAS
100
AcDbPolyline
 90
10
 70
0
 10
371.23335096571185
 20
242.88302951388889
 10
371.20220813486316
 20
242.9855861597591
 10
371.08725514676837
 20
243.0628792113728
 10
370.97892708248565
 20
243.05237346225314
 10
370.87499975330303
 20
242.93814265065723
 10
370.87481751210163
 20
242.82910835825734
 10
370.96235057546033
 20
242.7222731585304
 10
371.0684491280053
 20
242.700923913055
 10
371.1794323391385
 20
242.75348663330078
 10
371.23237294455373
 20
242.8642866677708
  0
LWPOLYLINE
  5
209
330
17
100
AcDbEntity
  8
ESTRUCTURAS
100
AcDbPolyline
 90
17
 70
0
 10
366.8000962999132
 20
242.90941026475696
 10
366.8193702565299
 20
242.4747445765469
 10
366.88118086920844
 20
242.05237090587616
 10
366.9834050205019
 20
241.64443854656486
 10
367.1239195929633
 20
241.253096792433
 10
367.3006014691459
 20
240.88049493730068
 10
367.51132753160266
 20
240.52878227498798
 10
367.7539746628867
 20
240.20010809931492
 10
368.0264197455512
 20
239.89662170410156
 10
368.32653966214923
 20
239.62047238316802
 10
368.6522112952338
 20
239.37380943033432
 10
369.00131152735815
 20
239.1587821394205
 10
369.3717172410753
 20
238.9775398042467
 10
369.76130531893835
 20
238.83223171863293
 10
370.1679526435004
 20
238.72500717639923
 10
370.58953609731464
 20
238.65801547136573
 10
371.023932562934
 20
238.63340589735245
  0
LWPOLYLINE
  5
20A
330
17
100
AcDbEntity
  8
ESTRUCTURAS
100
AcDbPolyline
 90
12
 70
0
 10
296.79999457465277
 20
282.63332790798614
 10
296.6666666666667
 20
282.63332790798614
 10
296.53333875868054
 20
282.63332790798614
 10
296.40001085069446
 20
282.63332790798614
 10
296.26668294270837
 20
282.63332790798614
 10
296.13335503472223
 20
282.63332790798614
 10
295.999993218316
 20
282.63332790798614
 10
295.8666653103299
 20
282.63332790798614
 10
295.73333740234375
 20
282.63332790798614
 10
295.60000949435766
 20
282.63332790798614
 10
295.4666815863715
 20
282.63332790798614
 10
295.33335367838544
 20
282.63332790798614
  0
LWPOLYLINE
  5
20B
330
17
100
AcDbEntity
  8
ESTRUCTURAS
100
AcDbPolyline
 90
11
 70
0
 10
297.06668429904516
 20
283.86666191948785
 10
296.933356391059
 20
283.83332994249133
 10
296.8333265516493
 20
283.73333401150177
 10
296.79999457465277
 20
283.6333211263021
 10
296.8333265516493
 20
283.499993218316
 10
296.933356391059
 20
283.43332926432294
 10
297.06668429904516
 20
283.3666653103299
 10
297.20001220703125
 20
283.43332926432294
 10
297.2666761610243
 20
283.566657172309
 10
297.2666761610243
 20
283.70000203450525
 10
297.16668023003473
 20
283.83332994249133
  0
LWPOLYLINE
  5
20C
330
17
100
AcDbEntity
  8
ESTRUCTURAS
100
AcDbPolyline
 90
12
 70
0
 10
295.0999959309896
 20
284.36665852864587
 10
295.0999959309896
 20
284.23333062065973
 10
295.0999959309896
 20
284.09998575846356
 10
295.0999959309896
 20
283.9666578504774
 10
295.0999959309896
 20
283.83332994249133
 10
295.0999959309896
 20
283.70000203450525
 10
295.0999959309896
 20
283.566657172309
 10
295.0999959309896
 20
283.43332926432294
 10
295.0999959309896
 20
283.3000013563368
 10
295.0999959309896
 20
283.19998847113715
 10
295.0999959309896
 20
283.06666056315106
 10
295.0999959309896
 20
282.9333326551649
  0
LWPOLYLINE
  5
20D
330
17
100
AcDbEntity
  8
ESTRUCTURAS
100
AcDbPolyline
 90
12
 70
0
 10
296.79999457465277
 20
284.5999823676215
 10
296.6666666666667
 20
284.5999823676215
 10
296.53333875868054
 20
284.5999823676215
 10
296.40001085069446
 20
284.5999823676215
 10
296.26668294270837
 20
284.5999823676215
 10
296.13335503472223
 20
284.5999823676215
 10
295.999993218316
 20
284.5999823676215
 10
295.8666653103299
 20
284.5999823676215
 10
295.73333740234375
 20
284.5999823676215
 10
295.60000949435766
 20
284.5999823676215
 10
295.4666815863715
 20
284.5999823676215
 10
295.33335367838544
 20
284.5999823676215
  0
LWPOLYLINE
  5
20E
330
17
100
AcDbEntity
  8
ESTRUCTURAS
100
AcDbPolyline
 90
11
 70
0
 10
296.3000149197049
 20
283.6333211263021
 10
296.26668294270837
 20
283.499993218316
 10
296.13335503472223
 20
283.3666653103299
 10
295.999993218316
 20
283.3999972873264
 10
295.8666653103299
 20
283.46666124131946
 10
295.8000013563368
 20
283.59998914930554
 10
295.83333333333337
 20
283.70000203450525
 10
295.93332926432294
 20
283.83332994249133
 10
296.03335910373266
 20
283.86666191948785
 10
296.16668701171875
 20
283.83332994249133
 10
296.3000149197049
 20
283.70000203450525
  0
LWPOLYLINE
  5
20F
330
17
100
AcDbEntity
  8
ESTRUCTURAS
100
AcDbPolyline
 90
10
 70
0
 10
301.40001085069446
 20
283.65003797743054
 10
301.36866059568194
 20
283.75253114435407
 10
301.2535497215059
 20
283.82960047986774
 10
301.14524364471436
 20
283.8188915782505
 10
301.041549667716
 20
283.70445591294106
 10
301.04158736765385
 20
283.5954216205412
 10
301.1293379217386
 20
283.48876036703587
 10
301.2354800519016
 20
283.4676110703084
 10
301.3463550143772
 20
283.5203870137533
 10
301.399070546031
 20
283.6312931817439
  0
LWPOLYLINE
  5
210
330
17
100
AcDbEntity
  8
ESTRUCTURAS
100
AcDbPolyline
 90
10
 70
0
 10
305.80003526475696
 20
283.65003797743054
 10
305.76868500974444
 20
283.75253114435407
 10
305.6535741355684
 20
283.82960047986774
 10
305.54526805877686
 20
283.8188915782505
 10
305.4415740817785
 20
283.70445591294106
 10
305.44161178171635
 20
283.5954216205412
 10
305.5293623358011
 20
283.48876036703587
 10
305.6355044659641
 20
283.4676110703084
 10
305.7463794284397
 20
283.5203870137533
 10
305.7990949600935
 20
283.6312931817439
  0
LWPOLYLINE
  5
211
330
17
100
AcDbEntity
  8
ESTRUCTURAS
100
AcDbPolyline
 90
17
 70
0
 10
305.5963134765625
 20
287.8999498155382
 10
305.1618817117479
 20
287.87592369649144
 10
304.74020693037244
 20
287.80949791272485
 10
304.3334150314331
 20
287.7028189268377
 10
303.9436319139269
 20
287.55803320142957
 10
303.5729834768507
 20
287.3772871990999
 10
303.22359561920166
 20
287.162727382448
 10
302.8975942399767
 20
286.9165002140734
 10
302.59710523817273
 20
286.64075215657556
 10
302.32425451278687
 20
286.3376296725538
 10
302.08116796281604
 20
286.00927922460767
 10
301.8699714872572
 20
285.6578472753366
 10
301.6927909851074
 20
285.28548028733996
 10
301.55175235536365
 20
284.8943247232172
 10
301.4489814970228
 20
284.48652704556787
 10
301.38660430908203
 20
284.0642337169912
 10
301.3667466905382
 20
283.6295912000868
  0
LWPOLYLINE
  5
212
330
17
100
AcDbEntity
  8
ESTRUCTURAS
100
AcDbPolyline
 90
5
 70
0
 10
271.500006781684
 20
289.69997829861114
 10
255.46668158637155
 20
289.63331434461804
 10
255.50001356336807
 20
286.63333468967016
 10
271.500006781684
 20
286.6999986436632
 10
271.500006781684
 20
289.69997829861114
  0
LWPOLYLINE
  5
213
330
17
100
AcDbEntity
  8
ESTRUCTURAS
100
AcDbPolyline
 90
12
 70
0
 10
372.6999918619792
 20
281.2999979654948
 10
372.8000217013889
 20
281.2999979654948
 10
372.933349609375
 20
281.2999979654948
 10
373.06667751736114
 20
281.33332994249133
 10
373.20000542534723
 20
281.33332994249133
 10
373.33333333333337
 20
281.33332994249133
 10
373.499993218316
 20
281.33332994249133
 10
373.6000230577257
 20
281.33332994249133
 10
373.73335096571185
 20
281.33332994249133
 10
373.86667887369794
 20
281.33332994249133
 10
374.000006781684
 20
281.33332994249133
 10
374.13333468967016
 20
281.33332994249133
  0
LWPOLYLINE
  5
214
330
17
100
AcDbEntity
  8
ESTRUCTURAS
100
AcDbPolyline
 90
5
 70
0
 10
372.43333604600696
 20
283.03332858615454
 10
372.43333604600696
 20
282.9000006781684
 10
372.43333604600696
 20
282.79998779296875
 10
372.43333604600696
 20
282.66665988498266
 10
372.43333604600696
 20
282.5333319769965
  0
LWPOLYLINE
  5
215
330
17
100
AcDbEntity
  8
ESTRUCTURAS
100
AcDbPolyline
 90
5
 70
0
 10
372.43333604600696
 20
282.0666673448351
 10
372.43333604600696
 20
281.96665445963544
 10
372.43333604600696
 20
281.8333265516493
 10
372.43333604600696
 20
281.6999986436632
 10
372.43333604600696
 20
281.59998575846356
  0
LWPOLYLINE
  5
216
330
17
100
AcDbEntity
  8
ESTRUCTURAS
100
AcDbPolyline
 90
11
 70
0
 10
372.43333604600696
 20
282.5333319769965
 10
372.5666639539931
 20
282.5
 10
372.63332790798614
 20
282.39998711480035
 10
372.6999918619792
 20
282.26665920681427
 10
372.63332790798614
 20
282.1333312988281
 10
372.5
 20
282.0666673448351
 10
372.3666720920139
 20
282.0666673448351
 10
372.23334418402777
 20
282.16666327582465
 10
372.20001220703125
 20
282.2999911838108
 10
372.23334418402777
 20
282.4333190917969
 10
372.3666720920139
 20
282.5
  0
LWPOLYLINE
  5
217
330
17
100
AcDbEntity
  8
ESTRUCTURAS
100
AcDbPolyline
 90
13
 70
0
 10
374.4000244140625
 20
283.03332858615454
 10
374.4000244140625
 20
282.9000006781684
 10
374.4000244140625
 20
282.79998779296875
 10
374.4000244140625
 20
282.66665988498266
 10
374.4000244140625
 20
282.5333319769965
 10
374.4000244140625
 20
282.4333190917969
 10
374.4000244140625
 20
282.2999911838108
 10
374.4000244140625
 20
282.16666327582465
 10
374.4000244140625
 20
282.03333536783856
 10
374.4000244140625
 20
281.9333224826389
 10
374.4000244140625
 20
281.79999457465277
 10
374.4000244140625
 20
281.6666666666667
 10
374.4000244140625
 20
281.56665378146704
  0
LWPOLYLINE
  5
218
330
17
100
AcDbEntity
  8
ESTRUCTURAS
100
AcDbPolyline
 90
12
 70
0
 10
372.66665988498266
 20
283.26665242513025
 10
372.7666897243924
 20
283.26665242513025
 10
372.9000176323785
 20
283.26665242513025
 10
373.0333455403646
 20
283.26665242513025
 10
373.1666734483507
 20
283.26665242513025
 10
373.30000135633685
 20
283.26665242513025
 10
373.46666124131946
 20
283.26665242513025
 10
373.5666910807292
 20
283.26665242513025
 10
373.70001898871527
 20
283.26665242513025
 10
373.8333468967014
 20
283.26665242513025
 10
373.9666748046875
 20
283.26665242513025
 10
374.10000271267364
 20
283.26665242513025
  0
LWPOLYLINE
  5
219
330
17
100
AcDbEntity
  8
ESTRUCTURAS
100
AcDbPolyline
 90
12
 70
0
 10
373.1666734483507
 20
282.2999911838108
 10
373.20000542534723
 20
282.16666327582465
 10
373.3666653103299
 20
282.0666673448351
 10
373.499993218316
 20
282.0666673448351
 10
373.6000230577257
 20
282.1333312988281
 10
373.66668701171875
 20
282.26665920681427
 10
373.63335503472223
 20
282.39998711480035
 10
373.5666910807292
 20
282.5
 10
373.46666124131946
 20
282.5333319769965
 10
373.30000135633685
 20
282.5333319769965
 10
373.20000542534723
 20
282.4333190917969
 10
373.1666734483507
 20
282.2999911838108
  0
LWPOLYLINE
  5
21A
330
17
100
AcDbEntity
  8
ESTRUCTURAS
100
AcDbPolyline
 90
10
 70
0
 10
365.0333319769965
 20
282.24907769097223
 10
365.06515906916724
 20
282.1467329396142
 10
365.1806238624785
 20
282.0702064037323
 10
365.2888811959161
 20
282.0814241303338
 10
365.39204767180814
 20
282.1963499693407
 10
365.39150094820394
 20
282.3053842617406
 10
365.3032581922081
 20
282.4116308656004
 10
365.1970193700658
 20
282.4322813211216
 10
365.0863859388564
 20
282.3789829678006
 10
365.0341845303774
 20
282.2678269818425
  0
LWPOLYLINE
  5
21B
330
17
100
AcDbEntity
  8
ESTRUCTURAS
100
AcDbPolyline
 90
10
 70
0
 10
360.60000949435766
 20
282.24907769097223
 10
360.6318365865284
 20
282.1467329396142
 10
360.7473013798396
 20
282.0702064037323
 10
360.8555587132772
 20
282.0814241303338
 10
360.9587251891693
 20
282.1963499693407
 10
360.9581784655651
 20
282.3053842617406
 10
360.86993570956923
 20
282.4116308656004
 10
360.76369688742693
 20
282.4322813211216
 10
360.65306345621747
 20
282.3789829678006
 10
360.60086204773853
 20
282.2678269818425
  0
LWPOLYLINE
  5
21C
330
17
100
AcDbEntity
  8
ESTRUCTURAS
100
AcDbPolyline
 90
17
 70
0
 10
365.0333319769965
 20
282.2520446777344
 10
365.01118228667315
 20
282.686568842166
 10
364.9465777476629
 20
283.10852087206314
 10
364.84165573285685
 20
283.51576540619135
 10
364.69855361514624
 20
283.9061670833164
 10
364.5194087674221
 20
284.2775905422039
 10
364.30635856257544
 20
284.6279004216194
 10
364.06154037349756
 20
284.95496136032875
 10
363.78709157307946
 20
285.25663799709747
 10
363.4851495342122
 20
285.5307949706912
 10
363.15785162978705
 20
285.7752969198757
 10
362.807335232695
 20
285.98800848341654
 10
362.4357377158271
 20
286.16679430007935
 10
362.0451964520746
 20
286.3095190086299
 10
361.63784881432855
 20
286.4140472478337
 10
361.21583217548
 20
286.47824365645647
 10
360.78128390842016
 20
286.4999728732639
  0
LWPOLYLINE
  5
21D
330
17
100
AcDbEntity
  8
ESTRUCTURAS
100
AcDbPolyline
 90
5
 70
0
 10
283.9666748046875
 20
290.29998779296875
 10
279.9666680230035
 20
290.26665581597223
 10
279.9666680230035
 20
286.2666490342882
 10
283.9666748046875
 20
286.29998101128473
 10
283.9666748046875
 20
290.29998779296875
  0
LWPOLYLINE
  5
21E
330
17
100
AcDbEntity
  8
ESTRUCTURAS
100
AcDbPolyline
 90
65
 70
0
 10
310.361328125
 20
354.23346625434027
 10
310.52672088974055
 20
354.239558958345
 10
310.68755951192645
 20
354.26186760266626
 10
310.8430203050375
 20
354.2995906041728
 10
310.99227958255346
 20
354.35192637973364
 10
311.134513657954
 20
354.4180733462175
 10
311.26889884471893
 20
354.4972299204932
 10
311.394611456328
 20
354.58859451942976
 10
311.51082780626086
 20
354.69136555989587
 10
311.6167242079973
 20
354.80474145876036
 10
311.71147697501715
 20
354.9279206328922
 10
311.7942624208
 20
355.06010149916017
 10
311.8642568588257
 20
355.20048247443304
 10
311.92063660257395
 20
355.3482619755798
 10
311.9625779655245
 20
355.50263841946924
 10
311.98925726115704
 20
355.6628102229701
 10
311.9998508029514
 20
355.8279758029514
 10
311.99375809894667
 20
355.9933685676919
 10
311.9714494546255
 20
356.15420718987787
 10
311.9337264531189
 20
356.3096679829889
 10
311.88139067755804
 20
356.4589272605048
 10
311.81524371107423
 20
356.60116133590543
 10
311.73608713679846
 20
356.73554652267035
 10
311.6447225378619
 20
356.86125913427935
 10
311.54195149739587
 20
356.9774754842123
 10
311.4285755985313
 20
357.08337188594874
 10
311.3053964243995
 20
357.1781246529685
 10
311.1732155581316
 20
357.2609100987514
 10
311.03283458285864
 20
357.3309045367771
 10
310.88505508171187
 20
357.3872842805253
 10
310.7306786378225
 20
357.4292256434759
 10
310.5705068343216
 20
357.45590493910845
 10
310.40534125434027
 20
357.46649848090277
 10
310.2399484895998
 20
357.4604057768981
 10
310.0791098674139
 20
357.43809713257684
 10
309.9236490743028
 20
357.40037413107024
 10
309.77438979678686
 20
357.34803835550946
 10
309.6321557213863
 20
357.2818913890256
 10
309.49777053462134
 20
357.2027348147498
 10
309.37205792301233
 20
357.11137021581334
 10
309.25584157307946
 20
357.00859917534723
 10
309.14994517134295
 20
356.8952232764827
 10
309.0551924043232
 20
356.7720441023509
 10
308.9724069585403
 20
356.63986323608293
 10
308.9024125205146
 20
356.49948226081
 10
308.8460327767664
 20
356.3517027596633
 10
308.80409141381585
 20
356.19732631577386
 10
308.77741211818324
 20
356.03715451227293
 10
308.7668185763889
 20
355.8719889322917
 10
308.7729112803936
 20
355.70659616755114
 10
308.79521992471484
 20
355.54575754536523
 10
308.83294292622145
 20
355.3902967522542
 10
308.8852787017822
 20
355.2410374747382
 10
308.9514256682661
 20
355.09880339933767
 10
309.03058224254187
 20
354.96441821257275
 10
309.12194684147835
 20
354.8387056009637
 10
309.22471788194446
 20
354.7224892510308
 10
309.338093780809
 20
354.61659284929436
 10
309.4612729549408
 20
354.52184008227454
 10
309.59345382120875
 20
354.4390546364917
 10
309.7338347964817
 20
354.369060198466
 10
309.8816142976284
 20
354.31268045471774
 10
310.0359907415178
 20
354.2707390917672
 10
310.19616254501875
 20
354.24405979613465
 10
310.361328125
 20
354.23346625434027
  0
LWPOLYLINE
  5
21F
330
17
100
AcDbEntity
  8
ESTRUCTURAS
100
AcDbPolyline
 90
4
 70
0
 10
311.500006781684
 20
354.6666463216146
 10
313.20000542534723
 20
352.40000406901044
 10
307.4666680230035
 20
352.4666680230035
 10
309.23333062065973
 20
354.69997829861114
  0
LWPOLYLINE
  5
220
330
17
100
AcDbEntity
  8
ESTRUCTURAS
100
AcDbPolyline
 90
5
 70
0
 10
175.70000542534723
 20
335.73333740234375
 10
175.46668158637152
 20
334.9666680230035
 10
177.06668429904514
 20
334.49998643663196
 10
177.30000813802084
 20
335.26665581597223
 10
175.70000542534723
 20
335.73333740234375
  0
LWPOLYLINE
  5
221
330
17
100
AcDbEntity
  8
ESTRUCTURAS
100
AcDbPolyline
 90
5
 70
0
 10
266.60000271267364
 20
250.06666395399307
 10
266.63333468967016
 20
248.1333245171441
 10
269.23333062065973
 20
248.16665649414062
 10
269.1999986436632
 20
250.0999959309896
 10
266.60000271267364
 20
250.06666395399307
  0
LWPOLYLINE
  5
222
330
17
100
AcDbEntity
  8
ESTRUCTURAS
100
AcDbPolyline
 90
5
 70
0
 10
266.9000244140625
 20
247.1999952528212
 10
267.06668429904516
 20
245.89999728732639
 10
268.8000149197049
 20
246.1333211263021
 10
268.66668701171875
 20
247.39998711480035
 10
266.9000244140625
 20
247.1999952528212
  0
LWPOLYLINE
  5
223
330
17
100
AcDbEntity
  8
ESTRUCTURAS
100
AcDbPolyline
 90
65
 70
0
 10
275.70000542534723
 20
248.28876071506076
 10
275.69110326882867
 20
248.4540272338523
 10
275.66606571276986
 20
248.61446453465356
 10
275.625708123876
 20
248.7692627393537
 10
275.5708458688524
 20
248.91761196984186
 10
275.50229431440437
 20
249.0587023480071
 10
275.42086882723703
 20
249.19172399573858
 10
275.32738477405576
 20
249.31586703492536
 10
275.2226575215658
 20
249.4303215874566
 10
275.1075024364723
 20
249.53427777522143
 10
274.9827348854807
 20
249.6269257201089
 10
274.8491702352961
 20
249.70745554400816
 10
274.70762385262384
 20
249.77505736880835
 10
274.55891110416917
 20
249.82892131639852
 10
274.40384735663736
 20
249.86823750866785
 10
274.2432479767336
 20
249.89219606750544
 10
274.0779283311632
 20
249.89998711480035
 10
273.9126618123717
 20
249.8910849582818
 10
273.75222451157043
 20
249.86604740222296
 10
273.59742630687026
 20
249.82568981332912
 10
273.44907707638214
 20
249.77082755830554
 10
273.3079866982169
 20
249.70227600385746
 10
273.1749650504854
 20
249.62085051669015
 10
273.05082201129864
 20
249.52736646350888
 10
272.9363674587674
 20
249.4226392110189
 10
272.83241127100257
 20
249.30748412592544
 10
272.7397633261151
 20
249.1827165749338
 10
272.65923350221584
 20
249.04915192474922
 10
272.59163167741565
 20
248.90760554207696
 10
272.5377677298255
 20
248.7588927936223
 10
272.49845153755615
 20
248.60382904609045
 10
272.47449297871856
 20
248.4432296661867
 10
272.46670193142364
 20
248.27791002061633
 10
272.4756040879422
 20
248.1126435018248
 10
272.500641644001
 20
247.95220620102353
 10
272.5409992328949
 20
247.7974079963234
 10
272.59586148791846
 20
247.64905876583524
 10
272.6644130423665
 20
247.50796838767
 10
272.74583852953384
 20
247.37494673993854
 10
272.8393225827151
 20
247.25080370075173
 10
272.9440498352051
 20
247.1363491482205
 10
273.05920492029855
 20
247.0323929604557
 10
273.1839724712902
 20
246.9397450155682
 10
273.31753712147474
 20
246.85921519166894
 10
273.45908350414703
 20
246.79161336686877
 10
273.6077962526017
 20
246.73774941927857
 10
273.7628600001335
 20
246.69843322700925
 10
273.9234593800373
 20
246.67447466817168
 10
274.08877902560766
 20
246.66668362087674
 10
274.25404554439916
 20
246.6755857773953
 10
274.41448284520044
 20
246.70062333345413
 10
274.5692810499006
 20
246.74098092234797
 10
274.71763028038873
 20
246.79584317737155
 10
274.858720658554
 20
246.86439473181963
 10
274.99174230628546
 20
246.94582021898694
 10
275.11588534547224
 20
247.0393042721682
 10
275.2303398980035
 20
247.1440315246582
 10
275.3342960857683
 20
247.25918660975165
 10
275.42694403065576
 20
247.3839541607433
 10
275.50747385455503
 20
247.51751881092787
 10
275.5750756793552
 20
247.65906519360013
 10
275.6289396269454
 20
247.8077779420548
 10
275.6682558192147
 20
247.96284168958664
 10
275.6922143780523
 20
248.12344106949038
 10
275.70000542534723
 20
248.28876071506076
  0
LWPOLYLINE
  5
224
330
17
100
AcDbEntity
  8
ESTRUCTURAS
100
AcDbPolyline
 90
4
 70
0
 10
275.23335774739587
 20
249.39999050564236
 10
277.4666680230035
 20
251.16665310329861
 10
277.5
 20
245.43333265516495
 10
275.23335774739587
 20
247.16666327582467
  0
LWPOLYLINE
  5
225
330
17
100
AcDbEntity
  8
ESTRUCTURAS
100
AcDbPolyline
 90
5
 70
0
 10
245.5333455403646
 20
191.89999050564236
 10
249.26666259765625
 20
192.03333536783856
 10
249.16666666666669
 20
195.03333197699655
 10
245.433349609375
 20
194.90000406901044
 10
245.5333455403646
 20
191.89999050564236
  0
LWPOLYLINE
  5
226
330
17
100
AcDbEntity
  8
ESTRUCTURAS
100
AcDbPolyline
 90
65
 70
0
 10
314.64287651909723
 20
168.0994839138455
 10
314.4778440478775
 20
168.0870059877634
 10
314.31798888577356
 20
168.05850062105392
 10
314.16410302950277
 20
168.01480054027505
 10
314.0169784757826
 20
167.95673847198486
 10
313.87740722133054
 20
167.88514714274143
 10
313.746181262864
 20
167.80085927910275
 10
313.62409259710046
 20
167.70470760762691
 10
313.5119332207574
 20
167.59752485487198
 10
313.4104951305522
 20
167.48014374739594
 10
313.32057032320233
 20
167.3533970117569
 10
313.2429507954253
 20
167.2181173745129
 10
313.17842854393854
 20
167.07513756222195
 10
313.12779556545945
 20
166.92529030144215
 10
313.09184385670557
 20
166.76940831873154
 10
313.0713654143943
 20
166.60832434064812
 10
313.06715223524304
 20
166.44287109375
 10
313.07963333196113
 20
166.277838440405
 10
313.10814181963605
 20
166.1179827981525
 10
313.15184492203923
 20
165.96409626305103
 10
313.2099098629422
 20
165.81697093115912
 10
313.2815038661162
 20
165.6773988985353
 10
313.36579415533276
 20
165.5461722612381
 10
313.4619479543633
 20
165.42408311532603
 10
313.5691324869792
 20
165.31192355685764
 10
313.6865149769518
 20
165.21048568189144
 10
313.81326264805267
 20
165.12056158648596
 10
313.9485427240531
 20
165.04294336669975
 10
314.0915224287245
 20
164.9784231185913
 10
314.2413689858384
 20
164.92779293821917
 10
314.3972496191661
 20
164.89184492164188
 10
314.558331552479
 20
164.87137116491795
 10
314.72378200954864
 20
164.8671637641059
 10
314.8888144807683
 20
164.87964169018798
 10
315.0486696428723
 20
164.9081470568975
 10
315.2025554991431
 20
164.95184713767634
 10
315.3496800528632
 20
165.00990920596652
 10
315.4892513073153
 20
165.08150053520998
 10
315.62047726578186
 20
165.16578839884863
 10
315.74256593154536
 20
165.26194007032447
 10
315.8547253078885
 20
165.36912282307944
 10
315.9561633980937
 20
165.48650393055544
 10
316.0460882054435
 20
165.6132506661945
 10
316.12370773322056
 20
165.7485303034385
 10
316.18822998470733
 20
165.89151011572943
 10
316.23886296318636
 20
166.04135737650924
 10
316.2748146719403
 20
166.19723935921988
 10
316.2952931142516
 20
166.35832333730326
 10
316.29950629340277
 20
166.52377658420139
 10
316.28702519668474
 20
166.6888092375464
 10
316.2585167090098
 20
166.8486648797989
 10
316.2148136066066
 20
167.00255141490035
 10
316.1567486657037
 20
167.14967674679227
 10
316.08515466252965
 20
167.28924877941608
 10
316.00086437331305
 20
167.4204754167133
 10
315.90471057428255
 20
167.54256456262536
 10
315.7975260416667
 20
167.65472412109375
 10
315.680143551694
 20
167.75616199605994
 10
315.5533958805932
 20
167.84608609146542
 10
315.4181158045928
 20
167.92370431125164
 10
315.2751360999213
 20
167.98822455936008
 10
315.1252895428075
 20
168.03885473973222
 10
314.9694089094798
 20
168.0748027563095
 10
314.8083269761668
 20
168.09527651303344
 10
314.64287651909723
 20
168.0994839138455
  0
LWPOLYLINE
  5
227
330
17
100
AcDbEntity
  8
ESTRUCTURAS
100
AcDbPolyline
 90
4
 70
0
 10
313.53335910373266
 20
167.56666395399307
 10
311.73333062065973
 20
169.76665920681424
 10
317.4666680230035
 20
169.93333604600696
 10
315.8000013563368
 20
167.63332790798611
  0
LWPOLYLINE
  5
228
330
17
100
AcDbEntity
  8
ESTRUCTURAS
100
AcDbPolyline
 90
3
 70
0
 10
307.16668023003473
 20
94.69999525282118
 10
306.73333062065973
 20
94.76666768391928
 10
306.3333468967014
 20
94.73332722981772
  0
LWPOLYLINE
  5
229
330
17
100
AcDbEntity
  8
ESTRUCTURAS
100
AcDbPolyline
 90
57
 70
0
 10
250.86666531032986
 20
184.08440483940973
 10
250.8601017586059
 20
184.2122050209178
 10
250.84105289644666
 20
184.33630261156296
 10
250.8101476273603
 20
184.4560698254241
 10
250.768014854855
 20
184.57087887658014
 10
250.715283482439
 20
184.68010197911
 10
250.65258241362042
 20
184.78311134709253
 10
250.49978680080838
 20
184.96797773573135
 10
250.31465924448437
 20
185.1204557551278
 10
250.21154324627585
 20
185.18297966155743
 10
250.1022309727139
 20
185.23552311791315
 10
249.9873513273067
 20
185.2774583382739
 10
249.86753321356244
 20
185.3081575367186
 10
249.7434055349893
 20
185.3269929273261
 10
249.6155971950955
 20
185.33333672417535
 10
249.48779701358742
 20
185.3267731724514
 10
249.3636994229423
 20
185.30772431029214
 10
249.24393220908112
 20
185.27681904120578
 10
249.12912315792508
 20
185.2346862687005
 10
249.01990005539525
 20
185.18195489628448
 10
248.9168906874127
 20
185.1192538274659
 10
248.7320242987739
 20
184.96645821465387
 10
248.5795462793774
 20
184.78133065832986
 10
248.51702237294782
 20
184.67821466012134
 10
248.46447891659207
 20
184.5689023865594
 10
248.42254369623132
 20
184.4540227411522
 10
248.39184449778665
 20
184.33420462740793
 10
248.37300910717912
 20
184.2100769488348
 10
248.36666531032986
 20
184.08226860894098
 10
248.37322886205382
 20
183.95446842743291
 10
248.39227772421307
 20
183.83037083678775
 10
248.42318299329943
 20
183.7106036229266
 10
248.46531576580472
 20
183.59579457177057
 10
248.51804713822074
 20
183.48657146924072
 10
248.5807482070393
 20
183.38356210125818
 10
248.73354381985135
 20
183.19869571261935
 10
248.91867137617535
 20
183.0462176932229
 10
249.02178737438388
 20
182.98369378679328
 10
249.13109964794583
 20
182.93115033043756
 10
249.24597929335303
 20
182.8892151100768
 10
249.3657974070973
 20
182.8585159116321
 10
249.48992508567042
 20
182.8396805210246
 10
249.61773342556424
 20
182.83333672417535
 10
249.7455336070723
 20
182.8399002758993
 10
249.86963119771747
 20
182.85894913805856
 10
249.9893984115786
 20
182.88985440714492
 10
250.10420746273465
 20
182.9319871796502
 10
250.2134305652645
 20
182.98471855206623
 10
250.31643993324704
 20
183.0474196208848
 10
250.50130632188586
 20
183.20021523369684
 10
250.65378434128232
 20
183.38534279002084
 10
250.71630824771194
 20
183.48845878822937
 10
250.76885170406766
 20
183.59777106179132
 10
250.8107869244284
 20
183.71265070719852
 10
250.8414861228731
 20
183.83246882094278
 10
250.8603215134806
 20
183.9565964995159
 10
250.86666531032986
 20
184.08440483940973
  0
LWPOLYLINE
  5
22A
330
17
100
AcDbEntity
  8
ESTRUCTURAS
100
AcDbPolyline
 90
57
 70
0
 10
184.00000678168405
 20
185.01773410373264
 10
183.9934432299601
 20
185.1455342852407
 10
183.97439436780084
 20
185.26963187588586
 10
183.94348909871448
 20
185.389399089747
 10
183.9013563262092
 20
185.50420814090305
 10
183.84862495379318
 20
185.6134312434329
 10
183.7859238849746
 20
185.71644061141544
 10
183.63312827216257
 20
185.90130700005426
 10
183.44800071583856
 20
186.05378501945071
 10
183.34488471763004
 20
186.11630892588033
 10
183.23557244406808
 20
186.16885238223605
 10
183.12069279866088
 20
186.2107876025968
 10
183.00087468491662
 20
186.2414868010415
 10
182.8767470063435
 20
186.260322191649
 10
182.74893866644967
 20
186.26666598849826
 10
182.6211384849416
 20
186.2601024367743
 10
182.49704089429645
 20
186.24105357461505
 10
182.3772736804353
 20
186.2101483055287
 10
182.26246462927926
 20
186.1680155330234
 10
182.1532415267494
 20
186.1152841606074
 10
182.05023215876687
 20
186.05258309178882
 10
181.86536577012805
 20
185.89978747897678
 10
181.7128877507316
 20
185.71465992265277
 10
181.65036384430198
 20
185.61154392444425
 10
181.59782038794626
 20
185.5022316508823
 10
181.5558851675855
 20
185.3873520054751
 10
181.5251859691408
 20
185.26753389173084
 10
181.5063505785333
 20
185.1434062131577
 10
181.50000678168405
 20
185.01559787326389
 10
181.506570333408
 20
184.88779769175582
 10
181.52561919556726
 20
184.7637001011107
 10
181.55652446465362
 20
184.64393288724952
 10
181.5986572371589
 20
184.52912383609348
 10
181.65138860957492
 20
184.41990073356365
 10
181.7140896783935
 20
184.31689136558109
 10
181.86688529120553
 20
184.1320249769423
 10
182.05201284752954
 20
183.9795469575458
 10
182.15512884573806
 20
183.91702305111622
 10
182.26444111930002
 20
183.86447959476047
 10
182.37932076470722
 20
183.8225443743997
 10
182.49913887845148
 20
183.79184517595505
 10
182.6232665570246
 20
183.7730097853475
 10
182.75107489691842
 20
183.76666598849826
 10
182.8788750784265
 20
183.77322954022222
 10
183.00297266907162
 20
183.79227840238147
 10
183.1227398829328
 20
183.82318367146783
 10
183.23754893408884
 20
183.86531644397311
 10
183.34677203661866
 20
183.91804781638913
 10
183.44978140460123
 20
183.9807488852077
 10
183.63464779324002
 20
184.13354449801975
 10
183.7871258126365
 20
184.31867205434375
 10
183.8496497190661
 20
184.42178805255227
 10
183.90219317542184
 20
184.53110032611423
 10
183.9441283957826
 20
184.64597997152143
 10
183.97482759422726
 20
184.7657980852657
 10
183.9936629848348
 20
184.88992576383882
 10
184.00000678168405
 20
185.01773410373264
  0
LWPOLYLINE
  5
22B
330
17
100
AcDbEntity
  8
ESTRUCTURAS
100
AcDbPolyline
 90
57
 70
0
 10
169.66668023003473
 20
184.9510701497396
 10
169.66011667831077
 20
185.07887033124766
 10
169.64106781615152
 20
185.20296792189282
 10
169.61016254706516
 20
185.32273513575396
 10
169.56802977455988
 20
185.43754418691
 10
169.51529840214386
 20
185.54676728943986
 10
169.4525973333253
 20
185.6497766574224
 10
169.29980172051324
 20
185.83464304606122
 10
169.11467416418924
 20
185.98712106545767
 10
169.01155816598072
 20
186.0496449718873
 10
168.90224589241876
 20
186.102188428243
 10
168.78736624701156
 20
186.14412364860377
 10
168.6675481332673
 20
186.17482284704846
 10
168.54342045469417
 20
186.19365823765597
 10
168.41561211480035
 20
186.20000203450522
 10
168.2878119332923
 20
186.19343848278126
 10
168.16371434264713
 20
186.174389620622
 10
168.043947128786
 20
186.14348435153565
 10
167.92913807762994
 20
186.10135157903036
 10
167.8199149751001
 20
186.04862020661434
 10
167.71690560711755
 20
185.98591913779578
 10
167.53203921847873
 20
185.83312352498373
 10
167.37956119908227
 20
185.64799596865973
 10
167.31703729265266
 20
185.5448799704512
 10
167.26449383629694
 20
185.43556769688925
 10
167.22255861593618
 20
185.32068805148205
 10
167.1918594174915
 20
185.2008699377378
 10
167.17302402688398
 20
185.07674225916466
 10
167.16668023003473
 20
184.94893391927084
 10
167.17324378175869
 20
184.82113373776278
 10
167.19229264391794
 20
184.69703614711761
 10
167.2231979130043
 20
184.57726893325648
 10
167.26533068550958
 20
184.46245988210043
 10
167.3180620579256
 20
184.35323677957058
 10
167.38076312674417
 20
184.25022741158804
 10
167.5335587395562
 20
184.06536102294922
 10
167.71868629588022
 20
183.91288300355276
 10
167.82180229408874
 20
183.85035909712315
 10
167.9311145676507
 20
183.79781564076742
 10
168.0459942130579
 20
183.75588042040667
 10
168.16581232680215
 20
183.72518122196198
 10
168.28994000537529
 20
183.70634583135447
 10
168.4177483452691
 20
183.70000203450522
 10
168.54554852677717
 20
183.70656558622917
 10
168.66964611742233
 20
183.72561444838843
 10
168.78941333128347
 20
183.7565197174748
 10
168.9042223824395
 20
183.79865248998007
 10
169.01344548496937
 20
183.8513838623961
 10
169.1164548529519
 20
183.91408493121466
 10
169.30132124159073
 20
184.0668805440267
 10
169.45379926098718
 20
184.2520081003507
 10
169.5163231674168
 20
184.35512409855923
 10
169.56886662377252
 20
184.46443637212118
 10
169.61080184413328
 20
184.57931601752838
 10
169.64150104257797
 20
184.69913413127264
 10
169.66033643318548
 20
184.82326180984577
 10
169.66668023003473
 20
184.9510701497396
  0
LWPOLYLINE
  5
22C
330
17
100
AcDbEntity
  8
ESTRUCTURAS
100
AcDbPolyline
 90
5
 70
0
 10
353.1333414713542
 20
166.39999389648438
 10
355.0333319769965
 20
166.39999389648438
 10
355.0333319769965
 20
163.59998914930557
 10
353.1333414713542
 20
163.59998914930557
 10
353.1333414713542
 20
166.39999389648438
  0
LWPOLYLINE
  5
22D
330
17
100
AcDbEntity
  8
ESTRUCTURAS
100
AcDbPolyline
 90
5
 70
0
 10
355.50001356336804
 20
170.96666124131946
 10
355.4666815863715
 20
169.0333218044705
 10
353.0333455403646
 20
169.10000271267361
 10
353.06667751736114
 20
170.99999321831598
 10
355.50001356336804
 20
170.96666124131946
  0
LWPOLYLINE
  5
22E
330
17
100
AcDbEntity
  8
ESTRUCTURAS
100
AcDbPolyline
 90
5
 70
0
 10
353.46666124131946
 20
154.53333536783856
 10
355.433349609375
 20
154.5999993218316
 10
355.33335367838544
 20
157.06666734483508
 10
353.3666653103299
 20
157.000003390842
 10
353.46666124131946
 20
154.53333536783856
  0
LWPOLYLINE
  5
22F
330
17
100
AcDbEntity
  8
ESTRUCTURAS
100
AcDbPolyline
 90
5
 70
0
 10
395.4000176323785
 20
279.09998575846356
 10
395.4000176323785
 20
280.76665242513025
 10
398.0333455403646
 20
280.8000013563368
 10
398.0333455403646
 20
279.13333468967016
 10
395.4000176323785
 20
279.09998575846356
  0
LWPOLYLINE
  5
230
330
17
100
AcDbEntity
  8
ESTRUCTURAS
100
AcDbPolyline
 90
65
 70
0
 10
355.545654296875
 20
353.64149305555554
 10
355.7092730618186
 20
353.6663949572378
 10
355.866519941224
 20
353.70688709947797
 10
356.01666800677776
 20
353.76207943591805
 10
356.1589903301663
 20
353.83108192019995
 10
356.292759983076
 20
353.91300450596543
 10
356.4172500371933
 20
354.0069571468565
 10
356.53173356420467
 20
354.11204979651507
 10
356.63548363579645
 20
354.2273924085829
 10
356.72777332365513
 20
354.352094936702
 10
356.80787569946716
 20
354.4852673345142
 10
356.8750638349189
 20
354.6260195556614
 10
356.9286108016968
 20
354.7734615537855
 10
356.9677896714873
 20
354.9267032825285
 10
356.9918735159768
 20
355.08485469553204
 10
357.00013540685177
 20
355.2470257464382
 10
356.99184841579864
 20
355.4123263888889
 10
356.9669465141164
 20
355.57594515383244
 10
356.9264543718762
 20
355.7331920332379
 10
356.87126203543613
 20
355.8833400987917
 10
356.80225955115424
 20
356.0256624221802
 10
356.72033696538875
 20
356.1594320750899
 10
356.6263843244977
 20
356.2839221292072
 10
356.5212916748391
 20
356.39840565621853
 10
356.4059490627713
 20
356.50215572781036
 10
356.2812465346522
 20
356.59444541566904
 10
356.14807413683997
 20
356.674547791481
 10
356.0073219156928
 20
356.7417359269328
 10
355.85987991756866
 20
356.7952828937107
 10
355.7066381888257
 20
356.83446176350117
 10
355.54848677582214
 20
356.8585456079907
 10
355.38631572491596
 20
356.8668074988657
 10
355.22101508246527
 20
356.8585205078125
 10
355.05739631752175
 20
356.8336186061303
 10
354.9001494381163
 20
356.7931264638901
 10
354.7500013725625
 20
356.73793412745
 10
354.607679049174
 20
356.66893164316815
 10
354.4739093962643
 20
356.5870090574026
 10
354.349419342147
 20
356.49305641651154
 10
354.23493581513566
 20
356.38796376685303
 10
354.1311857435438
 20
356.27262115478516
 10
354.03889605568514
 20
356.14791862666607
 10
353.95879367987317
 20
356.0147462288539
 10
353.8916055444214
 20
355.87399400770664
 10
353.8380585776435
 20
355.7265520095825
 10
353.798879707853
 20
355.5733102808396
 10
353.77479586336347
 20
355.415158867836
 10
353.7665339724885
 20
355.2529878169298
 10
353.7748209635417
 20
355.0876871744792
 10
353.7997228652239
 20
354.9240684095356
 10
353.8402150074641
 20
354.7668215301302
 10
353.8954073439042
 20
354.6166734645764
 10
353.96440982818604
 20
354.47435114118787
 10
354.0463324139516
 20
354.3405814882782
 10
354.14028505484265
 20
354.2160914341609
 10
354.24537770450115
 20
354.1016079071495
 10
354.36072031656903
 20
353.99785783555774
 10
354.4854228446881
 20
353.90556814769906
 10
354.6185952425003
 20
353.825465771887
 10
354.75934746364754
 20
353.7582776364353
 10
354.90678946177167
 20
353.7047306696574
 10
355.06003119051456
 20
353.6655517998669
 10
355.2181826035182
 20
353.6414679553774
 10
355.38035365442437
 20
353.6332060645024
 10
355.545654296875
 20
353.64149305555554
  0
LWPOLYLINE
  5
231
330
17
100
AcDbEntity
  8
ESTRUCTURAS
100
AcDbPolyline
 90
4
 70
0
 10
356.6666666666667
 20
354.23333062065973
 10
358.6000230577257
 20
352.1666463216146
 10
352.9000176323785
 20
351.60000271267364
 10
354.4000244140625
 20
354.000006781684
  0
LWPOLYLINE
  5
232
330
17
100
AcDbEntity
  8
ESTRUCTURAS
100
AcDbPolyline
 90
5
 70
0
 10
442.5666639539931
 20
335.6666734483507
 10
442.5333319769965
 20
337.23331027560766
 10
445.10002983940973
 20
337.30000813802087
 10
445.10002983940973
 20
335.73333740234375
 10
442.5666639539931
 20
335.6666734483507
  0
LWPOLYLINE
  5
233
330
17
100
AcDbEntity
  8
ESTRUCTURAS
100
AcDbPolyline
 90
5
 70
0
 10
465.5000135633681
 20
337.23331027560766
 10
467.03335232204864
 20
337.3666720920139
 10
467.26667616102435
 20
334.69997829861114
 10
465.73333740234375
 20
334.566650390625
 10
465.5000135633681
 20
337.23331027560766
  0
LWPOLYLINE
  5
234
330
17
100
AcDbEntity
  8
ESTRUCTURAS
100
AcDbPolyline
 90
5
 70
0
 10
469.29999457465277
 20
335.4333157009549
 10
469.33336046006946
 20
336.9333224826389
 10
471.79999457465277
 20
336.8999905056424
 10
471.79999457465277
 20
335.39998372395837
 10
469.29999457465277
 20
335.4333157009549
  0
LWPOLYLINE
  5
235
330
17
100
AcDbEntity
  8
ESTRUCTURAS
100
AcDbPolyline
 90
5
 70
0
 10
465.83333333333337
 20
342.0999823676215
 10
468.10000949435766
 20
342.0999823676215
 10
468.10000949435766
 20
338.9666748046875
 10
465.8666653103299
 20
338.9666748046875
 10
465.83333333333337
 20
342.0999823676215
  0
LWPOLYLINE
  5
236
330
17
100
AcDbEntity
  8
ESTRUCTURAS
100
AcDbPolyline
 90
57
 70
0
 10
168.50002712673611
 20
335.15346950954864
 10
168.4933876701527
 20
335.27785138951407
 10
168.474602997303
 20
335.3986043400235
 10
168.444286464817
 20
335.51511860556076
 10
168.40305142932468
 20
335.6267844306098
 10
168.35151124745607
 20
335.7329920596547
 10
168.2902792758412
 20
335.83313173717926
 10
168.14119338989258
 20
336.01276821560333
 10
167.96070062451892
 20
336.1608158217536
 10
167.86021005362272
 20
336.221469408936
 10
167.75370783276028
 20
336.27239651150177
 10
167.6418073185616
 20
336.31298737393485
 10
167.5251218676567
 20
336.3426322407193
 10
167.4042648366756
 20
336.36072135633896
 10
167.27984958224826
 20
336.36664496527777
 10
167.15547068665427
 20
336.3600055128336
 10
167.03472034798727
 20
336.3412208689584
 10
166.91820834659868
 20
336.31090441511736
 10
166.80654446283978
 20
336.2696695327759
 10
166.70033847706185
 20
336.2181296033992
 10
166.60020016961627
 20
336.1568980084525
 10
166.42056571112738
 20
336.0078133477105
 10
166.27251933018368
 20
335.82732260227203
 10
166.21186611966954
 20
335.7268334014548
 10
166.16093926959567
 20
335.6203328238593
 10
166.1203485603134
 20
335.5084342509508
 10
166.09070377217398
 20
335.3917510641946
 10
166.0726146855288
 20
335.27089664505587
 10
166.06669108072919
 20
335.146484375
 10
166.07333053731256
 20
335.0221024950346
 10
166.09211521016226
 20
334.90134954452515
 10
166.1224317426483
 20
334.7848352789879
 10
166.1636667781406
 20
334.67316945393884
 10
166.2152069600092
 20
334.56696182489395
 10
166.2764389316241
 20
334.4668221473694
 10
166.4255248175727
 20
334.2871856689453
 10
166.60601758294635
 20
334.13913806279504
 10
166.70650815384255
 20
334.07848447561264
 10
166.81301037470502
 20
334.0275573730469
 10
166.92491088890367
 20
333.9869665106138
 10
167.04159633980856
 20
333.95732164382935
 10
167.1624533707897
 20
333.9392325282097
 10
167.286868625217
 20
333.93330891927087
 10
167.41124752081103
 20
333.93994837171505
 10
167.531997859478
 20
333.95873301559027
 10
167.6485098608666
 20
333.9890494694313
 10
167.76017374462552
 20
334.03028435177276
 10
167.86637973040342
 20
334.08182428114947
 10
167.966518037849
 20
334.1430558760961
 10
168.1461524963379
 20
334.29214053683813
 10
168.29419887728162
 20
334.4726312822766
 10
168.35485208779573
 20
334.5731204830938
 10
168.4057789378696
 20
334.6796210606893
 10
168.4463696471519
 20
334.79151963359783
 10
168.4760144352913
 20
334.90820282035406
 10
168.49410352193647
 20
335.0290572394928
 10
168.50002712673611
 20
335.15346950954864
  0
LWPOLYLINE
  5
237
330
17
100
AcDbEntity
  8
ESTRUCTURAS
100
AcDbPolyline
 90
6
 70
0
 10
176.63977728949652
 20
336.53327094184027
 10
176.49789625571833
 20
336.5218905525075
 10
176.36008905039893
 20
336.49112270938025
 10
176.22826942967043
 20
336.4417358653413
 10
176.10435114966498
 20
336.3744984732734
 10
175.9902479665147
 20
336.2901789860593
  0
LWPOLYLINE
  5
238
330
17
100
AcDbEntity
  8
ESTRUCTURAS
100
AcDbPolyline
 90
6
 70
0
 10
175.969729953342
 20
334.7611490885417
 10
176.08192779951625
 20
334.6735231081645
 10
176.204242044025
 20
334.6029345194499
 10
176.33474417858653
 20
334.55011288324994
 10
176.47150569491916
 20
334.5157877604167
 10
176.61259808474117
 20
334.5006887118022
  0
LWPOLYLINE
  5
239
330
17
100
AcDbEntity
  8
ESTRUCTURAS
100
AcDbPolyline
 90
6
 70
0
 10
188.3064439561632
 20
336.16658528645837
 10
188.16456292238502
 20
336.1552048971256
 10
188.0267557170656
 20
336.12443705399835
 10
187.89493609633712
 20
336.0750502099594
 10
187.77101781633166
 20
336.0078128178915
 10
187.65691463318137
 20
335.9234933306774
  0
LWPOLYLINE
  5
23A
330
17
100
AcDbEntity
  8
ESTRUCTURAS
100
AcDbPolyline
 90
6
 70
0
 10
187.6363966200087
 20
334.39446343315973
 10
187.74859446618294
 20
334.30683745278253
 10
187.87090871069168
 20
334.23624886406793
 10
188.00141084525322
 20
334.183427227868
 10
188.13817236158584
 20
334.14910210503473
 10
188.27926475140785
 20
334.1340030564202
  0
LWPOLYLINE
  5
23B
330
17
100
AcDbEntity
  8
ESTRUCTURAS
100
AcDbPolyline
 90
57
 70
0
 10
310.52015516493054
 20
354.29999457465277
 10
310.644537044896
 20
354.30663402709695
 10
310.7652899954054
 20
354.3254186709722
 10
310.88180426094266
 20
354.3557351248132
 10
310.99347008599176
 20
354.39697000715466
 10
311.0996777150366
 20
354.4485099365314
 10
311.19981739256116
 20
354.509741531478
 10
311.37945387098523
 20
354.6588261922201
 10
311.52750147713556
 20
354.8393169376585
 10
311.5881550643179
 20
354.9398061384758
 10
311.63908216688367
 20
355.04630671607123
 10
311.6796730293168
 20
355.15820528897973
 10
311.7093178961012
 20
355.274888475736
 10
311.72740701172086
 20
355.3957428948747
 10
311.73333062065973
 20
355.52015516493054
 10
311.72669116821555
 20
355.644537044896
 10
311.70790652434033
 20
355.76528999540545
 10
311.6775900704993
 20
355.8818042609427
 10
311.63635518815784
 20
355.99347008599176
 10
311.58481525878113
 20
356.09967771503665
 10
311.5235836638345
 20
356.1998173925612
 10
311.37449900309247
 20
356.3794538709853
 10
311.194008257654
 20
356.52750147713556
 10
311.0935190568368
 20
356.58815506431796
 10
310.98701847924127
 20
356.6390821668837
 10
310.87511990633277
 20
356.6796730293168
 10
310.75843671957654
 20
356.70931789610125
 10
310.6375823004378
 20
356.7274070117209
 10
310.51317003038196
 20
356.73333062065973
 10
310.3887881504165
 20
356.72669116821555
 10
310.2680351999071
 20
356.70790652434033
 10
310.15152093436984
 20
356.6775900704993
 10
310.03985510932074
 20
356.63635518815784
 10
309.9336474802759
 20
356.58481525878113
 10
309.83350780275134
 20
356.5235836638345
 10
309.65387132432727
 20
356.37449900309247
 10
309.50582371817694
 20
356.194008257654
 10
309.4451701309946
 20
356.0935190568368
 10
309.39424302842883
 20
355.98701847924127
 10
309.3536521659957
 20
355.87511990633277
 10
309.3240072992113
 20
355.75843671957654
 10
309.30591818359164
 20
355.6375823004378
 10
309.29999457465277
 20
355.51317003038196
 10
309.30663402709695
 20
355.3887881504165
 10
309.3254186709722
 20
355.2680351999071
 10
309.3557351248132
 20
355.15152093436984
 10
309.39697000715466
 20
355.03985510932074
 10
309.4485099365314
 20
354.9336474802759
 10
309.509741531478
 20
354.83350780275134
 10
309.6588261922201
 20
354.65387132432727
 10
309.8393169376585
 20
354.50582371817694
 10
309.9398061384758
 20
354.4451701309946
 10
310.04630671607123
 20
354.39424302842883
 10
310.15820528897973
 20
354.3536521659957
 10
310.274888475736
 20
354.3240072992113
 10
310.3957428948747
 20
354.30591818359164
 10
310.52015516493054
 20
354.29999457465277
  0
LWPOLYLINE
  5
23C
330
17
100
AcDbEntity
  8
ESTRUCTURAS
100
AcDbPolyline
 90
17
 70
0
 10
308.93025716145837
 20
353.92110188802087
 10
309.10158599416417
 20
353.76713675757253
 10
309.284051656723
 20
353.63379816214245
 10
309.47605465849244
 20
353.52108148237073
 10
309.67599550882977
 20
353.42898209889734
 10
309.8822747170925
 20
353.3574953923623
 10
310.0932927926382
 20
353.3066167434057
 10
310.3074502448241
 20
353.2763415326675
 10
310.5231475830078
 20
353.2666651407878
 10
310.7387853165468
 20
353.2775829484066
 10
310.9527639547984
 20
353.3090903361639
 10
311.16348400712013
 20
353.3611826846997
 10
311.3693459828695
 20
353.4338553746542
 10
311.56875039140385
 20
353.5271037866672
 10
311.7600977420807
 20
353.6409233013789
 10
311.9417885442575
 20
353.7753092994293
 10
312.1122233072917
 20
353.93025716145837
  0
LWPOLYLINE
  5
23D
330
17
100
AcDbEntity
  8
ESTRUCTURAS
100
AcDbPolyline
 90
6
 70
0
 10
312.56666395399304
 20
354.49998643663196
 10
312.06668429904516
 20
354.000006781684
 10
312.06668429904516
 20
352.23331027560766
 10
309.56668429904516
 20
352.23331027560766
 10
309.56668429904516
 20
353.9666748046875
 10
312.06668429904516
 20
354.000006781684
  0
LWPOLYLINE
  5
23E
330
17
100
AcDbEntity
  8
ESTRUCTURAS
100
AcDbPolyline
 90
57
 70
0
 10
295.56667751736114
 20
337.0201619466146
 10
295.56003806491697
 20
337.14454382658005
 10
295.5412534210417
 20
337.2652967770895
 10
295.51093696720073
 20
337.38181104262674
 10
295.46970208485925
 20
337.4934768676758
 10
295.4181621554825
 20
337.59968449672067
 10
295.3569305605359
 20
337.69982417424524
 10
295.2078458997938
 20
337.8794606526693
 10
295.0273551543554
 20
338.0275082588196
 10
294.92686595353814
 20
338.088161846002
 10
294.8203653759427
 20
338.13908894856775
 10
294.7084668030342
 20
338.1796798110008
 10
294.5917836162779
 20
338.2093246777853
 10
294.47092919713924
 20
338.22741379340493
 10
294.34651692708337
 20
338.23333740234375
 10
294.2221350471179
 20
338.2266979498996
 10
294.1013820966085
 20
338.20791330602435
 10
293.98486783107126
 20
338.17759685218334
 10
293.87320200602215
 20
338.13636196984186
 10
293.7669943769773
 20
338.08482204046516
 10
293.66685469945276
 20
338.0235904455185
 10
293.4872182210287
 20
337.8745057847765
 10
293.33917061487836
 20
337.694015039338
 10
293.278517027696
 20
337.5935258385208
 10
293.22758992513025
 20
337.4870252609253
 10
293.1869990626971
 20
337.3751266880168
 10
293.1573541959127
 20
337.25844350126056
 10
293.13926508029306
 20
337.13758908212185
 10
293.1333414713542
 20
337.013176812066
 10
293.13998092379836
 20
336.8887949321005
 10
293.1587655676736
 20
336.7680419815911
 10
293.1890820215146
 20
336.65152771605386
 10
293.2303169038561
 20
336.53986189100476
 10
293.2818568332328
 20
336.43365426195993
 10
293.34308842817944
 20
336.33351458443536
 10
293.49217308892145
 20
336.1538781060113
 10
293.6726638343599
 20
336.00583049986096
 10
293.77315303517713
 20
335.9451769126786
 10
293.87965361277264
 20
335.89424981011285
 10
293.99155218568114
 20
335.8536589476797
 10
294.1082353724374
 20
335.8240140808953
 10
294.2290897915761
 20
335.80592496527566
 10
294.35350206163196
 20
335.8000013563368
 10
294.47788394159744
 20
335.806640808781
 10
294.5986368921068
 20
335.82542545265625
 10
294.7151511576441
 20
335.8557419064972
 10
294.8268169826932
 20
335.89697678883874
 10
294.933024611738
 20
335.94851671821544
 10
295.0331642892626
 20
336.00974831316205
 10
295.21280076768664
 20
336.1588329739041
 10
295.360848373837
 20
336.3393237193426
 10
295.4215019610193
 20
336.4398129201598
 10
295.4724290635851
 20
336.54631349775525
 10
295.5130199260182
 20
336.6582120706638
 10
295.5426647928026
 20
336.77489525742004
 10
295.56075390842227
 20
336.8957496765587
 10
295.56667751736114
 20
337.0201619466146
  0
LWPOLYLINE
  5
23F
330
17
100
AcDbEntity
  8
ESTRUCTURAS
100
AcDbPolyline
 90
6
 70
0
 10
298.63335503472223
 20
337.19997829861114
 10
298.10000949435766
 20
336.6999986436632
 10
298.10000949435766
 20
334.93333604600696
 10
295.60000949435766
 20
334.93333604600696
 10
295.60000949435766
 20
336.6666666666667
 10
298.10000949435766
 20
336.6999986436632
  0
LWPOLYLINE
  5
240
330
17
100
AcDbEntity
  8
ESTRUCTURAS
100
AcDbPolyline
 90
6
 70
0
 10
373.76668294270837
 20
336.86665852864587
 10
373.23333740234375
 20
336.33331298828125
 10
373.26666937934027
 20
334.5999823676215
 10
370.76666937934027
 20
334.566650390625
 10
370.73333740234375
 20
336.33331298828125
 10
373.23333740234375
 20
336.33331298828125
  0
LWPOLYLINE
  5
241
330
17
100
AcDbEntity
  8
ESTRUCTURAS
100
AcDbPolyline
 90
6
 70
0
 10
356.5666707356771
 20
354.3333265516493
 10
356.0666910807292
 20
353.79998101128473
 10
356.0666910807292
 20
352.066650390625
 10
353.5666910807292
 20
352.066650390625
 10
353.5666910807292
 20
353.79998101128473
 10
356.0666910807292
 20
353.79998101128473
  0
LWPOLYLINE
  5
242
330
17
100
AcDbEntity
  8
ESTRUCTURAS
100
AcDbPolyline
 90
57
 70
0
 10
355.12017144097223
 20
354.13333468967016
 10
355.2445533209377
 20
354.13997414211434
 10
355.3653062714471
 20
354.15875878598956
 10
355.48182053698434
 20
354.1890752398306
 10
355.59348636203345
 20
354.23031012217206
 10
355.6996939910783
 20
354.28185005154876
 10
355.79983366860284
 20
354.3430816464954
 10
355.9794701470269
 20
354.4921663072374
 10
356.12751775317724
 20
354.6726570526759
 10
356.1881713403596
 20
354.7731462534931
 10
356.23909844292535
 20
354.8796468310886
 10
356.2796893053585
 20
354.9915454039971
 10
356.3093341721429
 20
355.10822859075336
 10
356.32742328776254
 20
355.22908300989207
 10
356.3333468967014
 20
355.35349527994794
 10
356.32670744425724
 20
355.4778771599134
 10
356.307922800382
 20
355.5986301104228
 10
356.277606346541
 20
355.71514437596005
 10
356.2363714641995
 20
355.82681020100915
 10
356.1848315348228
 20
355.933017830054
 10
356.12359993987616
 20
356.03315750757855
 10
355.97451527913415
 20
356.2127939860026
 10
355.7940245336957
 20
356.36084159215295
 10
355.69353533287847
 20
356.4214951793353
 10
355.58703475528296
 20
356.47242228190106
 10
355.47513618237446
 20
356.5130131443342
 10
355.3584529956182
 20
356.5426580111186
 10
355.2375985764795
 20
356.56074712673825
 10
355.11318630642364
 20
356.5666707356771
 10
354.98880442645816
 20
356.56003128323295
 10
354.8680514759488
 20
356.54124663935767
 10
354.7515372104115
 20
356.5109301855167
 10
354.6398713853624
 20
356.46969530317523
 10
354.5336637563176
 20
356.41815537379847
 10
354.433524078793
 20
356.35692377885186
 10
354.25388760036896
 20
356.2078391181098
 10
354.1058399942186
 20
356.0273483726714
 10
354.0451864070363
 20
355.9268591718541
 10
353.9942593044705
 20
355.82035859425866
 10
353.9536684420374
 20
355.70846002135016
 10
353.924023575253
 20
355.5917768345939
 10
353.90593445963333
 20
355.4709224154552
 10
353.90001085069446
 20
355.3465101453993
 10
353.90665030313863
 20
355.22212826543387
 10
353.92543494701385
 20
355.10137531492444
 10
353.95575140085487
 20
354.9848610493872
 10
353.99698628319635
 20
354.87319522433813
 10
354.04852621257305
 20
354.76698759529324
 10
354.1097578075197
 20
354.6668479177687
 10
354.2588424682617
 20
354.4872114393446
 10
354.4393332137002
 20
354.33916383319433
 10
354.5398224145174
 20
354.27851024601193
 10
354.6463229921129
 20
354.22758314344617
 10
354.7582215650214
 20
354.1869922810131
 10
354.87490475177765
 20
354.15734741422864
 10
354.99575917091636
 20
354.139258298609
 10
355.12017144097223
 20
354.13333468967016
  0
LWPOLYLINE
  5
243
330
17
100
AcDbEntity
  8
ESTRUCTURAS
100
AcDbPolyline
 90
17
 70
0
 10
353.5302734375
 20
353.7544420030382
 10
353.70160227020585
 20
353.60047687258987
 10
353.8840679327647
 20
353.4671382771598
 10
354.0760709345341
 20
353.35442159738807
 10
354.27601178487146
 20
353.2623222139147
 10
354.4822909931342
 20
353.19083550737963
 10
354.6933090686798
 20
353.13995685842303
 10
354.9074665208658
 20
353.10968164768485
 10
355.1231638590495
 20
353.1000052558051
 10
355.3388015925884
 20
353.1109230634239
 10
355.5527802308401
 20
353.1424304511812
 10
355.7635002831618
 20
353.19452279971705
 10
355.96936225891113
 20
353.2671954896715
 10
356.16876666744554
 20
353.36044390168456
 10
356.3601140181224
 20
353.47426341639624
 10
356.54180482029915
 20
353.60864941444663
 10
356.71223958333337
 20
353.7635972764757
  0
LWPOLYLINE
  5
244
330
17
100
AcDbEntity
  8
ESTRUCTURAS
100
AcDbPolyline
 90
6
 70
0
 10
209.00000678168405
 20
250.66665649414062
 10
208.50002712673611
 20
250.16665988498266
 10
208.50002712673611
 20
248.39999728732639
 10
206.00002712673611
 20
248.39999728732639
 10
206.00002712673611
 20
250.13332790798611
 10
208.50002712673611
 20
250.16665988498266
  0
LWPOLYLINE
  5
245
330
17
100
AcDbEntity
  8
ESTRUCTURAS
100
AcDbPolyline
 90
6
 70
0
 10
285.36668565538196
 20
281.8333265516493
 10
284.8666720920139
 20
281.2999979654948
 10
284.8666720920139
 20
279.5666673448351
 10
282.3666720920139
 20
279.5666673448351
 10
282.3666720920139
 20
281.2999979654948
 10
284.8666720920139
 20
281.2999979654948
  0
LWPOLYLINE
  5
246
330
17
100
AcDbEntity
  8
ESTRUCTURAS
100
AcDbPolyline
 90
57
 70
0
 10
293.53335910373266
 20
280.7201639811198
 10
293.5267196512885
 20
280.84454287671383
 10
293.50793500741327
 20
280.96529321538077
 10
293.47761855357226
 20
281.0818052167694
 10
293.4363836712308
 20
281.1934691005283
 10
293.38484374185407
 20
281.2996750863062
 10
293.3236121469074
 20
281.3998133937518
 10
293.1745274861654
 20
281.57944785224066
 10
292.9940367407269
 20
281.7274942331844
 10
292.8935475399097
 20
281.7881474436985
 10
292.7870469623142
 20
281.8390742937724
 10
292.6751483894057
 20
281.8796650030547
 10
292.5584652026495
 20
281.90930979119406
 10
292.43761078351076
 20
281.92739887783927
 10
292.3131985134549
 20
281.9333224826389
 10
292.1888166334894
 20
281.9266830260555
 10
292.06806368298004
 20
281.9078983532058
 10
291.9515494174428
 20
281.8775818207198
 10
291.8398835923937
 20
281.8363467852275
 10
291.73367596334884
 20
281.78480660335885
 10
291.6335362858243
 20
281.723574631744
 10
291.4538998074002
 20
281.57448874579535
 10
291.3058522012499
 20
281.3939959804217
 10
291.24519861406753
 20
281.2935054095255
 10
291.19427151150177
 20
281.1870031886631
 10
291.15368064906863
 20
281.0751026744644
 10
291.12403578228424
 20
280.9584172235595
 10
291.1059466666646
 20
280.8375601925784
 10
291.1000230577257
 20
280.71314493815106
 10
291.1066625101699
 20
280.58876604255704
 10
291.1254471540451
 20
280.46801570389005
 10
291.1557636078861
 20
280.3515037025015
 10
291.1969984902276
 20
280.23983981874255
 10
291.2485384196043
 20
280.1336338329646
 10
291.30977001455096
 20
280.0334955255191
 10
291.45885467529297
 20
279.85386106703015
 10
291.63934542073144
 20
279.70581468608646
 10
291.73983462154865
 20
279.6451614755723
 10
291.84633519914416
 20
279.5942346254985
 10
291.95823377205267
 20
279.5536439162162
 10
292.0749169588089
 20
279.52399912807675
 10
292.1957713779476
 20
279.5059100414316
 10
292.3201836480035
 20
279.49998643663196
 10
292.44456552796896
 20
279.50662589321536
 10
292.56531847847833
 20
279.52541056606503
 10
292.6818327440156
 20
279.5557270985511
 10
292.7934985690647
 20
279.5969621340434
 10
292.8997061981095
 20
279.64850231591197
 10
292.9998458756341
 20
279.7097342875269
 10
293.17948235405817
 20
279.85882017347546
 10
293.3275299602085
 20
280.03931293884915
 10
293.38818354739084
 20
280.1398035097453
 10
293.4391106499566
 20
280.2463057306078
 10
293.47970151238974
 20
280.35820624480647
 10
293.50934637917413
 20
280.47489169571134
 10
293.5274354947938
 20
280.5957487266925
 10
293.53335910373266
 20
280.7201639811198
  0
LWPOLYLINE
  5
247
330
17
100
AcDbEntity
  8
ESTRUCTURAS
100
AcDbPolyline
 90
17
 70
0
 10
293.9122517903646
 20
279.1302490234375
 10
294.06621692081296
 20
279.301577674018
 10
294.199555516243
 20
279.48404285642835
 10
294.31227219601476
 20
279.67604517936707
 10
294.40437157948816
 20
279.87598525153265
 10
294.47585828602314
 20
280.08226368162366
 10
294.5267369349798
 20
280.2932810783386
 10
294.557012145718
 20
280.50743805037604
 10
294.56668853759766
 20
280.72313520643445
 10
294.5557707299789
 20
280.9387731552124
 10
294.5242633422216
 20
281.1527525054084
 10
294.4721709936857
 20
281.36347386572095
 10
294.3994983037313
 20
281.56933784484863
 10
294.30624989171827
 20
281.76874505148993
 10
294.19243037700653
 20
281.9600960943434
 10
294.0580443789562
 20
282.14179158210754
 10
293.9030965169271
 20
282.3122321234809
  0
LWPOLYLINE
  5
248
330
17
100
AcDbEntity
  8
ESTRUCTURAS
100
AcDbPolyline
 90
57
 70
0
 10
306.7868381076389
 20
284.63331434461804
 10
306.91121998760434
 20
284.6399537970623
 10
307.03197293811377
 20
284.6587384409375
 10
307.14848720365103
 20
284.68905489477845
 10
307.2601530287001
 20
284.73028977712
 10
307.36636065774496
 20
284.7818297064967
 10
307.46650033526953
 20
284.8430613014433
 10
307.6461368136936
 20
284.99214596218536
 10
307.7941844198439
 20
285.17263670762384
 10
307.8548380070263
 20
285.27312590844105
 10
307.90576510959204
 20
285.3796264860365
 10
307.9463559720251
 20
285.49152505894506
 10
307.97600083880957
 20
285.6082082457013
 10
307.9940899544292
 20
285.72906266483994
 10
308.00001356336804
 20
285.85347493489587
 10
307.99337411092387
 20
285.9778568148613
 10
307.97458946704865
 20
286.0986097653707
 10
307.94427301320763
 20
286.215124030908
 10
307.90303813086615
 20
286.32678985595703
 10
307.85149820148945
 20
286.4329974850019
 10
307.7902666065428
 20
286.5331371625265
 10
307.6411819458008
 20
286.71277364095056
 10
307.4606912003623
 20
286.86082124710083
 10
307.3602019995451
 20
286.92147483428323
 10
307.2537014219496
 20
286.972401936849
 10
307.1418028490411
 20
287.0129927992821
 10
307.02511966228485
 20
287.0426376660665
 10
306.90426524314614
 20
287.0607267816862
 10
306.77985297309027
 20
287.066650390625
 10
306.65547109312485
 20
287.0600109381808
 10
306.5347181426154
 20
287.0412262943056
 10
306.41820387707816
 20
287.0109098404646
 10
306.3065380520291
 20
286.9696749581231
 10
306.2003304229842
 20
286.9181350287464
 10
306.10019074545966
 20
286.85690343379974
 10
305.9205542670356
 20
286.70781877305774
 10
305.7725066608853
 20
286.52732802761926
 10
305.7118530737029
 20
286.42683882680205
 10
305.66092597113715
 20
286.32033824920654
 10
305.62033510870407
 20
286.20843967629804
 10
305.5906902419196
 20
286.0917564895418
 10
305.57260112629996
 20
285.9709020704031
 10
305.56667751736114
 20
285.84648980034723
 10
305.5733169698053
 20
285.72210792038175
 10
305.59210161368054
 20
285.6013549698724
 10
305.62241806752155
 20
285.4848407043351
 10
305.66365294986304
 20
285.373174879286
 10
305.71519287923974
 20
285.2669672502412
 10
305.7764244741864
 20
285.1668275727166
 10
305.9255091349284
 20
284.98719109429254
 10
306.1059998803669
 20
284.8391434881422
 10
306.2064890811841
 20
284.77848990095987
 10
306.3129896587796
 20
284.7275627983941
 10
306.4248882316881
 20
284.68697193596097
 10
306.54157141844433
 20
284.6573270691766
 10
306.66242583758304
 20
284.6392379535569
 10
306.7868381076389
 20
284.63331434461804
  0
LWPOLYLINE
  5
249
330
17
100
AcDbEntity
  8
ESTRUCTURAS
100
AcDbPolyline
 90
17
 70
0
 10
305.1969401041667
 20
284.25440470377606
 10
305.3682689368725
 20
284.1004425576992
 10
305.5507345994314
 20
283.96710657411154
 10
305.74273760120076
 20
283.85439215848845
 10
305.9426784515381
 20
283.76229471630523
 10
306.1489576598009
 20
283.69080965303715
 10
306.3599757353465
 20
283.6399323741595
 10
306.5741331875324
 20
283.60965828514765
 10
306.7898305257162
 20
283.5999827914768
 10
307.0054682592551
 20
283.6109012986223
 10
307.2194468975067
 20
283.6424092120595
 10
307.4301669498285
 20
283.69450193726357
 10
307.6360289255778
 20
283.7671748797099
 10
307.83543333411217
 20
283.8604234448738
 10
308.02678068478906
 20
283.9742430382305
 10
308.20847148696583
 20
284.10862906525534
 10
308.37890625
 20
284.26357693142364
  0
LWPOLYLINE
  5
24A
330
17
100
AcDbEntity
  8
ESTRUCTURAS
100
AcDbPolyline
 90
6
 70
0
 10
309.03333875868054
 20
290.70000542534723
 10
308.499993218316
 20
290.16665988498266
 10
308.499993218316
 20
288.43332926432294
 10
305.999993218316
 20
288.43332926432294
 10
305.999993218316
 20
290.16665988498266
 10
308.499993218316
 20
290.16665988498266
  0
LWPOLYLINE
  5
24B
330
17
100
AcDbEntity
  8
ESTRUCTURAS
100
AcDbPolyline
 90
57
 70
0
 10
295.3000217013889
 20
295.72014702690973
 10
295.29338224894474
 20
295.8445289068752
 10
295.2745976050695
 20
295.9652818573846
 10
295.2442811512285
 20
296.08179612292184
 10
295.203046268887
 20
296.19346194797095
 10
295.1515063395103
 20
296.2996695770158
 10
295.09027474456366
 20
296.39980925454034
 10
294.94119008382165
 20
296.5794457329644
 10
294.7606993383832
 20
296.72749333911474
 10
294.66021013756597
 20
296.7881469262971
 10
294.55370955997046
 20
296.83907402886285
 10
294.44181098706196
 20
296.879664891296
 10
294.3251278003057
 20
296.9093097580804
 10
294.204273381167
 20
296.92739887370004
 10
294.07986111111114
 20
296.9333224826389
 10
293.95547923114566
 20
296.92668303019474
 10
293.8347262806363
 20
296.9078983863195
 10
293.718212015099
 20
296.8775819324785
 10
293.6065461900499
 20
296.836347050137
 10
293.5003385610051
 20
296.7848071207603
 10
293.4001988834805
 20
296.72357552581366
 10
293.22056240505646
 20
296.57449086507165
 10
293.0725147989061
 20
296.3940001196332
 10
293.0118612117238
 20
296.29351091881597
 10
292.960934109158
 20
296.18701034122046
 10
292.9203432467249
 20
296.07511176831196
 10
292.8906983799405
 20
295.9584285815557
 10
292.87260926432083
 20
295.837574162417
 10
292.86668565538196
 20
295.71316189236114
 10
292.87332510782613
 20
295.58878001239566
 10
292.89210975170135
 20
295.4680270618863
 10
292.92242620554237
 20
295.351512796349
 10
292.96366108788385
 20
295.2398469712999
 10
293.01520101726055
 20
295.1336393422551
 10
293.0764326122072
 20
295.0334996647305
 10
293.2255172729492
 20
294.85386318630646
 10
293.4060080183877
 20
294.7058155801561
 10
293.5064972192049
 20
294.6451619929738
 10
293.6129977968004
 20
294.594234890408
 10
293.7248963697089
 20
294.5536440279749
 10
293.84157955646515
 20
294.5239991611905
 10
293.96243397560386
 20
294.50591004557083
 10
294.08684624565973
 20
294.49998643663196
 10
294.2112281256252
 20
294.50662588907613
 10
294.3319810761346
 20
294.52541053295135
 10
294.44849534167184
 20
294.55572698679237
 10
294.56016116672095
 20
294.59696186913385
 10
294.6663687957658
 20
294.64850179851055
 10
294.76650847329034
 20
294.7097333934572
 10
294.9461449517144
 20
294.8588180541992
 10
295.09419255786474
 20
295.0393087996377
 10
295.1548461450471
 20
295.1397980004549
 10
295.20577324761285
 20
295.2462985780504
 10
295.246364110046
 20
295.3581971509589
 10
295.2760089768304
 20
295.47488033771515
 10
295.29409809245004
 20
295.59573475685386
 10
295.3000217013889
 20
295.72014702690973
  0
LWPOLYLINE
  5
24C
330
17
100
AcDbEntity
  8
ESTRUCTURAS
100
AcDbPolyline
 90
17
 70
0
 10
295.67891438802087
 20
294.1302490234375
 10
295.8328795184692
 20
294.30157785614335
 10
295.96621811389923
 20
294.4840435187022
 10
296.078934793671
 20
294.6760465204716
 10
296.1710341771444
 20
294.87598737080896
 10
296.2425208836794
 20
295.0822665790717
 10
296.29339953263604
 20
295.2932846546173
 10
296.3236747433742
 20
295.5074421068033
 10
296.3333511352539
 20
295.723139444987
 10
296.32243332763517
 20
295.9387771785259
 10
296.29092593987787
 20
296.1527558167776
 10
296.238833591342
 20
296.3634758690993
 10
296.16616090138757
 20
296.56933784484863
 10
296.0729124893745
 20
296.76874225338304
 10
295.9590929746628
 20
296.9600896040599
 10
295.82470697661245
 20
297.14178040623665
 10
295.66975911458337
 20
297.31221516927087
  0
LWPOLYLINE
  5
24D
330
17
100
AcDbEntity
  8
ESTRUCTURAS
100
AcDbPolyline
 90
57
 70
0
 10
391.1201646592882
 20
279.73332722981775
 10
391.2445465392537
 20
279.7399666864011
 10
391.36529948976306
 20
279.7587513592508
 10
391.4818137553003
 20
279.78906789173686
 10
391.5934795803494
 20
279.8303029272291
 10
391.69968720939426
 20
279.88184310909776
 10
391.7998268869188
 20
279.9430750807127
 10
391.9794633653429
 20
280.09216096666125
 10
392.1275109714932
 20
280.2726537320349
 10
392.18816455867557
 20
280.3731443029311
 10
392.23909166124133
 20
280.4796465237936
 10
392.27968252367447
 20
280.5915470379922
 10
392.30932739045886
 20
280.7082324888971
 10
392.3274165060785
 20
280.82908951987827
 10
392.3333401150174
 20
280.95350477430554
 10
392.3267006625732
 20
281.07788366989956
 10
392.307916018698
 20
281.19863400856656
 10
392.277599564857
 20
281.31514600995513
 10
392.2363646825155
 20
281.42680989371405
 10
392.1848247531388
 20
281.533015879492
 10
392.12359315819214
 20
281.63315418693753
 10
391.97450849745013
 20
281.81278864542645
 10
391.79401775201165
 20
281.96083502637015
 10
391.69352855119445
 20
282.0214882368843
 10
391.58702797359894
 20
282.07241508695813
 10
391.47512940069043
 20
282.11300579624043
 10
391.3584462139342
 20
282.14265058437985
 10
391.2375917947955
 20
282.160739671025
 10
391.1131795247396
 20
282.16666327582465
 10
390.98879764477414
 20
282.16002381924125
 10
390.86804469426477
 20
282.14123914639157
 10
390.7515304287275
 20
282.11092261390553
 10
390.6398646036784
 20
282.0696875784132
 10
390.5336569746336
 20
282.01814739654463
 10
390.433517297109
 20
281.9569154249297
 10
390.25388081868493
 20
281.80782953898114
 10
390.1058332125346
 20
281.62733677360745
 10
390.04517962535226
 20
281.5268462027113
 10
389.9942525227865
 20
281.4203439818488
 10
389.95366166035336
 20
281.30844346765014
 10
389.92401679356897
 20
281.19175801674527
 10
389.9059276779493
 20
281.0709009857641
 10
389.90000406901044
 20
280.9464857313368
 10
389.9066435214546
 20
280.82210683574283
 10
389.92542816532983
 20
280.70135649707584
 10
389.95574461917084
 20
280.5848444956872
 10
389.9969795015123
 20
280.47318061192834
 10
390.04851943088903
 20
280.3669746261504
 10
390.1097510258357
 20
280.2668363187048
 10
390.2588356865777
 20
280.08720186021594
 10
390.4393264320162
 20
279.93915547927224
 10
390.5398156328334
 20
279.8785022687581
 10
390.6463162104289
 20
279.8275754186842
 10
390.7582147833374
 20
279.78698470940196
 10
390.8748979700936
 20
279.75733992126254
 10
390.99575238923234
 20
279.73925083461734
 10
391.1201646592882
 20
279.73332722981775
  0
LWPOLYLINE
  5
24E
330
17
100
AcDbEntity
  8
ESTRUCTURAS
100
AcDbPolyline
 90
17
 70
0
 10
389.530266655816
 20
279.3544175889757
 10
389.70159548852183
 20
279.20045544289883
 10
389.8840611510807
 20
279.0671194593112
 10
390.07606415285005
 20
278.9544050436881
 10
390.27600500318744
 20
278.8623076015049
 10
390.4822842114502
 20
278.7908225382368
 10
390.6933022869958
 20
278.73994525935916
 10
390.9074597391818
 20
278.7096711703473
 10
391.1231570773655
 20
278.69999567667645
 10
391.3387948109044
 20
278.71091418382196
 10
391.55277344915606
 20
278.7424220972591
 10
391.7634935014778
 20
278.7945148224632
 10
391.9693554772271
 20
278.86718776490954
 10
392.1687598857615
 20
278.96043633007343
 10
392.36010723643835
 20
279.07425592343014
 10
392.5417980386151
 20
279.208641950455
 10
392.71223280164935
 20
279.3635898166233
  0
LWPOLYLINE
  5
24F
330
17
100
AcDbEntity
  8
ESTRUCTURAS
100
AcDbPolyline
 90
6
 70
0
 10
398.499993218316
 20
281.63333468967016
 10
397.9666815863715
 20
281.09998914930554
 10
397.9666815863715
 20
279.36665852864587
 10
395.4666815863715
 20
279.36665852864587
 10
395.4666815863715
 20
281.09998914930554
 10
397.9666815863715
 20
281.09998914930554
  0
LWPOLYLINE
  5
250
330
17
100
AcDbEntity
  8
ESTRUCTURAS
100
AcDbPolyline
 90
6
 70
0
 10
478.76668294270837
 20
285.16665988498266
 10
478.23333740234375
 20
284.63331434461804
 10
478.23333740234375
 20
282.9000006781684
 10
475.73333740234375
 20
282.9000006781684
 10
475.73333740234375
 20
284.63331434461804
 10
478.23333740234375
 20
284.63331434461804
  0
LWPOLYLINE
  5
251
330
17
100
AcDbEntity
  8
ESTRUCTURAS
100
AcDbPolyline
 90
6
 70
0
 10
383.46666124131946
 20
250.7333204481337
 10
382.9666815863715
 20
250.19999186197919
 10
382.9666815863715
 20
248.43332926432294
 10
380.4666815863715
 20
248.43332926432294
 10
380.4666815863715
 20
250.19999186197919
 10
382.9666815863715
 20
250.19999186197919
  0
LWPOLYLINE
  5
252
330
17
100
AcDbEntity
  8
ESTRUCTURAS
100
AcDbPolyline
 90
57
 70
0
 10
374.90000406901044
 20
248.15350002712674
 10
374.89336461656626
 20
248.27787892272076
 10
374.87457997269104
 20
248.39862926138773
 10
374.84426351885
 20
248.51514126277632
 10
374.80302863650854
 20
248.62680514653525
 10
374.75148870713184
 20
248.73301113231315
 10
374.6902571121852
 20
248.83314943975873
 10
374.5411724514432
 20
249.01278389824762
 10
374.3606817060047
 20
249.16083027919134
 10
374.2601925051875
 20
249.22148348970546
 10
374.153691927592
 20
249.27241033977933
 10
374.0417933546835
 20
249.31300104906163
 10
373.92511016792724
 20
249.34264583720102
 10
373.80425574878853
 20
249.3607349238462
 10
373.67984347873266
 20
249.36665852864584
 10
373.5554615987672
 20
249.36001907206244
 10
373.4347086482578
 20
249.34123439921274
 10
373.31819438272055
 20
249.31091786672673
 10
373.20652855767145
 20
249.2696828312344
 10
373.1003209286266
 20
249.2181426493658
 10
373.00018125110205
 20
249.15691067775091
 10
372.820544772678
 20
249.0078247918023
 10
372.67249716652765
 20
248.82733202642865
 10
372.6118435793453
 20
248.72684145553245
 10
372.56091647677954
 20
248.62033923467
 10
372.5203256143464
 20
248.50843872047133
 10
372.490680747562
 20
248.39175326956644
 10
372.47259163194235
 20
248.27089623858532
 10
372.4666680230035
 20
248.146480984158
 10
372.47330747544765
 20
248.02210208856397
 10
372.4920921193229
 20
247.901351749897
 10
372.5224085731639
 20
247.7848397485084
 10
372.56364345550537
 20
247.67317586474948
 10
372.6151833848821
 20
247.56696987897158
 10
372.67641497982873
 20
247.466831571526
 10
372.82549964057074
 20
247.2871971130371
 10
373.0059903860092
 20
247.13915073209338
 10
373.1064795868264
 20
247.07849752157927
 10
373.21298016442194
 20
247.0275706715054
 10
373.32487873733044
 20
246.9869799622231
 10
373.44156192408667
 20
246.9573351740837
 10
373.5624163432254
 20
246.93924608743853
 10
373.68682861328125
 20
246.93332248263889
 10
373.81121049324673
 20
246.9399619392223
 10
373.9319634437561
 20
246.958746612072
 10
374.04847770929337
 20
246.989063144558
 10
374.16014353434247
 20
247.03029818005032
 10
374.2663511633873
 20
247.08183836191893
 10
374.36649084091187
 20
247.1430703335338
 10
374.54612731933594
 20
247.29215621948242
 10
374.69417492548627
 20
247.47264898485608
 10
374.7548285126686
 20
247.57313955575228
 10
374.8057556152344
 20
247.67964177661472
 10
374.8463464776675
 20
247.7915422908134
 10
374.8759913444519
 20
247.9082277417183
 10
374.89408046007156
 20
248.0290847726994
 10
374.90000406901044
 20
248.15350002712674
  0
LWPOLYLINE
  5
253
330
17
100
AcDbEntity
  8
ESTRUCTURAS
100
AcDbPolyline
 90
17
 70
0
 10
375.2788967556424
 20
246.56358506944446
 10
375.43286188609073
 20
246.73491372002496
 10
375.56620048152075
 20
246.9173789024353
 10
375.67891716129253
 20
247.10938122537402
 10
375.7710165447659
 20
247.3093212975396
 10
375.8425032513009
 20
247.51559972763062
 10
375.89338190025757
 20
247.72661712434558
 10
375.92365711099575
 20
247.940774096383
 10
375.9333335028754
 20
248.1564712524414
 10
375.9224156952567
 20
248.37210920121936
 10
375.8909083074994
 20
248.58608855141534
 10
375.8388159589635
 20
248.7968099117279
 10
375.7661432690091
 20
249.0026738908556
 10
375.67289485699604
 20
249.2020810974969
 10
375.5590753422843
 20
249.39343214035034
 10
375.42468934423397
 20
249.5751276281145
 10
375.2697414822049
 20
249.74556816948785
  0
LWPOLYLINE
  5
254
330
17
100
AcDbEntity
  8
ESTRUCTURAS
100
AcDbPolyline
 90
57
 70
0
 10
359.29999457465277
 20
241.45350138346356
 10
359.2933551222086
 20
241.57788027905755
 10
359.2745704783334
 20
241.69863061772455
 10
359.24425402449236
 20
241.81514261911315
 10
359.2030191421509
 20
241.92680650287204
 10
359.1514792127742
 20
242.03301248864997
 10
359.0902476178275
 20
242.13315079609555
 10
358.9411629570855
 20
242.31278525458444
 10
358.76067221164703
 20
242.46083163552814
 10
358.6601830108298
 20
242.52148484604228
 10
358.5536824332343
 20
242.57241169611615
 10
358.4417838603258
 20
242.61300240539842
 10
358.3251006735696
 20
242.64264719353784
 10
358.20424625443087
 20
242.66073628018302
 10
358.079833984375
 20
242.66665988498264
 10
357.9554521044096
 20
242.66002042839926
 10
357.83469915390015
 20
242.64123575554956
 10
357.7181848883629
 20
242.61091922306352
 10
357.60651906331384
 20
242.56968418757123
 10
357.50031143426895
 20
242.51814400570262
 10
357.4001717567444
 20
242.4569120340877
 10
357.2205352783203
 20
242.30782614813913
 10
357.07248767217004
 20
242.12733338276547
 10
357.01183408498764
 20
242.02684281186927
 10
356.9609069824219
 20
241.9203405910068
 10
356.9203161199888
 20
241.80844007680815
 10
356.89067125320435
 20
241.69175462590326
 10
356.8725821375847
 20
241.57089759492212
 10
356.86665852864587
 20
241.4464823404948
 10
356.87329798109005
 20
241.3221034449008
 10
356.89208262496527
 20
241.20135310623382
 10
356.9223990788063
 20
241.08484110484522
 10
356.96363396114776
 20
240.9731772210863
 10
357.01517389052447
 20
240.8669712353084
 10
357.0764054854711
 20
240.76683292786282
 10
357.22549014621313
 20
240.58719846937393
 10
357.4059808916516
 20
240.4391520884302
 10
357.5064700924688
 20
240.3784988779161
 10
357.6129706700643
 20
240.32757202784222
 10
357.72486924297283
 20
240.28698131855992
 10
357.84155242972906
 20
240.25733653042053
 10
357.9624068488678
 20
240.23924744377535
 10
358.08681911892364
 20
240.2333238389757
 10
358.21120099888907
 20
240.2399632955591
 10
358.3319539493985
 20
240.2587479684088
 10
358.44846821493576
 20
240.28906450089482
 10
358.5601340399848
 20
240.33029953638714
 10
358.6663416690297
 20
240.38183971825575
 10
358.76648134655426
 20
240.44307168987064
 10
358.94611782497833
 20
240.59215757581924
 10
359.0941654311286
 20
240.7726503411929
 10
359.154819018311
 20
240.8731409120891
 10
359.20574612087677
 20
240.97964313295154
 10
359.24633698330985
 20
241.09154364715022
 10
359.2759818500943
 20
241.2082290980551
 10
359.29407096571396
 20
241.32908612903623
 10
359.29999457465277
 20
241.45350138346356
  0
LWPOLYLINE
  5
255
330
17
100
AcDbEntity
  8
ESTRUCTURAS
100
AcDbPolyline
 90
17
 70
0
 10
359.67888726128473
 20
239.86358642578125
 10
359.83285239173307
 20
240.03491507636178
 10
359.96619098716315
 20
240.21738025877212
 10
360.07890766693487
 20
240.40938258171082
 10
360.17100705040826
 20
240.60932265387643
 10
360.2424937569433
 20
240.81560108396744
 10
360.2933724058999
 20
241.02661848068237
 10
360.3236476166381
 20
241.24077545271982
 10
360.3333240085178
 20
241.45647260877823
 10
360.322406200899
 20
241.67211055755615
 10
360.2908988131417
 20
241.88608990775217
 10
360.2388064646059
 20
242.09681126806473
 10
360.1661337746514
 20
242.30267524719238
 10
360.0728853626384
 20
242.5020824538337
 10
359.9590658479267
 20
242.69343349668716
 10
359.8246798498763
 20
242.8751289844513
 10
359.66973198784723
 20
243.04556952582467
  0
LWPOLYLINE
  5
256
330
17
100
AcDbEntity
  8
ESTRUCTURAS
100
AcDbPolyline
 90
6
 70
0
 10
359.0666707356771
 20
246.7999945746528
 10
358.5333251953125
 20
246.26666598849826
 10
358.5333251953125
 20
244.53333536783856
 10
356.0333251953125
 20
244.53333536783856
 10
356.0333251953125
 20
246.26666598849826
 10
358.5333251953125
 20
246.26666598849826
  0
LWPOLYLINE
  5
257
330
17
100
AcDbEntity
  8
ESTRUCTURAS
100
AcDbPolyline
 90
57
 70
0
 10
372.70002577039935
 20
233.72017754448785
 10
372.6933863179551
 20
233.84455644008187
 10
372.6746016740799
 20
233.96530677874884
 10
372.64428522023894
 20
234.08181878013744
 10
372.6030503378974
 20
234.19348266389636
 10
372.5515104085207
 20
234.29968864967427
 10
372.4902788135741
 20
234.39982695711984
 10
372.34119415283203
 20
234.57946141560873
 10
372.16070340739356
 20
234.72750779655246
 10
372.06021420657635
 20
234.78816100706658
 10
371.9537136289809
 20
234.83908785714044
 10
371.84181505607233
 20
234.87967856642274
 10
371.7251318693161
 20
234.90932335456213
 10
371.60427745017745
 20
234.9274124412073
 10
371.4798651801215
 20
234.93333604600696
 10
371.3554833001561
 20
234.92669658942356
 10
371.23473034964667
 20
234.90791191657385
 10
371.1182160841094
 20
234.87759538408784
 10
371.00655025906036
 20
234.83636034859552
 10
370.9003426300155
 20
234.78482016672692
 10
370.8002029524909
 20
234.72358819511203
 10
370.62056647406683
 20
234.57450230916342
 10
370.47251886791656
 20
234.39400954378976
 10
370.41186528073416
 20
234.29351897289357
 10
370.3609381781684
 20
234.18701675203113
 10
370.3203473157353
 20
234.07511623783245
 10
370.29070244895087
 20
233.95843078692755
 10
370.2726133333312
 20
233.83757375594644
 10
370.2666897243924
 20
233.7131585015191
 10
370.27332917683657
 20
233.58877960592508
 10
370.2921138207118
 20
233.46802926725812
 10
370.3224302745528
 20
233.35151726586952
 10
370.3636651568943
 20
233.2398533821106
 10
370.415205086271
 20
233.1336473963327
 10
370.47643668121765
 20
233.03350908888712
 10
370.62552134195965
 20
232.85387463039822
 10
370.80601208739813
 20
232.7058282494545
 10
370.90650128821534
 20
232.64517503894038
 10
371.01300186581085
 20
232.59424818886652
 10
371.12490043871935
 20
232.55365747958422
 10
371.2415836254756
 20
232.52401269144482
 10
371.3624380446143
 20
232.50592360479965
 10
371.48685031467016
 20
232.5
 10
371.61123219463565
 20
232.5066394565834
 10
371.731985145145
 20
232.5254241294331
 10
371.8484994106823
 20
232.55574066191912
 10
371.9601652357314
 20
232.59697569741144
 10
372.0663728647762
 20
232.64851587928004
 10
372.1665125423008
 20
232.70974785089493
 10
372.34614902072485
 20
232.85883373684354
 10
372.4941966268752
 20
233.0393265022172
 10
372.5548502140575
 20
233.1398170731134
 10
372.6057773166233
 20
233.24631929397583
 10
372.6463681790564
 20
233.3582198081745
 10
372.6760130458408
 20
233.4749052590794
 10
372.6941021614605
 20
233.59576229006052
 10
372.70002577039935
 20
233.72017754448785
  0
LWPOLYLINE
  5
258
330
17
100
AcDbEntity
  8
ESTRUCTURAS
100
AcDbPolyline
 90
17
 70
0
 10
373.07891845703125
 20
232.13026258680557
 10
373.2328835874796
 20
232.30159123738608
 10
373.36622218290967
 20
232.48405641979642
 10
373.4789388626814
 20
232.67605874273514
 10
373.5710382461548
 20
232.87599881490073
 10
373.6425249526898
 20
233.08227724499173
 10
373.6934036016464
 20
233.2932946417067
 10
373.7236788123846
 20
233.5074516137441
 10
373.73335520426434
 20
233.72314876980252
 10
373.72243739664555
 20
233.93878671858047
 10
373.69093000888824
 20
234.15276606877646
 10
373.6388376603524
 20
234.36348742908902
 10
373.56616497039795
 20
234.5693514082167
 10
373.4729165583849
 20
234.768758614858
 10
373.3590970436732
 20
234.96010965771146
 10
373.2247110456228
 20
235.14180514547562
 10
373.06976318359375
 20
235.31224568684897
  0
LWPOLYLINE
  5
259
330
17
100
AcDbEntity
  8
ESTRUCTURAS
100
AcDbPolyline
 90
6
 70
0
 10
355.6666734483507
 20
166.46665785047745
 10
355.13332790798614
 20
165.96666124131946
 10
355.13332790798614
 20
164.1999986436632
 10
352.63332790798614
 20
164.1999986436632
 10
352.63332790798614
 20
165.93332926432294
 10
355.13332790798614
 20
165.96666124131946
  0
LWPOLYLINE
  5
25A
330
17
100
AcDbEntity
  8
ESTRUCTURAS
100
AcDbPolyline
 90
6
 70
0
 10
354.66668023003473
 20
176.1333211263021
 10
354.13333468967016
 20
175.59999254014758
 10
354.1666666666667
 20
173.86666191948785
 10
351.6666666666667
 20
173.86666191948785
 10
351.63333468967016
 20
175.59999254014758
 10
354.13333468967016
 20
175.59999254014758
  0
LWPOLYLINE
  5
25B
330
17
100
AcDbEntity
  8
ESTRUCTURAS
100
AcDbPolyline
 90
57
 70
0
 10
354.1798570421007
 20
178.49999321831598
 10
354.0554751621352
 20
178.49335376173258
 10
353.93472221162585
 20
178.47456908888287
 10
353.8182079460886
 20
178.44425255639686
 10
353.7065421210395
 20
178.40301752090454
 10
353.60033449199466
 20
178.35147733903594
 10
353.5001948144701
 20
178.29024536742105
 10
353.320558336046
 20
178.14115948147244
 10
353.1725107298957
 20
177.96066671609879
 10
353.11185714271335
 20
177.8601761452026
 10
353.0609300401476
 20
177.75367392434015
 10
353.02033917771445
 20
177.64177341014147
 10
352.99069431093005
 20
177.52508795923657
 10
352.9726051953104
 20
177.40423092825546
 10
352.9666815863715
 20
177.27981567382812
 10
352.9733210388157
 20
177.1554367782341
 10
352.992105682691
 20
177.03468643956714
 10
353.02242213653193
 20
176.91817443817854
 10
353.0636570188734
 20
176.80651055441962
 10
353.1151969482502
 20
176.7003045686417
 10
353.1764285431968
 20
176.60016626119614
 10
353.32551320393884
 20
176.42053180270725
 10
353.50600394937726
 20
176.27248542176352
 10
353.6064931501945
 20
176.2118322112494
 10
353.71299372779
 20
176.16090536117554
 10
353.8248923006985
 20
176.12031465189324
 10
353.94157548745477
 20
176.09066986375385
 10
354.0624299065934
 20
176.07258077710867
 10
354.1868421766493
 20
176.06665717230902
 10
354.3112240566148
 20
176.07329662889242
 10
354.43197700712415
 20
176.09208130174213
 10
354.5484912726614
 20
176.12239783422814
 10
354.6601570977105
 20
176.16363286972046
 10
354.76636472675534
 20
176.21517305158906
 10
354.8665044042799
 20
176.27640502320395
 10
355.046140882704
 20
176.42549090915256
 10
355.1941884888543
 20
176.60598367452621
 10
355.25484207603665
 20
176.7064742454224
 10
355.3057691786024
 20
176.81297646628485
 10
355.34636004103555
 20
176.92487698048353
 10
355.37600490781995
 20
177.04156243138843
 10
355.3940940234396
 20
177.16241946236954
 10
355.4000176323785
 20
177.28683471679688
 10
355.3933781799343
 20
177.4112136123909
 10
355.3745935360591
 20
177.53196395105786
 10
355.34427708221807
 20
177.64847595244646
 10
355.3030421998766
 20
177.76013983620538
 10
355.2515022704999
 20
177.8663458219833
 10
355.1902706755532
 20
177.96648412942886
 10
355.0411860148112
 20
178.14611858791775
 10
354.86069526937274
 20
178.29416496886148
 10
354.76020606855553
 20
178.3548181793756
 10
354.65370549096
 20
178.40574502944946
 10
354.5418069180515
 20
178.44633573873176
 10
354.4251237312953
 20
178.47598052687115
 10
354.3042693121566
 20
178.49406961351633
 10
354.1798570421007
 20
178.49999321831598
  0
LWPOLYLINE
  5
25C
330
17
100
AcDbEntity
  8
ESTRUCTURAS
100
AcDbPolyline
 90
17
 70
0
 10
355.76975504557294
 20
178.878902859158
 10
355.59842621286714
 20
179.0328650052349
 10
355.4159605503082
 20
179.1662009888225
 10
355.22395754853886
 20
179.2789154044456
 10
355.02401669820154
 20
179.37101284662884
 10
354.81773748993874
 20
179.4424979098969
 10
354.6067194143931
 20
179.49337518877454
 10
354.3925619622072
 20
179.52364927778643
 10
354.17686462402344
 20
179.53332477145725
 10
353.9612268904845
 20
179.52240626431174
 10
353.7472482522329
 20
179.4908983508746
 10
353.5365281999111
 20
179.43880562567048
 10
353.3306662241618
 20
179.36613268322415
 10
353.13126181562745
 20
179.2728841180603
 10
352.93991446495056
 20
179.15906452470355
 10
352.7582236627738
 20
179.0246784976787
 10
352.5877888997396
 20
178.86973063151044
  0
LWPOLYLINE
  5
25D
330
17
100
AcDbEntity
  8
ESTRUCTURAS
100
AcDbPolyline
 90
57
 70
0
 10
365.4666815863715
 20
192.77981228298611
 10
365.47332103881575
 20
192.6554333873921
 10
365.492105682691
 20
192.53468304872513
 10
365.52242213653193
 20
192.41817104733653
 10
365.56365701887347
 20
192.3065071635776
 10
365.6151969482502
 20
192.2003011777997
 10
365.6764285431968
 20
192.10016287035413
 10
365.82551320393884
 20
191.92052841186523
 10
366.0060039493773
 20
191.7724820309215
 10
366.1064931501945
 20
191.7118288204074
 10
366.21299372779
 20
191.66090197033353
 10
366.32489230069854
 20
191.62031126105123
 10
366.44157548745477
 20
191.59066647291183
 10
366.5624299065934
 20
191.57257738626666
 10
366.68684217664935
 20
191.566653781467
 10
366.8112240566148
 20
191.5732932380504
 10
366.9319770071242
 20
191.59207791090012
 10
367.04849127266147
 20
191.62239444338613
 10
367.1601570977105
 20
191.66362947887845
 10
367.2663647267554
 20
191.71516966074705
 10
367.36650440427997
 20
191.77640163236194
 10
367.54614088270404
 20
191.92548751831055
 10
367.6941884888543
 20
192.1059802836842
 10
367.7548420760367
 20
192.2064708545804
 10
367.8057691786025
 20
192.31297307544284
 10
367.84636004103555
 20
192.42487358964152
 10
367.87600490782
 20
192.54155904054642
 10
367.89409402343966
 20
192.66241607152753
 10
367.9000176323785
 20
192.78683132595486
 10
367.8933781799343
 20
192.91121022154888
 10
367.8745935360591
 20
193.03196056021585
 10
367.84427708221807
 20
193.14847256160445
 10
367.8030421998766
 20
193.26013644536337
 10
367.7515022704999
 20
193.36634243114128
 10
367.6902706755532
 20
193.46648073858685
 10
367.5411860148112
 20
193.64611519707574
 10
367.36069526937274
 20
193.79416157801947
 10
367.26020606855553
 20
193.8548147885336
 10
367.15370549096
 20
193.90574163860745
 10
367.0418069180515
 20
193.94633234788975
 10
366.9251237312953
 20
193.97597713602914
 10
366.8042693121566
 20
193.99406622267432
 10
366.6798570421007
 20
193.99998982747397
 10
366.5554751621352
 20
193.99335037089057
 10
366.43472221162585
 20
193.97456569804086
 10
366.3182079460886
 20
193.94424916555485
 10
366.2065421210395
 20
193.90301413006253
 10
366.10033449199466
 20
193.85147394819393
 10
366.0001948144701
 20
193.79024197657904
 10
365.820558336046
 20
193.64115609063043
 10
365.6725107298957
 20
193.46066332525677
 10
365.61185714271335
 20
193.36017275436058
 10
365.5609300401476
 20
193.25367053349814
 10
365.52033917771445
 20
193.14177001929946
 10
365.49069431093005
 20
193.02508456839456
 10
365.4726051953104
 20
192.90422753741345
 10
365.4666815863715
 20
192.77981228298611
  0
LWPOLYLINE
  5
25E
330
17
100
AcDbEntity
  8
ESTRUCTURAS
100
AcDbPolyline
 90
17
 70
0
 10
365.0877888997396
 20
194.36972724066842
 10
364.9338237692913
 20
194.1983985900879
 10
364.8004851738612
 20
194.01593340767755
 10
364.6877684940895
 20
193.82393108473886
 10
364.5956691106161
 20
193.62399101257324
 10
364.52418240408105
 20
193.41771258248224
 10
364.47330375512445
 20
193.2066951857673
 10
364.44302854438627
 20
192.99253821372986
 10
364.43335215250653
 20
192.77684105767145
 10
364.4442699601253
 20
192.56120310889352
 10
364.4757773478826
 20
192.3472237586975
 10
364.52786969641846
 20
192.13650239838495
 10
364.6005423863729
 20
191.9306384192573
 10
364.693790798386
 20
191.73123121261597
 10
364.80761031309765
 20
191.5398801697625
 10
364.94199631114805
 20
191.35818468199838
 10
365.0969441731771
 20
191.187744140625
  0
LWPOLYLINE
  5
25F
330
17
100
AcDbEntity
  8
ESTRUCTURAS
100
AcDbPolyline
 90
6
 70
0
 10
365.80000135633685
 20
192.93333265516495
 10
365.3000217013889
 20
192.40000406901044
 10
365.3000217013889
 20
190.66665649414062
 10
362.8000217013889
 20
190.66665649414062
 10
362.8000217013889
 20
192.40000406901044
 10
365.3000217013889
 20
192.40000406901044
  0
LWPOLYLINE
  5
260
330
17
100
AcDbEntity
  8
ESTRUCTURAS
100
AcDbPolyline
 90
57
 70
0
 10
316.00002712673614
 20
134.45349799262152
 10
315.99338767429197
 20
134.5778769834174
 10
315.9746030304167
 20
134.69862759113312
 10
315.94428657657573
 20
134.81514001058207
 10
315.90305169423425
 20
134.9268044365777
 10
315.8515117648575
 20
135.03301106393337
 10
315.7902801699109
 20
135.13315008746252
 10
315.6411955091688
 20
135.31278610229492
 10
315.4607047637304
 20
135.46083403958215
 10
315.36021556291314
 20
135.52148796617985
 10
315.2537149853177
 20
135.57241545783148
 10
315.1418164124092
 20
135.6130067093505
 10
315.0251332256529
 20
135.64265191555023
 10
314.90427880651424
 20
135.66074127124415
 10
314.77986653645837
 20
135.66666497124567
 10
314.6554846564929
 20
135.66002560986414
 10
314.5347317059835
 20
135.64124120606317
 10
314.41821744044626
 20
135.6109250916375
 10
314.30655161539715
 20
135.5696905983819
 10
314.2003439863523
 20
135.51815105809106
 10
314.10020430882776
 20
135.45691980255975
 10
313.9205678304037
 20
135.30783547295465
 10
313.77252022425336
 20
135.1273442639245
 10
313.711866637071
 20
135.02685440911188
 10
313.66093953450525
 20
134.9203528298272
 10
313.6203486720721
 20
134.80845285786523
 10
313.5907038052877
 20
134.6917678250207
 10
313.57261468966806
 20
134.57091106308832
 10
313.5666910807292
 20
134.44649590386285
 10
313.57333053317336
 20
134.32211691306696
 10
313.5921151770486
 20
134.20136630535126
 10
313.6224316308896
 20
134.0848538859023
 10
313.6636665132311
 20
133.97318945990668
 10
313.7152064426078
 20
133.866982832551
 10
313.77643803755444
 20
133.76684380902185
 10
313.92552269829645
 20
133.58720779418945
 10
314.1060134437349
 20
133.43915985690222
 10
314.20650264455213
 20
133.37850593030453
 10
314.31300322214764
 20
133.3275784386529
 10
314.42490179505614
 20
133.2869871871339
 10
314.5415849818124
 20
133.25734198093414
 10
314.6624394009511
 20
133.23925262524023
 10
314.78685167100696
 20
133.2333289252387
 10
314.91123355097244
 20
133.23996828662024
 10
315.0319865014818
 20
133.2587526904212
 10
315.1485007670191
 20
133.28906880484686
 10
315.2601665920682
 20
133.33030329810248
 10
315.366374221113
 20
133.3818428383933
 10
315.4665138986376
 20
133.44307409392462
 10
315.64615037706164
 20
133.59215842352972
 10
315.794197983212
 20
133.77264963255988
 10
315.8548515703943
 20
133.8731394873725
 10
315.9057786729601
 20
133.97964106665717
 10
315.9463695353932
 20
134.09154103861914
 10
315.9760144021776
 20
134.20822607146368
 10
315.99410351779727
 20
134.32908283339606
 10
316.00002712673614
 20
134.45349799262152
  0
LWPOLYLINE
  5
261
330
17
100
AcDbEntity
  8
ESTRUCTURAS
100
AcDbPolyline
 90
6
 70
0
 10
316.03335910373266
 20
138.7999979654948
 10
315.50001356336804
 20
138.26666090223526
 10
315.5333455403646
 20
136.53333028157553
 10
313.0333455403646
 20
136.53333028157553
 10
313.00001356336804
 20
138.26666090223526
 10
315.50001356336804
 20
138.26666090223526
  0
LWPOLYLINE
  5
262
330
17
100
AcDbEntity
  8
ESTRUCTURAS
100
AcDbPolyline
 90
6
 70
0
 10
316.433342827691
 20
164.56666734483508
 10
315.8999972873264
 20
164.0333218044705
 10
315.8999972873264
 20
162.26665920681424
 10
313.3999972873264
 20
162.26665920681424
 10
313.3999972873264
 20
164.0333218044705
 10
315.8999972873264
 20
164.0333218044705
  0
LWPOLYLINE
  5
263
330
17
100
AcDbEntity
  8
ESTRUCTURAS
100
AcDbPolyline
 90
57
 70
0
 10
314.6465047200521
 20
167.29999118381076
 10
314.52212284008664
 20
167.2933517272274
 10
314.40136988957727
 20
167.27456705437766
 10
314.28485562404
 20
167.24425052189164
 10
314.1731897989909
 20
167.20301548639935
 10
314.0669821699461
 20
167.15147530453072
 10
313.9668424924215
 20
167.09024333291583
 10
313.78720601399743
 20
166.94115744696722
 10
313.6391584078471
 20
166.7606646815936
 10
313.57850482066476
 20
166.66017411069737
 10
313.527577718099
 20
166.55367188983493
 10
313.48698685566586
 20
166.44177137563628
 10
313.45734198888147
 20
166.32508592473135
 10
313.4392528732618
 20
166.20422889375024
 10
313.43332926432294
 20
166.07981363932294
 10
313.4399687167671
 20
165.95543474372892
 10
313.45875336064233
 20
165.83468440506195
 10
313.48906981448334
 20
165.71817240367335
 10
313.5303046968248
 20
165.60650851991443
 10
313.58184462620153
 20
165.50030253413652
 10
313.6430762211482
 20
165.40016422669095
 10
313.7921608818902
 20
165.22052976820206
 10
313.9726516273287
 20
165.07248338725833
 10
314.0731408281459
 20
165.0118301767442
 10
314.1796414057414
 20
164.96090332667035
 10
314.2915399786499
 20
164.92031261738805
 10
314.4082231654061
 20
164.89066782924866
 10
314.52907758454484
 20
164.87257874260348
 10
314.6534898546007
 20
164.86665513780383
 10
314.7778717345662
 20
164.87329459438723
 10
314.89862468507556
 20
164.89207926723694
 10
315.0151389506128
 20
164.92239579972295
 10
315.1268047756619
 20
164.96363083521527
 10
315.23301240470676
 20
165.01517101708387
 10
315.3331520822313
 20
165.07640298869876
 10
315.5127885606554
 20
165.22548887464737
 10
315.6608361668057
 20
165.40598164002103
 10
315.72148975398807
 20
165.50647221091722
 10
315.77241685655383
 20
165.61297443177966
 10
315.81300771898697
 20
165.72487494597834
 10
315.84265258577136
 20
165.84156039688324
 10
315.860741701391
 20
165.96241742786435
 10
315.8666653103299
 20
166.08683268229169
 10
315.8600258578857
 20
166.21121157788568
 10
315.84124121401044
 20
166.33196191655264
 10
315.8109247601695
 20
166.44847391794127
 10
315.769689877828
 20
166.56013780170017
 10
315.71814994845124
 20
166.66634378747807
 10
315.65691835350464
 20
166.76648209492367
 10
315.5078336927626
 20
166.94611655341254
 10
315.32734294732415
 20
167.09416293435626
 10
315.2268537465069
 20
167.15481614487038
 10
315.12035316891144
 20
167.20574299494427
 10
315.00845459600293
 20
167.24633370422654
 10
314.89177140924664
 20
167.27597849236594
 10
314.770916990108
 20
167.29406757901114
 10
314.6465047200521
 20
167.29999118381076
  0
LWPOLYLINE
  5
264
330
17
100
AcDbEntity
  8
ESTRUCTURAS
100
AcDbPolyline
 90
17
 70
0
 10
316.2364027235243
 20
167.67890082465277
 10
316.0650738908185
 20
167.83286297072968
 10
315.88260822825964
 20
167.96619895431732
 10
315.6906052264902
 20
168.07891336994038
 10
315.4906643761529
 20
168.17101081212363
 10
315.28438516789015
 20
168.2424958753917
 10
315.0733670923445
 20
168.29337315426932
 10
314.85920964015855
 20
168.32364724328121
 10
314.64351230197485
 20
168.33332273695206
 10
314.42787456843587
 20
168.32240422980652
 10
314.21389593018426
 20
168.29089631636938
 10
314.00317587786253
 20
168.2388035911653
 10
313.79731390211316
 20
168.16613064871893
 10
313.5979094935788
 20
168.07288208355507
 10
313.406562142902
 20
167.95906249019836
 10
313.22487134072514
 20
167.8246764631735
 10
313.054436577691
 20
167.66972859700522
  0
LWPOLYLINE
  5
265
330
17
100
AcDbEntity
  8
ESTRUCTURAS
100
AcDbPolyline
 90
57
 70
0
 10
295.433349609375
 20
193.42017279730905
 10
295.4267101569308
 20
193.54455169290304
 10
295.4079255130556
 20
193.66530203157
 10
295.3776090592146
 20
193.78181403295864
 10
295.3363741768731
 20
193.89347791671753
 10
295.2848342474964
 20
193.99968390249543
 10
295.22360265254974
 20
194.09982220994104
 10
295.07451799180774
 20
194.2794566684299
 10
294.89402724636926
 20
194.42750304937363
 10
294.79353804555205
 20
194.48815625988775
 10
294.68703746795654
 20
194.53908310996164
 10
294.57513889504804
 20
194.5796738192439
 10
294.4584557082918
 20
194.6093186073833
 10
294.3376012891531
 20
194.6274076940285
 10
294.21318901909723
 20
194.63333129882812
 10
294.08880713913175
 20
194.62669184224475
 10
293.9680541886224
 20
194.60790716939502
 10
293.8515399230851
 20
194.577590636909
 10
293.739874098036
 20
194.53635560141672
 10
293.6336664689912
 20
194.48481541954808
 10
293.5335267914666
 20
194.4235834479332
 10
293.35389031304254
 20
194.2744975619846
 10
293.2058427068922
 20
194.09400479661096
 10
293.14518911970987
 20
193.99351422571473
 10
293.0942620171441
 20
193.8870120048523
 10
293.05367115471097
 20
193.77511149065364
 10
293.0240262879266
 20
193.65842603974872
 10
293.0059371723069
 20
193.5375690087676
 10
293.00001356336804
 20
193.4131537543403
 10
293.0066530158123
 20
193.28877485874628
 10
293.0254376596875
 20
193.1680245200793
 10
293.05575411352845
 20
193.0515125186907
 10
293.09698899587
 20
192.9398486349318
 10
293.1485289252467
 20
192.8336426491539
 10
293.2097605201933
 20
192.7335043417083
 10
293.35884518093536
 20
192.55386988321942
 10
293.53933592637384
 20
192.4058235022757
 10
293.63982512719105
 20
192.34517029176158
 10
293.7463257047865
 20
192.2942434416877
 10
293.85822427769506
 20
192.2536527324054
 10
293.9749074644513
 20
192.22400794426602
 10
294.09576188358994
 20
192.20591885762084
 10
294.22017415364587
 20
192.1999952528212
 10
294.3445560336113
 20
192.2066347094046
 10
294.4653089841207
 20
192.2254193822543
 10
294.581823249658
 20
192.2557359147403
 10
294.69348907470703
 20
192.29697095023263
 10
294.7996967037519
 20
192.34851113210124
 10
294.8998363812765
 20
192.40974310371612
 10
295.07947285970056
 20
192.55882898966473
 10
295.22752046585083
 20
192.7393217550384
 10
295.28817405303323
 20
192.8398123259346
 10
295.339101155599
 20
192.94631454679703
 10
295.3796920180321
 20
193.0582150609957
 10
295.4093368848165
 20
193.1749005119006
 10
295.4274260004362
 20
193.29575754288172
 10
295.433349609375
 20
193.42017279730905
  0
LWPOLYLINE
  5
266
330
17
100
AcDbEntity
  8
ESTRUCTURAS
100
AcDbPolyline
 90
17
 70
0
 10
295.81224229600696
 20
191.83025783962674
 10
295.9662074264553
 20
192.00158649020725
 10
296.0995460218854
 20
192.1840516726176
 10
296.2122627016571
 20
192.3760539955563
 10
296.3043620851305
 20
192.5759940677219
 10
296.37584879166553
 20
192.78227249781293
 10
296.42672744062213
 20
192.99328989452786
 10
296.4570026513603
 20
193.20744686656528
 10
296.46667904324005
 20
193.42314402262372
 10
296.45576123562125
 20
193.63878197140164
 10
296.42425384786395
 20
193.85276132159763
 10
296.3721614993281
 20
194.06348268191022
 10
296.29948880937366
 20
194.26934666103787
 10
296.2062403973606
 20
194.46875386767917
 10
296.0924208826489
 20
194.66010491053265
 10
295.95803488459853
 20
194.84180039829678
 10
295.80308702256946
 20
195.01224093967014
  0
LWPOLYLINE
  5
267
330
17
100
AcDbEntity
  8
ESTRUCTURAS
100
AcDbPolyline
 90
6
 70
0
 10
299.13333468967016
 20
194.66666327582467
 10
298.6000230577257
 20
194.16666666666669
 10
298.6000230577257
 20
192.40000406901044
 10
296.1000230577257
 20
192.40000406901044
 10
296.1000230577257
 20
194.13333468967014
 10
298.6000230577257
 20
194.16666666666669
  0
LWPOLYLINE
  5
268
330
17
100
AcDbEntity
  8
ESTRUCTURAS
100
AcDbPolyline
 90
6
 70
0
 10
294.70001220703125
 20
336.066657172309
 10
294.1666666666667
 20
335.53331163194446
 10
294.1666666666667
 20
333.7666490342882
 10
291.6666666666667
 20
333.7666490342882
 10
291.6666666666667
 20
335.53331163194446
 10
294.1666666666667
 20
335.53331163194446
  0
LWPOLYLINE
  5
269
330
17
100
AcDbEntity
  8
ESTRUCTURAS
100
AcDbPolyline
 90
6
 70
0
 10
159.1999986436632
 20
335.49997965494794
 10
158.66668701171875
 20
334.9666680230035
 10
158.66668701171875
 20
333.20000542534723
 10
156.16668701171875
 20
333.20000542534723
 10
156.16668701171875
 20
334.9666680230035
 10
158.66668701171875
 20
334.9666680230035
  0
LWPOLYLINE
  5
26A
330
17
100
AcDbEntity
  8
ESTRUCTURAS
100
AcDbPolyline
 90
6
 70
0
 10
166.43334282769098
 20
335.8999972873264
 10
165.93332926432294
 20
335.39998372395837
 10
165.93332926432294
 20
333.6333211263021
 10
163.43332926432294
 20
333.6333211263021
 10
163.43332926432294
 20
335.3666517469618
 10
165.93332926432294
 20
335.39998372395837
  0
LWPOLYLINE
  5
26B
330
17
100
AcDbEntity
  8
ESTRUCTURAS
100
AcDbPolyline
 90
6
 70
0
 10
308.8000149197049
 20
292.83331976996527
 10
308.26666937934027
 20
292.30000813802087
 10
308.26666937934027
 20
290.53331163194446
 10
305.76666937934027
 20
290.53331163194446
 10
305.76666937934027
 20
292.30000813802087
 10
308.26666937934027
 20
292.30000813802087
  0
LWPOLYLINE
  5
26C
330
17
100
AcDbEntity
  8
ESTRUCTURAS
100
AcDbPolyline
 90
6
 70
0
 10
388.63335503472223
 20
282.0666673448351
 10
388.10000949435766
 20
281.5333218044705
 10
388.1333414713542
 20
279.76665920681427
 10
385.6333414713542
 20
279.76665920681427
 10
385.60000949435766
 20
281.5333218044705
 10
388.10000949435766
 20
281.5333218044705
  0
LWPOLYLINE
  5
26D
330
17
100
AcDbEntity
  8
ESTRUCTURAS
100
AcDbPolyline
 90
6
 70
0
 10
371.5666707356771
 20
338.1666734483507
 10
371.0666910807292
 20
337.66665988498266
 10
371.0666910807292
 20
335.8999972873264
 10
368.5666910807292
 20
335.8999972873264
 10
368.5666910807292
 20
337.63332790798614
 10
371.0666910807292
 20
337.66665988498266
  0
LWPOLYLINE
  5
26E
330
17
100
AcDbEntity
  8
ESTRUCTURAS
100
AcDbPolyline
 90
6
 70
0
 10
360.433349609375
 20
250.36666870117188
 10
359.93333604600696
 20
249.8333231608073
 10
359.93333604600696
 20
248.09999254014758
 10
357.43333604600696
 20
248.09999254014758
 10
357.43333604600696
 20
249.8333231608073
 10
359.93333604600696
 20
249.8333231608073
  0
LWPOLYLINE
  5
26F
330
17
100
AcDbEntity
  8
ESTRUCTURAS
100
AcDbPolyline
 90
6
 70
0
 10
293.00001356336804
 20
196.36666191948785
 10
292.4666680230035
 20
195.86666531032986
 10
292.4666680230035
 20
194.10000271267361
 10
289.9666680230035
 20
194.10000271267361
 10
289.9666680230035
 20
195.83333333333334
 10
292.4666680230035
 20
195.86666531032986
  0
LWPOLYLINE
  5
270
330
17
100
AcDbEntity
  8
ESTRUCTURAS
100
AcDbPolyline
 90
6
 70
0
 10
373.1333414713542
 20
194.93333604600696
 10
372.63332790798614
 20
194.39999050564236
 10
372.63332790798614
 20
192.66665988498264
 10
370.13332790798614
 20
192.66665988498264
 10
370.13332790798614
 20
194.39999050564236
 10
372.63332790798614
 20
194.39999050564236
  0
LWPOLYLINE
  5
271
330
17
100
AcDbEntity
  8
ESTRUCTURAS
100
AcDbPolyline
 90
6
 70
0
 10
317.23334418402777
 20
132.999996609158
 10
316.6999986436632
 20
132.5
 10
316.6999986436632
 20
130.7333289252387
 10
314.1999986436632
 20
130.7333289252387
 10
314.1999986436632
 20
132.46665954589844
 10
316.6999986436632
 20
132.5
  0
LWPOLYLINE
  5
272
330
17
100
AcDbEntity
  8
ESTRUCTURAS
100
AcDbPolyline
 90
6
 70
0
 10
186.06669108072919
 20
196.23333401150174
 10
185.5333455403646
 20
195.73333740234375
 10
185.56667751736111
 20
193.96665785047745
 10
183.06667751736111
 20
193.96665785047745
 10
183.0333455403646
 20
195.69998847113717
 10
185.5333455403646
 20
195.73333740234375
  0
LWPOLYLINE
  5
273
330
17
100
AcDbEntity
  8
ESTRUCTURAS
100
AcDbPolyline
 90
57
 70
0
 10
373.1333414713542
 20
335.87982177734375
 10
373.13998092379836
 20
335.7554398973783
 10
373.1587655676736
 20
335.6346869468689
 10
373.1890820215146
 20
335.51817268133163
 10
373.2303169038561
 20
335.4065068562826
 10
373.2818568332328
 20
335.3002992272377
 10
373.34308842817944
 20
335.20015954971313
 10
373.49217308892145
 20
335.02052307128906
 10
373.6726638343599
 20
334.8724754651388
 10
373.77315303517713
 20
334.8118218779564
 10
373.87965361277264
 20
334.7608947753906
 10
373.99155218568114
 20
334.72030391295755
 10
374.1082353724374
 20
334.6906590461731
 10
374.2290897915761
 20
334.67256993055344
 10
374.35350206163196
 20
334.6666463216146
 10
374.47788394159744
 20
334.6732857740588
 10
374.5986368921068
 20
334.692070417934
 10
374.7151511576441
 20
334.72238687177503
 10
374.8268169826932
 20
334.7636217541165
 10
374.933024611738
 20
334.8151616834932
 10
375.0331642892626
 20
334.8763932784399
 10
375.21280076768664
 20
335.0254779391819
 10
375.360848373837
 20
335.20596868462036
 10
375.4215019610193
 20
335.30645788543757
 10
375.4724290635851
 20
335.4129584630331
 10
375.5130199260182
 20
335.5248570359416
 10
375.5426647928026
 20
335.6415402226978
 10
375.56075390842227
 20
335.7623946418365
 10
375.56667751736114
 20
335.8868069118924
 10
375.56003806491697
 20
336.0111887918578
 10
375.54125342104174
 20
336.13194174236725
 10
375.51093696720073
 20
336.2484560079045
 10
375.46970208485925
 20
336.36012183295355
 10
375.41816215548255
 20
336.46632946199844
 10
375.3569305605359
 20
336.566469139523
 10
375.2078458997939
 20
336.7461056179471
 10
375.0273551543554
 20
336.89415322409735
 10
374.9268659535382
 20
336.95480681127975
 10
374.8203653759427
 20
337.0057339138455
 10
374.7084668030342
 20
337.0463247762786
 10
374.59178361627795
 20
337.07596964306305
 10
374.47092919713924
 20
337.0940587586827
 10
374.34651692708337
 20
337.0999823676215
 10
374.2221350471179
 20
337.09334291517735
 10
374.1013820966085
 20
337.0745582713021
 10
373.98486783107126
 20
337.0442418174611
 10
373.87320200602215
 20
337.00300693511963
 10
373.7669943769773
 20
336.9514670057429
 10
373.66685469945276
 20
336.89023541079627
 10
373.4872182210287
 20
336.74115075005426
 10
373.33917061487836
 20
336.5606600046158
 10
373.278517027696
 20
336.4601708037986
 10
373.22758992513025
 20
336.35367022620306
 10
373.1869990626971
 20
336.24177165329456
 10
373.1573541959127
 20
336.12508846653833
 10
373.13926508029306
 20
336.0042340473996
 10
373.1333414713542
 20
335.87982177734375
  0
LWPOLYLINE
  5
274
330
17
100
AcDbEntity
  8
ESTRUCTURAS
100
AcDbPolyline
 90
17
 70
0
 10
372.75444878472223
 20
337.469719780816
 10
372.6004836542739
 20
337.2983909481102
 10
372.46714505884387
 20
337.11592528555127
 10
372.3544283790721
 20
336.9239222837819
 10
372.2623289955987
 20
336.7239814334446
 10
372.1908422890637
 20
336.5177022251818
 10
372.13996364010706
 20
336.30668414963617
 10
372.1096884293689
 20
336.09252669745024
 10
372.1000120374892
 20
335.8768293592665
 10
372.11092984510793
 20
335.66119162572755
 10
372.14243723286523
 20
335.44721298747595
 10
372.1945295814011
 20
335.23649293515416
 10
372.26720227135553
 20
335.03063095940485
 10
372.3604506833686
 20
334.8312265508705
 10
372.4742701980803
 20
334.6398792001936
 10
372.60865619613065
 20
334.45818839801683
 10
372.76360405815973
 20
334.28775363498266
  0
LWPOLYLINE
  5
275
330
17
100
AcDbEntity
  8
ESTRUCTURAS
100
AcDbPolyline
 90
57
 70
0
 10
295.56667751736114
 20
337.0201619466146
 10
295.56003806491697
 20
337.14454382658005
 10
295.5412534210417
 20
337.2652967770895
 10
295.51093696720073
 20
337.38181104262674
 10
295.46970208485925
 20
337.4934768676758
 10
295.4181621554825
 20
337.59968449672067
 10
295.3569305605359
 20
337.69982417424524
 10
295.2078458997938
 20
337.8794606526693
 10
295.0273551543554
 20
338.0275082588196
 10
294.92686595353814
 20
338.088161846002
 10
294.8203653759427
 20
338.13908894856775
 10
294.7084668030342
 20
338.1796798110008
 10
294.5917836162779
 20
338.2093246777853
 10
294.47092919713924
 20
338.22741379340493
 10
294.34651692708337
 20
338.23333740234375
 10
294.2221350471179
 20
338.2266979498996
 10
294.1013820966085
 20
338.20791330602435
 10
293.98486783107126
 20
338.17759685218334
 10
293.87320200602215
 20
338.13636196984186
 10
293.7669943769773
 20
338.08482204046516
 10
293.66685469945276
 20
338.0235904455185
 10
293.4872182210287
 20
337.8745057847765
 10
293.33917061487836
 20
337.694015039338
 10
293.278517027696
 20
337.5935258385208
 10
293.22758992513025
 20
337.4870252609253
 10
293.1869990626971
 20
337.3751266880168
 10
293.1573541959127
 20
337.25844350126056
 10
293.13926508029306
 20
337.13758908212185
 10
293.1333414713542
 20
337.013176812066
 10
293.13998092379836
 20
336.8887949321005
 10
293.1587655676736
 20
336.7680419815911
 10
293.1890820215146
 20
336.65152771605386
 10
293.2303169038561
 20
336.53986189100476
 10
293.2818568332328
 20
336.43365426195993
 10
293.34308842817944
 20
336.33351458443536
 10
293.49217308892145
 20
336.1538781060113
 10
293.6726638343599
 20
336.00583049986096
 10
293.77315303517713
 20
335.9451769126786
 10
293.87965361277264
 20
335.89424981011285
 10
293.99155218568114
 20
335.8536589476797
 10
294.1082353724374
 20
335.8240140808953
 10
294.2290897915761
 20
335.80592496527566
 10
294.35350206163196
 20
335.8000013563368
 10
294.47788394159744
 20
335.806640808781
 10
294.5986368921068
 20
335.82542545265625
 10
294.7151511576441
 20
335.8557419064972
 10
294.8268169826932
 20
335.89697678883874
 10
294.933024611738
 20
335.94851671821544
 10
295.0331642892626
 20
336.00974831316205
 10
295.21280076768664
 20
336.1588329739041
 10
295.360848373837
 20
336.3393237193426
 10
295.4215019610193
 20
336.4398129201598
 10
295.4724290635851
 20
336.54631349775525
 10
295.5130199260182
 20
336.6582120706638
 10
295.5426647928026
 20
336.77489525742004
 10
295.56075390842227
 20
336.8957496765587
 10
295.56667751736114
 20
337.0201619466146
  0
LWPOLYLINE
  5
276
330
17
100
AcDbEntity
  8
ESTRUCTURAS
100
AcDbPolyline
 90
17
 70
0
 10
295.94557020399304
 20
335.4302639431424
 10
296.0995353344414
 20
335.6015927758482
 10
296.23287392987146
 20
335.78405843840704
 10
296.3455906096432
 20
335.97606144017647
 10
296.4376899931166
 20
336.1760022905138
 10
296.5091766996516
 20
336.38228149877654
 10
296.5600553486082
 20
336.5932995743222
 10
296.5903305593464
 20
336.80745702650813
 10
296.60000695122613
 20
337.02315436469183
 10
296.58908914360734
 20
337.2387920982308
 10
296.55758175585004
 20
337.4527707364824
 10
296.5054894073142
 20
337.66349078880415
 10
296.43281671735974
 20
337.8693527645535
 10
296.3395683053467
 20
338.0687571730879
 10
296.225748790635
 20
338.2601045237647
 10
296.0913627925846
 20
338.44179532594154
 10
295.93641493055554
 20
338.6122300889757
  0
LWPOLYLINE
  5
277
330
17
100
AcDbEntity
  8
ESTRUCTURAS
100
AcDbPolyline
 90
25
 70
0
 10
296.6999986436632
 20
288.8514879014757
 10
296.6892039113575
 20
288.95558112197455
 10
296.6369325005346
 20
289.0975754045778
 10
296.54761844211157
 20
289.2163806491428
 10
296.4282958292299
 20
289.30500567787226
 10
296.2859987550312
 20
289.3564593129688
 10
296.18184407552087
 20
289.36665852864587
 10
296.07775085502203
 20
289.3558637963401
 10
295.93575657241877
 20
289.3035923855172
 10
295.81695132785376
 20
289.2142783270942
 10
295.7283262991243
 20
289.0949557142125
 10
295.67687266402777
 20
288.9526586400138
 10
295.6666734483507
 20
288.8485039605035
 10
295.67746818065643
 20
288.74441074000464
 10
295.7297395914793
 20
288.6024164574014
 10
295.81905364990234
 20
288.48361121283637
 10
295.938376262784
 20
288.3949861841069
 10
296.0806733369827
 20
288.3435325490104
 10
296.18482801649304
 20
288.33333333333337
 10
296.2889212369919
 20
288.3441280656391
 10
296.43091551959515
 20
288.39639947646197
 10
296.54972076416016
 20
288.485713534885
 10
296.6383457928896
 20
288.60503614776667
 10
296.68979942798615
 20
288.7473332219654
 10
296.6999986436632
 20
288.8514879014757
  0
LWPOLYLINE
  5
278
330
17
100
AcDbEntity
  8
ESTRUCTURAS
100
AcDbPolyline
 90
25
 70
0
 10
369.90000406901044
 20
241.15147908528647
 10
369.8892093367047
 20
241.25557300117282
 10
369.83693792588184
 20
241.397570003238
 10
369.7476238674588
 20
241.51637819078235
 10
369.62830125457714
 20
241.60500437435178
 10
369.4860041803784
 20
241.65645536449222
 10
369.3818495008681
 20
241.6666497124566
 10
369.27775628036926
 20
241.6558556755384
 10
369.135761997766
 20
241.60358698417744
 10
369.016956753201
 20
241.51427586873373
 10
368.92833172447155
 20
241.39495441069207
 10
368.876878089375
 20
241.25265469153723
 10
368.86667887369794
 20
241.14849514431424
 10
368.87747360600366
 20
241.0444012284279
 10
368.92974501682653
 20
240.9024042263627
 10
369.0190590752496
 20
240.78359603881836
 10
369.13838168813123
 20
240.69496985524893
 10
369.28067876232996
 20
240.6435188651085
 10
369.38483344184027
 20
240.6333245171441
 10
369.4889266623391
 20
240.64411855406232
 10
369.6309209449424
 20
240.69638724542327
 10
369.7497261895074
 20
240.78569836086697
 10
369.8383512182368
 20
240.90501981890864
 10
369.8898048533334
 20
241.04731953806348
 10
369.90000406901044
 20
241.15147908528647
  0
LWPOLYLINE
  5
279
330
17
100
AcDbEntity
  8
ESTRUCTURAS
100
AcDbPolyline
 90
33
 70
0
 10
308.879157172309
 20
157.075686984592
 10
309.1636649850342
 20
157.19971624927388
 10
309.4349008798599
 20
157.34364598989487
 10
309.69214090870486
 20
157.5064065762692
 10
309.9346611234877
 20
157.68692837821112
 10
310.16173757612705
 20
157.88414176553488
 10
310.3726463185416
 20
158.0969771080547
 10
310.5666634026501
 20
158.3243647755848
 10
310.7430648803711
 20
158.56523513793945
 10
310.9011268036233
 20
158.81851856493287
 10
311.0401252243254
 20
159.0831454263793
 10
311.159336194396
 20
159.358046092093
 10
311.25803576575385
 20
159.64215093188815
 10
311.33549999031754
 20
159.93439031557904
 10
311.3910049200058
 20
160.2336946129799
 10
311.42382660673724
 20
160.53899419390493
 10
311.43324110243054
 20
160.8492194281684
 10
311.4188012397952
 20
161.15925133642224
 10
311.38103663921356
 20
161.46397885349063
 10
311.3206885341141
 20
161.7623442204462
 10
311.2384981579251
 20
162.0532896783617
 10
311.1352067440748
 20
162.33575746830968
 10
311.01155552599164
 20
162.60868983136282
 10
310.8682857371039
 20
162.87102900859384
 10
310.70613861083984
 20
163.12171724107532
 10
310.52585538062783
 20
163.35969676987992
 10
310.32817727989624
 20
163.58390983608035
 10
310.11384554207325
 20
163.79329868074922
 10
309.8836014005873
 20
163.98680554495917
 10
309.6381860888667
 20
164.16337266978292
 10
309.37834084033966
 20
164.32194229629306
 10
309.1048068884346
 20
164.46145666556225
 10
308.8183254665799
 20
164.5808580186632
  0
LWPOLYLINE
  5
27A
330
17
100
AcDbEntity
  8
ESTRUCTURAS
100
AcDbPolyline
 90
33
 70
0
 10
377.19997829861114
 20
194.91902669270834
 10
377.18291607167987
 20
195.08356591065726
 10
377.1348916159736
 20
195.23672580718994
 10
377.0591986841626
 20
195.37523170312247
 10
376.9591310289171
 20
195.49580891927084
 10
376.83798240290747
 20
195.5951827764511
 10
376.699046558804
 20
195.67007859547934
 10
376.5456172492769
 20
195.71722169717154
 10
376.3809882269965
 20
195.73333740234375
 10
376.21644344594745
 20
195.71626954608493
 10
376.0632795757718
 20
195.668240653144
 10
375.92477129565344
 20
195.5925440788269
 10
375.8041932847765
 20
195.49247317843967
 10
375.7048202223248
 20
195.3713213072883
 10
375.62992678748236
 20
195.2323818206787
 10
375.58278765943317
 20
195.07894807391696
 10
375.56667751736114
 20
194.91431342230905
 10
375.58373974429236
 20
194.74977420436014
 10
375.63176419999866
 20
194.59661430782742
 10
375.7074571318097
 20
194.45810841189493
 10
375.8075247870551
 20
194.33753119574655
 10
375.92867341306476
 20
194.23815733856625
 10
376.0676092571683
 20
194.16326151953805
 10
376.2210385666953
 20
194.11611841784585
 10
376.3856675889757
 20
194.10000271267361
 10
376.5502123700248
 20
194.11707056893243
 10
376.7033762402005
 20
194.16509946187338
 10
376.8418845203188
 20
194.24079603619046
 10
376.96246253119574
 20
194.3408669365777
 10
377.06183559364746
 20
194.4620188077291
 10
377.13672902848987
 20
194.60095829433865
 10
377.18386815653906
 20
194.7543920411004
 10
377.19997829861114
 20
194.91902669270834
  0
LINE
  5
27B
330
17
100
AcDbEntity
  8
ESTRUCTURAS
100
AcDbLine
 10
612.6000298394098
 20
130.63333299424914
 30
0.0
 11
624.8000081380209
 21
130.63333299424914
 31
0.0
  0
LINE
  5
27C
330
17
100
AcDbEntity
  8
ESTRUCTURAS
100
AcDbLine
 10
618.2999674479167
 20
142.86666870117188
 30
0.0
 11
618.7000189887153
 21
143.26666937934027
 31
0.0
  0
LINE
  5
27D
330
17
100
AcDbEntity
  8
ESTRUCTURAS
100
AcDbLine
 10
618.7000189887153
 20
143.26666937934027
 30
0.0
 11
619.2333306206598
 21
143.76666598849826
 31
0.0
  0
LINE
  5
27E
330
17
100
AcDbEntity
  8
ESTRUCTURAS
100
AcDbLine
 10
618.1666395399305
 20
142.9000006781684
 30
0.0
 11
618.7000189887153
 21
143.46666124131946
 31
0.0
  0
LINE
  5
27F
330
17
100
AcDbEntity
  8
ESTRUCTURAS
100
AcDbLine
 10
618.7000189887153
 20
143.46666124131946
 30
0.0
 11
619.1000027126736
 21
143.83332994249133
 31
0.0
  0
LINE
  5
280
330
17
100
AcDbEntity
  8
ESTRUCTURAS
100
AcDbLine
 10
618.0333116319445
 20
142.96666463216147
 30
0.0
 11
618.7000189887153
 21
143.63333808051215
 31
0.0
  0
LINE
  5
281
330
17
100
AcDbEntity
  8
ESTRUCTURAS
100
AcDbLine
 10
617.8999837239584
 20
143.0333285861545
 30
0.0
 11
618.7000189887153
 21
143.83332994249133
 31
0.0
  0
LINE
  5
282
330
17
100
AcDbEntity
  8
ESTRUCTURAS
100
AcDbLine
 10
617.7666558159723
 20
143.09999254014758
 30
0.0
 11
618.7000189887153
 21
144.0333218044705
 31
0.0
  0
LINE
  5
283
330
17
100
AcDbEntity
  8
ESTRUCTURAS
100
AcDbLine
 10
617.6333279079861
 20
143.16665649414062
 30
0.0
 11
618.5999891493055
 21
144.10000271267361
 31
0.0
  0
LINE
  5
284
330
17
100
AcDbEntity
  8
ESTRUCTURAS
100
AcDbLine
 10
617.5
 20
143.23333740234375
 30
0.0
 11
618.4666612413195
 21
144.16666666666669
 31
0.0
  0
LINE
  5
285
330
17
100
AcDbEntity
  8
ESTRUCTURAS
100
AcDbLine
 10
617.4000379774305
 20
143.26666937934027
 30
0.0
 11
618.3333333333334
 21
144.23333062065973
 31
0.0
  0
LINE
  5
286
330
17
100
AcDbEntity
  8
ESTRUCTURAS
100
AcDbLine
 10
617.3333062065973
 20
143.43332926432294
 30
0.0
 11
618.2000054253473
 21
144.29999457465277
 31
0.0
  0
LINE
  5
287
330
17
100
AcDbEntity
  8
ESTRUCTURAS
100
AcDbLine
 10
617.3333062065973
 20
143.63333808051215
 30
0.0
 11
618.0999755859375
 21
144.36665852864584
 31
0.0
  0
LINE
  5
288
330
17
100
AcDbEntity
  8
ESTRUCTURAS
100
AcDbLine
 10
617.3333062065973
 20
143.83332994249133
 30
0.0
 11
617.9666476779514
 21
144.43332248263889
 31
0.0
  0
LINE
  5
289
330
17
100
AcDbEntity
  8
ESTRUCTURAS
100
AcDbLine
 10
617.3333062065973
 20
143.99998982747397
 30
0.0
 11
617.8333197699653
 21
144.500003390842
 31
0.0
  0
LINE
  5
28A
330
17
100
AcDbEntity
  8
ESTRUCTURAS
100
AcDbLine
 10
617.3333062065973
 20
144.1999986436632
 30
0.0
 11
617.6999918619792
 21
144.56666734483508
 31
0.0
  0
LINE
  5
28B
330
17
100
AcDbEntity
  8
ESTRUCTURAS
100
AcDbLine
 10
618.7000189887153
 20
143.06666056315106
 30
0.0
 11
619.3666585286459
 21
143.73333401150174
 31
0.0
  0
LINE
  5
28C
330
17
100
AcDbEntity
  8
ESTRUCTURAS
100
AcDbLine
 10
618.7000189887153
 20
142.86666870117188
 30
0.0
 11
619.499986436632
 21
143.6666700575087
 31
0.0
  0
LINE
  5
28D
330
17
100
AcDbEntity
  8
ESTRUCTURAS
100
AcDbLine
 10
618.7000189887153
 20
142.69999186197919
 30
0.0
 11
619.6000162760417
 21
143.59998914930557
 31
0.0
  0
LINE
  5
28E
330
17
100
AcDbEntity
  8
ESTRUCTURAS
100
AcDbLine
 10
618.8333468967014
 20
142.5999959309896
 30
0.0
 11
619.7333441840278
 21
143.5333251953125
 31
0.0
  0
LINE
  5
28F
330
17
100
AcDbEntity
  8
ESTRUCTURAS
100
AcDbLine
 10
618.9666748046875
 20
142.56666395399307
 30
0.0
 11
619.8666720920139
 21
143.46666124131946
 31
0.0
  0
LINE
  5
290
330
17
100
AcDbEntity
  8
ESTRUCTURAS
100
AcDbLine
 10
619.1000027126736
 20
142.5
 30
0.0
 11
620.0
 21
143.39999728732639
 31
0.0
  0
LINE
  5
291
330
17
100
AcDbEntity
  8
ESTRUCTURAS
100
AcDbLine
 10
619.2333306206598
 20
142.43333604600696
 30
0.0
 11
620.1000298394098
 21
143.30000135633682
 31
0.0
  0
LINE
  5
292
330
17
100
AcDbEntity
  8
ESTRUCTURAS
100
AcDbLine
 10
619.3666585286459
 20
142.36665513780383
 30
0.0
 11
620.1000298394098
 21
143.09999254014758
 31
0.0
  0
LINE
  5
293
330
17
100
AcDbEntity
  8
ESTRUCTURAS
100
AcDbLine
 10
619.4666883680555
 20
142.29999118381076
 30
0.0
 11
620.1000298394098
 21
142.93333265516495
 31
0.0
  0
LINE
  5
294
330
17
100
AcDbEntity
  8
ESTRUCTURAS
100
AcDbLine
 10
619.6000162760417
 20
142.26665920681424
 30
0.0
 11
620.1000298394098
 21
142.7333238389757
 31
0.0
  0
LINE
  5
295
330
17
100
AcDbEntity
  8
ESTRUCTURAS
100
AcDbLine
 10
619.7333441840278
 20
142.1999952528212
 30
0.0
 11
620.1000298394098
 21
142.53333197699652
 31
0.0
  0
LINE
  5
296
330
17
100
AcDbEntity
  8
ESTRUCTURAS
100
AcDbLine
 10
619.7333441840278
 20
142.1999952528212
 30
0.0
 11
618.7000189887153
 21
143.23333740234375
 31
0.0
  0
LINE
  5
297
330
17
100
AcDbEntity
  8
ESTRUCTURAS
100
AcDbLine
 10
618.7000189887153
 20
143.23333740234375
 30
0.0
 11
617.3333062065973
 21
144.5999993218316
 31
0.0
  0
LINE
  5
298
330
17
100
AcDbEntity
  8
ESTRUCTURAS
100
AcDbLine
 10
619.4000244140625
 20
142.36665513780383
 30
0.0
 11
618.7000189887153
 21
143.0333285861545
 31
0.0
  0
LINE
  5
299
330
17
100
AcDbEntity
  8
ESTRUCTURAS
100
AcDbLine
 10
618.7000189887153
 20
143.0333285861545
 30
0.0
 11
617.3333062065973
 21
144.39999050564236
 31
0.0
  0
LINE
  5
29A
330
17
100
AcDbEntity
  8
ESTRUCTURAS
100
AcDbLine
 10
619.0333387586805
 20
142.53333197699652
 30
0.0
 11
618.7000189887153
 21
142.83333672417535
 31
0.0
  0
LINE
  5
29B
330
17
100
AcDbEntity
  8
ESTRUCTURAS
100
AcDbLine
 10
618.7000189887153
 20
142.83333672417535
 30
0.0
 11
617.3333062065973
 21
144.1999986436632
 31
0.0
  0
LINE
  5
29C
330
17
100
AcDbEntity
  8
ESTRUCTURAS
100
AcDbLine
 10
618.6666531032986
 20
142.69999186197919
 30
0.0
 11
617.3333062065973
 21
143.99998982747397
 31
0.0
  0
LINE
  5
29D
330
17
100
AcDbEntity
  8
ESTRUCTURAS
100
AcDbLine
 10
618.3333333333334
 20
142.83333672417535
 30
0.0
 11
617.3333062065973
 21
143.83332994249133
 31
0.0
  0
LINE
  5
29E
330
17
100
AcDbEntity
  8
ESTRUCTURAS
100
AcDbLine
 10
617.9666476779514
 20
142.999996609158
 30
0.0
 11
617.3333062065973
 21
143.63333808051215
 31
0.0
  0
LINE
  5
29F
330
17
100
AcDbEntity
  8
ESTRUCTURAS
100
AcDbLine
 10
620.1000298394098
 20
142.03332689073352
 30
0.0
 11
618.7000189887153
 21
143.39999728732639
 31
0.0
  0
LINE
  5
2A0
330
17
100
AcDbEntity
  8
ESTRUCTURAS
100
AcDbLine
 10
618.7000189887153
 20
143.39999728732639
 30
0.0
 11
617.433336046007
 21
144.6999952528212
 31
0.0
  0
LINE
  5
2A1
330
17
100
AcDbEntity
  8
ESTRUCTURAS
100
AcDbLine
 10
620.1000298394098
 20
142.23332722981772
 30
0.0
 11
618.7000189887153
 21
143.59998914930557
 31
0.0
  0
LINE
  5
2A2
330
17
100
AcDbEntity
  8
ESTRUCTURAS
100
AcDbLine
 10
618.7000189887153
 20
143.59998914930557
 30
0.0
 11
617.8333197699653
 21
144.500003390842
 31
0.0
  0
LINE
  5
2A3
330
17
100
AcDbEntity
  8
ESTRUCTURAS
100
AcDbLine
 10
620.1000298394098
 20
142.43333604600696
 30
0.0
 11
618.7000189887153
 21
143.7999979654948
 31
0.0
  0
LINE
  5
2A4
330
17
100
AcDbEntity
  8
ESTRUCTURAS
100
AcDbLine
 10
618.7000189887153
 20
143.7999979654948
 30
0.0
 11
618.2000054253473
 21
144.29999457465277
 31
0.0
  0
LINE
  5
2A5
330
17
100
AcDbEntity
  8
ESTRUCTURAS
100
AcDbLine
 10
620.1000298394098
 20
142.5999959309896
 30
0.0
 11
618.7000189887153
 21
143.99998982747397
 31
0.0
  0
LINE
  5
2A6
330
17
100
AcDbEntity
  8
ESTRUCTURAS
100
AcDbLine
 10
620.1000298394098
 20
142.80000474717883
 30
0.0
 11
618.9666748046875
 21
143.89999389648438
 31
0.0
  0
LINE
  5
2A7
330
17
100
AcDbEntity
  8
ESTRUCTURAS
100
AcDbLine
 10
620.1000298394098
 20
142.999996609158
 30
0.0
 11
619.3666585286459
 21
143.70000203450522
 31
0.0
  0
LINE
  5
2A8
330
17
100
AcDbEntity
  8
ESTRUCTURAS
100
AcDbLine
 10
620.1000298394098
 20
143.19998847113715
 30
0.0
 11
619.7666422526042
 21
143.49999321831598
 31
0.0
  0
LINE
  5
2A9
330
17
100
AcDbEntity
  8
ESTRUCTURAS
100
AcDbLine
 10
617.3333062065973
 20
143.30000135633682
 30
0.0
 11
617.3333062065973
 21
144.73332722981772
 31
0.0
  0
LWPOLYLINE
  5
2AA
330
17
100
AcDbEntity
  8
ESTRUCTURAS
100
AcDbPolyline
 90
3
 70
0
 10
620.1000298394098
 20
143.33333333333334
 10
620.1000298394098
 20
142.03332689073352
 10
617.3333062065973
 20
143.30000135633682
  0
LINE
  5
2AB
330
17
100
AcDbEntity
  8
ESTRUCTURAS
100
AcDbLine
 10
617.3333062065973
 20
144.73332722981772
 30
0.0
 11
620.1000298394098
 21
143.33333333333334
 31
0.0
  0
LINE
  5
2AC
330
17
100
AcDbEntity
  8
ESTRUCTURAS
100
AcDbLine
 10
617.3333062065973
 20
144.73332722981772
 30
0.0
 11
617.3333062065973
 21
141.499998304579
 31
0.0
  0
LINE
  5
2AD
330
17
100
AcDbEntity
  8
ESTRUCTURAS
100
AcDbLine
 10
620.1000298394098
 20
142.03332689073352
 30
0.0
 11
620.1000298394098
 21
145.26665581597223
 31
0.0
  0
LINE
  5
2AE
330
17
100
AcDbEntity
  8
ESTRUCTURAS
100
AcDbLine
 10
618.7000189887153
 20
159.90000406901044
 30
0.0
 11
618.7000189887153
 21
130.63333299424914
 31
0.0
  0
LINE
  5
2AF
330
17
100
AcDbEntity
  8
ESTRUCTURAS
100
AcDbLine
 10
618.36669921875
 20
112.26666768391928
 30
0.0
 11
619.0333387586805
 21
112.93333265516493
 31
0.0
  0
LINE
  5
2B0
330
17
100
AcDbEntity
  8
ESTRUCTURAS
100
AcDbLine
 10
618.36669921875
 20
112.46666802300348
 30
0.0
 11
619.0333387586805
 21
113.13333299424913
 31
0.0
  0
LINE
  5
2B1
330
17
100
AcDbEntity
  8
ESTRUCTURAS
100
AcDbLine
 10
618.36669921875
 20
112.66666836208768
 30
0.0
 11
619.0333387586805
 21
113.33333333333334
 31
0.0
  0
LINE
  5
2B2
330
17
100
AcDbEntity
  8
ESTRUCTURAS
100
AcDbLine
 10
618.36669921875
 20
112.86666022406685
 30
0.0
 11
619.0333387586805
 21
113.500001695421
 31
0.0
  0
LINE
  5
2B3
330
17
100
AcDbEntity
  8
ESTRUCTURAS
100
AcDbLine
 10
618.36669921875
 20
113.03332858615452
 30
0.0
 11
619.0333387586805
 21
113.69999355740018
 31
0.0
  0
LINE
  5
2B4
330
17
100
AcDbEntity
  8
ESTRUCTURAS
100
AcDbLine
 10
618.3999972873264
 20
113.23332892523872
 30
0.0
 11
619.0333387586805
 21
113.86666191948785
 31
0.0
  0
LINE
  5
2B5
330
17
100
AcDbEntity
  8
ESTRUCTURAS
100
AcDbLine
 10
618.3999972873264
 20
113.43332926432292
 30
0.0
 11
618.9999728732639
 21
114.06666225857205
 31
0.0
  0
LINE
  5
2B6
330
17
100
AcDbEntity
  8
ESTRUCTURAS
100
AcDbLine
 10
618.3999972873264
 20
113.63332960340712
 30
0.0
 11
618.9999728732639
 21
114.26666259765625
 31
0.0
  0
LINE
  5
2B7
330
17
100
AcDbEntity
  8
ESTRUCTURAS
100
AcDbLine
 10
618.3999972873264
 20
113.83332994249132
 30
0.0
 11
618.9999728732639
 21
114.43333095974393
 31
0.0
  0
LINE
  5
2B8
330
17
100
AcDbEntity
  8
ESTRUCTURAS
100
AcDbLine
 10
618.3999972873264
 20
114.03333028157553
 30
0.0
 11
618.9999728732639
 21
114.63333129882812
 31
0.0
  0
LINE
  5
2B9
330
17
100
AcDbEntity
  8
ESTRUCTURAS
100
AcDbLine
 10
618.3999972873264
 20
114.23333062065973
 30
0.0
 11
618.9999728732639
 21
114.83333163791234
 31
0.0
  0
LINE
  5
2BA
330
17
100
AcDbEntity
  8
ESTRUCTURAS
100
AcDbLine
 10
618.3999972873264
 20
114.3999989827474
 30
0.0
 11
618.9999728732639
 21
115.0
 31
0.0
  0
LINE
  5
2BB
330
17
100
AcDbEntity
  8
ESTRUCTURAS
100
AcDbLine
 10
618.3999972873264
 20
114.5999993218316
 30
0.0
 11
618.9999728732639
 21
115.20000033908421
 31
0.0
  0
LINE
  5
2BC
330
17
100
AcDbEntity
  8
ESTRUCTURAS
100
AcDbLine
 10
618.3999972873264
 20
114.7999996609158
 30
0.0
 11
618.9999728732639
 21
115.40000067816841
 31
0.0
  0
LINE
  5
2BD
330
17
100
AcDbEntity
  8
ESTRUCTURAS
100
AcDbLine
 10
618.3999972873264
 20
115.0
 30
0.0
 11
618.9999728732639
 21
115.56666056315105
 31
0.0
  0
LINE
  5
2BE
330
17
100
AcDbEntity
  8
ESTRUCTURAS
100
AcDbLine
 10
618.433363172743
 20
115.20000033908421
 30
0.0
 11
618.9999728732639
 21
115.76666090223524
 31
0.0
  0
LINE
  5
2BF
330
17
100
AcDbEntity
  8
ESTRUCTURAS
100
AcDbLine
 10
618.433363172743
 20
115.40000067816841
 30
0.0
 11
618.9666748046875
 21
115.93332926432292
 31
0.0
  0
LINE
  5
2C0
330
17
100
AcDbEntity
  8
ESTRUCTURAS
100
AcDbLine
 10
618.433363172743
 20
115.60000101725261
 30
0.0
 11
618.9666748046875
 21
116.13332960340712
 31
0.0
  0
LINE
  5
2C1
330
17
100
AcDbEntity
  8
ESTRUCTURAS
100
AcDbLine
 10
618.433363172743
 20
115.76666090223524
 30
0.0
 11
618.9666748046875
 21
116.33332994249132
 31
0.0
  0
LINE
  5
2C2
330
17
100
AcDbEntity
  8
ESTRUCTURAS
100
AcDbLine
 10
618.433363172743
 20
115.96666124131944
 30
0.0
 11
618.9666748046875
 21
116.499998304579
 31
0.0
  0
LINE
  5
2C3
330
17
100
AcDbEntity
  8
ESTRUCTURAS
100
AcDbLine
 10
618.433363172743
 20
116.16666158040366
 30
0.0
 11
618.9666748046875
 21
116.69999864366319
 31
0.0
  0
LINE
  5
2C4
330
17
100
AcDbEntity
  8
ESTRUCTURAS
100
AcDbLine
 10
618.433363172743
 20
116.36666191948785
 30
0.0
 11
618.9666748046875
 21
116.8999989827474
 31
0.0
  0
LINE
  5
2C5
330
17
100
AcDbEntity
  8
ESTRUCTURAS
100
AcDbLine
 10
618.433363172743
 20
116.56666225857205
 30
0.0
 11
618.9666748046875
 21
117.06666734483507
 31
0.0
  0
LINE
  5
2C6
330
17
100
AcDbEntity
  8
ESTRUCTURAS
100
AcDbLine
 10
618.433363172743
 20
116.76666259765625
 30
0.0
 11
618.9666748046875
 21
117.26666768391928
 31
0.0
  0
LINE
  5
2C7
330
17
100
AcDbEntity
  8
ESTRUCTURAS
100
AcDbLine
 10
618.4666612413195
 20
116.96666293674046
 30
0.0
 11
618.9666748046875
 21
117.46666802300348
 31
0.0
  0
LINE
  5
2C8
330
17
100
AcDbEntity
  8
ESTRUCTURAS
100
AcDbLine
 10
618.4666612413195
 20
117.13333129882812
 30
0.0
 11
618.9666748046875
 21
117.63332790798611
 31
0.0
  0
LINE
  5
2C9
330
17
100
AcDbEntity
  8
ESTRUCTURAS
100
AcDbLine
 10
618.4666612413195
 20
117.33333163791234
 30
0.0
 11
618.9333089192709
 21
117.83332824707031
 31
0.0
  0
LINE
  5
2CA
330
17
100
AcDbEntity
  8
ESTRUCTURAS
100
AcDbLine
 10
618.4666612413195
 20
117.53333197699654
 30
0.0
 11
618.9333089192709
 21
118.03332858615452
 31
0.0
  0
LINE
  5
2CB
330
17
100
AcDbEntity
  8
ESTRUCTURAS
100
AcDbLine
 10
618.4666612413195
 20
117.73333231608073
 30
0.0
 11
618.9333089192709
 21
118.19999694824219
 31
0.0
  0
LINE
  5
2CC
330
17
100
AcDbEntity
  8
ESTRUCTURAS
100
AcDbLine
 10
618.4666612413195
 20
117.93333265516493
 30
0.0
 11
618.9333089192709
 21
118.3999972873264
 31
0.0
  0
LINE
  5
2CD
330
17
100
AcDbEntity
  8
ESTRUCTURAS
100
AcDbLine
 10
618.4666612413195
 20
118.13333299424913
 30
0.0
 11
618.9333089192709
 21
118.56666564941406
 31
0.0
  0
LINE
  5
2CE
330
17
100
AcDbEntity
  8
ESTRUCTURAS
100
AcDbLine
 10
618.4666612413195
 20
118.33333333333334
 30
0.0
 11
618.9333089192709
 21
118.76666598849827
 31
0.0
  0
LINE
  5
2CF
330
17
100
AcDbEntity
  8
ESTRUCTURAS
100
AcDbLine
 10
618.4666612413195
 20
118.49999321831598
 30
0.0
 11
618.9333089192709
 21
118.96666632758247
 31
0.0
  0
LINE
  5
2D0
330
17
100
AcDbEntity
  8
ESTRUCTURAS
100
AcDbLine
 10
618.5000271267361
 20
118.69999355740018
 30
0.0
 11
618.9333089192709
 21
119.13333468967015
 31
0.0
  0
LINE
  5
2D1
330
17
100
AcDbEntity
  8
ESTRUCTURAS
100
AcDbLine
 10
618.5000271267361
 20
118.89999389648438
 30
0.0
 11
618.9333089192709
 21
119.33332655164931
 31
0.0
  0
LINE
  5
2D2
330
17
100
AcDbEntity
  8
ESTRUCTURAS
100
AcDbLine
 10
618.5000271267361
 20
119.09999423556859
 30
0.0
 11
618.9000108506945
 21
119.5333268907335
 31
0.0
  0
LINE
  5
2D3
330
17
100
AcDbEntity
  8
ESTRUCTURAS
100
AcDbLine
 10
618.5000271267361
 20
119.29999457465279
 30
0.0
 11
618.9000108506945
 21
119.69999525282118
 31
0.0
  0
LINE
  5
2D4
330
17
100
AcDbEntity
  8
ESTRUCTURAS
100
AcDbLine
 10
618.5000271267361
 20
119.49999491373698
 30
0.0
 11
618.9000108506945
 21
119.89999559190538
 31
0.0
  0
LINE
  5
2D5
330
17
100
AcDbEntity
  8
ESTRUCTURAS
100
AcDbLine
 10
618.5000271267361
 20
119.69999525282118
 30
0.0
 11
618.9000108506945
 21
120.09999593098959
 31
0.0
  0
LINE
  5
2D6
330
17
100
AcDbEntity
  8
ESTRUCTURAS
100
AcDbLine
 10
618.5000271267361
 20
119.86666361490886
 30
0.0
 11
618.9000108506945
 21
120.26666429307726
 31
0.0
  0
LINE
  5
2D7
330
17
100
AcDbEntity
  8
ESTRUCTURAS
100
AcDbLine
 10
618.5000271267361
 20
120.06666395399306
 30
0.0
 11
618.9000108506945
 21
120.46666463216147
 31
0.0
  0
LINE
  5
2D8
330
17
100
AcDbEntity
  8
ESTRUCTURAS
100
AcDbLine
 10
618.5000271267361
 20
120.26666429307726
 30
0.0
 11
618.9000108506945
 21
120.66666497124567
 31
0.0
  0
LINE
  5
2D9
330
17
100
AcDbEntity
  8
ESTRUCTURAS
100
AcDbLine
 10
618.5333251953125
 20
120.46666463216147
 30
0.0
 11
618.9000108506945
 21
120.83333333333334
 31
0.0
  0
LINE
  5
2DA
330
17
100
AcDbEntity
  8
ESTRUCTURAS
100
AcDbLine
 10
618.5333251953125
 20
120.66666497124567
 30
0.0
 11
618.9000108506945
 21
121.03333367241754
 31
0.0
  0
LINE
  5
2DB
330
17
100
AcDbEntity
  8
ESTRUCTURAS
100
AcDbLine
 10
618.5333251953125
 20
120.86666531032986
 30
0.0
 11
618.9000108506945
 21
121.19999355740018
 31
0.0
  0
LINE
  5
2DC
330
17
100
AcDbEntity
  8
ESTRUCTURAS
100
AcDbLine
 10
618.5333251953125
 20
121.06666564941406
 30
0.0
 11
618.8666449652778
 21
121.39999389648438
 31
0.0
  0
LINE
  5
2DD
330
17
100
AcDbEntity
  8
ESTRUCTURAS
100
AcDbLine
 10
618.5333251953125
 20
121.23333401150174
 30
0.0
 11
618.8666449652778
 21
121.59999423556859
 31
0.0
  0
LINE
  5
2DE
330
17
100
AcDbEntity
  8
ESTRUCTURAS
100
AcDbLine
 10
618.5333251953125
 20
121.43333435058594
 30
0.0
 11
618.8666449652778
 21
121.76666259765625
 31
0.0
  0
LINE
  5
2DF
330
17
100
AcDbEntity
  8
ESTRUCTURAS
100
AcDbLine
 10
618.5333251953125
 20
121.63333468967015
 30
0.0
 11
618.8666449652778
 21
121.96666293674046
 31
0.0
  0
LINE
  5
2E0
330
17
100
AcDbEntity
  8
ESTRUCTURAS
100
AcDbLine
 10
618.5333251953125
 20
121.83332655164931
 30
0.0
 11
618.8666449652778
 21
122.16666327582466
 31
0.0
  0
LINE
  5
2E1
330
17
100
AcDbEntity
  8
ESTRUCTURAS
100
AcDbLine
 10
618.5333251953125
 20
122.0333268907335
 30
0.0
 11
618.8666449652778
 21
122.33333163791234
 31
0.0
  0
LINE
  5
2E2
330
17
100
AcDbEntity
  8
ESTRUCTURAS
100
AcDbLine
 10
618.5666910807292
 20
122.23332722981772
 30
0.0
 11
618.8666449652778
 21
122.53333197699654
 31
0.0
  0
LINE
  5
2E3
330
17
100
AcDbEntity
  8
ESTRUCTURAS
100
AcDbLine
 10
618.5666910807292
 20
122.43332756890192
 30
0.0
 11
618.8666449652778
 21
122.73333231608073
 31
0.0
  0
LINE
  5
2E4
330
17
100
AcDbEntity
  8
ESTRUCTURAS
100
AcDbLine
 10
618.5666910807292
 20
122.59999593098959
 30
0.0
 11
618.8666449652778
 21
122.90000067816841
 31
0.0
  0
LINE
  5
2E5
330
17
100
AcDbEntity
  8
ESTRUCTURAS
100
AcDbLine
 10
618.36669921875
 20
112.06666734483507
 30
0.0
 11
619.0333387586805
 21
112.76666429307726
 31
0.0
  0
LINE
  5
2E6
330
17
100
AcDbEntity
  8
ESTRUCTURAS
100
AcDbLine
 10
618.36669921875
 20
111.86666700575087
 30
0.0
 11
619.0333387586805
 21
112.56666395399306
 31
0.0
  0
LINE
  5
2E7
330
17
100
AcDbEntity
  8
ESTRUCTURAS
100
AcDbLine
 10
618.36669921875
 20
111.69999864366319
 30
0.0
 11
619.0333387586805
 21
112.36666361490886
 31
0.0
  0
LINE
  5
2E8
330
17
100
AcDbEntity
  8
ESTRUCTURAS
100
AcDbLine
 10
618.36669921875
 20
111.499998304579
 30
0.0
 11
619.0667046440973
 21
112.19999525282118
 31
0.0
  0
LINE
  5
2E9
330
17
100
AcDbEntity
  8
ESTRUCTURAS
100
AcDbLine
 10
618.3333333333334
 20
111.2999979654948
 30
0.0
 11
619.0667046440973
 21
111.99999491373698
 31
0.0
  0
LINE
  5
2EA
330
17
100
AcDbEntity
  8
ESTRUCTURAS
100
AcDbLine
 10
618.3333333333334
 20
111.0999976264106
 30
0.0
 11
619.0667046440973
 21
111.79999457465279
 31
0.0
  0
LINE
  5
2EB
330
17
100
AcDbEntity
  8
ESTRUCTURAS
100
AcDbLine
 10
618.3333333333334
 20
110.8999972873264
 30
0.0
 11
619.0667046440973
 21
111.63333468967015
 31
0.0
  0
LINE
  5
2EC
330
17
100
AcDbEntity
  8
ESTRUCTURAS
100
AcDbLine
 10
618.3333333333334
 20
110.69999694824219
 30
0.0
 11
619.0667046440973
 21
111.43333435058594
 31
0.0
  0
LINE
  5
2ED
330
17
100
AcDbEntity
  8
ESTRUCTURAS
100
AcDbLine
 10
618.3333333333334
 20
110.49999660915799
 30
0.0
 11
619.0667046440973
 21
111.23333401150174
 31
0.0
  0
LINE
  5
2EE
330
17
100
AcDbEntity
  8
ESTRUCTURAS
100
AcDbLine
 10
618.3333333333334
 20
110.33332824707031
 30
0.0
 11
619.0667046440973
 21
111.06666564941406
 31
0.0
  0
LINE
  5
2EF
330
17
100
AcDbEntity
  8
ESTRUCTURAS
100
AcDbLine
 10
618.3333333333334
 20
110.13332790798611
 30
0.0
 11
619.0667046440973
 21
110.86666531032986
 31
0.0
  0
LINE
  5
2F0
330
17
100
AcDbEntity
  8
ESTRUCTURAS
100
AcDbLine
 10
618.3333333333334
 20
109.93332756890192
 30
0.0
 11
619.0667046440973
 21
110.69999694824219
 31
0.0
  0
LINE
  5
2F1
330
17
100
AcDbEntity
  8
ESTRUCTURAS
100
AcDbLine
 10
618.3333333333334
 20
109.73332722981772
 30
0.0
 11
619.0667046440973
 21
110.49999660915799
 31
0.0
  0
LINE
  5
2F2
330
17
100
AcDbEntity
  8
ESTRUCTURAS
100
AcDbLine
 10
618.2999674479167
 20
109.5333268907335
 30
0.0
 11
619.1000027126736
 21
110.29999627007379
 31
0.0
  0
LINE
  5
2F3
330
17
100
AcDbEntity
  8
ESTRUCTURAS
100
AcDbLine
 10
618.2999674479167
 20
109.33333502875435
 30
0.0
 11
619.1000027126736
 21
110.13332790798611
 31
0.0
  0
LINE
  5
2F4
330
17
100
AcDbEntity
  8
ESTRUCTURAS
100
AcDbLine
 10
618.2999674479167
 20
109.13333468967015
 30
0.0
 11
619.1000027126736
 21
109.93332756890192
 31
0.0
  0
LINE
  5
2F5
330
17
100
AcDbEntity
  8
ESTRUCTURAS
100
AcDbLine
 10
618.2999674479167
 20
108.96666632758247
 30
0.0
 11
619.1000027126736
 21
109.73332722981772
 31
0.0
  0
LINE
  5
2F6
330
17
100
AcDbEntity
  8
ESTRUCTURAS
100
AcDbLine
 10
618.2999674479167
 20
108.76666598849827
 30
0.0
 11
619.1000027126736
 21
109.56666734483507
 31
0.0
  0
LINE
  5
2F7
330
17
100
AcDbEntity
  8
ESTRUCTURAS
100
AcDbLine
 10
618.2999674479167
 20
108.56666564941406
 30
0.0
 11
619.1000027126736
 21
109.36666700575087
 31
0.0
  0
LINE
  5
2F8
330
17
100
AcDbEntity
  8
ESTRUCTURAS
100
AcDbLine
 10
618.2999674479167
 20
108.36666531032986
 30
0.0
 11
619.1000027126736
 21
109.16666666666667
 31
0.0
  0
LINE
  5
2F9
330
17
100
AcDbEntity
  8
ESTRUCTURAS
100
AcDbLine
 10
618.2999674479167
 20
108.16666497124567
 30
0.0
 11
619.1000027126736
 21
108.999998304579
 31
0.0
  0
LINE
  5
2FA
330
17
100
AcDbEntity
  8
ESTRUCTURAS
100
AcDbLine
 10
618.2999674479167
 20
107.96666463216147
 30
0.0
 11
619.1000027126736
 21
108.7999979654948
 31
0.0
  0
LINE
  5
2FB
330
17
100
AcDbEntity
  8
ESTRUCTURAS
100
AcDbLine
 10
618.2666693793403
 20
107.76666429307726
 30
0.0
 11
619.13330078125
 21
108.5999976264106
 31
0.0
  0
LINE
  5
2FC
330
17
100
AcDbEntity
  8
ESTRUCTURAS
100
AcDbLine
 10
618.2666693793403
 20
107.59999593098959
 30
0.0
 11
619.13330078125
 21
108.43332926432292
 31
0.0
  0
LINE
  5
2FD
330
17
100
AcDbEntity
  8
ESTRUCTURAS
100
AcDbLine
 10
618.2666693793403
 20
107.39999559190538
 30
0.0
 11
619.13330078125
 21
108.23332892523872
 31
0.0
  0
LINE
  5
2FE
330
17
100
AcDbEntity
  8
ESTRUCTURAS
100
AcDbLine
 10
618.2666693793403
 20
107.19999525282118
 30
0.0
 11
619.13330078125
 21
108.06666056315105
 31
0.0
  0
LINE
  5
2FF
330
17
100
AcDbEntity
  8
ESTRUCTURAS
100
AcDbLine
 10
618.2666693793403
 20
106.99999491373698
 30
0.0
 11
619.13330078125
 21
107.86666022406685
 31
0.0
  0
LINE
  5
300
330
17
100
AcDbEntity
  8
ESTRUCTURAS
100
AcDbLine
 10
618.2666693793403
 20
106.79999457465279
 30
0.0
 11
619.13330078125
 21
107.66666836208768
 31
0.0
  0
LINE
  5
301
330
17
100
AcDbEntity
  8
ESTRUCTURAS
100
AcDbLine
 10
618.2666693793403
 20
106.59999423556859
 30
0.0
 11
619.13330078125
 21
107.5
 31
0.0
  0
LINE
  5
302
330
17
100
AcDbEntity
  8
ESTRUCTURAS
100
AcDbLine
 10
618.2666693793403
 20
106.39999389648438
 30
0.0
 11
619.13330078125
 21
107.2999996609158
 31
0.0
  0
LINE
  5
303
330
17
100
AcDbEntity
  8
ESTRUCTURAS
100
AcDbLine
 10
618.2666693793403
 20
106.23333401150174
 30
0.0
 11
619.13330078125
 21
107.0999993218316
 31
0.0
  0
LINE
  5
304
330
17
100
AcDbEntity
  8
ESTRUCTURAS
100
AcDbLine
 10
618.2333713107639
 20
106.03333367241754
 30
0.0
 11
619.13330078125
 21
106.93333095974393
 31
0.0
  0
LINE
  5
305
330
17
100
AcDbEntity
  8
ESTRUCTURAS
100
AcDbLine
 10
618.2333713107639
 20
105.83333333333334
 30
0.0
 11
619.1666666666667
 21
106.73333062065973
 31
0.0
  0
LINE
  5
306
330
17
100
AcDbEntity
  8
ESTRUCTURAS
100
AcDbLine
 10
618.2333713107639
 20
105.63333299424913
 30
0.0
 11
619.1666666666667
 21
106.53333028157553
 31
0.0
  0
LINE
  5
307
330
17
100
AcDbEntity
  8
ESTRUCTURAS
100
AcDbLine
 10
618.2333713107639
 20
105.43333265516493
 30
0.0
 11
619.1666666666667
 21
106.36666191948785
 31
0.0
  0
LINE
  5
308
330
17
100
AcDbEntity
  8
ESTRUCTURAS
100
AcDbLine
 10
618.2333713107639
 20
105.23333231608073
 30
0.0
 11
619.1666666666667
 21
106.16666158040366
 31
0.0
  0
LINE
  5
309
330
17
100
AcDbEntity
  8
ESTRUCTURAS
100
AcDbLine
 10
618.2333713107639
 20
105.03333197699654
 30
0.0
 11
619.1666666666667
 21
105.96666124131944
 31
0.0
  0
LINE
  5
30A
330
17
100
AcDbEntity
  8
ESTRUCTURAS
100
AcDbLine
 10
618.2333713107639
 20
104.86666361490886
 30
0.0
 11
619.1666666666667
 21
105.80000135633681
 31
0.0
  0
LINE
  5
30B
330
17
100
AcDbEntity
  8
ESTRUCTURAS
100
AcDbLine
 10
618.2333713107639
 20
104.66666327582466
 30
0.0
 11
619.1666666666667
 21
105.60000101725261
 31
0.0
  0
LINE
  5
30C
330
17
100
AcDbEntity
  8
ESTRUCTURAS
100
AcDbLine
 10
618.2333713107639
 20
104.46666293674046
 30
0.0
 11
619.1666666666667
 21
105.43333265516493
 31
0.0
  0
LINE
  5
30D
330
17
100
AcDbEntity
  8
ESTRUCTURAS
100
AcDbLine
 10
618.2000054253473
 20
104.26666259765625
 30
0.0
 11
619.1666666666667
 21
105.23333231608073
 31
0.0
  0
LINE
  5
30E
330
17
100
AcDbEntity
  8
ESTRUCTURAS
100
AcDbLine
 10
618.2000054253473
 20
104.06666225857205
 30
0.0
 11
619.2000325520834
 21
105.03333197699654
 31
0.0
  0
LINE
  5
30F
330
17
100
AcDbEntity
  8
ESTRUCTURAS
100
AcDbLine
 10
618.2000054253473
 20
103.86666191948785
 30
0.0
 11
619.2000325520834
 21
104.86666361490886
 31
0.0
  0
LINE
  5
310
330
17
100
AcDbEntity
  8
ESTRUCTURAS
100
AcDbLine
 10
618.2000054253473
 20
103.66666158040366
 30
0.0
 11
619.2000325520834
 21
104.66666327582466
 31
0.0
  0
LINE
  5
311
330
17
100
AcDbEntity
  8
ESTRUCTURAS
100
AcDbLine
 10
618.2000054253473
 20
103.500001695421
 30
0.0
 11
619.2000325520834
 21
104.46666293674046
 31
0.0
  0
LINE
  5
312
330
17
100
AcDbEntity
  8
ESTRUCTURAS
100
AcDbLine
 10
618.2000054253473
 20
103.30000135633681
 30
0.0
 11
619.2000325520834
 21
104.29999457465279
 31
0.0
  0
LINE
  5
313
330
17
100
AcDbEntity
  8
ESTRUCTURAS
100
AcDbLine
 10
618.2000054253473
 20
103.10000101725261
 30
0.0
 11
619.2000325520834
 21
104.09999423556859
 31
0.0
  0
LINE
  5
314
330
17
100
AcDbEntity
  8
ESTRUCTURAS
100
AcDbLine
 10
618.2000054253473
 20
102.90000067816841
 30
0.0
 11
619.2000325520834
 21
103.89999389648438
 31
0.0
  0
LINE
  5
315
330
17
100
AcDbEntity
  8
ESTRUCTURAS
100
AcDbLine
 10
618.2000054253473
 20
102.70000033908421
 30
0.0
 11
619.2000325520834
 21
103.73333401150174
 31
0.0
  0
LINE
  5
316
330
17
100
AcDbEntity
  8
ESTRUCTURAS
100
AcDbLine
 10
618.1666395399305
 20
102.5
 30
0.0
 11
619.2000325520834
 21
103.53333367241754
 31
0.0
  0
LINE
  5
317
330
17
100
AcDbEntity
  8
ESTRUCTURAS
100
AcDbLine
 10
618.1666395399305
 20
102.2999996609158
 30
0.0
 11
619.2000325520834
 21
103.36666531032986
 31
0.0
  0
LINE
  5
318
330
17
100
AcDbEntity
  8
ESTRUCTURAS
100
AcDbLine
 10
618.1666395399305
 20
102.13333129882812
 30
0.0
 11
619.2333306206598
 21
103.16666497124567
 31
0.0
  0
LINE
  5
319
330
17
100
AcDbEntity
  8
ESTRUCTURAS
100
AcDbLine
 10
618.1666395399305
 20
101.93333095974393
 30
0.0
 11
619.2333306206598
 21
102.96666463216147
 31
0.0
  0
LINE
  5
31A
330
17
100
AcDbEntity
  8
ESTRUCTURAS
100
AcDbLine
 10
618.1666395399305
 20
101.73333062065973
 30
0.0
 11
619.2333306206598
 21
102.79999627007379
 31
0.0
  0
LINE
  5
31B
330
17
100
AcDbEntity
  8
ESTRUCTURAS
100
AcDbLine
 10
618.1666395399305
 20
101.53333028157553
 30
0.0
 11
619.2333306206598
 21
102.59999593098959
 31
0.0
  0
LINE
  5
31C
330
17
100
AcDbEntity
  8
ESTRUCTURAS
100
AcDbLine
 10
618.1666395399305
 20
101.33332994249132
 30
0.0
 11
619.2333306206598
 21
102.39999559190538
 31
0.0
  0
LINE
  5
31D
330
17
100
AcDbEntity
  8
ESTRUCTURAS
100
AcDbLine
 10
618.1666395399305
 20
101.13332960340712
 30
0.0
 11
619.2333306206598
 21
102.23332722981772
 31
0.0
  0
LINE
  5
31E
330
17
100
AcDbEntity
  8
ESTRUCTURAS
100
AcDbLine
 10
618.1666395399305
 20
100.93332926432292
 30
0.0
 11
619.2333306206598
 21
102.0333268907335
 31
0.0
  0
LINE
  5
31F
330
17
100
AcDbEntity
  8
ESTRUCTURAS
100
AcDbLine
 10
618.1666395399305
 20
100.76666090223524
 30
0.0
 11
619.2333306206598
 21
101.83333502875435
 31
0.0
  0
LINE
  5
320
330
17
100
AcDbEntity
  8
ESTRUCTURAS
100
AcDbLine
 10
618.1333414713542
 20
100.56666056315105
 30
0.0
 11
619.2333306206598
 21
101.66666666666667
 31
0.0
  0
LINE
  5
321
330
17
100
AcDbEntity
  8
ESTRUCTURAS
100
AcDbLine
 10
618.1333414713542
 20
100.36666022406685
 30
0.0
 11
619.2666965060764
 21
101.46666632758247
 31
0.0
  0
LINE
  5
322
330
17
100
AcDbEntity
  8
ESTRUCTURAS
100
AcDbLine
 10
618.1333414713542
 20
100.16666836208768
 30
0.0
 11
619.2666965060764
 21
101.26666598849827
 31
0.0
  0
LINE
  5
323
330
17
100
AcDbEntity
  8
ESTRUCTURAS
100
AcDbLine
 10
618.1333414713542
 20
99.96666802300348
 30
0.0
 11
619.2666965060764
 21
101.0999976264106
 31
0.0
  0
LINE
  5
324
330
17
100
AcDbEntity
  8
ESTRUCTURAS
100
AcDbLine
 10
618.1333414713542
 20
99.76666768391928
 30
0.0
 11
619.2666965060764
 21
100.8999972873264
 31
0.0
  0
LINE
  5
325
330
17
100
AcDbEntity
  8
ESTRUCTURAS
100
AcDbLine
 10
618.1333414713542
 20
99.56666734483507
 30
0.0
 11
619.2666965060764
 21
100.73332892523872
 31
0.0
  0
LINE
  5
326
330
17
100
AcDbEntity
  8
ESTRUCTURAS
100
AcDbLine
 10
618.1333414713542
 20
99.3999989827474
 30
0.0
 11
619.2666965060764
 21
100.53332858615452
 31
0.0
  0
LINE
  5
327
330
17
100
AcDbEntity
  8
ESTRUCTURAS
100
AcDbLine
 10
618.1333414713542
 20
99.19999864366319
 30
0.0
 11
619.2666965060764
 21
100.33332824707031
 31
0.0
  0
LINE
  5
328
330
17
100
AcDbEntity
  8
ESTRUCTURAS
100
AcDbLine
 10
618.1333414713542
 20
98.999998304579
 30
0.0
 11
619.2666965060764
 21
100.16666836208768
 31
0.0
  0
LINE
  5
329
330
17
100
AcDbEntity
  8
ESTRUCTURAS
100
AcDbLine
 10
618.0999755859375
 20
98.7999979654948
 30
0.0
 11
619.2666965060764
 21
99.96666802300348
 31
0.0
  0
LINE
  5
32A
330
17
100
AcDbEntity
  8
ESTRUCTURAS
100
AcDbLine
 10
618.0999755859375
 20
98.5999976264106
 30
0.0
 11
619.2666965060764
 21
99.76666768391928
 31
0.0
  0
LINE
  5
32B
330
17
100
AcDbEntity
  8
ESTRUCTURAS
100
AcDbLine
 10
618.0999755859375
 20
98.3999972873264
 30
0.0
 11
619.2999945746528
 21
99.5999993218316
 31
0.0
  0
LINE
  5
32C
330
17
100
AcDbEntity
  8
ESTRUCTURAS
100
AcDbLine
 10
618.0999755859375
 20
98.19999694824219
 30
0.0
 11
619.2999945746528
 21
99.3999989827474
 31
0.0
  0
LINE
  5
32D
330
17
100
AcDbEntity
  8
ESTRUCTURAS
100
AcDbLine
 10
618.0999755859375
 20
98.03332858615452
 30
0.0
 11
619.2999945746528
 21
99.19999864366319
 31
0.0
  0
LINE
  5
32E
330
17
100
AcDbEntity
  8
ESTRUCTURAS
100
AcDbLine
 10
618.0999755859375
 20
97.83332824707031
 30
0.0
 11
619.2999945746528
 21
99.03333028157553
 31
0.0
  0
LINE
  5
32F
330
17
100
AcDbEntity
  8
ESTRUCTURAS
100
AcDbLine
 10
618.0999755859375
 20
97.63332790798611
 30
0.0
 11
619.2999945746528
 21
98.83332994249132
 31
0.0
  0
LINE
  5
330
330
17
100
AcDbEntity
  8
ESTRUCTURAS
100
AcDbLine
 10
618.0999755859375
 20
97.43332756890192
 30
0.0
 11
619.2999945746528
 21
98.63332960340712
 31
0.0
  0
LINE
  5
331
330
17
100
AcDbEntity
  8
ESTRUCTURAS
100
AcDbLine
 10
618.0999755859375
 20
97.23332722981772
 30
0.0
 11
619.2999945746528
 21
98.46666124131944
 31
0.0
  0
LINE
  5
332
330
17
100
AcDbEntity
  8
ESTRUCTURAS
100
AcDbLine
 10
618.0666775173611
 20
97.03333536783855
 30
0.0
 11
619.2999945746528
 21
98.26666090223524
 31
0.0
  0
LINE
  5
333
330
17
100
AcDbEntity
  8
ESTRUCTURAS
100
AcDbLine
 10
618.0666775173611
 20
96.83333502875435
 30
0.0
 11
619.2999945746528
 21
98.10000101725261
 31
0.0
  0
LINE
  5
334
330
17
100
AcDbEntity
  8
ESTRUCTURAS
100
AcDbLine
 10
618.0666775173611
 20
96.66666666666667
 30
0.0
 11
619.3333604600695
 21
97.90000067816841
 31
0.0
  0
LINE
  5
335
330
17
100
AcDbEntity
  8
ESTRUCTURAS
100
AcDbLine
 10
618.0666775173611
 20
96.46666632758247
 30
0.0
 11
619.3333604600695
 21
97.70000033908421
 31
0.0
  0
LINE
  5
336
330
17
100
AcDbEntity
  8
ESTRUCTURAS
100
AcDbLine
 10
618.0666775173611
 20
96.26666598849827
 30
0.0
 11
619.3333604600695
 21
97.53333197699654
 31
0.0
  0
LINE
  5
337
330
17
100
AcDbEntity
  8
ESTRUCTURAS
100
AcDbLine
 10
618.0666775173611
 20
96.06666564941406
 30
0.0
 11
619.3333604600695
 21
97.33333163791234
 31
0.0
  0
LINE
  5
338
330
17
100
AcDbEntity
  8
ESTRUCTURAS
100
AcDbLine
 10
618.0666775173611
 20
95.86666531032986
 30
0.0
 11
619.3333604600695
 21
97.13333129882812
 31
0.0
  0
LINE
  5
339
330
17
100
AcDbEntity
  8
ESTRUCTURAS
100
AcDbLine
 10
618.0666775173611
 20
95.66666497124567
 30
0.0
 11
619.3333604600695
 21
96.96666293674046
 31
0.0
  0
LINE
  5
33A
330
17
100
AcDbEntity
  8
ESTRUCTURAS
100
AcDbLine
 10
618.0666775173611
 20
95.46666463216147
 30
0.0
 11
619.3333604600695
 21
96.76666259765625
 31
0.0
  0
LINE
  5
33B
330
17
100
AcDbEntity
  8
ESTRUCTURAS
100
AcDbLine
 10
618.0333116319445
 20
95.29999627007379
 30
0.0
 11
619.3333604600695
 21
96.56666225857205
 31
0.0
  0
LINE
  5
33C
330
17
100
AcDbEntity
  8
ESTRUCTURAS
100
AcDbLine
 10
618.0333116319445
 20
95.09999593098959
 30
0.0
 11
619.3333604600695
 21
96.39999389648438
 31
0.0
  0
LINE
  5
33D
330
17
100
AcDbEntity
  8
ESTRUCTURAS
100
AcDbLine
 10
618.0333116319445
 20
94.89999559190538
 30
0.0
 11
619.3333604600695
 21
96.20000203450522
 31
0.0
  0
LINE
  5
33E
330
17
100
AcDbEntity
  8
ESTRUCTURAS
100
AcDbLine
 10
618.2333713107639
 20
94.89999559190538
 30
0.0
 11
619.3666585286459
 21
96.000001695421
 31
0.0
  0
LINE
  5
33F
330
17
100
AcDbEntity
  8
ESTRUCTURAS
100
AcDbLine
 10
618.3999972873264
 20
94.89999559190538
 30
0.0
 11
619.3666585286459
 21
95.83333333333334
 31
0.0
  0
LINE
  5
340
330
17
100
AcDbEntity
  8
ESTRUCTURAS
100
AcDbLine
 10
618.5999891493055
 20
94.89999559190538
 30
0.0
 11
619.3666585286459
 21
95.63333299424913
 31
0.0
  0
LINE
  5
341
330
17
100
AcDbEntity
  8
ESTRUCTURAS
100
AcDbLine
 10
618.7999810112848
 20
94.89999559190538
 30
0.0
 11
619.3666585286459
 21
95.46666463216147
 31
0.0
  0
LINE
  5
342
330
17
100
AcDbEntity
  8
ESTRUCTURAS
100
AcDbLine
 10
618.9999728732639
 20
94.89999559190538
 30
0.0
 11
619.3666585286459
 21
95.26666429307726
 31
0.0
  0
LINE
  5
343
330
17
100
AcDbEntity
  8
ESTRUCTURAS
100
AcDbLine
 10
619.0667046440973
 20
112.23332722981772
 30
0.0
 11
618.36669921875
 21
112.90000067816841
 31
0.0
  0
LINE
  5
344
330
17
100
AcDbEntity
  8
ESTRUCTURAS
100
AcDbLine
 10
619.0667046440973
 20
112.0333268907335
 30
0.0
 11
618.36669921875
 21
112.73333231608073
 31
0.0
  0
LINE
  5
345
330
17
100
AcDbEntity
  8
ESTRUCTURAS
100
AcDbLine
 10
619.0667046440973
 20
111.83333502875435
 30
0.0
 11
618.36669921875
 21
112.53333197699654
 31
0.0
  0
LINE
  5
346
330
17
100
AcDbEntity
  8
ESTRUCTURAS
100
AcDbLine
 10
619.0667046440973
 20
111.63333468967015
 30
0.0
 11
618.36669921875
 21
112.33333163791234
 31
0.0
  0
LINE
  5
347
330
17
100
AcDbEntity
  8
ESTRUCTURAS
100
AcDbLine
 10
619.0667046440973
 20
111.46666632758247
 30
0.0
 11
618.36669921875
 21
112.16666327582466
 31
0.0
  0
LINE
  5
348
330
17
100
AcDbEntity
  8
ESTRUCTURAS
100
AcDbLine
 10
619.0667046440973
 20
111.26666598849827
 30
0.0
 11
618.36669921875
 21
111.96666293674046
 31
0.0
  0
LINE
  5
349
330
17
100
AcDbEntity
  8
ESTRUCTURAS
100
AcDbLine
 10
619.0667046440973
 20
111.06666564941406
 30
0.0
 11
618.36669921875
 21
111.76666259765625
 31
0.0
  0
LINE
  5
34A
330
17
100
AcDbEntity
  8
ESTRUCTURAS
100
AcDbLine
 10
619.0667046440973
 20
110.86666531032986
 30
0.0
 11
618.36669921875
 21
111.59999423556859
 31
0.0
  0
LINE
  5
34B
330
17
100
AcDbEntity
  8
ESTRUCTURAS
100
AcDbLine
 10
619.0667046440973
 20
110.66666497124567
 30
0.0
 11
618.3333333333334
 21
111.39999389648438
 31
0.0
  0
LINE
  5
34C
330
17
100
AcDbEntity
  8
ESTRUCTURAS
100
AcDbLine
 10
619.1000027126736
 20
110.46666463216147
 30
0.0
 11
618.3333333333334
 21
111.19999355740018
 31
0.0
  0
LINE
  5
34D
330
17
100
AcDbEntity
  8
ESTRUCTURAS
100
AcDbLine
 10
619.1000027126736
 20
110.26666429307726
 30
0.0
 11
618.3333333333334
 21
111.03333367241754
 31
0.0
  0
LINE
  5
34E
330
17
100
AcDbEntity
  8
ESTRUCTURAS
100
AcDbLine
 10
619.1000027126736
 20
110.09999593098959
 30
0.0
 11
618.3333333333334
 21
110.83333333333334
 31
0.0
  0
LINE
  5
34F
330
17
100
AcDbEntity
  8
ESTRUCTURAS
100
AcDbLine
 10
619.1000027126736
 20
109.89999559190538
 30
0.0
 11
618.3333333333334
 21
110.66666497124567
 31
0.0
  0
LINE
  5
350
330
17
100
AcDbEntity
  8
ESTRUCTURAS
100
AcDbLine
 10
619.1000027126736
 20
109.69999525282118
 30
0.0
 11
618.3333333333334
 21
110.46666463216147
 31
0.0
  0
LINE
  5
351
330
17
100
AcDbEntity
  8
ESTRUCTURAS
100
AcDbLine
 10
619.1000027126736
 20
109.49999491373698
 30
0.0
 11
618.3333333333334
 21
110.26666429307726
 31
0.0
  0
LINE
  5
352
330
17
100
AcDbEntity
  8
ESTRUCTURAS
100
AcDbLine
 10
619.1000027126736
 20
109.29999457465279
 30
0.0
 11
618.3333333333334
 21
110.09999593098959
 31
0.0
  0
LINE
  5
353
330
17
100
AcDbEntity
  8
ESTRUCTURAS
100
AcDbLine
 10
619.1000027126736
 20
109.09999423556859
 30
0.0
 11
618.3333333333334
 21
109.89999559190538
 31
0.0
  0
LINE
  5
354
330
17
100
AcDbEntity
  8
ESTRUCTURAS
100
AcDbLine
 10
619.1000027126736
 20
108.89999389648438
 30
0.0
 11
618.3333333333334
 21
109.69999525282118
 31
0.0
  0
LINE
  5
355
330
17
100
AcDbEntity
  8
ESTRUCTURAS
100
AcDbLine
 10
619.1000027126736
 20
108.73333401150174
 30
0.0
 11
618.2999674479167
 21
109.5333268907335
 31
0.0
  0
LINE
  5
356
330
17
100
AcDbEntity
  8
ESTRUCTURAS
100
AcDbLine
 10
619.13330078125
 20
108.53333367241754
 30
0.0
 11
618.2999674479167
 21
109.33333502875435
 31
0.0
  0
LINE
  5
357
330
17
100
AcDbEntity
  8
ESTRUCTURAS
100
AcDbLine
 10
619.13330078125
 20
108.33333333333334
 30
0.0
 11
618.2999674479167
 21
109.13333468967015
 31
0.0
  0
LINE
  5
358
330
17
100
AcDbEntity
  8
ESTRUCTURAS
100
AcDbLine
 10
619.13330078125
 20
108.13333299424913
 30
0.0
 11
618.2999674479167
 21
108.96666632758247
 31
0.0
  0
LINE
  5
359
330
17
100
AcDbEntity
  8
ESTRUCTURAS
100
AcDbLine
 10
619.13330078125
 20
107.93333265516493
 30
0.0
 11
618.2999674479167
 21
108.76666598849827
 31
0.0
  0
LINE
  5
35A
330
17
100
AcDbEntity
  8
ESTRUCTURAS
100
AcDbLine
 10
619.13330078125
 20
107.73333231608073
 30
0.0
 11
618.2999674479167
 21
108.56666564941406
 31
0.0
  0
LINE
  5
35B
330
17
100
AcDbEntity
  8
ESTRUCTURAS
100
AcDbLine
 10
619.13330078125
 20
107.53333197699654
 30
0.0
 11
618.2999674479167
 21
108.3999972873264
 31
0.0
  0
LINE
  5
35C
330
17
100
AcDbEntity
  8
ESTRUCTURAS
100
AcDbLine
 10
619.13330078125
 20
107.36666361490886
 30
0.0
 11
618.2999674479167
 21
108.19999694824219
 31
0.0
  0
LINE
  5
35D
330
17
100
AcDbEntity
  8
ESTRUCTURAS
100
AcDbLine
 10
619.13330078125
 20
107.16666327582466
 30
0.0
 11
618.2999674479167
 21
108.03332858615452
 31
0.0
  0
LINE
  5
35E
330
17
100
AcDbEntity
  8
ESTRUCTURAS
100
AcDbLine
 10
619.13330078125
 20
106.96666293674046
 30
0.0
 11
618.2666693793403
 21
107.83332824707031
 31
0.0
  0
LINE
  5
35F
330
17
100
AcDbEntity
  8
ESTRUCTURAS
100
AcDbLine
 10
619.1666666666667
 20
106.76666259765625
 30
0.0
 11
618.2666693793403
 21
107.63332790798611
 31
0.0
  0
LINE
  5
360
330
17
100
AcDbEntity
  8
ESTRUCTURAS
100
AcDbLine
 10
619.1666666666667
 20
106.56666225857205
 30
0.0
 11
618.2666693793403
 21
107.46666802300348
 31
0.0
  0
LINE
  5
361
330
17
100
AcDbEntity
  8
ESTRUCTURAS
100
AcDbLine
 10
619.1666666666667
 20
106.36666191948785
 30
0.0
 11
618.2666693793403
 21
107.26666768391928
 31
0.0
  0
LINE
  5
362
330
17
100
AcDbEntity
  8
ESTRUCTURAS
100
AcDbLine
 10
619.1666666666667
 20
106.16666158040366
 30
0.0
 11
618.2666693793403
 21
107.06666734483507
 31
0.0
  0
LINE
  5
363
330
17
100
AcDbEntity
  8
ESTRUCTURAS
100
AcDbLine
 10
619.1666666666667
 20
106.000001695421
 30
0.0
 11
618.2666693793403
 21
106.8999989827474
 31
0.0
  0
LINE
  5
364
330
17
100
AcDbEntity
  8
ESTRUCTURAS
100
AcDbLine
 10
619.1666666666667
 20
105.80000135633681
 30
0.0
 11
618.2666693793403
 21
106.69999864366319
 31
0.0
  0
LINE
  5
365
330
17
100
AcDbEntity
  8
ESTRUCTURAS
100
AcDbLine
 10
619.1666666666667
 20
105.60000101725261
 30
0.0
 11
618.2666693793403
 21
106.499998304579
 31
0.0
  0
LINE
  5
366
330
17
100
AcDbEntity
  8
ESTRUCTURAS
100
AcDbLine
 10
619.1666666666667
 20
105.40000067816841
 30
0.0
 11
618.2666693793403
 21
106.33332994249132
 31
0.0
  0
LINE
  5
367
330
17
100
AcDbEntity
  8
ESTRUCTURAS
100
AcDbLine
 10
619.1666666666667
 20
105.20000033908421
 30
0.0
 11
618.2666693793403
 21
106.13332960340712
 31
0.0
  0
LINE
  5
368
330
17
100
AcDbEntity
  8
ESTRUCTURAS
100
AcDbLine
 10
619.2000325520834
 20
105.0
 30
0.0
 11
618.2333713107639
 21
105.93332926432292
 31
0.0
  0
LINE
  5
369
330
17
100
AcDbEntity
  8
ESTRUCTURAS
100
AcDbLine
 10
619.2000325520834
 20
104.7999996609158
 30
0.0
 11
618.2333713107639
 21
105.76666090223524
 31
0.0
  0
LINE
  5
36A
330
17
100
AcDbEntity
  8
ESTRUCTURAS
100
AcDbLine
 10
619.2000325520834
 20
104.63333129882812
 30
0.0
 11
618.2333713107639
 21
105.56666056315105
 31
0.0
  0
LINE
  5
36B
330
17
100
AcDbEntity
  8
ESTRUCTURAS
100
AcDbLine
 10
619.2000325520834
 20
104.43333095974393
 30
0.0
 11
618.2333713107639
 21
105.40000067816841
 31
0.0
  0
LINE
  5
36C
330
17
100
AcDbEntity
  8
ESTRUCTURAS
100
AcDbLine
 10
619.2000325520834
 20
104.23333062065973
 30
0.0
 11
618.2333713107639
 21
105.20000033908421
 31
0.0
  0
LINE
  5
36D
330
17
100
AcDbEntity
  8
ESTRUCTURAS
100
AcDbLine
 10
619.2000325520834
 20
104.03333028157553
 30
0.0
 11
618.2333713107639
 21
105.0
 31
0.0
  0
LINE
  5
36E
330
17
100
AcDbEntity
  8
ESTRUCTURAS
100
AcDbLine
 10
619.2000325520834
 20
103.83332994249132
 30
0.0
 11
618.2333713107639
 21
104.83333163791234
 31
0.0
  0
LINE
  5
36F
330
17
100
AcDbEntity
  8
ESTRUCTURAS
100
AcDbLine
 10
619.2000325520834
 20
103.63332960340712
 30
0.0
 11
618.2333713107639
 21
104.63333129882812
 31
0.0
  0
LINE
  5
370
330
17
100
AcDbEntity
  8
ESTRUCTURAS
100
AcDbLine
 10
619.2000325520834
 20
103.43332926432292
 30
0.0
 11
618.2333713107639
 21
104.43333095974393
 31
0.0
  0
LINE
  5
371
330
17
100
AcDbEntity
  8
ESTRUCTURAS
100
AcDbLine
 10
619.2333306206598
 20
103.26666090223524
 30
0.0
 11
618.2000054253473
 21
104.26666259765625
 31
0.0
  0
LINE
  5
372
330
17
100
AcDbEntity
  8
ESTRUCTURAS
100
AcDbLine
 10
619.2333306206598
 20
103.06666056315105
 30
0.0
 11
618.2000054253473
 21
104.06666225857205
 31
0.0
  0
LINE
  5
373
330
17
100
AcDbEntity
  8
ESTRUCTURAS
100
AcDbLine
 10
619.2333306206598
 20
102.86666022406685
 30
0.0
 11
618.2000054253473
 21
103.86666191948785
 31
0.0
  0
LINE
  5
374
330
17
100
AcDbEntity
  8
ESTRUCTURAS
100
AcDbLine
 10
619.2333306206598
 20
102.66666836208768
 30
0.0
 11
618.2000054253473
 21
103.69999355740018
 31
0.0
  0
LINE
  5
375
330
17
100
AcDbEntity
  8
ESTRUCTURAS
100
AcDbLine
 10
619.2333306206598
 20
102.46666802300348
 30
0.0
 11
618.2000054253473
 21
103.500001695421
 31
0.0
  0
LINE
  5
376
330
17
100
AcDbEntity
  8
ESTRUCTURAS
100
AcDbLine
 10
619.2333306206598
 20
102.26666768391928
 30
0.0
 11
618.2000054253473
 21
103.30000135633681
 31
0.0
  0
LINE
  5
377
330
17
100
AcDbEntity
  8
ESTRUCTURAS
100
AcDbLine
 10
619.2333306206598
 20
102.0999993218316
 30
0.0
 11
618.2000054253473
 21
103.13333299424913
 31
0.0
  0
LINE
  5
378
330
17
100
AcDbEntity
  8
ESTRUCTURAS
100
AcDbLine
 10
619.2333306206598
 20
101.8999989827474
 30
0.0
 11
618.2000054253473
 21
102.93333265516493
 31
0.0
  0
LINE
  5
379
330
17
100
AcDbEntity
  8
ESTRUCTURAS
100
AcDbLine
 10
619.2333306206598
 20
101.69999864366319
 30
0.0
 11
618.2000054253473
 21
102.76666429307726
 31
0.0
  0
LINE
  5
37A
330
17
100
AcDbEntity
  8
ESTRUCTURAS
100
AcDbLine
 10
619.2666965060764
 20
101.499998304579
 30
0.0
 11
618.2000054253473
 21
102.56666395399306
 31
0.0
  0
LINE
  5
37B
330
17
100
AcDbEntity
  8
ESTRUCTURAS
100
AcDbLine
 10
619.2666965060764
 20
101.2999979654948
 30
0.0
 11
618.1666395399305
 21
102.36666361490886
 31
0.0
  0
LINE
  5
37C
330
17
100
AcDbEntity
  8
ESTRUCTURAS
100
AcDbLine
 10
619.2666965060764
 20
101.0999976264106
 30
0.0
 11
618.1666395399305
 21
102.19999525282118
 31
0.0
  0
LINE
  5
37D
330
17
100
AcDbEntity
  8
ESTRUCTURAS
100
AcDbLine
 10
619.2666965060764
 20
100.8999972873264
 30
0.0
 11
618.1666395399305
 21
101.99999491373698
 31
0.0
  0
LINE
  5
37E
330
17
100
AcDbEntity
  8
ESTRUCTURAS
100
AcDbLine
 10
619.2666965060764
 20
100.73332892523872
 30
0.0
 11
618.1666395399305
 21
101.79999457465279
 31
0.0
  0
LINE
  5
37F
330
17
100
AcDbEntity
  8
ESTRUCTURAS
100
AcDbLine
 10
619.2666965060764
 20
100.53332858615452
 30
0.0
 11
618.1666395399305
 21
101.63333468967015
 31
0.0
  0
LINE
  5
380
330
17
100
AcDbEntity
  8
ESTRUCTURAS
100
AcDbLine
 10
619.2666965060764
 20
100.33332824707031
 30
0.0
 11
618.1666395399305
 21
101.43333435058594
 31
0.0
  0
LINE
  5
381
330
17
100
AcDbEntity
  8
ESTRUCTURAS
100
AcDbLine
 10
619.2666965060764
 20
100.13332790798611
 30
0.0
 11
618.1666395399305
 21
101.23333401150174
 31
0.0
  0
LINE
  5
382
330
17
100
AcDbEntity
  8
ESTRUCTURAS
100
AcDbLine
 10
619.2666965060764
 20
99.93332756890192
 30
0.0
 11
618.1666395399305
 21
101.06666564941406
 31
0.0
  0
LINE
  5
383
330
17
100
AcDbEntity
  8
ESTRUCTURAS
100
AcDbLine
 10
619.2999945746528
 20
99.73332722981772
 30
0.0
 11
618.1666395399305
 21
100.86666531032986
 31
0.0
  0
LINE
  5
384
330
17
100
AcDbEntity
  8
ESTRUCTURAS
100
AcDbLine
 10
619.2999945746528
 20
99.5333268907335
 30
0.0
 11
618.1333414713542
 21
100.69999694824219
 31
0.0
  0
LINE
  5
385
330
17
100
AcDbEntity
  8
ESTRUCTURAS
100
AcDbLine
 10
619.2999945746528
 20
99.36666700575087
 30
0.0
 11
618.1333414713542
 21
100.49999660915799
 31
0.0
  0
LINE
  5
386
330
17
100
AcDbEntity
  8
ESTRUCTURAS
100
AcDbLine
 10
619.2999945746528
 20
99.16666666666667
 30
0.0
 11
618.1333414713542
 21
100.29999627007379
 31
0.0
  0
LINE
  5
387
330
17
100
AcDbEntity
  8
ESTRUCTURAS
100
AcDbLine
 10
619.2999945746528
 20
98.96666632758247
 30
0.0
 11
618.1333414713542
 21
100.13332790798611
 31
0.0
  0
LINE
  5
388
330
17
100
AcDbEntity
  8
ESTRUCTURAS
100
AcDbLine
 10
619.2999945746528
 20
98.76666598849827
 30
0.0
 11
618.1333414713542
 21
99.93332756890192
 31
0.0
  0
LINE
  5
389
330
17
100
AcDbEntity
  8
ESTRUCTURAS
100
AcDbLine
 10
619.2999945746528
 20
98.56666564941406
 30
0.0
 11
618.1333414713542
 21
99.73332722981772
 31
0.0
  0
LINE
  5
38A
330
17
100
AcDbEntity
  8
ESTRUCTURAS
100
AcDbLine
 10
619.2999945746528
 20
98.36666531032986
 30
0.0
 11
618.1333414713542
 21
99.56666734483507
 31
0.0
  0
LINE
  5
38B
330
17
100
AcDbEntity
  8
ESTRUCTURAS
100
AcDbLine
 10
619.2999945746528
 20
98.16666497124567
 30
0.0
 11
618.1333414713542
 21
99.36666700575087
 31
0.0
  0
LINE
  5
38C
330
17
100
AcDbEntity
  8
ESTRUCTURAS
100
AcDbLine
 10
619.2999945746528
 20
97.99999660915799
 30
0.0
 11
618.1333414713542
 21
99.16666666666667
 31
0.0
  0
LINE
  5
38D
330
17
100
AcDbEntity
  8
ESTRUCTURAS
100
AcDbLine
 10
619.3333604600695
 20
97.79999627007379
 30
0.0
 11
618.1333414713542
 21
98.999998304579
 31
0.0
  0
LINE
  5
38E
330
17
100
AcDbEntity
  8
ESTRUCTURAS
100
AcDbLine
 10
619.3333604600695
 20
97.59999593098959
 30
0.0
 11
618.0999755859375
 21
98.7999979654948
 31
0.0
  0
LINE
  5
38F
330
17
100
AcDbEntity
  8
ESTRUCTURAS
100
AcDbLine
 10
619.3333604600695
 20
97.39999559190538
 30
0.0
 11
618.0999755859375
 21
98.5999976264106
 31
0.0
  0
LINE
  5
390
330
17
100
AcDbEntity
  8
ESTRUCTURAS
100
AcDbLine
 10
619.3333604600695
 20
97.19999525282118
 30
0.0
 11
618.0999755859375
 21
98.43332926432292
 31
0.0
  0
LINE
  5
391
330
17
100
AcDbEntity
  8
ESTRUCTURAS
100
AcDbLine
 10
619.3333604600695
 20
96.99999491373698
 30
0.0
 11
618.0999755859375
 21
98.23332892523872
 31
0.0
  0
LINE
  5
392
330
17
100
AcDbEntity
  8
ESTRUCTURAS
100
AcDbLine
 10
619.3333604600695
 20
96.79999457465279
 30
0.0
 11
618.0999755859375
 21
98.06666056315105
 31
0.0
  0
LINE
  5
393
330
17
100
AcDbEntity
  8
ESTRUCTURAS
100
AcDbLine
 10
619.3333604600695
 20
96.63333468967015
 30
0.0
 11
618.0999755859375
 21
97.86666870117188
 31
0.0
  0
LINE
  5
394
330
17
100
AcDbEntity
  8
ESTRUCTURAS
100
AcDbLine
 10
619.3333604600695
 20
96.43333435058594
 30
0.0
 11
618.0999755859375
 21
97.66666836208768
 31
0.0
  0
LINE
  5
395
330
17
100
AcDbEntity
  8
ESTRUCTURAS
100
AcDbLine
 10
619.3333604600695
 20
96.23333401150174
 30
0.0
 11
618.0999755859375
 21
97.5
 31
0.0
  0
LINE
  5
396
330
17
100
AcDbEntity
  8
ESTRUCTURAS
100
AcDbLine
 10
619.3666585286459
 20
96.03333367241754
 30
0.0
 11
618.0999755859375
 21
97.2999996609158
 31
0.0
  0
LINE
  5
397
330
17
100
AcDbEntity
  8
ESTRUCTURAS
100
AcDbLine
 10
619.3666585286459
 20
95.83333333333334
 30
0.0
 11
618.0666775173611
 21
97.0999993218316
 31
0.0
  0
LINE
  5
398
330
17
100
AcDbEntity
  8
ESTRUCTURAS
100
AcDbLine
 10
619.3666585286459
 20
95.63333299424913
 30
0.0
 11
618.0666775173611
 21
96.93333095974393
 31
0.0
  0
LINE
  5
399
330
17
100
AcDbEntity
  8
ESTRUCTURAS
100
AcDbLine
 10
619.3666585286459
 20
95.43333265516493
 30
0.0
 11
618.0666775173611
 21
96.73333062065973
 31
0.0
  0
LINE
  5
39A
330
17
100
AcDbEntity
  8
ESTRUCTURAS
100
AcDbLine
 10
619.3666585286459
 20
95.26666429307726
 30
0.0
 11
618.0666775173611
 21
96.53333028157553
 31
0.0
  0
LINE
  5
39B
330
17
100
AcDbEntity
  8
ESTRUCTURAS
100
AcDbLine
 10
619.3666585286459
 20
95.06666395399306
 30
0.0
 11
618.0666775173611
 21
96.36666191948785
 31
0.0
  0
LINE
  5
39C
330
17
100
AcDbEntity
  8
ESTRUCTURAS
100
AcDbLine
 10
619.3666585286459
 20
94.89999559190538
 30
0.0
 11
618.0666775173611
 21
96.16666158040366
 31
0.0
  0
LINE
  5
39D
330
17
100
AcDbEntity
  8
ESTRUCTURAS
100
AcDbLine
 10
619.1666666666667
 20
94.89999559190538
 30
0.0
 11
618.0666775173611
 21
95.96666124131944
 31
0.0
  0
LINE
  5
39E
330
17
100
AcDbEntity
  8
ESTRUCTURAS
100
AcDbLine
 10
618.9666748046875
 20
94.89999559190538
 30
0.0
 11
618.0666775173611
 21
95.80000135633681
 31
0.0
  0
LINE
  5
39F
330
17
100
AcDbEntity
  8
ESTRUCTURAS
100
AcDbLine
 10
618.7666829427084
 20
94.89999559190538
 30
0.0
 11
618.0666775173611
 21
95.60000101725261
 31
0.0
  0
LINE
  5
3A0
330
17
100
AcDbEntity
  8
ESTRUCTURAS
100
AcDbLine
 10
618.5999891493055
 20
94.89999559190538
 30
0.0
 11
618.0666775173611
 21
95.43333265516493
 31
0.0
  0
LINE
  5
3A1
330
17
100
AcDbEntity
  8
ESTRUCTURAS
100
AcDbLine
 10
618.3999972873264
 20
94.89999559190538
 30
0.0
 11
618.0333116319445
 21
95.23333231608073
 31
0.0
  0
LINE
  5
3A2
330
17
100
AcDbEntity
  8
ESTRUCTURAS
100
AcDbLine
 10
619.0333387586805
 20
112.43332756890192
 30
0.0
 11
618.36669921875
 21
113.10000101725261
 31
0.0
  0
LINE
  5
3A3
330
17
100
AcDbEntity
  8
ESTRUCTURAS
100
AcDbLine
 10
619.0333387586805
 20
112.63332790798611
 30
0.0
 11
618.3999972873264
 21
113.26666090223524
 31
0.0
  0
LINE
  5
3A4
330
17
100
AcDbEntity
  8
ESTRUCTURAS
100
AcDbLine
 10
619.0333387586805
 20
112.83332824707031
 30
0.0
 11
618.3999972873264
 21
113.46666124131944
 31
0.0
  0
LINE
  5
3A5
330
17
100
AcDbEntity
  8
ESTRUCTURAS
100
AcDbLine
 10
619.0333387586805
 20
112.99999660915799
 30
0.0
 11
618.3999972873264
 21
113.66666158040366
 31
0.0
  0
LINE
  5
3A6
330
17
100
AcDbEntity
  8
ESTRUCTURAS
100
AcDbLine
 10
619.0333387586805
 20
113.19999694824219
 30
0.0
 11
618.3999972873264
 21
113.83332994249132
 31
0.0
  0
LINE
  5
3A7
330
17
100
AcDbEntity
  8
ESTRUCTURAS
100
AcDbLine
 10
619.0333387586805
 20
113.3999972873264
 30
0.0
 11
618.3999972873264
 21
114.03333028157553
 31
0.0
  0
LINE
  5
3A8
330
17
100
AcDbEntity
  8
ESTRUCTURAS
100
AcDbLine
 10
619.0333387586805
 20
113.5999976264106
 30
0.0
 11
618.3999972873264
 21
114.23333062065973
 31
0.0
  0
LINE
  5
3A9
330
17
100
AcDbEntity
  8
ESTRUCTURAS
100
AcDbLine
 10
619.0333387586805
 20
113.7999979654948
 30
0.0
 11
618.3999972873264
 21
114.3999989827474
 31
0.0
  0
LINE
  5
3AA
330
17
100
AcDbEntity
  8
ESTRUCTURAS
100
AcDbLine
 10
619.0333387586805
 20
113.999998304579
 30
0.0
 11
618.3999972873264
 21
114.5999993218316
 31
0.0
  0
LINE
  5
3AB
330
17
100
AcDbEntity
  8
ESTRUCTURAS
100
AcDbLine
 10
618.9999728732639
 20
114.19999864366319
 30
0.0
 11
618.3999972873264
 21
114.7999996609158
 31
0.0
  0
LINE
  5
3AC
330
17
100
AcDbEntity
  8
ESTRUCTURAS
100
AcDbLine
 10
618.9999728732639
 20
114.36666700575087
 30
0.0
 11
618.3999972873264
 21
114.96666802300348
 31
0.0
  0
LINE
  5
3AD
330
17
100
AcDbEntity
  8
ESTRUCTURAS
100
AcDbLine
 10
618.9999728732639
 20
114.56666734483507
 30
0.0
 11
618.433363172743
 21
115.16665988498265
 31
0.0
  0
LINE
  5
3AE
330
17
100
AcDbEntity
  8
ESTRUCTURAS
100
AcDbLine
 10
618.9999728732639
 20
114.76666768391928
 30
0.0
 11
618.433363172743
 21
115.36666022406685
 31
0.0
  0
LINE
  5
3AF
330
17
100
AcDbEntity
  8
ESTRUCTURAS
100
AcDbLine
 10
618.9999728732639
 20
114.96666802300348
 30
0.0
 11
618.433363172743
 21
115.53332858615452
 31
0.0
  0
LINE
  5
3B0
330
17
100
AcDbEntity
  8
ESTRUCTURAS
100
AcDbLine
 10
618.9999728732639
 20
115.16665988498265
 30
0.0
 11
618.433363172743
 21
115.73332892523872
 31
0.0
  0
LINE
  5
3B1
330
17
100
AcDbEntity
  8
ESTRUCTURAS
100
AcDbLine
 10
618.9999728732639
 20
115.36666022406685
 30
0.0
 11
618.433363172743
 21
115.8999972873264
 31
0.0
  0
LINE
  5
3B2
330
17
100
AcDbEntity
  8
ESTRUCTURAS
100
AcDbLine
 10
618.9999728732639
 20
115.56666056315105
 30
0.0
 11
618.433363172743
 21
116.0999976264106
 31
0.0
  0
LINE
  5
3B3
330
17
100
AcDbEntity
  8
ESTRUCTURAS
100
AcDbLine
 10
618.9999728732639
 20
115.73332892523872
 30
0.0
 11
618.433363172743
 21
116.2999979654948
 31
0.0
  0
LINE
  5
3B4
330
17
100
AcDbEntity
  8
ESTRUCTURAS
100
AcDbLine
 10
618.9666748046875
 20
115.93332926432292
 30
0.0
 11
618.433363172743
 21
116.46666632758247
 31
0.0
  0
LINE
  5
3B5
330
17
100
AcDbEntity
  8
ESTRUCTURAS
100
AcDbLine
 10
618.9666748046875
 20
116.13332960340712
 30
0.0
 11
618.433363172743
 21
116.66666666666667
 31
0.0
  0
LINE
  5
3B6
330
17
100
AcDbEntity
  8
ESTRUCTURAS
100
AcDbLine
 10
618.9666748046875
 20
116.33332994249132
 30
0.0
 11
618.4666612413195
 21
116.86666700575087
 31
0.0
  0
LINE
  5
3B7
330
17
100
AcDbEntity
  8
ESTRUCTURAS
100
AcDbLine
 10
618.9666748046875
 20
116.53333028157553
 30
0.0
 11
618.4666612413195
 21
117.0333268907335
 31
0.0
  0
LINE
  5
3B8
330
17
100
AcDbEntity
  8
ESTRUCTURAS
100
AcDbLine
 10
618.9666748046875
 20
116.73333062065973
 30
0.0
 11
618.4666612413195
 21
117.23332722981772
 31
0.0
  0
LINE
  5
3B9
330
17
100
AcDbEntity
  8
ESTRUCTURAS
100
AcDbLine
 10
618.9666748046875
 20
116.93333095974393
 30
0.0
 11
618.4666612413195
 21
117.43332756890192
 31
0.0
  0
LINE
  5
3BA
330
17
100
AcDbEntity
  8
ESTRUCTURAS
100
AcDbLine
 10
618.9666748046875
 20
117.0999993218316
 30
0.0
 11
618.4666612413195
 21
117.59999593098959
 31
0.0
  0
LINE
  5
3BB
330
17
100
AcDbEntity
  8
ESTRUCTURAS
100
AcDbLine
 10
618.9666748046875
 20
117.2999996609158
 30
0.0
 11
618.4666612413195
 21
117.79999627007379
 31
0.0
  0
LINE
  5
3BC
330
17
100
AcDbEntity
  8
ESTRUCTURAS
100
AcDbLine
 10
618.9666748046875
 20
117.5
 30
0.0
 11
618.4666612413195
 21
117.99999660915799
 31
0.0
  0
LINE
  5
3BD
330
17
100
AcDbEntity
  8
ESTRUCTURAS
100
AcDbLine
 10
618.9333089192709
 20
117.70000033908421
 30
0.0
 11
618.4666612413195
 21
118.16666497124567
 31
0.0
  0
LINE
  5
3BE
330
17
100
AcDbEntity
  8
ESTRUCTURAS
100
AcDbLine
 10
618.9333089192709
 20
117.90000067816841
 30
0.0
 11
618.4666612413195
 21
118.36666531032986
 31
0.0
  0
LINE
  5
3BF
330
17
100
AcDbEntity
  8
ESTRUCTURAS
100
AcDbLine
 10
618.9333089192709
 20
118.10000101725261
 30
0.0
 11
618.4666612413195
 21
118.53333367241754
 31
0.0
  0
LINE
  5
3C0
330
17
100
AcDbEntity
  8
ESTRUCTURAS
100
AcDbLine
 10
618.9333089192709
 20
118.30000135633681
 30
0.0
 11
618.5000271267361
 21
118.73333401150174
 31
0.0
  0
LINE
  5
3C1
330
17
100
AcDbEntity
  8
ESTRUCTURAS
100
AcDbLine
 10
618.9333089192709
 20
118.46666124131944
 30
0.0
 11
618.5000271267361
 21
118.93333435058594
 31
0.0
  0
LINE
  5
3C2
330
17
100
AcDbEntity
  8
ESTRUCTURAS
100
AcDbLine
 10
618.9333089192709
 20
118.66666158040366
 30
0.0
 11
618.5000271267361
 21
119.09999423556859
 31
0.0
  0
LINE
  5
3C3
330
17
100
AcDbEntity
  8
ESTRUCTURAS
100
AcDbLine
 10
618.9333089192709
 20
118.86666191948785
 30
0.0
 11
618.5000271267361
 21
119.29999457465279
 31
0.0
  0
LINE
  5
3C4
330
17
100
AcDbEntity
  8
ESTRUCTURAS
100
AcDbLine
 10
618.9333089192709
 20
119.06666225857205
 30
0.0
 11
618.5000271267361
 21
119.49999491373698
 31
0.0
  0
LINE
  5
3C5
330
17
100
AcDbEntity
  8
ESTRUCTURAS
100
AcDbLine
 10
618.9333089192709
 20
119.26666259765625
 30
0.0
 11
618.5000271267361
 21
119.66666327582466
 31
0.0
  0
LINE
  5
3C6
330
17
100
AcDbEntity
  8
ESTRUCTURAS
100
AcDbLine
 10
618.9000108506945
 20
119.46666293674046
 30
0.0
 11
618.5000271267361
 21
119.86666361490886
 31
0.0
  0
LINE
  5
3C7
330
17
100
AcDbEntity
  8
ESTRUCTURAS
100
AcDbLine
 10
618.9000108506945
 20
119.66666327582466
 30
0.0
 11
618.5000271267361
 21
120.06666395399306
 31
0.0
  0
LINE
  5
3C8
330
17
100
AcDbEntity
  8
ESTRUCTURAS
100
AcDbLine
 10
618.9000108506945
 20
119.83333163791234
 30
0.0
 11
618.5000271267361
 21
120.23333231608073
 31
0.0
  0
LINE
  5
3C9
330
17
100
AcDbEntity
  8
ESTRUCTURAS
100
AcDbLine
 10
618.9000108506945
 20
120.03333197699654
 30
0.0
 11
618.5333251953125
 21
120.43333265516493
 31
0.0
  0
LINE
  5
3CA
330
17
100
AcDbEntity
  8
ESTRUCTURAS
100
AcDbLine
 10
618.9000108506945
 20
120.23333231608073
 30
0.0
 11
618.5333251953125
 21
120.60000101725261
 31
0.0
  0
LINE
  5
3CB
330
17
100
AcDbEntity
  8
ESTRUCTURAS
100
AcDbLine
 10
618.9000108506945
 20
120.43333265516493
 30
0.0
 11
618.5333251953125
 21
120.80000135633681
 31
0.0
  0
LINE
  5
3CC
330
17
100
AcDbEntity
  8
ESTRUCTURAS
100
AcDbLine
 10
618.9000108506945
 20
120.63333299424913
 30
0.0
 11
618.5333251953125
 21
120.99999321831598
 31
0.0
  0
LINE
  5
3CD
330
17
100
AcDbEntity
  8
ESTRUCTURAS
100
AcDbLine
 10
618.9000108506945
 20
120.83333333333334
 30
0.0
 11
618.5333251953125
 21
121.16666158040366
 31
0.0
  0
LINE
  5
3CE
330
17
100
AcDbEntity
  8
ESTRUCTURAS
100
AcDbLine
 10
618.9000108506945
 20
121.03333367241754
 30
0.0
 11
618.5333251953125
 21
121.36666191948785
 31
0.0
  0
LINE
  5
3CF
330
17
100
AcDbEntity
  8
ESTRUCTURAS
100
AcDbLine
 10
618.9000108506945
 20
121.19999355740018
 30
0.0
 11
618.5333251953125
 21
121.56666225857205
 31
0.0
  0
LINE
  5
3D0
330
17
100
AcDbEntity
  8
ESTRUCTURAS
100
AcDbLine
 10
618.8666449652778
 20
121.39999389648438
 30
0.0
 11
618.5333251953125
 21
121.73333062065973
 31
0.0
  0
LINE
  5
3D1
330
17
100
AcDbEntity
  8
ESTRUCTURAS
100
AcDbLine
 10
618.8666449652778
 20
121.59999423556859
 30
0.0
 11
618.5333251953125
 21
121.93333095974393
 31
0.0
  0
LINE
  5
3D2
330
17
100
AcDbEntity
  8
ESTRUCTURAS
100
AcDbLine
 10
618.8666449652778
 20
121.79999457465279
 30
0.0
 11
618.5333251953125
 21
122.13333129882812
 31
0.0
  0
LINE
  5
3D3
330
17
100
AcDbEntity
  8
ESTRUCTURAS
100
AcDbLine
 10
618.8666449652778
 20
121.99999491373698
 30
0.0
 11
618.5666910807292
 21
122.2999996609158
 31
0.0
  0
LINE
  5
3D4
330
17
100
AcDbEntity
  8
ESTRUCTURAS
100
AcDbLine
 10
618.8666449652778
 20
122.19999525282118
 30
0.0
 11
618.5666910807292
 21
122.5
 31
0.0
  0
LINE
  5
3D5
330
17
100
AcDbEntity
  8
ESTRUCTURAS
100
AcDbLine
 10
618.8666449652778
 20
122.36666361490886
 30
0.0
 11
618.5666910807292
 21
122.70000033908421
 31
0.0
  0
LINE
  5
3D6
330
17
100
AcDbEntity
  8
ESTRUCTURAS
100
AcDbLine
 10
618.8666449652778
 20
122.56666395399306
 30
0.0
 11
618.5666910807292
 21
122.86666022406685
 31
0.0
  0
LINE
  5
3D7
330
17
100
AcDbEntity
  8
ESTRUCTURAS
100
AcDbLine
 10
618.8666449652778
 20
122.76666429307726
 30
0.0
 11
618.5666910807292
 21
123.06666056315105
 31
0.0
  0
LWPOLYLINE
  5
3D8
330
17
100
AcDbEntity
  8
ESTRUCTURAS
100
AcDbPolyline
 90
3
 70
0
 10
618.0333116319445
 20
94.89999559190538
 10
619.3666585286459
 20
94.89999559190538
 10
618.7000189887153
 20
130.63333299424914
  0
LINE
  5
3D9
330
17
100
AcDbEntity
  8
ESTRUCTURAS
100
AcDbLine
 10
618.0333116319445
 20
94.89999559190538
 30
0.0
 11
618.7000189887153
 21
130.63333299424914
 31
0.0
  0
LWPOLYLINE
  5
3DA
330
17
100
AcDbEntity
  8
ESTRUCTURAS
100
AcDbPolyline
 90
7
 70
0
 10
616.7666965060764
 20
141.06666564941406
 10
616.9000244140625
 20
141.03333367241754
 10
617.066650390625
 20
141.06666564941406
 10
617.1999782986111
 20
141.13332960340713
 10
617.3000081380209
 20
141.26666598849826
 10
617.3333062065973
 20
141.39999389648438
 10
617.3333062065973
 20
141.499998304579
  0
LWPOLYLINE
  5
3DB
330
17
100
AcDbEntity
  8
ESTRUCTURAS
100
AcDbPolyline
 90
6
 70
0
 10
616.9333224826389
 20
141.46666632758246
 10
616.7999945746528
 20
141.46666632758246
 10
616.6666666666667
 20
141.39999389648438
 10
616.63330078125
 20
141.26666598849826
 10
616.63330078125
 20
141.16666158040366
 10
616.7333306206598
 20
141.06666564941406
  0
LINE
  5
3DC
330
17
100
AcDbEntity
  8
ESTRUCTURAS
100
AcDbLine
 10
618.7000189887153
 20
157.63332790798611
 30
0.0
 11
618.9999728732639
 21
157.93333265516495
 31
0.0
  0
LINE
  5
3DD
330
17
100
AcDbEntity
  8
ESTRUCTURAS
100
AcDbLine
 10
618.7000189887153
 20
157.43333604600696
 30
0.0
 11
619.0333387586805
 21
157.76665581597223
 31
0.0
  0
LINE
  5
3DE
330
17
100
AcDbEntity
  8
ESTRUCTURAS
100
AcDbLine
 10
618.7000189887153
 20
157.26665920681424
 30
0.0
 11
619.0667046440973
 21
157.5999959309896
 31
0.0
  0
LINE
  5
3DF
330
17
100
AcDbEntity
  8
ESTRUCTURAS
100
AcDbLine
 10
618.7000189887153
 20
157.06666734483508
 30
0.0
 11
619.1000027126736
 21
157.46666802300348
 31
0.0
  0
LINE
  5
3E0
330
17
100
AcDbEntity
  8
ESTRUCTURAS
100
AcDbLine
 10
618.7000189887153
 20
156.89999050564236
 30
0.0
 11
619.1000027126736
 21
157.29999118381076
 31
0.0
  0
LINE
  5
3E1
330
17
100
AcDbEntity
  8
ESTRUCTURAS
100
AcDbLine
 10
618.7000189887153
 20
156.73333062065973
 30
0.0
 11
619.13330078125
 21
157.16666327582465
 31
0.0
  0
LINE
  5
3E2
330
17
100
AcDbEntity
  8
ESTRUCTURAS
100
AcDbLine
 10
618.7000189887153
 20
156.5333218044705
 30
0.0
 11
619.1666666666667
 21
157.000003390842
 31
0.0
  0
LINE
  5
3E3
330
17
100
AcDbEntity
  8
ESTRUCTURAS
100
AcDbLine
 10
618.7000189887153
 20
156.36666191948785
 30
0.0
 11
619.2000325520834
 21
156.83332655164932
 31
0.0
  0
LINE
  5
3E4
330
17
100
AcDbEntity
  8
ESTRUCTURAS
100
AcDbLine
 10
618.7000189887153
 20
156.1666700575087
 30
0.0
 11
619.2000325520834
 21
156.6999986436632
 31
0.0
  0
LINE
  5
3E5
330
17
100
AcDbEntity
  8
ESTRUCTURAS
100
AcDbLine
 10
618.7000189887153
 20
155.99999321831598
 30
0.0
 11
619.2333306206598
 21
156.5333218044705
 31
0.0
  0
LINE
  5
3E6
330
17
100
AcDbEntity
  8
ESTRUCTURAS
100
AcDbLine
 10
618.7000189887153
 20
155.83333333333334
 30
0.0
 11
619.2666965060764
 21
156.36666191948785
 31
0.0
  0
LINE
  5
3E7
330
17
100
AcDbEntity
  8
ESTRUCTURAS
100
AcDbLine
 10
618.7000189887153
 20
155.6333245171441
 30
0.0
 11
619.2999945746528
 21
156.23333401150174
 31
0.0
  0
LINE
  5
3E8
330
17
100
AcDbEntity
  8
ESTRUCTURAS
100
AcDbLine
 10
618.7000189887153
 20
155.46666463216147
 30
0.0
 11
619.2999945746528
 21
156.06665717230902
 31
0.0
  0
LINE
  5
3E9
330
17
100
AcDbEntity
  8
ESTRUCTURAS
100
AcDbLine
 10
618.7000189887153
 20
155.30000474717883
 30
0.0
 11
619.3333604600695
 21
155.89999728732639
 31
0.0
  0
LINE
  5
3EA
330
17
100
AcDbEntity
  8
ESTRUCTURAS
100
AcDbLine
 10
618.7000189887153
 20
155.0999959309896
 30
0.0
 11
619.3666585286459
 21
155.76666937934027
 31
0.0
  0
LINE
  5
3EB
330
17
100
AcDbEntity
  8
ESTRUCTURAS
100
AcDbLine
 10
618.7000189887153
 20
154.93333604600696
 30
0.0
 11
619.3666585286459
 21
155.59999254014758
 31
0.0
  0
LINE
  5
3EC
330
17
100
AcDbEntity
  8
ESTRUCTURAS
100
AcDbLine
 10
618.7000189887153
 20
154.73332722981772
 30
0.0
 11
619.4000244140625
 21
155.43333265516495
 31
0.0
  0
LINE
  5
3ED
330
17
100
AcDbEntity
  8
ESTRUCTURAS
100
AcDbLine
 10
618.7000189887153
 20
154.56666734483508
 30
0.0
 11
619.4333224826389
 21
155.30000474717883
 31
0.0
  0
LINE
  5
3EE
330
17
100
AcDbEntity
  8
ESTRUCTURAS
100
AcDbLine
 10
618.7000189887153
 20
154.39999050564236
 30
0.0
 11
619.4666883680555
 21
155.13332790798611
 31
0.0
  0
LINE
  5
3EF
330
17
100
AcDbEntity
  8
ESTRUCTURAS
100
AcDbLine
 10
618.7000189887153
 20
154.1999986436632
 30
0.0
 11
619.4666883680555
 21
154.96666802300348
 31
0.0
  0
LINE
  5
3F0
330
17
100
AcDbEntity
  8
ESTRUCTURAS
100
AcDbLine
 10
618.7000189887153
 20
154.0333218044705
 30
0.0
 11
619.499986436632
 21
154.8333231608073
 31
0.0
  0
LINE
  5
3F1
330
17
100
AcDbEntity
  8
ESTRUCTURAS
100
AcDbLine
 10
618.7000189887153
 20
153.83332994249133
 30
0.0
 11
619.5333523220486
 21
154.66666327582465
 31
0.0
  0
LINE
  5
3F2
330
17
100
AcDbEntity
  8
ESTRUCTURAS
100
AcDbLine
 10
618.7000189887153
 20
153.6666700575087
 30
0.0
 11
619.566650390625
 21
154.500003390842
 31
0.0
  0
LINE
  5
3F3
330
17
100
AcDbEntity
  8
ESTRUCTURAS
100
AcDbLine
 10
618.7000189887153
 20
153.49999321831598
 30
0.0
 11
619.566650390625
 21
154.36665852864584
 31
0.0
  0
LINE
  5
3F4
330
17
100
AcDbEntity
  8
ESTRUCTURAS
100
AcDbLine
 10
618.7000189887153
 20
153.30000135633682
 30
0.0
 11
619.6000162760417
 21
154.1999986436632
 31
0.0
  0
LINE
  5
3F5
330
17
100
AcDbEntity
  8
ESTRUCTURAS
100
AcDbLine
 10
618.7000189887153
 20
153.1333245171441
 30
0.0
 11
619.633314344618
 21
154.0333218044705
 31
0.0
  0
LINE
  5
3F6
330
17
100
AcDbEntity
  8
ESTRUCTURAS
100
AcDbLine
 10
618.7000189887153
 20
152.96666463216147
 30
0.0
 11
619.633314344618
 21
153.89999389648438
 31
0.0
  0
LINE
  5
3F7
330
17
100
AcDbEntity
  8
ESTRUCTURAS
100
AcDbLine
 10
618.7000189887153
 20
152.76665581597223
 30
0.0
 11
619.6666802300348
 21
153.73333401150174
 31
0.0
  0
LINE
  5
3F8
330
17
100
AcDbEntity
  8
ESTRUCTURAS
100
AcDbLine
 10
618.7000189887153
 20
152.5999959309896
 30
0.0
 11
619.6999782986111
 21
153.56665717230902
 31
0.0
  0
LINE
  5
3F9
330
17
100
AcDbEntity
  8
ESTRUCTURAS
100
AcDbLine
 10
618.7000189887153
 20
152.40000406901044
 30
0.0
 11
619.7333441840278
 21
153.43332926432294
 31
0.0
  0
LINE
  5
3FA
330
17
100
AcDbEntity
  8
ESTRUCTURAS
100
AcDbLine
 10
618.7000189887153
 20
152.23332722981772
 30
0.0
 11
619.7333441840278
 21
153.26666937934027
 31
0.0
  0
LINE
  5
3FB
330
17
100
AcDbEntity
  8
ESTRUCTURAS
100
AcDbLine
 10
618.7000189887153
 20
152.06666734483508
 30
0.0
 11
619.7666422526042
 21
153.09999254014758
 31
0.0
  0
LINE
  5
3FC
330
17
100
AcDbEntity
  8
ESTRUCTURAS
100
AcDbLine
 10
618.7000189887153
 20
151.86665852864584
 30
0.0
 11
619.8000081380209
 21
152.96666463216147
 31
0.0
  0
LINE
  5
3FD
330
17
100
AcDbEntity
  8
ESTRUCTURAS
100
AcDbLine
 10
618.7000189887153
 20
151.6999986436632
 30
0.0
 11
619.8333062065973
 21
152.80000474717883
 31
0.0
  0
LINE
  5
3FE
330
17
100
AcDbEntity
  8
ESTRUCTURAS
100
AcDbLine
 10
618.7000189887153
 20
151.49998982747397
 30
0.0
 11
619.8333062065973
 21
152.63332790798611
 31
0.0
  0
LINE
  5
3FF
330
17
100
AcDbEntity
  8
ESTRUCTURAS
100
AcDbLine
 10
619.2333306206598
 20
151.86665852864584
 30
0.0
 11
619.8666720920139
 21
152.5
 31
0.0
  0
LINE
  5
400
330
17
100
AcDbEntity
  8
ESTRUCTURAS
100
AcDbLine
 10
619.4333224826389
 20
151.86665852864584
 30
0.0
 11
619.9000379774305
 21
152.3333231608073
 31
0.0
  0
LINE
  5
401
330
17
100
AcDbEntity
  8
ESTRUCTURAS
100
AcDbLine
 10
619.6000162760417
 20
151.86665852864584
 30
0.0
 11
619.9000379774305
 21
152.16666327582465
 31
0.0
  0
LINE
  5
402
330
17
100
AcDbEntity
  8
ESTRUCTURAS
100
AcDbLine
 10
619.0667046440973
 20
151.79999457465277
 30
0.0
 11
618.7000189887153
 21
152.16666327582465
 31
0.0
  0
LINE
  5
403
330
17
100
AcDbEntity
  8
ESTRUCTURAS
100
AcDbLine
 10
619.2000325520834
 20
151.86665852864584
 30
0.0
 11
618.7000189887153
 21
152.36665513780383
 31
0.0
  0
LINE
  5
404
330
17
100
AcDbEntity
  8
ESTRUCTURAS
100
AcDbLine
 10
619.3666585286459
 20
151.86665852864584
 30
0.0
 11
618.7000189887153
 21
152.53333197699652
 31
0.0
  0
LINE
  5
405
330
17
100
AcDbEntity
  8
ESTRUCTURAS
100
AcDbLine
 10
619.5333523220486
 20
151.86665852864584
 30
0.0
 11
618.7000189887153
 21
152.69999186197919
 31
0.0
  0
LINE
  5
406
330
17
100
AcDbEntity
  8
ESTRUCTURAS
100
AcDbLine
 10
620.0
 20
151.60000271267361
 30
0.0
 11
618.7000189887153
 21
152.9000006781684
 31
0.0
  0
LINE
  5
407
330
17
100
AcDbEntity
  8
ESTRUCTURAS
100
AcDbLine
 10
619.9666341145834
 20
151.79999457465277
 30
0.0
 11
618.7000189887153
 21
153.06666056315106
 31
0.0
  0
LINE
  5
408
330
17
100
AcDbEntity
  8
ESTRUCTURAS
100
AcDbLine
 10
619.933336046007
 20
152.000003390842
 30
0.0
 11
618.7000189887153
 21
153.23333740234375
 31
0.0
  0
LINE
  5
409
330
17
100
AcDbEntity
  8
ESTRUCTURAS
100
AcDbLine
 10
619.9000379774305
 20
152.23332722981772
 30
0.0
 11
618.7000189887153
 21
153.43332926432294
 31
0.0
  0
LINE
  5
40A
330
17
100
AcDbEntity
  8
ESTRUCTURAS
100
AcDbLine
 10
619.8666720920139
 20
152.43333604600696
 30
0.0
 11
618.7000189887153
 21
153.59998914930557
 31
0.0
  0
LINE
  5
40B
330
17
100
AcDbEntity
  8
ESTRUCTURAS
100
AcDbLine
 10
619.8333062065973
 20
152.66665988498264
 30
0.0
 11
618.7000189887153
 21
153.7999979654948
 31
0.0
  0
LINE
  5
40C
330
17
100
AcDbEntity
  8
ESTRUCTURAS
100
AcDbLine
 10
619.8000081380209
 20
152.86666870117188
 30
0.0
 11
618.7000189887153
 21
153.96665785047745
 31
0.0
  0
LINE
  5
40D
330
17
100
AcDbEntity
  8
ESTRUCTURAS
100
AcDbLine
 10
619.7666422526042
 20
153.06666056315106
 30
0.0
 11
618.7000189887153
 21
154.13333468967014
 31
0.0
  0
LINE
  5
40E
330
17
100
AcDbEntity
  8
ESTRUCTURAS
100
AcDbLine
 10
619.7333441840278
 20
153.30000135633682
 30
0.0
 11
618.7000189887153
 21
154.33332655164932
 31
0.0
  0
LINE
  5
40F
330
17
100
AcDbEntity
  8
ESTRUCTURAS
100
AcDbLine
 10
619.6999782986111
 20
153.49999321831598
 30
0.0
 11
618.7000189887153
 21
154.500003390842
 31
0.0
  0
LINE
  5
410
330
17
100
AcDbEntity
  8
ESTRUCTURAS
100
AcDbLine
 10
619.6666802300348
 20
153.73333401150174
 30
0.0
 11
618.7000189887153
 21
154.6999952528212
 31
0.0
  0
LINE
  5
411
330
17
100
AcDbEntity
  8
ESTRUCTURAS
100
AcDbLine
 10
619.633314344618
 20
153.9333258734809
 30
0.0
 11
618.7000189887153
 21
154.86665513780383
 31
0.0
  0
LINE
  5
412
330
17
100
AcDbEntity
  8
ESTRUCTURAS
100
AcDbLine
 10
619.6000162760417
 20
154.13333468967014
 30
0.0
 11
618.7000189887153
 21
155.03333197699652
 31
0.0
  0
LINE
  5
413
330
17
100
AcDbEntity
  8
ESTRUCTURAS
100
AcDbLine
 10
619.566650390625
 20
154.36665852864584
 30
0.0
 11
618.7000189887153
 21
155.2333238389757
 31
0.0
  0
LINE
  5
414
330
17
100
AcDbEntity
  8
ESTRUCTURAS
100
AcDbLine
 10
619.5333523220486
 20
154.56666734483508
 30
0.0
 11
618.7000189887153
 21
155.4000006781684
 31
0.0
  0
LINE
  5
415
330
17
100
AcDbEntity
  8
ESTRUCTURAS
100
AcDbLine
 10
619.499986436632
 20
154.79999118381076
 30
0.0
 11
618.7000189887153
 21
155.56666056315106
 31
0.0
  0
LINE
  5
416
330
17
100
AcDbEntity
  8
ESTRUCTURAS
100
AcDbLine
 10
619.4666883680555
 20
155.0
 30
0.0
 11
618.7000189887153
 21
155.76666937934027
 31
0.0
  0
LINE
  5
417
330
17
100
AcDbEntity
  8
ESTRUCTURAS
100
AcDbLine
 10
619.4333224826389
 20
155.19999186197919
 30
0.0
 11
618.7000189887153
 21
155.93332926432294
 31
0.0
  0
LINE
  5
418
330
17
100
AcDbEntity
  8
ESTRUCTURAS
100
AcDbLine
 10
619.4000244140625
 20
155.43333265516495
 30
0.0
 11
618.7000189887153
 21
156.13333808051215
 31
0.0
  0
LINE
  5
419
330
17
100
AcDbEntity
  8
ESTRUCTURAS
100
AcDbLine
 10
619.3666585286459
 20
155.6333245171441
 30
0.0
 11
618.7000189887153
 21
156.2999979654948
 31
0.0
  0
LINE
  5
41A
330
17
100
AcDbEntity
  8
ESTRUCTURAS
100
AcDbLine
 10
619.3333604600695
 20
155.83333333333334
 30
0.0
 11
618.7000189887153
 21
156.46665785047745
 31
0.0
  0
LINE
  5
41B
330
17
100
AcDbEntity
  8
ESTRUCTURAS
100
AcDbLine
 10
619.2999945746528
 20
156.06665717230902
 30
0.0
 11
618.7000189887153
 21
156.66666666666669
 31
0.0
  0
LINE
  5
41C
330
17
100
AcDbEntity
  8
ESTRUCTURAS
100
AcDbLine
 10
619.2666965060764
 20
156.26666598849826
 30
0.0
 11
618.7000189887153
 21
156.83332655164932
 31
0.0
  0
LINE
  5
41D
330
17
100
AcDbEntity
  8
ESTRUCTURAS
100
AcDbLine
 10
619.2333306206598
 20
156.49998982747397
 30
0.0
 11
618.7000189887153
 21
157.03333536783856
 31
0.0
  0
LINE
  5
41E
330
17
100
AcDbEntity
  8
ESTRUCTURAS
100
AcDbLine
 10
619.2000325520834
 20
156.6999986436632
 30
0.0
 11
618.7000189887153
 21
157.1999952528212
 31
0.0
  0
LINE
  5
41F
330
17
100
AcDbEntity
  8
ESTRUCTURAS
100
AcDbLine
 10
619.1666666666667
 20
156.89999050564236
 30
0.0
 11
618.7000189887153
 21
157.36665513780383
 31
0.0
  0
LINE
  5
420
330
17
100
AcDbEntity
  8
ESTRUCTURAS
100
AcDbLine
 10
619.13330078125
 20
157.13333129882812
 30
0.0
 11
618.7000189887153
 21
157.56666395399307
 31
0.0
  0
LINE
  5
421
330
17
100
AcDbEntity
  8
ESTRUCTURAS
100
AcDbLine
 10
619.1000027126736
 20
157.3333231608073
 30
0.0
 11
618.7000189887153
 21
157.7333238389757
 31
0.0
  0
LINE
  5
422
330
17
100
AcDbEntity
  8
ESTRUCTURAS
100
AcDbLine
 10
619.0667046440973
 20
157.56666395399307
 30
0.0
 11
618.7000189887153
 21
157.93333265516495
 31
0.0
  0
LINE
  5
423
330
17
100
AcDbEntity
  8
ESTRUCTURAS
100
AcDbLine
 10
619.0333387586805
 20
157.76665581597223
 30
0.0
 11
618.7000189887153
 21
158.09999254014758
 31
0.0
  0
LINE
  5
424
330
17
100
AcDbEntity
  8
ESTRUCTURAS
100
AcDbLine
 10
618.9999728732639
 20
157.96666463216147
 30
0.0
 11
618.7000189887153
 21
158.26666937934027
 31
0.0
  0
LINE
  5
425
330
17
100
AcDbEntity
  8
ESTRUCTURAS
100
AcDbLine
 10
618.2666693793403
 20
147.999996609158
 30
0.0
 11
618.7000189887153
 21
148.43332926432294
 31
0.0
  0
LINE
  5
426
330
17
100
AcDbEntity
  8
ESTRUCTURAS
100
AcDbLine
 10
618.7000189887153
 20
148.43332926432294
 30
0.0
 11
619.2000325520834
 21
148.89999389648438
 31
0.0
  0
LINE
  5
427
330
17
100
AcDbEntity
  8
ESTRUCTURAS
100
AcDbLine
 10
618.2000054253473
 20
148.09999254014758
 30
0.0
 11
618.7000189887153
 21
148.63333808051215
 31
0.0
  0
LINE
  5
428
330
17
100
AcDbEntity
  8
ESTRUCTURAS
100
AcDbLine
 10
618.7000189887153
 20
148.63333808051215
 30
0.0
 11
619.0667046440973
 21
148.99998982747397
 31
0.0
  0
LINE
  5
429
330
17
100
AcDbEntity
  8
ESTRUCTURAS
100
AcDbLine
 10
618.1333414713542
 20
148.23333740234375
 30
0.0
 11
618.7000189887153
 21
148.7999979654948
 31
0.0
  0
LINE
  5
42A
330
17
100
AcDbEntity
  8
ESTRUCTURAS
100
AcDbLine
 10
618.0999755859375
 20
148.39999728732639
 30
0.0
 11
618.7000189887153
 21
148.99998982747397
 31
0.0
  0
LINE
  5
42B
330
17
100
AcDbEntity
  8
ESTRUCTURAS
100
AcDbLine
 10
618.0999755859375
 20
148.59998914930557
 30
0.0
 11
618.5999891493055
 21
149.0666707356771
 31
0.0
  0
LINE
  5
42C
330
17
100
AcDbEntity
  8
ESTRUCTURAS
100
AcDbLine
 10
618.3999972873264
 20
147.93333265516495
 30
0.0
 11
618.7000189887153
 21
148.23333740234375
 31
0.0
  0
LINE
  5
42D
330
17
100
AcDbEntity
  8
ESTRUCTURAS
100
AcDbLine
 10
618.7000189887153
 20
148.23333740234375
 30
0.0
 11
619.2666965060764
 21
148.7999979654948
 31
0.0
  0
LINE
  5
42E
330
17
100
AcDbEntity
  8
ESTRUCTURAS
100
AcDbLine
 10
618.7000189887153
 20
148.0333285861545
 30
0.0
 11
619.3333604600695
 21
148.6666700575087
 31
0.0
  0
LINE
  5
42F
330
17
100
AcDbEntity
  8
ESTRUCTURAS
100
AcDbLine
 10
618.7000189887153
 20
147.86666870117188
 30
0.0
 11
619.3666585286459
 21
148.49999321831598
 31
0.0
  0
LINE
  5
430
330
17
100
AcDbEntity
  8
ESTRUCTURAS
100
AcDbLine
 10
618.9000108506945
 20
147.83333672417535
 30
0.0
 11
619.3333604600695
 21
148.30000135633682
 31
0.0
  0
LINE
  5
431
330
17
100
AcDbEntity
  8
ESTRUCTURAS
100
AcDbLine
 10
619.13330078125
 20
147.96666463216147
 30
0.0
 11
618.7000189887153
 21
148.39999728732639
 31
0.0
  0
LINE
  5
432
330
17
100
AcDbEntity
  8
ESTRUCTURAS
100
AcDbLine
 10
618.7000189887153
 20
148.39999728732639
 30
0.0
 11
618.2333713107639
 21
148.86666191948785
 31
0.0
  0
LINE
  5
433
330
17
100
AcDbEntity
  8
ESTRUCTURAS
100
AcDbLine
 10
619.0333387586805
 20
147.9000006781684
 30
0.0
 11
618.7000189887153
 21
148.19998847113715
 31
0.0
  0
LINE
  5
434
330
17
100
AcDbEntity
  8
ESTRUCTURAS
100
AcDbLine
 10
618.7000189887153
 20
148.19998847113715
 30
0.0
 11
618.1666395399305
 21
148.73333401150174
 31
0.0
  0
LINE
  5
435
330
17
100
AcDbEntity
  8
ESTRUCTURAS
100
AcDbLine
 10
618.7000189887153
 20
147.999996609158
 30
0.0
 11
618.0999755859375
 21
148.59998914930557
 31
0.0
  0
LINE
  5
436
330
17
100
AcDbEntity
  8
ESTRUCTURAS
100
AcDbLine
 10
618.7000189887153
 20
147.83333672417535
 30
0.0
 11
618.0999755859375
 21
148.43332926432294
 31
0.0
  0
LINE
  5
437
330
17
100
AcDbEntity
  8
ESTRUCTURAS
100
AcDbLine
 10
619.2333306206598
 20
148.06666056315106
 30
0.0
 11
618.7000189887153
 21
148.59998914930557
 31
0.0
  0
LINE
  5
438
330
17
100
AcDbEntity
  8
ESTRUCTURAS
100
AcDbLine
 10
618.7000189887153
 20
148.59998914930557
 30
0.0
 11
618.3333333333334
 21
148.96665785047745
 31
0.0
  0
LINE
  5
439
330
17
100
AcDbEntity
  8
ESTRUCTURAS
100
AcDbLine
 10
619.2999945746528
 20
148.19998847113715
 30
0.0
 11
618.7000189887153
 21
148.76666598849826
 31
0.0
  0
LINE
  5
43A
330
17
100
AcDbEntity
  8
ESTRUCTURAS
100
AcDbLine
 10
619.3666585286459
 20
148.33333333333334
 30
0.0
 11
618.7000189887153
 21
148.96665785047745
 31
0.0
  0
LINE
  5
43B
330
17
100
AcDbEntity
  8
ESTRUCTURAS
100
AcDbLine
 10
619.3666585286459
 20
148.49999321831598
 30
0.0
 11
618.7666829427084
 21
149.10000271267361
 31
0.0
  0
LWPOLYLINE
  5
43C
330
17
100
AcDbEntity
  8
ESTRUCTURAS
100
AcDbPolyline
 90
6
 70
0
 10
620.5333116319445
 20
145.30000474717883
 10
620.6333414713542
 20
145.30000474717883
 10
620.7333713107639
 20
145.30000474717883
 10
620.8333333333334
 20
145.43333265516495
 10
620.8333333333334
 20
145.56666056315106
 10
620.7333713107639
 20
145.69998847113715
  0
LWPOLYLINE
  5
43D
330
17
100
AcDbEntity
  8
ESTRUCTURAS
100
AcDbPolyline
 90
7
 70
0
 10
620.7000054253473
 20
145.69998847113715
 10
620.5999755859375
 20
145.73333740234375
 10
620.4666476779514
 20
145.73333740234375
 10
620.3000217013889
 20
145.66665649414062
 10
620.1999918619792
 20
145.56666056315106
 10
620.1000298394098
 20
145.43333265516495
 10
620.1000298394098
 20
145.26665581597223
  0
LINE
  5
43E
330
17
100
AcDbEntity
  8
ESTRUCTURAS
100
AcDbLine
 10
618.7000189887153
 20
159.90000406901044
 30
0.0
 11
617.3000081380209
 21
151.23333401150174
 31
0.0
  0
LWPOLYLINE
  5
43F
330
17
100
AcDbEntity
  8
ESTRUCTURAS
100
AcDbPolyline
 90
8
 70
0
 10
618.7000189887153
 20
151.23333401150174
 10
618.7000189887153
 20
159.90000406901044
 10
620.066663953993
 20
151.23333401150174
 10
619.933336046007
 20
151.63333468967014
 10
619.6000162760417
 20
151.86665852864584
 10
619.1666666666667
 20
151.86665852864584
 10
618.8333468967014
 20
151.63333468967014
 10
618.7000189887153
 20
151.23333401150174
  0
LWPOLYLINE
  5
440
330
17
100
AcDbEntity
  8
ESTRUCTURAS
100
AcDbPolyline
 90
7
 70
0
 10
587.5333658854167
 20
83.53333367241754
 10
587.5333658854167
 20
81.03333367241754
 10
597.5333658854167
 20
83.53333367241754
 10
587.5333658854167
 20
83.53333367241754
 10
597.5333658854167
 20
83.53333367241754
 10
597.5333658854167
 20
81.03333367241754
 10
587.5333658854167
 20
81.03333367241754
  0
LWPOLYLINE
  5
441
330
17
100
AcDbEntity
  8
ESTRUCTURAS
100
AcDbPolyline
 90
7
 70
0
 10
597.5333658854167
 20
81.03333367241754
 10
597.5333658854167
 20
78.53333367241754
 10
607.5333658854167
 20
81.03333367241754
 10
597.5333658854167
 20
81.03333367241754
 10
607.5333658854167
 20
81.03333367241754
 10
607.5333658854167
 20
78.53333367241754
 10
597.5333658854167
 20
78.53333367241754
  0
LWPOLYLINE
  5
442
330
17
100
AcDbEntity
  8
ESTRUCTURAS
100
AcDbPolyline
 90
4
 70
0
 10
629.6000162760417
 20
87.63332790798611
 10
629.499986436632
 20
87.76666429307726
 10
629.4000244140625
 20
87.63332790798611
 10
629.6000162760417
 20
87.63332790798611
  0
LWPOLYLINE
  5
443
330
17
100
AcDbEntity
  8
ESTRUCTURAS
100
AcDbPolyline
 90
4
 70
0
 10
629.6000162760417
 20
87.63332790798611
 10
629.6000162760417
 20
87.39999559190538
 10
629.499986436632
 20
87.16666327582466
 10
629.4000244140625
 20
87.03333536783855
  0
LWPOLYLINE
  5
444
330
17
100
AcDbEntity
  8
ESTRUCTURAS
100
AcDbPolyline
 90
3
 70
0
 10
646.4000108506945
 20
87.2999996609158
 10
645.4666476779514
 20
85.63333299424913
 10
646.8666585286459
 20
85.63333299424913
  0
LWPOLYLINE
  5
445
330
17
100
AcDbEntity
  8
ESTRUCTURAS
100
AcDbPolyline
 90
4
 70
0
 10
649.5333523220486
 20
87.63332790798611
 10
649.4666883680555
 20
87.76666429307726
 10
649.3666585286459
 20
87.63332790798611
 10
649.4666883680555
 20
87.53333197699654
  0
LWPOLYLINE
  5
446
330
17
100
AcDbEntity
  8
ESTRUCTURAS
100
AcDbPolyline
 90
4
 70
0
 10
649.5333523220486
 20
87.63332790798611
 10
649.5333523220486
 20
87.39999559190538
 10
649.4666883680555
 20
87.16666327582466
 10
649.3666585286459
 20
87.03333536783855
  0
LWPOLYLINE
  5
447
330
17
100
AcDbEntity
  8
ESTRUCTURAS
100
AcDbPolyline
 90
4
 70
0
 10
599.7333441840278
 20
87.63332790798611
 10
599.633314344618
 20
87.76666429307726
 10
599.5333523220486
 20
87.63332790798611
 10
599.7333441840278
 20
87.63332790798611
  0
LWPOLYLINE
  5
448
330
17
100
AcDbEntity
  8
ESTRUCTURAS
100
AcDbPolyline
 90
4
 70
0
 10
599.7333441840278
 20
87.63332790798611
 10
599.7333441840278
 20
87.39999559190538
 10
599.633314344618
 20
87.16666327582466
 10
599.5333523220486
 20
87.03333536783855
  0
LWPOLYLINE
  5
449
330
17
100
AcDbEntity
  8
ESTRUCTURAS
100
AcDbPolyline
 90
4
 70
0
 10
589.6000162760417
 20
87.63332790798611
 10
589.499986436632
 20
87.76666429307726
 10
589.4000244140625
 20
87.63332790798611
 10
589.6000162760417
 20
87.63332790798611
  0
LWPOLYLINE
  5
44A
330
17
100
AcDbEntity
  8
ESTRUCTURAS
100
AcDbPolyline
 90
4
 70
0
 10
589.6000162760417
 20
87.63332790798611
 10
589.6000162760417
 20
87.39999559190538
 10
589.499986436632
 20
87.16666327582466
 10
589.4000244140625
 20
87.03333536783855
  0
LWPOLYLINE
  5
44C
330
17
100
AcDbEntity
  8
DRENAJE_PLUVIAL
100
AcDbPolyline
 90
5
 70
0
 10
255.50001356336807
 20
261.09998914930554
 10
259.33336046006946
 20
261.09998914930554
 10
259.33336046006946
 20
257.63332790798614
 10
255.46668158637155
 20
257.63332790798614
 10
255.50001356336807
 20
261.09998914930554
  0
LWPOLYLINE
  5
44D
330
17
100
AcDbEntity
  8
DRENAJE_PLUVIAL
100
AcDbPolyline
 90
5
 70
0
 10
276.1000230577257
 20
281.5333218044705
 10
280.4000176323785
 20
281.4333258734809
 10
280.33335367838544
 20
277.5
 10
275.8999972873264
 20
277.56666395399304
 10
276.1000230577257
 20
281.5333218044705
  0
LWPOLYLINE
  5
44E
330
17
100
AcDbEntity
  8
DRENAJE_PLUVIAL
100
AcDbPolyline
 90
5
 70
0
 10
242.70002577039932
 20
246.5333218044705
 10
247.80002170138889
 20
246.5333218044705
 10
247.73335774739584
 20
242.5999959309896
 10
242.63332790798611
 20
242.5999959309896
 10
242.70002577039932
 20
246.5333218044705
  0
LWPOLYLINE
  5
44F
330
17
100
AcDbEntity
  8
DRENAJE_PLUVIAL
100
AcDbPolyline
 90
5
 70
0
 10
275.8666653103299
 20
251.56665378146704
 10
280.3000217013889
 20
251.5333218044705
 10
280.23335774739587
 20
247.43333604600696
 10
275.8666653103299
 20
247.56666395399307
 10
275.8666653103299
 20
251.56665378146704
  0
LWPOLYLINE
  5
450
330
17
100
AcDbEntity
  8
DRENAJE_PLUVIAL
100
AcDbPolyline
 90
5
 70
0
 10
315.2666897243924
 20
109.49999491373698
 10
315.23335774739587
 20
110.80000135633681
 10
314.13333468967016
 20
110.8999972873264
 10
314.0666707356771
 20
109.5333268907335
 10
315.2666897243924
 20
109.49999491373698
  0
LWPOLYLINE
  5
451
330
17
100
AcDbEntity
  8
DRENAJE_PLUVIAL
100
AcDbPolyline
 90
4
 70
0
 10
277.2666761610243
 20
277.56666395399304
 10
294.7666761610243
 20
260.2333238389757
 10
279.433356391059
 20
277.5333319769965
 10
297.1333482530382
 20
258.9666578504774
  0
LWPOLYLINE
  5
452
330
17
100
AcDbEntity
  8
DRENAJE_PLUVIAL
100
AcDbPolyline
 90
4
 70
0
 10
244.60001627604169
 20
246.5333218044705
 10
256.1000230577257
 20
257.63332790798614
 10
246.66666666666669
 20
246.43332587348092
 10
257.16668023003473
 20
257.63332790798614
  0
LWPOLYLINE
  5
453
330
17
100
AcDbEntity
  8
DRENAJE_PLUVIAL
100
AcDbPolyline
 90
4
 70
0
 10
194.56668429904514
 20
259.1666666666667
 10
131.86665852864584
 20
260.16665988498266
 10
531.4666748046875
 20
260.33331976996527
 10
525.0333319769966
 20
259.3333265516493
1001
PDFCAD
1000
nota=DIP SD MH
1000
material=DIP
1000
DIP=Ductile Iron Pipe (hierro dúctil)
1000
MH=Manhole (pozo)
1000
SD=Storm Drain (drenaje pluvial)
  0
LINE
  5
454
330
17
100
AcDbEntity
  8
DRENAJE_PLUVIAL
100
AcDbLine
 10
443.10000949435766
 20
259.29999457465277
 30
0.0
 11
513.5333251953125
 21
259.29999457465277
 31
0.0
  0
LINE
  5
455
330
17
100
AcDbEntity
  8
DRENAJE_PLUVIAL
100
AcDbLine
 10
361.16668701171875
 20
259.26666259765625
 30
0.0
 11
431.60000271267364
 21
259.26666259765625
 31
0.0
  0
LINE
  5
456
330
17
100
AcDbEntity
  8
DRENAJE_PLUVIAL
100
AcDbLine
 10
206.03335910373264
 20
259.1999986436632
 30
0.0
 11
349.70001220703125
 21
259.23333062065973
 31
0.0
  0
LINE
  5
457
330
17
100
AcDbEntity
  8
DRENAJE_PLUVIAL
100
AcDbLine
 10
131.86665852864584
 20
258.1666564941406
 30
0.0
 11
531.4666748046875
 21
258.33333333333337
 31
0.0
  0
LINE
  5
459
330
17
100
AcDbEntity
  8
ALCANTARILLADO
100
AcDbLine
 10
508.9666748046875
 20
314.8333401150174
 30
0.0
 11
524.9666680230035
 21
314.8666720920139
 31
0.0
  0
LINE
  5
45A
330
17
100
AcDbEntity
  8
ALCANTARILLADO
100
AcDbLine
 10
475.0
 20
314.7666761610243
 30
0.0
 11
497.5
 21
314.80000813802087
 31
0.0
  0
LWPOLYLINE
  5
45B
330
17
100
AcDbEntity
  8
ALCANTARILLADO
100
AcDbPolyline
 90
4
 70
0
 10
427.03335232204864
 20
314.6666463216146
 10
437.03335232204864
 20
314.6666463216146
 10
454.53335232204864
 20
314.73331027560766
 10
463.5333251953125
 20
314.73331027560766
  0
LINE
  5
45C
330
17
100
AcDbEntity
  8
ALCANTARILLADO
100
AcDbLine
 10
393.10000949435766
 20
314.5999823676215
 30
0.0
 11
415.56667751736114
 21
314.63331434461804
 31
0.0
  0
LINE
  5
45D
330
17
100
AcDbEntity
  8
ALCANTARILLADO
100
AcDbLine
 10
365.60000949435766
 20
314.5333184136285
 30
0.0
 11
381.60000271267364
 21
314.566650390625
 31
0.0
  0
LINE
  5
45E
330
17
100
AcDbEntity
  8
ALCANTARILLADO
100
AcDbLine
 10
332.933349609375
 20
314.46665445963544
 30
0.0
 11
354.13333468967016
 21
314.49998643663196
 31
0.0
  0
LINE
  5
45F
330
17
100
AcDbEntity
  8
ALCANTARILLADO
100
AcDbLine
 10
159.03333875868057
 20
313.9666748046875
 30
0.0
 11
195.5333455403646
 21
314.0666707356771
 31
0.0
1001
PDFCAD
1000
nota=EX. 8" VCP, SANITARY SEWER,
1000
diametro=8
1000
material=VCP
1000
VCP=Vitrified Clay Pipe (arcilla vitrificada)
1000
EX=Existing (existente)
1000
SEWER=Sanitary Sewer
  0
LINE
  5
460
330
17
100
AcDbEntity
  8
ALCANTARILLADO
100
AcDbLine
 10
240.96666124131946
 20
314.1999986436632
 30
0.0
 11
277.4666680230035
 21
314.29999457465277
 31
0.0
  0
LINE
  5
461
330
17
100
AcDbEntity
  8
ALCANTARILLADO
100
AcDbLine
 10
281.933356391059
 20
314.29999457465277
 30
0.0
 11
318.43332926432294
 21
314.4333224826389
 31
0.0
  0
LINE
  5
462
330
17
100
AcDbEntity
  8
ALCANTARILLADO
100
AcDbLine
 10
200.0
 20
314.0666707356771
 30
0.0
 11
236.50000678168405
 21
314.1999986436632
 31
0.0
  0
LINE
  5
463
330
17
100
AcDbEntity
  8
ALCANTARILLADO
100
AcDbLine
 10
138.56669108072919
 20
313.8999769422743
 30
0.0
 11
154.56668429904514
 21
313.9666748046875
 31
0.0
  0
LINE
  5
464
330
17
100
AcDbEntity
  8
ALCANTARILLADO
100
AcDbLine
 10
332.16668023003473
 20
97.26666768391928
 30
0.0
 11
332.06668429904516
 21
133.73333401150174
 31
0.0
  0
LINE
  5
465
330
17
100
AcDbEntity
  8
ALCANTARILLADO
100
AcDbLine
 10
331.933356391059
 20
174.6999952528212
 30
0.0
 11
332.06668429904516
 21
138.1999969482422
 31
0.0
1001
PDFCAD
1000
nota=EX. 8" VCP, SANITARY SEWER,
1000
diametro=8
1000
material=VCP
1000
VCP=Vitrified Clay Pipe (arcilla vitrificada)
1000
EX=Existing (existente)
1000
SEWER=Sanitary Sewer
  0
LWPOLYLINE
  5
466
330
17
100
AcDbEntity
  8
ALCANTARILLADO
100
AcDbPolyline
 90
3
 70
0
 10
332.6999918619792
 20
379.000006781684
 10
332.83335367838544
 20
342.0333184136285
 10
332.86668565538196
 20
332.0333184136285
  0
LINE
  5
467
330
17
100
AcDbEntity
  8
ALCANTARILLADO
100
AcDbLine
 10
332.5
 20
429.6666463216146
 30
0.0
 11
332.5999959309896
 21
403.46666124131946
 31
0.0
1001
PDFCAD
1000
nota=EX. 8" VCP, SANITARY SEWER, COLA-SS, (D-7659) , ON CL
1000
diametro=8
1000
material=VCP
1000
VCP=Vitrified Clay Pipe (arcilla vitrificada)
1000
EX=Existing (existente)
1000
SEWER=Sanitary Sewer
1000
SS=Sanitary Sewer (alcantarillado)
  0
LINE
  5
468
330
17
100
AcDbEntity
  8
ALCANTARILLADO
100
AcDbLine
 10
332.6999918619792
 20
380.0
 30
0.0
 11
332.5999959309896
 21
402.4666680230035
 31
0.0
  0
LWPOLYLINE
  5
46A
330
17
100
AcDbEntity
  8
ELECTRICO_AEREO
100
AcDbPolyline
 90
3
 70
0
 10
508.1333414713542
 20
334.23333062065973
 10
513.0333455403646
 20
334.23333062065973
 10
528.1666734483507
 20
334.3333265516493
  0
LWPOLYLINE
  5
46B
330
17
100
AcDbEntity
  8
ELECTRICO_AEREO
100
AcDbPolyline
 90
3
 70
0
 10
369.0666707356771
 20
334.3333265516493
 10
383.26666937934027
 20
334.4333224826389
 10
388.1333414713542
 20
334.4333224826389
  0
LWPOLYLINE
  5
46C
330
17
100
AcDbEntity
  8
ELECTRICO_AEREO
100
AcDbPolyline
 90
4
 70
0
 10
131.86665852864584
 20
334.69997829861114
 10
136.60000271267361
 20
334.69997829861114
 10
143.63335503472223
 20
334.69997829861114
 10
154.43335639105902
 20
334.6666463216146
  0
LWPOLYLINE
  5
46D
330
17
100
AcDbEntity
  8
ELECTRICO_AEREO
100
AcDbPolyline
 90
3
 70
0
 10
189.13333468967014
 20
194.93333604600696
 10
209.00000678168405
 20
194.36665852864584
 10
220.86666531032986
 20
194.2999945746528
  0
LINE
  5
46E
330
17
100
AcDbEntity
  8
ELECTRICO_AEREO
100
AcDbLine
 10
314.46668836805554
 20
96.83333502875435
 30
0.0
 11
314.9666680230035
 21
118.10000101725261
 31
0.0
  0
LWPOLYLINE
  5
46F
330
17
100
AcDbEntity
  8
ELECTRICO_AEREO
100
AcDbPolyline
 90
3
 70
0
 10
356.0666910807292
 20
193.6666700575087
 10
377.9000176323785
 20
193.73333401150174
 10
398.43332926432294
 20
194.86665513780383
  0
LINE
  5
470
330
17
100
AcDbEntity
  8
ELECTRICO_AEREO
100
AcDbLine
 10
333.86667887369794
 20
334.13333468967016
 30
0.0
 11
349.8666720920139
 21
334.23333062065973
 31
0.0
  0
LINE
  5
471
330
17
100
AcDbEntity
  8
ELECTRICO_AEREO
100
AcDbLine
 10
308.66668701171875
 20
334.000006781684
 30
0.0
 11
324.66668023003473
 21
334.10000271267364
 31
0.0
  0
LWPOLYLINE
  5
472
330
17
100
AcDbEntity
  8
ELECTRICO_AEREO
100
AcDbPolyline
 90
3
 70
0
 10
264.433356391059
 20
334.000006781684
 10
285.23335774739587
 20
333.86664496527777
 10
299.46668836805554
 20
333.93330891927087
  0
LINE
  5
473
330
17
100
AcDbEntity
  8
ELECTRICO_AEREO
100
AcDbLine
 10
214.03333875868057
 20
334.29999457465277
 30
0.0
 11
230.03333197699655
 21
334.1999986436632
 31
0.0
  0
LINE
  5
474
330
17
100
AcDbEntity
  8
ELECTRICO_AEREO
100
AcDbLine
 10
163.63335503472223
 20
334.5999823676215
 30
0.0
 11
179.6333482530382
 21
334.49998643663196
 31
0.0
  0
LINE
  5
475
330
17
100
AcDbEntity
  8
ELECTRICO_AEREO
100
AcDbLine
 10
472.933349609375
 20
334.29999457465277
 30
0.0
 11
488.933342827691
 21
334.26666259765625
 31
0.0
  0
LINE
  5
476
330
17
100
AcDbEntity
  8
ELECTRICO_AEREO
100
AcDbLine
 10
447.73335774739587
 20
334.3333265516493
 30
0.0
 11
456.73333062065973
 21
334.3333265516493
 31
0.0
  0
LINE
  5
477
330
17
100
AcDbEntity
  8
ELECTRICO_AEREO
100
AcDbLine
 10
422.5333319769965
 20
334.36665852864587
 30
0.0
 11
431.5333387586806
 21
334.36665852864587
 31
0.0
  0
LINE
  5
478
330
17
100
AcDbEntity
  8
ELECTRICO_AEREO
100
AcDbLine
 10
397.3333401150174
 20
334.3999905056424
 30
0.0
 11
413.33333333333337
 21
334.3999905056424
 31
0.0
  0
LINE
  5
479
330
17
100
AcDbEntity
  8
ELECTRICO_AEREO
100
AcDbLine
 10
237.06668429904514
 20
194.23333062065973
 30
0.0
 11
246.06669108072919
 21
194.1999986436632
 31
0.0
  0
LINE
  5
47A
330
17
100
AcDbEntity
  8
ELECTRICO_AEREO
100
AcDbLine
 10
330.8666653103299
 20
193.7999979654948
 30
0.0
 11
346.86665852864587
 21
193.70000203450522
 31
0.0
  0
LINE
  5
47B
330
17
100
AcDbEntity
  8
ELECTRICO_AEREO
100
AcDbLine
 10
305.6666734483507
 20
193.89999389648438
 30
0.0
 11
321.6666666666667
 21
193.83332994249133
 31
0.0
  0
LINE
  5
47C
330
17
100
AcDbEntity
  8
ELECTRICO_AEREO
100
AcDbLine
 10
280.4666815863715
 20
194.0333218044705
 30
0.0
 11
296.4666748046875
 21
193.93332587348092
 31
0.0
  0
LINE
  5
47D
330
17
100
AcDbEntity
  8
ELECTRICO_AEREO
100
AcDbLine
 10
255.26668972439236
 20
194.13333468967014
 30
0.0
 11
271.26668294270837
 21
194.0666707356771
 31
0.0
  0
LINE
  5
47E
330
17
100
AcDbEntity
  8
ELECTRICO_AEREO
100
AcDbLine
 10
325.36668565538196
 20
113.23332892523872
 30
0.0
 11
334.13333468967016
 21
126.63333468967015
 31
0.0
  0
LINE
  5
47F
330
17
100
AcDbEntity
  8
ELECTRICO_AEREO
100
AcDbLine
 10
369.93333604600696
 20
205.6333245171441
 30
0.0
 11
377.9000176323785
 21
193.56665717230905
 31
0.0
  0
LINE
  5
480
330
17
100
AcDbEntity
  8
ELECTRICO_AEREO
100
AcDbLine
 10
352.20001220703125
 20
232.5
 30
0.0
 11
360.999993218316
 21
219.16666666666669
 31
0.0
  0
LINE
  5
481
330
17
100
AcDbEntity
  8
ELECTRICO_AEREO
100
AcDbLine
 10
338.3000013563368
 20
253.5333251953125
 30
0.0
 11
347.1333482530382
 21
240.16665988498264
 31
0.0
  0
LINE
  5
482
330
17
100
AcDbEntity
  8
ELECTRICO_AEREO
100
AcDbLine
 10
324.4000244140625
 20
274.5666673448351
 30
0.0
 11
329.36665852864587
 21
267.0666673448351
 31
0.0
  0
LINE
  5
483
330
17
100
AcDbEntity
  8
ELECTRICO_AEREO
100
AcDbLine
 10
310.5333455403646
 20
295.60000949435766
 30
0.0
 11
319.3333265516493
 21
282.23332722981775
 31
0.0
  0
LINE
  5
484
330
17
100
AcDbEntity
  8
ELECTRICO_AEREO
100
AcDbLine
 10
300.50001356336804
 20
310.76666937934027
 30
0.0
 11
305.4666815863715
 21
303.26666937934027
 31
0.0
  0
LWPOLYLINE
  5
486
330
17
100
AcDbEntity
  8
ELECTRICO
100
AcDbPolyline
 90
7
 70
0
 10
221.76666259765625
 20
188.59998914930557
 10
223.86667887369794
 20
185.86666531032986
 10
226.03335910373264
 20
188.56665717230905
 10
221.7999945746528
 20
185.86666531032986
 10
221.76666259765625
 20
188.59998914930557
 10
226.03335910373264
 20
188.56665717230905
 10
225.93332926432294
 20
185.89999728732639
  0
LWPOLYLINE
  5
487
330
17
100
AcDbEntity
  8
ELECTRICO
100
AcDbPolyline
 90
7
 70
0
 10
180.1666937934028
 20
332.3333401150174
 10
184.66668023003473
 20
332.30000813802087
 10
184.6333482530382
 20
329.73331027560766
 10
180.1666937934028
 20
329.80000813802087
 10
180.1666937934028
 20
332.3333401150174
 10
182.40000406901044
 20
329.7666761610243
 10
184.66668023003473
 20
332.30000813802087
  0
LWPOLYLINE
  5
488
330
17
100
AcDbEntity
  8
ELECTRICO
100
AcDbPolyline
 90
11
 70
0
 10
179.16666666666669
 20
335.566643608941
 10
182.40000406901044
 20
332.5333319769965
 10
185.83333333333334
 20
335.49997965494794
 10
179.03333875868057
 20
332.56666395399304
 10
179.16666666666669
 20
335.566643608941
 10
185.83333333333334
 20
335.49997965494794
 10
185.7666693793403
 20
332.5333319769965
 10
178.93334282769098
 20
333.10000949435766
 10
179.03333875868057
 20
335.93332926432294
 10
185.93332926432294
 20
335.6666734483507
 10
185.83333333333334
 20
333.03331163194446
  0
LWPOLYLINE
  5
489
330
17
100
AcDbEntity
  8
ELECTRICO
100
AcDbPolyline
 90
5
 70
0
 10
353.3000013563368
 20
154.39999050564236
 10
353.23333740234375
 20
157.26665920681424
 10
355.433349609375
 20
157.26665920681424
 10
355.433349609375
 20
154.4666714138455
 10
353.3000013563368
 20
154.39999050564236
  0
LWPOLYLINE
  5
48A
330
17
100
AcDbEntity
  8
ELECTRICO
100
AcDbPolyline
 90
5
 70
0
 10
301.933356391059
 20
114.63333129882812
 10
301.933356391059
 20
109.3999989827474
 10
307.4666680230035
 20
109.33333502875435
 10
307.43333604600696
 20
114.69999525282118
 10
301.933356391059
 20
114.63333129882812
  0
LINE
  5
48B
330
17
100
AcDbEntity
  8
ELECTRICO
100
AcDbLine
 10
349.5000203450521
 20
396.73333062065973
 30
0.0
 11
349.6000162760417
 21
412.7333238389757
 31
0.0
  0
LINE
  5
48C
330
17
100
AcDbEntity
  8
ELECTRICO
100
AcDbLine
 10
349.26666259765625
 20
369.13333468967016
 30
0.0
 11
349.36665852864587
 21
383.93330891927087
 31
0.0
1001
PDFCAD
1000
nota=EX. ELECTRICAL POWER DUCT BANKS,
1000
EX=Existing (existente)
1000
DUCT=Duct (ducto)
  0
LWPOLYLINE
  5
48D
330
17
100
AcDbEntity
  8
ELECTRICO
100
AcDbPolyline
 90
3
 70
0
 10
313.8333468967014
 20
97.13333129882812
 10
314.8333401150174
 20
97.13333129882812
 10
314.1666666666667
 20
97.76666429307726
  0
LINE
  5
48F
330
17
100
AcDbEntity
  8
TOPO
100
AcDbLine
 10
229.03333875868057
 20
196.0333251953125
 30
0.0
 11
229.23333062065973
 21
186.5333218044705
 31
0.0
  0
LINE
  5
490
330
17
100
AcDbEntity
  8
TOPO
100
AcDbLine
 10
239.03333875868057
 20
196.06665717230905
 30
0.0
 11
239.10000271267361
 21
186.5333218044705
 31
0.0
  0
LINE
  5
491
330
17
100
AcDbEntity
  8
TOPO
100
AcDbLine
 10
131.86665852864584
 20
195.83333333333334
 30
0.0
 11
139.29999457465277
 21
195.83333333333334
 31
0.0
  0
LINE
  5
492
330
17
100
AcDbEntity
  8
TOPO
100
AcDbLine
 10
228.53335910373264
 20
186.60000271267361
 30
0.0
 11
229.03333875868057
 21
196.0333251953125
 31
0.0
  0
LINE
  5
493
330
17
100
AcDbEntity
  8
TOPO
100
AcDbLine
 10
239.03333875868057
 20
196.06665717230905
 30
0.0
 11
239.96666802300348
 21
186.46665785047745
 31
0.0
  0
LINE
  5
494
330
17
100
AcDbEntity
  8
TOPO
100
AcDbLine
 10
204.56668429904514
 20
333.23333740234375
 30
0.0
 11
204.60001627604169
 21
335.1999918619792
 31
0.0
  0
LINE
  5
495
330
17
100
AcDbEntity
  8
TOPO
100
AcDbLine
 10
275.8999972873264
 20
247.53333197699655
 30
0.0
 11
280.2666897243924
 21
247.36665513780383
 31
0.0
  0
LINE
  5
496
330
17
100
AcDbEntity
  8
TOPO
100
AcDbLine
 10
178.66668701171875
 20
328.83331298828125
 30
0.0
 11
178.66668701171875
 21
331.5666707356771
 31
0.0
  0
LINE
  5
497
330
17
100
AcDbEntity
  8
TOPO
100
AcDbLine
 10
290.93332926432294
 20
281.4333258734809
 30
0.0
 11
291.0666910807292
 21
278.06666056315106
 31
0.0
  0
LINE
  5
498
330
17
100
AcDbEntity
  8
TOPO
100
AcDbLine
 10
292.9000176323785
 20
298.10000949435766
 30
0.0
 11
292.933349609375
 21
293.7666490342882
 31
0.0
  0
LINE
  5
499
330
17
100
AcDbEntity
  8
TOPO
100
AcDbLine
 10
204.46668836805557
 20
333.1333414713542
 30
0.0
 11
204.53335232204861
 21
335.49997965494794
 31
0.0
  0
LINE
  5
49A
330
17
100
AcDbEntity
  8
TOPO
100
AcDbLine
 10
304.70001220703125
 20
389.23333062065973
 30
0.0
 11
304.7666761610243
 21
421.19998508029516
 31
0.0
  0
LINE
  5
49B
330
17
100
AcDbEntity
  8
TOPO
100
AcDbLine
 10
321.2333509657118
 20
251.6999986436632
 30
0.0
 11
332.23334418402777
 21
251.63333468967016
 31
0.0
  0
LINE
  5
49C
330
17
100
AcDbEntity
  8
TOPO
100
AcDbLine
 10
324.73334418402777
 20
277.56666395399304
 30
0.0
 11
335.8666653103299
 21
277.5
 31
0.0
  0
LINE
  5
49D
330
17
100
AcDbEntity
  8
TOPO
100
AcDbLine
 10
163.39999728732639
 20
195.96666124131946
 30
0.0
 11
163.43332926432294
 21
191.49998982747397
 31
0.0
  0
LINE
  5
49E
330
17
100
AcDbEntity
  8
TOPO
100
AcDbLine
 10
288.499993218316
 20
208.76666598849826
 30
0.0
 11
288.90001085069446
 21
198.59998914930557
 31
0.0
  0
LINE
  5
49F
330
17
100
AcDbEntity
  8
TOPO
100
AcDbLine
 10
392.5999959309896
 20
284.09998575846356
 30
0.0
 11
392.66665988498266
 21
278.0999925401476
 31
0.0
  0
LINE
  5
4A0
330
17
100
AcDbEntity
  8
TOPO
100
AcDbLine
 10
272.4666680230035
 20
251.16665310329861
 30
0.0
 11
272.8000217013889
 21
245.16665988498264
 31
0.0
  0
LINE
  5
4A1
330
17
100
AcDbEntity
  8
TOPO
100
AcDbLine
 10
304.433356391059
 20
344.5333184136285
 30
0.0
 11
306.6999986436632
 21
342.66665988498266
 31
0.0
  0
LINE
  5
4A2
330
17
100
AcDbEntity
  8
TOPO
100
AcDbLine
 10
529.3333604600695
 20
236.16665310329861
 30
0.0
 11
531.4666748046875
 21
236.16665310329861
 31
0.0
  0
LWPOLYLINE
  5
4A3
330
17
100
AcDbEntity
  8
TOPO
100
AcDbPolyline
 90
6
 70
0
 10
210.36668565538196
 20
333.23333740234375
 10
210.33335367838544
 20
336.8999905056424
 10
207.6666937934028
 20
336.99998643663196
 10
204.6333482530382
 20
337.0999823676215
 10
204.60001627604169
 20
335.1999918619792
 10
204.56668429904514
 20
333.23333740234375
  0
LWPOLYLINE
  5
4A4
330
17
100
AcDbEntity
  8
TOPO
100
AcDbPolyline
 90
7
 70
0
 10
531.4666748046875
 20
190.2333238389757
 10
521.8666585286459
 20
190.2333238389757
 10
502.5
 20
190.16665988498264
 10
502.5
 20
191.93332248263889
 10
502.5
 20
195.89999728732639
 10
521.9000244140625
 20
195.99999321831598
 10
531.4666748046875
 20
195.99999321831598
  0
LWPOLYLINE
  5
4A5
330
17
100
AcDbEntity
  8
TOPO
100
AcDbPolyline
 90
7
 70
0
 10
351.63333468967016
 20
179.2999945746528
 10
359.0666707356771
 20
178.1333245171441
 10
360.1999918619792
 20
179.86665513780383
 10
361.4666748046875
 20
181.49998982747397
 10
363.0333455403646
 20
183.30000135633682
 10
364.73334418402777
 20
184.96666802300348
 10
361.6999986436632
 20
192.40000406901044
  0
LWPOLYLINE
  5
4A6
330
17
100
AcDbEntity
  8
TOPO
100
AcDbPolyline
 90
7
 70
0
 10
369.000006781684
 20
195.43333265516495
 10
370.0
 20
189.39999050564236
 10
372.66665988498266
 20
189.79999118381076
 10
375.0333319769965
 20
189.96666802300348
 10
393.9666748046875
 20
189.96666802300348
 10
427.4666680230035
 20
190.03333197699655
 10
427.5
 20
196.0333251953125
  0
LWPOLYLINE
  5
4A7
330
17
100
AcDbEntity
  8
TOPO
100
AcDbPolyline
 90
5
 70
0
 10
356.4666748046875
 20
164.33332655164932
 10
356.20001898871527
 20
167.93333265516495
 10
356.20001898871527
 20
171.49998982747397
 10
356.4666748046875
 20
176.0333251953125
 10
351.3000149197049
 20
176.1333211263021
  0
LWPOLYLINE
  5
4A8
330
17
100
AcDbEntity
  8
TOPO
100
AcDbPolyline
 90
5
 70
0
 10
392.7666897243924
 20
283.8999938964844
 10
397.5333319769965
 20
284.7666761610243
 10
402.3333401150174
 20
285.39998372395837
 10
406.6999986436632
 20
285.76666937934027
 10
411.066657172309
 20
285.93332926432294
  0
LWPOLYLINE
  5
4A9
330
17
100
AcDbEntity
  8
TOPO
100
AcDbPolyline
 90
5
 70
0
 10
163.06667751736111
 20
195.86666531032986
 10
159.10000271267361
 20
195.80000135633682
 10
159.16666666666669
 20
191.6999986436632
 10
163.13334147135419
 20
191.76666259765625
 10
163.06667751736111
 20
195.86666531032986
  0
LWPOLYLINE
  5
4AA
330
17
100
AcDbEntity
  8
TOPO
100
AcDbPolyline
 90
5
 70
0
 10
248.90001085069446
 20
196.0333251953125
 10
245.0999959309896
 20
195.93332926432294
 10
245.0
 20
192.0999993218316
 10
248.86667887369794
 20
191.93332248263889
 10
248.90001085069446
 20
196.0333251953125
  0
LWPOLYLINE
  5
4AB
330
17
100
AcDbEntity
  8
TOPO
100
AcDbPolyline
 90
10
 70
0
 10
368.73335096571185
 20
231.06665717230905
 10
369.80000813802087
 20
231.09998914930557
 10
369.8333401150174
 20
235.06666395399307
 10
372.7666897243924
 20
235.16665988498264
 10
372.6999918619792
 20
231.1333211263021
 10
398.30000135633685
 20
231.1333211263021
 10
434.90000406901044
 20
231.23333401150174
 10
467.5666639539931
 20
231.23333401150174
 10
501.9666883680556
 20
231.33332994249133
 10
531.4666748046875
 20
231.26666598849826
  0
LWPOLYLINE
  5
4AC
330
17
100
AcDbEntity
  8
TOPO
100
AcDbPolyline
 90
8
 70
0
 10
356.16668701171875
 20
175.83333333333334
 10
355.93332926432294
 20
171.5333218044705
 10
352.3333401150174
 20
171.5333218044705
 10
352.3333401150174
 20
168.73333401150174
 10
355.8666653103299
 20
168.6666700575087
 10
356.5666707356771
 20
148.06666056315106
 10
357.0000203450521
 20
120.66666497124567
 10
357.23334418402777
 20
94.69999525282118
  0
LWPOLYLINE
  5
4AD
330
17
100
AcDbEntity
  8
TOPO
100
AcDbPolyline
 90
6
 70
0
 10
427.30000813802087
 20
195.83333333333334
 10
427.16668023003473
 20
190.13332790798611
 10
400.2666897243924
 20
190.13332790798611
 10
374.90000406901044
 20
190.06666395399307
 10
370.0999959309896
 20
189.46665445963544
 10
369.10000271267364
 20
195.2333238389757
  0
LWPOLYLINE
  5
4AE
330
17
100
AcDbEntity
  8
TOPO
100
AcDbPolyline
 90
4
 70
0
 10
392.7666897243924
 20
283.8999938964844
 10
392.83335367838544
 20
278.26665242513025
 10
411.0333251953125
 20
278.1666564941406
 10
446.83336046006946
 20
278.23332044813367
  0
LWPOLYLINE
  5
4AF
330
17
100
AcDbEntity
  8
TOPO
100
AcDbPolyline
 90
11
 70
0
 10
368.73335096571185
 20
231.06665717230905
 10
368.73335096571185
 20
250.80000135633682
 10
372.40000406901044
 20
250.83333333333334
 10
372.40000406901044
 20
246.93332248263889
 10
375.36668565538196
 20
246.93332248263889
 10
375.33335367838544
 20
250.8999972873264
 10
399.93333604600696
 20
250.8999972873264
 10
429.73334418402777
 20
250.8999972873264
 10
464.90000406901044
 20
250.86666531032986
 10
502.20001220703125
 20
250.8999972873264
 10
531.4666748046875
 20
250.96666124131946
  0
LWPOLYLINE
  5
4B0
330
17
100
AcDbEntity
  8
TOPO
100
AcDbPolyline
 90
9
 70
0
 10
356.16668701171875
 20
175.83333333333334
 10
353.8000149197049
 20
175.93332926432294
 10
353.8000149197049
 20
172.999996609158
 10
351.6999986436632
 20
173.09999254014758
 10
351.76666259765625
 20
176.0333251953125
 10
351.40001085069446
 20
175.99999321831598
 10
351.3333468967014
 20
148.09999254014758
 10
351.3333468967014
 20
120.13332790798611
 10
351.26668294270837
 20
94.69999525282118
  0
LWPOLYLINE
  5
4B1
330
17
100
AcDbEntity
  8
TOPO
100
AcDbPolyline
 90
4
 70
0
 10
427.30000813802087
 20
195.83333333333334
 10
400.433349609375
 20
195.80000135633682
 10
374.73334418402777
 20
195.80000135633682
 10
369.10000271267364
 20
195.2333238389757
  0
LWPOLYLINE
  5
4B2
330
17
100
AcDbEntity
  8
TOPO
100
AcDbPolyline
 90
8
 70
0
 10
496.99998643663196
 20
190.33333672417535
 10
497.066650390625
 20
191.83332655164932
 10
497.16668023003473
 20
195.83333333333334
 10
471.0999891493056
 20
195.83333333333334
 10
434.66668023003473
 20
195.89999728732639
 10
434.6000162760417
 20
190.06666395399307
 10
471.36667887369794
 20
190.2333238389757
 10
496.99998643663196
 20
190.33333672417535
  0
LWPOLYLINE
  5
4B3
330
17
100
AcDbEntity
  8
TOPO
100
AcDbPolyline
 90
4
 70
0
 10
531.4666748046875
 20
195.99999321831598
 10
521.9000244140625
 20
195.99999321831598
 10
502.5
 20
195.89999728732639
 10
502.5
 20
191.93332248263889
  0
LWPOLYLINE
  5
4B4
330
17
100
AcDbEntity
  8
TOPO
100
AcDbPolyline
 90
7
 70
0
 10
309.8333401150174
 20
347.30000813802087
 10
303.10000949435766
 20
350.70000542534723
 10
301.63333468967016
 20
348.3000013563368
 10
299.8333401150174
 20
346.1333211263021
 10
297.5999959309896
 20
344.13333468967016
 10
295.06666395399304
 20
342.5
 10
298.70001898871527
 20
335.93332926432294
  0
LWPOLYLINE
  5
4B5
330
17
100
AcDbEntity
  8
TOPO
100
AcDbPolyline
 90
5
 70
0
 10
269.6333482530382
 20
333.26666937934027
 10
263.86667887369794
 20
333.26666937934027
 10
263.86667887369794
 20
336.96665445963544
 10
269.6333482530382
 20
336.8999905056424
 10
269.6333482530382
 20
333.26666937934027
  0
LWPOLYLINE
  5
4B6
330
17
100
AcDbEntity
  8
TOPO
100
AcDbPolyline
 90
5
 70
0
 10
312.0000203450521
 20
382.0999823676215
 10
312.1000162760417
 20
376.39997694227435
 10
308.3999972873264
 20
376.5333387586806
 10
308.3666653103299
 20
382.0999823676215
 10
312.0000203450521
 20
382.0999823676215
  0
LWPOLYLINE
  5
4B7
330
17
100
AcDbEntity
  8
TOPO
100
AcDbPolyline
 90
8
 70
0
 10
515.9666612413195
 20
332.3333401150174
 10
515.0333319769966
 20
332.4666680230035
 10
514.1333346896702
 20
332.83331976996527
 10
513.3666653103298
 20
333.43332926432294
 10
512.6666937934028
 20
334.4333224826389
 10
512.3333401150173
 20
335.566643608941
 10
512.3666720920139
 20
336.79999457465277
 10
512.433336046007
 20
339.03333875868054
  0
LWPOLYLINE
  5
4B8
330
17
100
AcDbEntity
  8
TOPO
100
AcDbPolyline
 90
8
 70
0
 10
531.4666748046875
 20
333.066643608941
 10
516.0000271267361
 20
333.066643608941
 10
514.8666720920139
 20
333.23333740234375
 10
513.9000108506945
 20
333.7666490342882
 10
513.2000054253473
 20
334.5999823676215
 10
512.8333197699653
 20
335.6333414713542
 10
512.866685655382
 20
336.73333062065973
 10
512.8000217013889
 20
339.03333875868054
  0
LWPOLYLINE
  5
4B9
330
17
100
AcDbEntity
  8
TOPO
100
AcDbPolyline
 90
41
 70
0
 10
368.0333455403646
 20
231.06665717230905
 10
367.5666639539931
 20
230.99999321831598
 10
367.06668429904516
 20
230.93332926432294
 10
366.60000271267364
 20
230.89999728732639
 10
366.1000230577257
 20
230.89999728732639
 10
365.60000949435766
 20
230.89999728732639
 10
365.13332790798614
 20
230.89999728732639
 10
364.6333482530382
 20
230.96666124131946
 10
364.1666666666667
 20
231.0333251953125
 10
363.5333251953125
 20
231.1333211263021
 10
362.9000176323785
 20
231.26666598849826
 10
362.26667616102435
 20
231.43332587348092
 10
361.63333468967016
 20
231.66666666666669
 10
361.0333251953125
 20
231.89999050564236
 10
360.4666815863715
 20
232.16666327582467
 10
359.90000406901044
 20
232.5
 10
359.36665852864587
 20
232.86666870117188
 10
358.9666748046875
 20
233.16665649414062
 10
358.5666910807292
 20
233.49999321831598
 10
358.23333740234375
 20
233.86666191948785
 10
357.86668565538196
 20
234.23333062065973
 10
357.5333319769965
 20
234.63333129882812
 10
357.23334418402777
 20
235.06666395399307
 10
356.9666883680556
 20
235.499996609158
 10
356.6999986436632
 20
235.93332926432294
 10
356.433342827691
 20
236.39999389648438
 10
356.23335096571185
 20
236.86665852864584
 10
356.0333251953125
 20
237.3333231608073
 10
355.8666653103299
 20
237.8333197699653
 10
355.70000542534723
 20
238.33333333333334
 10
355.60000949435766
 20
238.7999979654948
 10
355.50001356336804
 20
239.2999945746528
 10
355.4666815863715
 20
239.79999118381076
 10
355.50001356336804
 20
246.5333218044705
 10
355.70000542534723
 20
247.90000067816842
 10
356.3333468967014
 20
249.13333468967016
 10
357.30000813802087
 20
250.13332790798611
 10
358.5666910807292
 20
250.80000135633682
 10
360.0
 20
250.99999321831598
 10
363.9666748046875
 20
251.0333251953125
 10
368.0333455403646
 20
251.09998914930557
  0
LWPOLYLINE
  5
4BA
330
17
100
AcDbEntity
  8
TOPO
100
AcDbPolyline
 90
8
 70
0
 10
308.7333509657118
 20
146.73333062065973
 10
309.73334418402777
 20
146.1666700575087
 10
310.4666815863715
 20
145.33333672417535
 10
310.8999972873264
 20
144.26666259765625
 10
310.93332926432294
 20
143.1333245171441
 10
310.56667751736114
 20
141.93333095974393
 10
309.7666761610243
 20
140.96666124131946
 10
308.66668701171875
 20
140.3333282470703
  0
LWPOLYLINE
  5
4BB
330
17
100
AcDbEntity
  8
TOPO
100
AcDbPolyline
 90
9
 70
0
 10
308.7333509657118
 20
164.53333536783856
 10
309.7666761610243
 20
163.9333258734809
 10
310.60000949435766
 20
163.06666056315106
 10
311.1000230577257
 20
162.000003390842
 10
311.26668294270837
 20
160.80000135633682
 10
311.0666910807292
 20
159.66666327582465
 10
310.5333455403646
 20
158.63333808051215
 10
309.73334418402777
 20
157.80000474717883
 10
308.7333509657118
 20
157.23332722981772
  0
LWPOLYLINE
  5
4BC
330
17
100
AcDbEntity
  8
TOPO
100
AcDbPolyline
 90
3
 70
0
 10
275.8000013563368
 20
251.1333211263021
 10
275.8999972873264
 20
247.53333197699655
 10
275.6666734483507
 20
245.93332926432294
  0
LWPOLYLINE
  5
4BD
330
17
100
AcDbEntity
  8
TOPO
100
AcDbPolyline
 90
3
 70
0
 10
275.8000013563368
 20
251.1333211263021
 10
275.6666734483507
 20
247.5
 10
275.6666734483507
 20
245.93332926432294
  0
LWPOLYLINE
  5
4BE
330
17
100
AcDbEntity
  8
TOPO
100
AcDbPolyline
 90
8
 70
0
 10
296.8333265516493
 20
184.90000406901044
 10
297.1333482530382
 20
185.29998779296875
 10
298.76668294270837
 20
184.36665852864584
 10
300.2666897243924
 20
183.2666693793403
 10
302.2666761610243
 20
181.39999389648438
 10
304.000006781684
 20
179.2999945746528
 10
305.433349609375
 20
176.96665445963544
 10
305.0999959309896
 20
176.6999986436632
  0
LWPOLYLINE
  5
4BF
330
17
100
AcDbEntity
  8
TOPO
100
AcDbPolyline
 90
61
 70
0
 10
272.4666680230035
 20
251.16665310329861
 10
275.8000013563368
 20
251.1333211263021
 10
280.33335367838544
 20
251.1333211263021
 10
280.6333414713542
 20
251.23333401150174
 10
280.93332926432294
 20
251.2666659884983
 10
281.26668294270837
 20
251.2666659884983
 10
281.60000271267364
 20
251.23333401150174
 10
281.9000244140625
 20
251.16665310329861
 10
282.20001220703125
 20
251.06665717230905
 10
282.5
 20
250.93332926432294
 10
282.7666897243924
 20
250.7666693793403
 10
283.0333455403646
 20
250.59999254014758
 10
283.3000013563368
 20
250.36666870117188
 10
283.3999972873264
 20
250.26665581597223
 10
283.499993218316
 20
250.13332790798611
 10
283.6000230577257
 20
250.0
 10
283.63335503472223
 20
249.86665513780383
 10
283.66668701171875
 20
249.66666327582467
 10
283.66668701171875
 20
249.49998643663196
 10
283.66668701171875
 20
249.2999945746528
 10
283.6000230577257
 20
249.13333468967016
 10
283.53335910373266
 20
248.96665785047745
 10
283.46666124131946
 20
248.7999979654948
 10
283.3666653103299
 20
248.6333211263021
 10
283.23333740234375
 20
248.49999321831598
 10
283.00001356336804
 20
248.30000135633682
 10
282.73335774739587
 20
248.16665649414062
 10
282.16668023003473
 20
247.93333265516495
 10
281.6999986436632
 20
247.76665581597223
 10
281.2333509657118
 20
247.63332790798611
 10
280.2666897243924
 20
247.36665513780383
 10
277.9666815863715
 20
246.66666666666669
 10
276.79999457465277
 20
246.2999979654948
 10
275.6666734483507
 20
245.93332926432294
 10
274.23333062065973
 20
245.5333285861545
 10
272.8000217013889
 20
245.16665988498264
 10
271.60000271267364
 20
244.86665513780383
 10
270.36668565538196
 20
244.56666734483508
 10
269.13333468967016
 20
244.33332655164932
 10
267.9000176323785
 20
244.10000271267361
 10
266.63333468967016
 20
243.86666191948785
 10
265.4000176323785
 20
243.70000203450522
 10
264.13333468967016
 20
243.5333251953125
 10
262.9000176323785
 20
243.36666531032986
 10
261.63333468967016
 20
243.2666693793403
 10
260.36668565538196
 20
243.16665649414062
 10
259.10000271267364
 20
243.09999254014758
 10
257.86668565538196
 20
243.0333285861545
 10
256.60000271267364
 20
242.999996609158
 10
255.33335367838544
 20
242.999996609158
 10
254.0666707356771
 20
242.999996609158
 10
252.8000217013889
 20
243.06666056315106
 10
247.6666937934028
 20
243.09999254014758
 10
243.13334147135419
 20
243.09999254014758
 10
209.70001220703125
 20
243.1333245171441
 10
186.2000189887153
 20
243.0333285861545
 10
178.86667887369794
 20
242.90000067816842
 10
171.50000678168402
 20
242.43333604600696
 10
164.43335639105902
 20
241.60000271267361
 10
157.36667209201389
 20
240.43333265516495
 10
131.86665852864584
 20
235.16665988498264
  0
LWPOLYLINE
  5
4C0
330
17
100
AcDbEntity
  8
TOPO
100
AcDbPolyline
 90
3
 70
0
 10
522.4666680230035
 20
291.6666666666667
 10
526.9333224826389
 20
292.63332790798614
 10
531.4000108506945
 20
293.566657172309
  0
LWPOLYLINE
  5
4C1
330
17
100
AcDbEntity
  8
TOPO
100
AcDbPolyline
 90
6
 70
0
 10
210.5333455403646
 20
333.066643608941
 10
210.50001356336807
 20
337.0999823676215
 10
207.5999959309896
 20
337.13331434461804
 10
204.56668429904514
 20
337.13331434461804
 10
204.53335232204861
 20
335.49997965494794
 10
204.46668836805557
 20
333.1333414713542
  0
LWPOLYLINE
  5
4C2
330
17
100
AcDbEntity
  8
TOPO
100
AcDbPolyline
 90
31
 70
0
 10
297.43333604600696
 20
298.66665310329864
 10
298.20000542534723
 20
298.69998508029516
 10
298.9666748046875
 20
298.7333170572917
 10
299.6000162760417
 20
298.69998508029516
 10
300.23335774739587
 20
298.66665310329864
 10
300.8666653103299
 20
298.59998914930554
 10
301.4666748046875
 20
298.46666124131946
 10
302.16668023003473
 20
298.3000013563368
 10
302.83335367838544
 20
298.10000949435766
 10
303.46666124131946
 20
297.83331976996527
 10
304.13333468967016
 20
297.5333319769965
 10
304.73334418402777
 20
297.1666463216146
 10
305.33335367838544
 20
296.79999457465277
 10
305.8999972873264
 20
296.36664496527777
 10
306.433342827691
 20
295.8999972873264
 10
306.866692437066
 20
295.4666476779514
 10
307.30000813802087
 20
295.0
 10
307.7000257703993
 20
294.5333184136285
 10
308.06667751736114
 20
294.000006781684
 10
308.3999972873264
 20
293.46666124131946
 10
308.70001898871527
 20
292.9333157009549
 10
308.9666748046875
 20
292.3333401150174
 10
309.1666666666667
 20
291.76666259765625
 10
309.26666259765625
 20
291.36664496527777
 10
309.366692437066
 20
290.999993218316
 10
309.433356391059
 20
290.60000949435766
 10
309.5000203450521
 20
290.2333238389757
 10
309.53335232204864
 20
289.8333401150174
 10
309.56668429904516
 20
289.4333224826389
 10
309.56668429904516
 20
289.03333875868054
 10
309.56668429904516
 20
288.6333211263021
  0
LWPOLYLINE
  5
4C3
330
17
100
AcDbEntity
  8
TOPO
100
AcDbPolyline
 90
12
 70
0
 10
286.433342827691
 20
196.26666598849826
 10
249.13333468967016
 20
196.06665717230905
 10
244.96666802300348
 20
196.06665717230905
 10
239.03333875868057
 20
196.06665717230905
 10
229.03333875868057
 20
196.0333251953125
 10
208.93334282769098
 20
195.89999728732639
 10
181.80002848307294
 20
195.83333333333334
 10
168.93334282769098
 20
195.93332926432294
 10
163.33333333333334
 20
195.96666124131946
 10
158.93334282769098
 20
195.96666124131946
 10
147.36667209201389
 20
195.99999321831598
 10
131.86665852864584
 20
196.0333251953125
  0
LWPOLYLINE
  5
4C4
330
17
100
AcDbEntity
  8
TOPO
100
AcDbPolyline
 90
4
 70
0
 10
249.13333468967016
 20
196.06665717230905
 10
249.16666666666669
 20
191.7999945746528
 10
244.93333604600696
 20
191.76666259765625
 10
244.96666802300348
 20
196.06665717230905
  0
LWPOLYLINE
  5
4C5
330
17
100
AcDbEntity
  8
TOPO
100
AcDbPolyline
 90
4
 70
0
 10
288.499993218316
 20
208.76666598849826
 10
248.76668294270834
 20
208.70000203450522
 10
208.73335096571182
 20
208.49999321831598
 10
208.93334282769098
 20
198.46666124131946
  0
LWPOLYLINE
  5
4C6
330
17
100
AcDbEntity
  8
TOPO
100
AcDbPolyline
 90
3
 70
0
 10
502.30000813802087
 20
196.06665717230905
 10
502.16668023003473
 20
190.06666395399307
 10
531.4666748046875
 20
190.06666395399307
  0
LWPOLYLINE
  5
4C7
330
17
100
AcDbEntity
  8
TOPO
100
AcDbPolyline
 90
8
 70
0
 10
434.53335232204864
 20
196.06665717230905
 10
434.3999905056424
 20
190.0
 10
460.23335774739587
 20
190.03333197699655
 10
472.43333604600696
 20
190.0999959309896
 10
494.76667616102435
 20
190.0
 10
497.40000406901044
 20
189.96666802300348
 10
497.40000406901044
 20
194.36665852864584
 10
497.40000406901044
 20
196.09998914930557
  0
LWPOLYLINE
  5
4C8
330
17
100
AcDbEntity
  8
TOPO
100
AcDbPolyline
 90
5
 70
0
 10
531.4666748046875
 20
231.16665310329861
 10
502.2333441840278
 20
231.1333211263021
 10
467.9666476779514
 20
231.06665717230905
 10
433.90001085069446
 20
231.0333251953125
 10
395.5333455403646
 20
230.99999321831598
  0
LWPOLYLINE
  5
4C9
330
17
100
AcDbEntity
  8
TOPO
100
AcDbPolyline
 90
48
 70
0
 10
351.36667887369794
 20
165.499996609158
 10
351.3000149197049
 20
176.1333211263021
 10
351.3333468967014
 20
176.93332248263889
 10
351.40001085069446
 20
177.7333238389757
 10
351.500006781684
 20
178.49999321831598
 10
351.63333468967016
 20
179.2999945746528
 10
351.8333265516493
 20
180.06666395399307
 10
352.06668429904516
 20
180.83333333333334
 10
352.3666720920139
 20
181.60000271267361
 10
352.66665988498266
 20
182.3333231608073
 10
353.0333455403646
 20
183.06666056315106
 10
353.3999972873264
 20
183.76666598849826
 10
353.8000149197049
 20
184.46665445963544
 10
354.23333062065973
 20
185.16665988498264
 10
354.7666761610243
 20
185.96666124131946
 10
355.36668565538196
 20
186.76666259765625
 10
355.999993218316
 20
187.56666395399307
 10
356.63333468967016
 20
188.30000135633682
 10
357.20001220703125
 20
188.89999389648438
 10
357.8000217013889
 20
189.46665445963544
 10
358.3999972873264
 20
190.0
 10
359.0333387586806
 20
190.5333285861545
 10
359.66668023003473
 20
191.0333251953125
 10
360.33335367838544
 20
191.49998982747397
 10
360.999993218316
 20
191.96665445963544
 10
361.6999986436632
 20
192.40000406901044
 10
362.5666639539931
 20
192.90000067816842
 10
363.43332926432294
 20
193.36666531032986
 10
364.33332655164935
 20
193.7999979654948
 10
365.23335774739587
 20
194.1999986436632
 10
366.16668701171875
 20
194.56666734483508
 10
367.1000162760417
 20
194.90000406901044
 10
368.0333455403646
 20
195.16665988498264
 10
369.000006781684
 20
195.43333265516495
 10
369.70001220703125
 20
195.56666056315106
 10
370.433349609375
 20
195.69998847113717
 10
371.13335503472223
 20
195.83333333333334
 10
371.86665852864587
 20
195.89999728732639
 10
372.5999959309896
 20
195.96666124131946
 10
373.30000135633685
 20
196.0333251953125
 10
374.0333387586806
 20
196.0333251953125
 10
374.76667616102435
 20
196.0333251953125
 10
427.5
 20
196.0333251953125
 10
434.53335232204864
 20
196.06665717230905
 10
471.86665852864587
 20
196.06665717230905
 10
497.40000406901044
 20
196.09998914930557
 10
502.30000813802087
 20
196.06665717230905
 10
531.4666748046875
 20
196.1666700575087
  0
LWPOLYLINE
  5
4CA
330
17
100
AcDbEntity
  8
TOPO
100
AcDbPolyline
 90
3
 70
0
 10
310.433349609375
 20
278.70000203450525
 10
312.20001220703125
 20
277.5333319769965
 10
324.73334418402777
 20
277.56666395399304
  0
LWPOLYLINE
  5
4CB
330
17
100
AcDbEntity
  8
TOPO
100
AcDbPolyline
 90
57
 70
0
 10
297.5
 20
298.066643608941
 10
298.00001356336804
 20
298.1333414713542
 10
298.499993218316
 20
298.1666734483507
 10
298.9666748046875
 20
298.1666734483507
 10
299.46668836805554
 20
298.1666734483507
 10
299.9666680230035
 20
298.1333414713542
 10
300.4666815863715
 20
298.066643608941
 10
300.93332926432294
 20
297.99997965494794
 10
301.433342827691
 20
297.89998372395837
 10
301.933356391059
 20
297.76665581597223
 10
302.4666680230035
 20
297.5999959309896
 10
302.9666815863715
 20
297.40000406901044
 10
303.46666124131946
 20
297.19997829861114
 10
303.9666748046875
 20
296.96665445963544
 10
304.433356391059
 20
296.6999986436632
 10
304.8666720920139
 20
296.3999769422743
 10
305.3000217013889
 20
296.066657172309
 10
305.83333333333337
 20
295.6333414713542
 10
306.36667887369794
 20
295.16665988498266
 10
306.8333265516493
 20
294.63331434461804
 10
307.2666761610243
 20
294.0666707356771
 10
307.66665988498266
 20
293.499993218316
 10
307.83335367838544
 20
293.1666734483507
 10
308.0333455403646
 20
292.8666517469618
 10
308.1666734483507
 20
292.56666395399304
 10
308.33333333333337
 20
292.23331027560766
 10
308.46666124131946
 20
291.9333224826389
 10
308.5666910807292
 20
291.60000271267364
 10
308.66668701171875
 20
291.2333170572917
 10
308.76668294270837
 20
290.8666653103299
 10
308.86667887369794
 20
290.49997965494794
 10
308.933342827691
 20
290.13332790798614
 10
308.9666748046875
 20
289.7666761610243
 10
309.000006781684
 20
289.3999905056424
 10
309.03333875868054
 20
289.03333875868054
 10
309.03333875868054
 20
288.6333211263021
 10
308.9666748046875
 20
282.63332790798614
 10
308.933342827691
 20
282.16666327582465
 10
308.86667887369794
 20
281.73333062065973
 10
308.76668294270837
 20
281.2666659884983
 10
308.6000230577257
 20
280.83333333333337
 10
308.3999972873264
 20
280.4333326551649
 10
308.1666734483507
 20
280.0333319769965
 10
307.86668565538196
 20
279.66666327582465
 10
307.56666395399304
 20
279.3333265516493
 10
307.3333401150174
 20
279.1666666666667
 10
307.1000162760417
 20
278.9666578504774
 10
306.866692437066
 20
278.7999979654948
 10
306.60000271267364
 20
278.66665310329864
 10
306.3333468967014
 20
278.5333251953125
 10
306.03335910373266
 20
278.3999972873264
 10
305.76666937934027
 20
278.3000013563368
 10
305.4666815863715
 20
278.23332044813367
 10
305.06666395399304
 20
278.1333245171441
 10
304.6333482530382
 20
278.0999925401476
 10
301.36667887369794
 20
278.06666056315106
 10
297.40000406901044
 20
278.0999925401476
  0
LWPOLYLINE
  5
4CC
330
17
100
AcDbEntity
  8
TOPO
100
AcDbPolyline
 90
3
 70
0
 10
151.4666748046875
 20
333.066643608941
 10
151.53333875868057
 20
339.46665445963544
 10
131.86665852864584
 20
339.46665445963544
  0
LWPOLYLINE
  5
4CD
330
17
100
AcDbEntity
  8
TOPO
100
AcDbPolyline
 90
3
 70
0
 10
297.3666720920139
 20
284.3333265516493
 10
305.23335774739587
 20
284.23333062065973
 10
305.4666815863715
 20
278.23332044813367
  0
LWPOLYLINE
  5
4CE
330
17
100
AcDbEntity
  8
TOPO
100
AcDbPolyline
 90
3
 70
0
 10
305.3000217013889
 20
296.066657172309
 10
304.56668429904516
 20
288.46666124131946
 10
297.4666680230035
 20
288.8999769422743
  0
LWPOLYLINE
  5
4CF
330
17
100
AcDbEntity
  8
TOPO
100
AcDbPolyline
 90
3
 70
0
 10
304.433356391059
 20
344.5333184136285
 10
301.53333875868054
 20
341.73333062065973
 10
303.6000230577257
 20
339.566650390625
  0
LWPOLYLINE
  5
4D0
330
17
100
AcDbEntity
  8
TOPO
100
AcDbPolyline
 90
9
 70
0
 10
289.53335232204864
 20
330.53331163194446
 10
289.5000203450521
 20
329.13333468967016
 10
287.86668565538196
 20
327.6999918619792
 10
264.4000244140625
 20
327.5333319769965
 10
235.63334147135419
 20
327.5333319769965
 10
235.6666734483507
 20
330.60000949435766
 10
233.2666693793403
 20
330.60000949435766
 10
233.2666693793403
 20
327.56666395399304
 10
199.00000678168405
 20
327.5
  0
LWPOLYLINE
  5
4D1
330
17
100
AcDbEntity
  8
TOPO
100
AcDbPolyline
 90
3
 70
0
 10
131.96668836805557
 20
275.4000006781684
 10
132.066650390625
 20
264.53333536783856
 10
132.10001627604169
 20
253.59998914930557
  0
LWPOLYLINE
  5
4D2
330
17
100
AcDbEntity
  8
TOPO
100
AcDbPolyline
 90
4
 70
0
 10
280.4000176323785
 20
278.0999925401476
 10
280.433349609375
 20
281.5333218044705
 10
275.999993218316
 20
281.59998575846356
 10
275.93332926432294
 20
278.03332858615454
  0
LWPOLYLINE
  5
4D3
330
17
100
AcDbEntity
  8
TOPO
100
AcDbPolyline
 90
3
 70
0
 10
293.7333509657118
 20
278.0999925401476
 10
293.53335910373266
 20
282.4666680230035
 10
291.53333875868054
 20
282.4333190917969
  0
LWPOLYLINE
  5
4D4
330
17
100
AcDbEntity
  8
TOPO
100
AcDbPolyline
 90
9
 70
0
 10
297.43333604600696
 20
298.66665310329864
 10
297.5
 20
298.066643608941
 10
297.4666680230035
 20
288.8999769422743
 10
296.866692437066
 20
288.79998101128473
 10
296.9000244140625
 20
288.10000949435766
 10
296.933356391059
 20
284.29999457465277
 10
297.3666720920139
 20
284.3333265516493
 10
297.40000406901044
 20
278.0999925401476
 10
297.40000406901044
 20
277.5
  0
LWPOLYLINE
  5
4D5
330
17
100
AcDbEntity
  8
TOPO
100
AcDbPolyline
 90
3
 70
0
 10
292.933349609375
 20
293.7666490342882
 10
295.33335367838544
 20
293.7666490342882
 10
295.36668565538196
 20
298.066643608941
  0
LWPOLYLINE
  5
4D6
330
17
100
AcDbEntity
  8
TOPO
100
AcDbPolyline
 90
4
 70
0
 10
269.8333401150174
 20
333.10000949435766
 10
269.80000813802087
 20
337.066650390625
 10
263.7333509657118
 20
337.13331434461804
 10
263.76668294270837
 20
333.10000949435766
  0
LWPOLYLINE
  5
4D7
330
17
100
AcDbEntity
  8
TOPO
100
AcDbPolyline
 90
53
 70
0
 10
312.8000217013889
 20
357.40000406901044
 10
312.7666897243924
 20
356.76666259765625
 10
312.73335774739587
 20
356.0999891493056
 10
312.66665988498266
 20
355.4666476779514
 10
312.56666395399304
 20
354.80000813802087
 10
312.5
 20
354.1666666666667
 10
312.3666720920139
 20
353.5333251953125
 10
312.2666761610243
 20
352.8666517469618
 10
312.1000162760417
 20
352.23331027560766
 10
311.933356391059
 20
351.5666707356771
 10
311.76666259765625
 20
350.8999972873264
 10
311.5666707356771
 20
350.1999918619792
 10
311.36667887369794
 20
349.5333184136285
 10
311.13335503472223
 20
348.8999769422743
 10
310.8666653103299
 20
348.23333740234375
 10
310.60000949435766
 20
347.5999959309896
 10
310.3000217013889
 20
346.96665445963544
 10
309.9666680230035
 20
346.29998101128473
 10
309.6000162760417
 20
345.6333414713542
 10
309.1999986436632
 20
345.0
 10
308.76668294270837
 20
344.3999905056424
 10
308.33333333333337
 20
343.7666490342882
 10
307.9000176323785
 20
343.1666734483507
 10
307.40000406901044
 20
342.5999959309896
 10
306.933356391059
 20
342.0333184136285
 10
306.26668294270837
 20
341.2666490342882
 10
305.5333455403646
 20
340.49997965494794
 10
304.80000813802087
 20
339.80000813802087
 10
304.03333875868054
 20
339.10000271267364
 10
303.46666124131946
 20
338.59998914930554
 10
302.86668565538196
 20
338.0999755859375
 10
302.23334418402777
 20
337.63332790798614
 10
301.63333468967016
 20
337.1666463216146
 10
300.999993218316
 20
336.6999986436632
 10
300.33335367838544
 20
336.2666490342882
 10
299.66668023003473
 20
335.8666653103299
 10
299.000006781684
 20
335.4666476779514
 10
298.3666653103299
 20
335.13332790798614
 10
297.7000257703993
 20
334.8333401150174
 10
297.03335232204864
 20
334.49998643663196
 10
296.3333468967014
 20
334.23333062065973
 10
295.6333414713542
 20
333.9666748046875
 10
294.93333604600696
 20
333.7333170572917
 10
294.23333062065973
 20
333.499993218316
 10
293.53335910373266
 20
333.3000013563368
 10
292.83335367838544
 20
333.1333414713542
 10
292.1000162760417
 20
332.9666476779514
 10
291.36667887369794
 20
332.83331976996527
 10
290.6333414713542
 20
332.6999918619792
 10
289.93333604600696
 20
332.63332790798614
 10
289.1666666666667
 20
332.5333319769965
 10
288.43332926432294
 20
332.5
 10
287.7000257703993
 20
332.4666680230035
  0
LWPOLYLINE
  5
4D8
330
17
100
AcDbEntity
  8
TOPO
100
AcDbPolyline
 90
4
 70
0
 10
312.16668023003473
 20
382.3333401150174
 10
308.20000542534723
 20
382.3666720920139
 10
308.20000542534723
 20
376.29998101128473
 10
312.23334418402777
 20
376.2333170572917
  0
LWPOLYLINE
  5
4D9
330
17
100
AcDbEntity
  8
TOPO
100
AcDbPolyline
 90
7
 70
0
 10
131.86665852864584
 20
251.0333251953125
 10
132.40003797743057
 20
251.0333251953125
 10
167.1333482530382
 20
250.99999321831598
 10
197.2333441840278
 20
251.0333251953125
 10
232.933349609375
 20
251.06665717230905
 10
268.90001085069446
 20
251.09998914930557
 10
272.4666680230035
 20
251.16665310329861
  0
LWPOLYLINE
  5
4DA
330
17
100
AcDbEntity
  8
TOPO
100
AcDbPolyline
 90
11
 70
0
 10
296.933356391059
 20
284.29999457465277
 10
296.866692437066
 20
278.06666056315106
 10
293.7333509657118
 20
278.0999925401476
 10
291.0666910807292
 20
278.06666056315106
 10
280.4000176323785
 20
278.0999925401476
 10
275.93332926432294
 20
278.03332858615454
 10
246.7999945746528
 20
278.03332858615454
 10
219.46668836805557
 20
277.999996609158
 10
191.33334689670139
 20
277.999996609158
 10
163.43332926432294
 20
278.03332858615454
 10
131.93332248263889
 20
278.03332858615454
  0
LWPOLYLINE
  5
4DB
330
17
100
AcDbEntity
  8
TOPO
100
AcDbPolyline
 90
11
 70
0
 10
131.86665852864584
 20
298.066643608941
 10
145.0
 20
298.10000949435766
 10
179.43335639105905
 20
298.066643608941
 10
217.43333604600696
 20
298.03331163194446
 10
252.20001220703125
 20
298.03331163194446
 10
283.46666124131946
 20
298.03331163194446
 10
292.9000176323785
 20
298.10000949435766
 10
295.36668565538196
 20
298.066643608941
 10
296.933356391059
 20
297.99997965494794
 10
296.8333265516493
 20
289.5999823676215
 10
296.866692437066
 20
288.79998101128473
  0
LWPOLYLINE
  5
4DC
330
17
100
AcDbEntity
  8
TOPO
100
AcDbPolyline
 90
3
 70
0
 10
178.93334282769098
 20
333.10000949435766
 10
151.4666748046875
 20
333.066643608941
 10
131.86665852864584
 20
333.066643608941
  0
LWPOLYLINE
  5
4DD
330
17
100
AcDbEntity
  8
TOPO
100
AcDbPolyline
 90
67
 70
0
 10
312.30000813802087
 20
429.6666463216146
 10
312.2666761610243
 20
421.2333170572917
 10
312.30000813802087
 20
417.3333401150174
 10
312.20001220703125
 20
393.5333251953125
 10
312.20001220703125
 20
389.1666666666667
 10
312.16668023003473
 20
382.3333401150174
 10
312.23334418402777
 20
376.2333170572917
 10
312.20001220703125
 20
357.43333604600696
 10
312.16668023003473
 20
356.76666259765625
 10
312.16668023003473
 20
356.1333211263021
 10
312.1000162760417
 20
355.4666476779514
 10
312.03335232204864
 20
354.8333401150174
 10
311.96668836805554
 20
354.1666666666667
 10
311.8333265516493
 20
353.5333251953125
 10
311.73333062065973
 20
352.8666517469618
 10
311.60000271267364
 20
352.23331027560766
 10
311.433342827691
 20
351.60000271267364
 10
311.26668294270837
 20
350.96666124131946
 10
311.0666910807292
 20
350.33331976996527
 10
310.83333333333337
 20
349.69997829861114
 10
310.6333414713542
 20
349.10000271267364
 10
310.36668565538196
 20
348.499993218316
 10
310.0999959309896
 20
347.89998372395837
 10
309.8333401150174
 20
347.30000813802087
 10
309.56668429904516
 20
346.76666259765625
 10
309.23333062065973
 20
346.19998508029516
 10
308.933342827691
 20
345.6666734483507
 10
308.6000230577257
 20
345.16665988498266
 10
308.23333740234375
 20
344.63331434461804
 10
307.86668565538196
 20
344.13333468967016
 10
307.5
 20
343.6333211263021
 10
307.1000162760417
 20
343.1333414713542
 10
306.6999986436632
 20
342.66665988498266
 10
306.26668294270837
 20
342.19997829861114
 10
305.433349609375
 20
341.29998101128473
 10
304.53335232204864
 20
340.39998372395837
 10
303.6000230577257
 20
339.566650390625
 10
303.0333455403646
 20
339.03333875868054
 10
302.4666680230035
 20
338.5333251953125
 10
301.866692437066
 20
338.066643608941
 10
301.26668294270837
 20
337.5999959309896
 10
300.6333414713542
 20
337.13331434461804
 10
300.0
 20
336.6999986436632
 10
299.3333265516493
 20
336.29998101128473
 10
298.70001898871527
 20
335.93332926432294
 10
298.06667751736114
 20
335.5999755859375
 10
297.43333604600696
 20
335.29998779296875
 10
296.76666259765625
 20
335.0
 10
296.13335503472223
 20
334.73331027560766
 10
295.4666815863715
 20
334.46665445963544
 10
294.7666761610243
 20
334.23333062065973
 10
294.10000271267364
 20
334.03333875868054
 10
293.3999972873264
 20
333.83331298828125
 10
292.7000257703993
 20
333.66665310329864
 10
292.0000203450521
 20
333.5333251953125
 10
291.3000149197049
 20
333.3999972873264
 10
290.60000949435766
 20
333.3000013563368
 10
289.90000406901044
 20
333.20000542534723
 10
289.1666666666667
 20
333.1333414713542
 10
288.46666124131946
 20
333.10000949435766
 10
287.7666897243924
 20
333.10000949435766
 10
269.8333401150174
 20
333.10000949435766
 10
263.76668294270837
 20
333.10000949435766
 10
228.43332926432294
 20
332.99997965494794
 10
210.5333455403646
 20
333.066643608941
 10
204.46668836805557
 20
333.1333414713542
 10
185.83333333333334
 20
333.03331163194446
  0
LWPOLYLINE
  5
4DE
330
17
100
AcDbEntity
  8
TOPO
100
AcDbPolyline
 90
3
 70
0
 10
357.43333604600696
 20
94.69999525282118
 10
357.1333482530382
 20
123.46666124131944
 10
356.36667887369794
 20
165.80000135633682
  0
LWPOLYLINE
  5
4DF
330
17
100
AcDbEntity
  8
TOPO
100
AcDbPolyline
 90
3
 70
0
 10
351.36667887369794
 20
165.19999186197919
 10
351.2333509657118
 20
121.93333095974393
 10
351.16668701171875
 20
94.69999525282118
  0
LWPOLYLINE
  5
4E0
330
17
100
AcDbEntity
  8
TOPO
100
AcDbPolyline
 90
3
 70
0
 10
416.6999986436632
 20
339.10000271267364
 10
376.1000230577257
 20
338.9666748046875
 10
375.999993218316
 20
333.3666653103299
  0
LWPOLYLINE
  5
4E1
330
17
100
AcDbEntity
  8
TOPO
100
AcDbPolyline
 90
4
 70
0
 10
364.80000813802087
 20
336.76666259765625
 10
368.0000135633681
 20
345.1999918619792
 10
363.8000149197049
 20
350.26665581597223
 10
354.8666720920139
 20
348.66665310329864
  0
LWPOLYLINE
  5
4E2
330
17
100
AcDbEntity
  8
TOPO
100
AcDbPolyline
 90
62
 70
0
 10
500.56667751736114
 20
332.40000406901044
 10
495.23335774739587
 20
332.9666476779514
 10
465.0333319769965
 20
333.1333414713542
 10
415.433349609375
 20
333.066643608941
 10
377.86668565538196
 20
333.23333740234375
 10
376.933356391059
 20
333.3000013563368
 10
375.999993218316
 20
333.3666653103299
 10
375.2666897243924
 20
333.46666124131946
 10
374.53335232204864
 20
333.5333251953125
 10
373.8000149197049
 20
333.66665310329864
 10
373.06667751736114
 20
333.7666490342882
 10
372.3333401150174
 20
333.93330891927087
 10
371.63333468967016
 20
334.0666707356771
 10
370.8999972873264
 20
334.26666259765625
 10
370.1999918619792
 20
334.46665445963544
 10
369.4666883680556
 20
334.6666463216146
 10
368.76668294270837
 20
334.90000406901044
 10
368.10000949435766
 20
335.16665988498266
 10
367.40000406901044
 20
335.4333157009549
 10
366.73333062065973
 20
335.73333740234375
 10
366.0666910807292
 20
336.066657172309
 10
365.433349609375
 20
336.3999769422743
 10
364.80000813802087
 20
336.76666259765625
 10
364.1999986436632
 20
337.1666463216146
 10
363.6000230577257
 20
337.56666395399304
 10
363.0000135633681
 20
337.99997965494794
 10
362.43333604600696
 20
338.43332926432294
 10
361.86665852864587
 20
338.8999769422743
 10
361.3333468967014
 20
339.36665852864587
 10
360.80000135633685
 20
339.8666720920139
 10
360.3000217013889
 20
340.3666517469618
 10
359.8666720920139
 20
340.83333333333337
 10
359.433356391059
 20
341.29998101128473
 10
359.0333387586806
 20
341.76666259765625
 10
358.63335503472223
 20
342.23331027560766
 10
358.23333740234375
 20
342.7333238389757
 10
357.86668565538196
 20
343.23333740234375
 10
357.5
 20
343.7333170572917
 10
357.16668023003473
 20
344.23333062065973
 10
356.79999457465277
 20
344.7666422526042
 10
356.500006781684
 20
345.29998779296875
 10
356.16668701171875
 20
345.83333333333337
 10
355.8999972873264
 20
346.3999769422743
 10
355.60000949435766
 20
346.96665445963544
 10
355.33335367838544
 20
347.5
 10
355.0999959309896
 20
348.066643608941
 10
354.8666720920139
 20
348.66665310329864
 10
354.66668023003473
 20
349.1666666666667
 10
354.5000203450521
 20
349.69997829861114
 10
354.1999986436632
 20
350.73333740234375
 10
353.933342827691
 20
351.79999457465277
 10
353.70001898871527
 20
352.8666517469618
 10
353.5333251953125
 20
353.9666748046875
 10
353.43332926432294
 20
355.0333319769965
 10
353.3666653103299
 20
356.1333211263021
 10
353.33333333333337
 20
356.6999986436632
 10
353.33333333333337
 20
357.23331027560766
 10
353.43332926432294
 20
376.43330891927087
 10
353.20000542534723
 20
380.999993218316
 10
353.3999972873264
 20
399.29999457465277
 10
353.3000013563368
 20
404.33332655164935
 10
353.1666734483507
 20
424.4333224826389
  0
LWPOLYLINE
  5
4E3
330
17
100
AcDbEntity
  8
TOPO
100
AcDbPolyline
 90
6
 70
0
 10
531.4666748046875
 20
339.0666707356771
 10
512.8000217013889
 20
339.03333875868054
 10
512.433336046007
 20
339.03333875868054
 10
495.3000217013889
 20
339.03333875868054
 10
462.76665581597223
 20
339.03333875868054
 10
416.6999986436632
 20
339.10000271267364
  0
LWPOLYLINE
  5
4E4
330
17
100
AcDbEntity
  8
TOPO
100
AcDbPolyline
 90
3
 70
0
 10
379.33332655164935
 20
278.59998914930554
 10
377.63332790798614
 20
277.4666680230035
 10
335.8666653103299
 20
277.5
  0
LWPOLYLINE
  5
4E5
330
17
100
AcDbEntity
  8
TOPO
100
AcDbPolyline
 90
3
 70
0
 10
483.5999891493056
 20
286.16665310329864
 10
449.8333401150174
 20
286.1333211263021
 10
430.8999972873264
 20
286.066657172309
  0
LWPOLYLINE
  5
4E6
330
17
100
AcDbEntity
  8
TOPO
100
AcDbPolyline
 90
3
 70
0
 10
360.0
 20
250.99999321831598
 10
359.73334418402777
 20
243.6333211263021
 10
368.10000949435766
 20
243.6333211263021
  0
LWPOLYLINE
  5
4E7
330
17
100
AcDbEntity
  8
TOPO
100
AcDbPolyline
 90
3
 70
0
 10
353.933342827691
 20
250.29998779296875
 10
352.43333604600696
 20
251.60000271267361
 10
332.23334418402777
 20
251.63333468967016
  0
LWPOLYLINE
  5
4E8
330
17
100
AcDbEntity
  8
TOPO
100
AcDbPolyline
 90
3
 70
0
 10
368.1333414713542
 20
238.49999321831598
 10
359.6000162760417
 20
238.36666531032986
 10
359.36665852864587
 20
232.86666870117188
  0
LWPOLYLINE
  5
4E9
330
17
100
AcDbEntity
  8
TOPO
100
AcDbPolyline
 90
15
 70
0
 10
300.56667751736114
 20
193.09999254014758
 10
298.6000230577257
 20
189.0333218044705
 10
299.6000162760417
 20
188.2666693793403
 10
300.56667751736114
 20
187.43333604600696
 10
301.500006781684
 20
186.60000271267361
 10
302.40000406901044
 20
185.73333740234375
 10
303.10000949435766
 20
185.0
 10
303.76668294270837
 20
184.2999945746528
 10
304.433356391059
 20
183.5333251953125
 10
305.06666395399304
 20
182.79998779296875
 10
305.96666124131946
 20
181.6999986436632
 10
306.8333265516493
 20
180.59999254014758
 10
307.7000257703993
 20
179.46665445963544
 10
308.499993218316
 20
178.33333333333334
 10
312.5
 20
180.2333238389757
  0
LWPOLYLINE
  5
4EA
330
17
100
AcDbEntity
  8
TOPO
100
AcDbPolyline
 90
3
 70
0
 10
285.999993218316
 20
250.6333245171441
 10
287.86668565538196
 20
251.66666666666669
 10
321.2333509657118
 20
251.6999986436632
  0
LWPOLYLINE
  5
4EB
330
17
100
AcDbEntity
  8
TOPO
100
AcDbPolyline
 90
3
 70
0
 10
531.433342827691
 20
275.4333326551649
 10
531.4666748046875
 20
264.5999993218316
 10
531.4666748046875
 20
263.5333251953125
  0
LWPOLYLINE
  5
4EC
330
17
100
AcDbEntity
  8
TOPO
100
AcDbPolyline
 90
4
 70
0
 10
372.5333319769965
 20
251.09998914930557
 10
372.63332790798614
 20
247.16666327582467
 10
375.23335774739587
 20
247.13333129882812
 10
375.23335774739587
 20
251.06665717230905
  0
LWPOLYLINE
  5
4ED
330
17
100
AcDbEntity
  8
TOPO
100
AcDbPolyline
 90
5
 70
0
 10
395.5333455403646
 20
230.99999321831598
 10
372.5999959309896
 20
230.99999321831598
 10
372.66665988498266
 20
235.0
 10
370.0
 20
235.03333197699655
 10
370.0
 20
231.0333251953125
  0
LWPOLYLINE
  5
4EE
330
17
100
AcDbEntity
  8
TOPO
100
AcDbPolyline
 90
4
 70
0
 10
247.6666937934028
 20
243.09999254014758
 10
247.6666937934028
 20
246.63333468967014
 10
243.1666734483507
 20
246.66666666666669
 10
243.13334147135419
 20
243.09999254014758
  0
LWPOLYLINE
  5
4EF
330
17
100
AcDbEntity
  8
TOPO
100
AcDbPolyline
 90
48
 70
0
 10
531.4666748046875
 20
277.999996609158
 10
506.0999891493056
 20
277.999996609158
 10
448.0333455403646
 20
278.06666056315106
 10
422.16668023003473
 20
278.06666056315106
 10
392.66665988498266
 20
278.0999925401476
 10
383.5333251953125
 20
278.06666056315106
 10
383.33333333333337
 20
278.06666056315106
 10
383.1333414713542
 20
278.06666056315106
 10
382.933349609375
 20
278.0999925401476
 10
382.73335774739587
 20
278.19998847113715
 10
382.5333319769965
 20
278.26665242513025
 10
382.3666720920139
 20
278.3999972873264
 10
382.23334418402777
 20
278.5333251953125
 10
382.1000162760417
 20
278.66665310329864
 10
381.9666883680556
 20
278.8999938964844
 10
381.9000244140625
 20
279.09998575846356
 10
381.9000244140625
 20
279.36665852864587
 10
381.9000244140625
 20
279.5999993218316
 10
381.933356391059
 20
279.86665513780383
 10
382.0000203450521
 20
280.0999959309896
 10
382.1333482530382
 20
280.33331976996527
 10
382.23334418402777
 20
280.53332858615454
 10
382.3666720920139
 20
280.6333245171441
 10
382.63332790798614
 20
280.83333333333337
 10
382.7666897243924
 20
280.8999972873264
 10
383.3666653103299
 20
281.20000203450525
 10
383.90001085069446
 20
281.4666578504774
 10
384.433356391059
 20
281.73333062065973
 10
385.0
 20
281.96665445963544
 10
385.56667751736114
 20
282.19999525282117
 10
386.13335503472223
 20
282.39998711480035
 10
386.6999986436632
 20
282.5999959309896
 10
387.86668565538196
 20
282.9333326551649
 10
389.0333387586806
 20
283.26665242513025
 10
390.2333238389757
 20
283.5333251953125
 10
392.5999959309896
 20
284.09998575846356
 10
394.4666883680556
 20
284.5333184136285
 10
395.433349609375
 20
284.73331027560766
 10
396.36667887369794
 20
284.90000406901044
 10
398.20000542534723
 20
285.2333238389757
 10
400.0333319769965
 20
285.49997965494794
 10
401.86665852864587
 20
285.70000542534723
 10
403.70001898871527
 20
285.8666653103299
 10
405.56667751736114
 20
285.999993218316
 10
407.40000406901044
 20
286.066657172309
 10
409.26666259765625
 20
286.066657172309
 10
411.1000230577257
 20
286.0333251953125
 10
430.8999972873264
 20
286.066657172309
  0
LWPOLYLINE
  5
4F0
330
17
100
AcDbEntity
  8
TOPO
100
AcDbPolyline
 90
13
 70
0
 10
372.5999959309896
 20
230.99999321831598
 10
370.0
 20
231.0333251953125
 10
368.63335503472223
 20
231.0333251953125
 10
368.6000230577257
 20
238.59998914930557
 10
368.63335503472223
 20
243.6333211263021
 10
368.6000230577257
 20
251.0333251953125
 10
372.5333319769965
 20
251.09998914930557
 10
375.23335774739587
 20
251.06665717230905
 10
418.1666734483507
 20
251.06665717230905
 10
453.4333631727431
 20
251.06665717230905
 10
480.6666734483507
 20
251.06665717230905
 10
515.5333455403646
 20
251.20000203450522
 10
531.4666748046875
 20
251.06665717230905
  0
LWPOLYLINE
  5
4F1
330
17
100
AcDbEntity
  8
TOPO
100
AcDbPolyline
 90
56
 70
0
 10
286.433342827691
 20
196.26666598849826
 10
289.0666707356771
 20
196.2999979654948
 10
289.80000813802087
 20
196.26666598849826
 10
290.56667751736114
 20
196.20000203450522
 10
291.3000149197049
 20
196.09998914930557
 10
292.06668429904516
 20
195.99999321831598
 10
292.8000217013889
 20
195.86666531032986
 10
293.53335910373266
 20
195.69998847113717
 10
294.26666259765625
 20
195.5333285861545
 10
295.0
 20
195.36666870117188
 10
295.73333740234375
 20
195.13332790798611
 10
296.433342827691
 20
194.90000406901044
 10
297.16668023003473
 20
194.66666327582467
 10
297.86668565538196
 20
194.36665852864584
 10
298.53335910373266
 20
194.10000271267361
 10
299.23333062065973
 20
193.76666598849826
 10
299.90000406901044
 20
193.43332926432294
 10
300.56667751736114
 20
193.09999254014758
 10
301.26668294270837
 20
192.66665988498264
 10
302.0000203450521
 20
192.23332722981772
 10
302.7000257703993
 20
191.76666259765625
 10
303.3666653103299
 20
191.2999979654948
 10
304.03333875868054
 20
190.80000135633682
 10
304.66668023003473
 20
190.26665581597223
 10
305.3000217013889
 20
189.73332722981772
 10
305.93332926432294
 20
189.16666666666669
 10
306.6666666666667
 20
188.49999321831598
 10
307.3333401150174
 20
187.83333672417535
 10
308.0333455403646
 20
187.0999993218316
 10
308.66668701171875
 20
186.36666191948785
 10
309.23333062065973
 20
185.66665649414062
 10
309.7666761610243
 20
184.93333604600696
 10
310.2666897243924
 20
184.16666666666669
 10
310.76666937934027
 20
183.39999728732639
 10
311.2333509657118
 20
182.63332790798611
 10
311.6666666666667
 20
181.83332655164932
 10
312.1000162760417
 20
181.0333251953125
 10
312.5
 20
180.2333238389757
 10
312.9000176323785
 20
179.33332655164932
 10
313.3000013563368
 20
178.43332926432294
 10
313.70001898871527
 20
177.5
 10
314.03333875868054
 20
176.5666707356771
 10
314.366692437066
 20
175.6333245171441
 10
314.6333482530382
 20
174.66666327582465
 10
314.93333604600696
 20
173.70000203450522
 10
315.16665988498266
 20
172.7333238389757
 10
315.36668565538196
 20
171.76666259765625
 10
315.56667751736114
 20
170.76666937934027
 10
315.73333740234375
 20
169.79999118381076
 10
315.8666653103299
 20
168.7999979654948
 10
315.96666124131946
 20
167.79998779296875
 10
316.03335910373266
 20
166.79999457465277
 10
316.1000230577257
 20
165.83333333333334
 10
316.13335503472223
 20
164.8333231608073
 10
316.13335503472223
 20
140.56666056315106
 10
316.0666910807292
 20
94.69999525282118
  0
LWPOLYLINE
  5
4F2
330
17
100
AcDbEntity
  8
TOPO
100
AcDbPolyline
 90
3
 70
0
 10
158.93334282769098
 20
195.96666124131946
 10
158.93334282769098
 20
191.49998982747397
 10
163.43332926432294
 20
191.49998982747397
  0
LWPOLYLINE
  5
4F3
330
17
100
AcDbEntity
  8
TOPO
100
AcDbPolyline
 90
25
 70
0
 10
483.5999891493056
 20
286.16665310329864
 10
486.500006781684
 20
286.1333211263021
 10
488.5666910807292
 20
286.16665310329864
 10
490.6333414713542
 20
286.2333170572917
 10
492.6999918619792
 20
286.29998101128473
 10
494.80000813802087
 20
286.36664496527777
 10
496.86665852864587
 20
286.4666748046875
 10
498.933342827691
 20
286.5666707356771
 10
501.00002712673614
 20
286.6999986436632
 10
503.06667751736114
 20
286.8333265516493
 10
506.0999891493056
 20
287.0333184136285
 10
509.13333468967016
 20
287.23331027560766
 10
510.6333414713542
 20
287.3666720920139
 10
512.133314344618
 20
287.5333319769965
 10
513.6333550347223
 20
287.6999918619792
 10
515.1333279079861
 20
287.89998372395837
 10
516.9666883680555
 20
288.1666734483507
 10
518.7999810112848
 20
288.499993218316
 10
520.6333414713542
 20
288.83331298828125
 10
522.4666680230035
 20
289.1999986436632
 10
524.2666625976562
 20
289.5999823676215
 10
526.0999891493055
 20
290.0333319769965
 10
527.933349609375
 20
290.4666476779514
 10
529.7333441840278
 20
290.8666653103299
 10
531.4666748046875
 20
291.2666490342882
  0
LWPOLYLINE
  5
4F4
330
17
100
AcDbEntity
  8
TOPO
100
AcDbPolyline
 90
5
 70
0
 10
353.3000013563368
 20
160.46666463216147
 10
353.23333740234375
 20
151.49998982747397
 10
355.3000217013889
 20
151.4333258734809
 10
355.23335774739587
 20
160.499996609158
 10
353.3000013563368
 20
160.46666463216147
  0
LWPOLYLINE
  5
4F5
330
17
100
AcDbEntity
  8
TOPO
100
AcDbPolyline
 90
3
 70
0
 10
369.9666680230035
 20
246.60000271267361
 10
370.0999959309896
 20
236.49998982747397
 10
384.1666666666667
 20
236.46665785047745
  0
LWPOLYLINE
  5
4F6
330
17
100
AcDbEntity
  8
TOPO
100
AcDbPolyline
 90
3
 70
0
 10
386.36667887369794
 20
236.46665785047745
 10
396.36667887369794
 20
236.43332587348092
 10
406.36667887369794
 20
236.43332587348092
  0
LWPOLYLINE
  5
4F7
330
17
100
AcDbEntity
  8
TOPO
100
AcDbPolyline
 90
3
 70
0
 10
408.566657172309
 20
236.43332587348092
 10
418.566657172309
 20
236.39999389648438
 10
428.566657172309
 20
236.36666191948785
  0
LWPOLYLINE
  5
4F8
330
17
100
AcDbEntity
  8
TOPO
100
AcDbPolyline
 90
3
 70
0
 10
462.73335774739587
 20
236.2999979654948
 10
472.73335774739587
 20
236.2999979654948
 10
482.73335774739587
 20
236.26666598849826
  0
LWPOLYLINE
  5
4F9
330
17
100
AcDbEntity
  8
TOPO
100
AcDbPolyline
 90
3
 70
0
 10
484.93333604600696
 20
236.26666598849826
 10
494.93333604600696
 20
236.23333401150174
 10
504.93333604600696
 20
236.23333401150174
  0
LWPOLYLINE
  5
4FA
330
17
100
AcDbEntity
  8
TOPO
100
AcDbPolyline
 90
3
 70
0
 10
507.1333143446181
 20
236.23333401150174
 10
517.133314344618
 20
236.20000203450522
 10
527.133314344618
 20
236.16665310329861
  0
LWPOLYLINE
  5
4FB
330
17
100
AcDbEntity
  8
TOPO
100
AcDbPolyline
 90
3
 70
0
 10
131.86665852864584
 20
244.53333536783856
 10
142.3333740234375
 20
244.56666734483508
 10
142.23334418402777
 20
248.5333251953125
  0
LWPOLYLINE
  5
4FC
330
17
100
AcDbEntity
  8
TOPO
100
AcDbPolyline
 90
49
 70
0
 10
305.35183376736114
 20
157.72635565863715
 10
305.6518015927739
 20
157.5455548076166
 10
305.96225923962066
 20
157.39588608344397
 10
306.28112948603103
 20
157.27706042842732
 10
306.6063351101346
 20
157.18878878487482
 10
306.9357988900609
 20
157.13078209509453
 10
307.2674436039395
 20
157.10275130139456
 10
307.59919202990005
 20
157.10440734608306
 10
307.9289669460721
 20
157.1354611714681
 10
308.2546911305852
 20
157.1956237198578
 10
308.5742873615689
 20
157.28460593356027
 10
308.88567841715286
 20
157.40211875488362
 10
309.1867870754666
 20
157.54787312613593
 10
309.47553611463974
 20
157.72157998962535
 10
309.7498483128018
 20
157.92295028765997
 10
310.0076464480824
 20
158.15169496254788
 10
310.24685329861114
 20
158.40752495659723
 10
310.4612033069134
 20
158.68451691750025
 10
310.64584665828284
 20
158.9755360616578
 10
310.8008297450013
 20
159.27848572118415
 10
310.9261989593506
 20
159.5912692281935
 10
311.02200069361265
 20
159.91178991480007
 10
311.0882813400693
 20
160.23795111311807
 10
311.1250872910023
 20
160.56765615526174
 10
311.1324649386936
 20
160.89880837334528
 10
311.11046067542503
 20
161.2293110994829
 10
311.0591208934784
 20
161.55706766578888
 10
310.97849198513563
 20
161.87998140437736
 10
310.8686203426785
 20
162.1959556473626
 10
310.7295523583889
 20
162.50289372685884
 10
310.5613344245487
 20
162.79869897498025
 10
310.3640129334397
 20
163.0812747238411
 10
310.13763427734375
 20
163.34852430555557
 10
309.8873522877693
 20
163.5935341194272
 10
309.61969455083215
 20
163.81066338883505
 10
309.3367490172386
 20
163.99971514526342
 10
309.0406036376953
 20
164.16049242019653
 10
308.7333463629087
 20
164.29279824511872
 10
308.4170651435852
 20
164.39643565151428
 10
308.09384793043137
 20
164.47120767086744
 10
307.7657826741537
 20
164.51691733466254
 10
307.4349573254585
 20
164.53336767438387
 10
307.1034598350525
 20
164.52036172151566
 10
306.77337815364206
 20
164.47770250754223
 10
306.4468002319336
 20
164.4051930639479
 10
306.1258140206337
 20
164.3026364222169
 10
305.81250747044885
 20
164.16983561383353
 10
305.5089685320854
 20
164.00659367028211
 10
305.21728515625
 20
163.81271362304688
  0
LWPOLYLINE
  5
4FD
330
17
100
AcDbEntity
  8
TOPO
100
AcDbPolyline
 90
49
 70
0
 10
305.57403564453125
 20
158.05894639756946
 10
305.841721503271
 20
157.89760290748544
 10
306.1187681224611
 20
157.7640410926607
 10
306.4033218473196
 20
157.65800301399497
 10
306.6935290230645
 20
157.57923073238797
 10
306.98753599491386
 20
157.52746630873946
 10
307.28348910808563
 20
157.50245180394916
 10
307.5795347077979
 20
157.5039292789168
 10
307.8738191392687
 20
157.5316407945421
 10
308.16448874771595
 20
157.58532841172484
 10
308.4496898783578
 20
157.66473419136472
 10
308.7275688764122
 20
157.7696001943615
 10
308.99627208709717
 20
157.89966848161487
 10
309.2539458556308
 20
158.0546811140246
 10
309.498736527231
 20
158.23438015249042
 10
309.7287904471159
 20
158.43850765791206
 10
309.9422539605035
 20
158.66680569118924
 10
310.13353573779267
 20
158.9139856439498
 10
310.2983078029421
 20
159.1736834910181
 10
310.4366115315093
 20
159.44402816808886
 10
310.54848829905194
 20
159.7231486108568
 10
310.63397948112754
 20
160.0091737550166
 10
310.6931264532937
 20
160.30023253626294
 10
310.725970591108
 20
160.59445389029054
 10
310.73255327012805
 20
160.88996675279407
 10
310.7129158659114
 20
161.18490005946822
 10
310.6670997540156
 20
161.47738274600772
 10
310.5951463099983
 20
161.76554374810723
 10
310.49709690941705
 20
162.04751200146146
 10
310.37299292782944
 20
162.3214164417651
 10
310.22287574079303
 20
162.58538600471286
 10
310.0467867238654
 20
162.8375496259994
 10
309.8447672526042
 20
163.07603624131946
 10
309.6214280691412
 20
163.2946763146255
 10
309.3825818432702
 20
163.4884368379911
 10
309.130091915528
 20
163.65714200254945
 10
308.8658216264513
 20
163.80061599943375
 10
308.59163431657686
 20
163.91868301977715
 10
308.30939332644147
 20
164.01116725471286
 10
308.02096199658183
 20
164.07789289537405
 10
307.72820366753473
 20
164.1186841328939
 10
307.4329816798369
 20
164.13336515840558
 10
307.13715937402515
 20
164.1217601630423
 10
306.84260009063615
 20
164.0836933379372
 10
306.5511671702067
 20
164.0189888742235
 10
306.2647239532736
 20
163.92747096303438
 10
305.9851337803735
 20
163.808963795503
 10
305.7142599920432
 20
163.66329156276254
 10
305.45396592881946
 20
163.4902784559462
  0
LWPOLYLINE
  5
4FE
330
17
100
AcDbEntity
  8
TOPO
100
AcDbPolyline
 90
49
 70
0
 10
305.46006944444446
 20
141.08192443847656
 10
305.6989818976985
 20
140.88386881475648
 10
305.9512955612607
 20
140.71208183964094
 10
306.2151075568464
 20
140.56656936183572
 10
306.4885150061713
 20
140.4473372300466
 10
306.769615030951
 20
140.35439129297933
 10
307.0565047529009
 20
140.28773739933968
 10
307.34728129373656
 20
140.24738139783344
 10
307.64004177517364
 20
140.23332913716635
 10
307.93288331892757
 20
140.2455864660442
 10
308.22390304671393
 20
140.28415923317274
 10
308.51119808024833
 20
140.34905328725776
 10
308.7928655412462
 20
140.440274477005
 10
309.0670025514232
 20
140.55782865112027
 10
309.3317062324948
 20
140.7017216583093
 10
309.58507370617656
 20
140.87195934727788
 10
309.825202094184
 20
141.06854756673178
 10
310.0457203222646
 20
141.28689971855945
 10
310.241410334905
 20
141.5211631688807
 10
310.41207970844374
 20
141.76944471274814
 10
310.5575360192193
 20
142.0298511452145
 10
310.6775868435701
 20
142.3004892613325
 10
310.77203975783453
 20
142.57946585615477
 10
310.84070233835115
 20
142.86488772473402
 10
310.88338216145837
 20
143.15486166212295
 10
310.89988680349455
 20
143.44749446337423
 10
310.8900238407983
 20
143.74089292354054
 10
310.85360084970796
 20
144.0331638376746
 10
310.79042540656195
 20
144.32241400082907
 10
310.70030508769884
 20
144.60675020805664
 10
310.58304746945703
 20
144.88427925441002
 10
310.4384601281749
 20
145.15310793494186
 10
310.266350640191
 20
145.41134304470486
 10
310.07066633966235
 20
145.65220437116093
 10
309.8567136128744
 20
145.8699161476559
 10
309.6263576878442
 20
146.0641013748116
 10
309.381463792589
 20
146.2343830532498
 10
309.123897155126
 20
146.38038418359227
 10
308.85552300347223
 20
146.50172776646085
 10
308.578206565645
 20
146.5980368024773
 10
308.2938130696615
 20
146.66893429226346
 10
308.00420774353876
 20
146.71404323644109
 10
307.71125581529407
 20
146.732986635632
 10
307.4168225129446
 20
146.72538749045796
 10
307.1227730645074
 20
146.6908688015408
 10
306.83097269799975
 20
146.6290535695023
 10
306.54328664143884
 20
146.53956479496426
 10
306.26158012284174
 20
146.42202547854848
 10
305.9877183702257
 20
146.27605862087674
  0
LWPOLYLINE
  5
4FF
330
17
100
AcDbEntity
  8
TOPO
100
AcDbPolyline
 90
49
 70
0
 10
305.7296074761285
 20
141.37747870551215
 10
305.939115062356
 20
141.20379927050737
 10
306.16037454870013
 20
141.05315557784505
 10
306.39171725345983
 20
140.9255527311729
 10
306.6314744949341
 20
140.82099583413867
 10
306.8779775914219
 20
140.73948999039
 10
307.12955786122217
 20
140.68104030357466
 10
307.38454662263393
 20
140.64565187734036
 10
307.6412751939562
 20
140.63332981533475
 10
307.89807489348783
 20
140.64407922120557
 10
308.1532770395279
 20
140.67790519860057
 10
308.40521295037536
 20
140.7348128511674
 10
308.65221394432916
 20
140.81480728255377
 10
308.8926113396883
 20
140.91789359640745
 10
309.12473645475177
 20
141.04407689637608
 10
309.3469206078185
 20
141.1933622861074
 10
309.5574951171875
 20
141.36575486924914
 10
309.7508721550306
 20
141.5572311791281
 10
309.92247660954797
 20
141.7626607252492
 10
310.0721397995949
 20
141.98038330715565
 10
310.19969304402673
 20
142.20873872439068
 10
310.3049676616987
 20
142.4460667764975
 10
310.38779497146606
 20
142.69070726301936
 10
310.44800629218423
 20
142.94099998349947
 10
310.48543294270837
 20
143.19528473748102
 10
310.49990624189377
 20
143.45190132450728
 10
310.4912575085958
 20
143.70918954412144
 10
310.4593180616697
 20
143.96548919586672
 10
310.4039192199707
 20
144.21914007928638
 10
310.3248923023542
 20
144.4684819939236
 10
310.2220686276754
 20
144.7118547393216
 10
310.0952795147896
 20
144.94759811502365
 10
309.9443562825521
 20
145.17405192057294
 10
309.772754535079
 20
145.3852676683002
 10
309.58513279755914
 20
145.5761832661099
 10
309.38312677045667
 20
145.74646810690564
 10
309.16837215423584
 20
145.89579158359103
 10
308.942504649361
 20
146.0238230890698
 10
308.7071599562963
 20
146.13023201624554
 10
308.463973775506
 20
146.21468775802188
 10
308.21458180745446
 20
146.27685970730252
 10
307.9606197526058
 20
146.3164172569911
 10
307.70372331142426
 20
146.33302979999118
 10
307.4455281843742
 20
146.3263667292065
 10
307.1876700719198
 20
146.2960974375407
 10
306.93178467452526
 20
146.24189131789737
 10
306.67950769265497
 20
146.1634177631802
 10
306.43247482677305
 20
146.06034616629285
 10
306.19232177734375
 20
145.93234592013889
  0
LWPOLYLINE
  5
501
330
17
100
AcDbEntity
  8
TELECOM_AEREO
100
AcDbPolyline
 90
11
 70
0
 10
314.6333482530382
 20
96.83333502875435
 10
315.4000176323785
 20
96.56666225857205
 10
316.2333509657118
 20
96.36666191948785
 10
317.03335232204864
 20
96.2999979654948
 10
317.86668565538196
 20
96.36666191948785
 10
318.66668701171875
 20
96.53333028157553
 10
319.433356391059
 20
96.79999457465279
 10
320.16665988498266
 20
97.19999525282118
 10
320.83333333333337
 20
97.66666836208768
 10
321.433342827691
 20
98.23332892523872
 10
321.933356391059
 20
98.89999389648438
1001
PDFCAD
1000
nota=EX.   4" HDPE TELECOM DUCT,
1000
diametro=4
1000
material=HDPE
1000
HDPE=High-Density Polyethylene
1000
EX=Existing (existente)
1000
DUCT=Duct (ducto)
  0
LWPOLYLINE
  5
502
330
17
100
AcDbEntity
  8
TELECOM_AEREO
100
AcDbPolyline
 90
22
 70
0
 10
378.23333740234375
 20
185.5333285861545
 10
378.70001898871527
 20
186.26666598849826
 10
379.0666707356771
 20
187.06666734483508
 10
379.29999457465277
 20
187.90000067816842
 10
379.433356391059
 20
188.73333401150174
 10
379.4666883680556
 20
189.5999993218316
 10
379.36665852864587
 20
190.46666463216147
 10
379.1666666666667
 20
191.2999979654948
 10
378.86667887369794
 20
192.0999993218316
 10
378.43332926432294
 20
192.86666870117188
 10
377.9000176323785
 20
193.56665717230905
 10
377.73335774739587
 20
192.76665581597223
 10
377.4666680230035
 20
191.96665445963544
 10
377.1000162760417
 20
191.26666598849826
 10
376.60000271267364
 20
190.59999254014758
 10
376.0333251953125
 20
190.0
 10
375.4000176323785
 20
189.500003390842
 10
374.66668023003473
 20
189.0666707356771
 10
373.933342827691
 20
188.76666598849826
 10
373.1333414713542
 20
188.56665717230905
 10
372.30000813802087
 20
188.49999321831598
 10
356.1000230577257
 20
188.56665717230905
  0
LWPOLYLINE
  5
503
330
17
100
AcDbEntity
  8
TELECOM_AEREO
100
AcDbPolyline
 90
11
 70
0
 10
209.00000678168405
 20
194.36665852864584
 10
209.1999986436632
 20
193.56665717230905
 10
209.46668836805557
 20
192.79998779296875
 10
209.86667209201389
 20
192.06666734483508
 10
210.36668565538196
 20
191.39999389648438
 10
210.93332926432294
 20
190.80000135633682
 10
211.60000271267361
 20
190.29998779296875
 10
212.30000813802084
 20
189.90000406901044
 10
213.06667751736111
 20
189.63333129882812
 10
213.86667887369794
 20
189.43332248263889
 10
214.70001220703125
 20
189.36665852864584
  0
LWPOLYLINE
  5
504
330
17
100
AcDbEntity
  8
TELECOM_AEREO
100
AcDbPolyline
 90
3
 70
0
 10
508.1333414713542
 20
337.23331027560766
 10
513.0333455403646
 20
337.23331027560766
 10
526.6999986436632
 20
337.30000813802087
  0
LWPOLYLINE
  5
505
330
17
100
AcDbEntity
  8
TELECOM_AEREO
100
AcDbPolyline
 90
3
 70
0
 10
370.5000135633681
 20
337.3333401150174
 10
383.26666937934027
 20
337.43333604600696
 10
388.1333414713542
 20
337.43333604600696
  0
LWPOLYLINE
  5
506
330
17
100
AcDbEntity
  8
TELECOM_AEREO
100
AcDbPolyline
 90
4
 70
0
 10
131.86665852864584
 20
337.6999918619792
 10
136.60000271267361
 20
337.6999918619792
 10
143.63335503472223
 20
337.6999918619792
 10
152.96668158637152
 20
337.66665988498266
  0
LINE
  5
507
330
17
100
AcDbEntity
  8
TELECOM_AEREO
100
AcDbLine
 10
335.3000217013889
 20
337.13331434461804
 30
0.0
 11
351.3000149197049
 21
337.23331027560766
 31
0.0
  0
LINE
  5
508
330
17
100
AcDbEntity
  8
TELECOM_AEREO
100
AcDbLine
 10
310.0999959309896
 20
336.96665445963544
 30
0.0
 11
326.1000230577257
 21
337.066650390625
 31
0.0
  0
LINE
  5
509
330
17
100
AcDbEntity
  8
TELECOM_AEREO
100
AcDbLine
 10
472.933349609375
 20
337.30000813802087
 30
0.0
 11
488.933342827691
 21
337.2666422526042
 31
0.0
  0
LINE
  5
50A
330
17
100
AcDbEntity
  8
TELECOM_AEREO
100
AcDbLine
 10
447.73335774739587
 20
337.3333401150174
 30
0.0
 11
456.73333062065973
 21
337.3333401150174
 31
0.0
  0
LINE
  5
50B
330
17
100
AcDbEntity
  8
TELECOM_AEREO
100
AcDbLine
 10
422.5333319769965
 20
337.3666720920139
 30
0.0
 11
431.5333387586806
 21
337.3666720920139
 31
0.0
  0
LINE
  5
50C
330
17
100
AcDbEntity
  8
TELECOM_AEREO
100
AcDbLine
 10
397.3333401150174
 20
337.40000406901044
 30
0.0
 11
413.33333333333337
 21
337.40000406901044
 31
0.0
  0
LINE
  5
50D
330
17
100
AcDbEntity
  8
TELECOM_AEREO
100
AcDbLine
 10
237.80002170138889
 20
337.0999823676215
 30
0.0
 11
253.80001491970486
 21
336.99998643663196
 31
0.0
  0
LINE
  5
50E
330
17
100
AcDbEntity
  8
TELECOM_AEREO
100
AcDbLine
 10
212.56666395399307
 20
337.2666422526042
 30
0.0
 11
228.56669108072919
 21
337.1666463216146
 31
0.0
  0
LINE
  5
50F
330
17
100
AcDbEntity
  8
TELECOM_AEREO
100
AcDbLine
 10
187.36667209201389
 20
337.43333604600696
 30
0.0
 11
203.36666531032986
 21
337.3333401150174
 31
0.0
  0
LINE
  5
510
330
17
100
AcDbEntity
  8
TELECOM_AEREO
100
AcDbLine
 10
162.16668023003473
 20
337.5999959309896
 30
0.0
 11
179.86667209201389
 21
338.066643608941
 31
0.0
  0
LINE
  5
511
330
17
100
AcDbEntity
  8
TELECOM_AEREO
100
AcDbLine
 10
330.8999972873264
 20
188.73333401150174
 30
0.0
 11
346.9000244140625
 21
188.6333211263021
 31
0.0
  0
LINE
  5
512
330
17
100
AcDbEntity
  8
TELECOM_AEREO
100
AcDbLine
 10
305.70000542534723
 20
188.86666191948785
 30
0.0
 11
321.6999986436632
 21
188.76666598849826
 31
0.0
  0
LINE
  5
513
330
17
100
AcDbEntity
  8
TELECOM_AEREO
100
AcDbLine
 10
280.50001356336804
 20
188.99998982747397
 30
0.0
 11
296.500006781684
 21
188.89999389648438
 31
0.0
  0
LINE
  5
514
330
17
100
AcDbEntity
  8
TELECOM_AEREO
100
AcDbLine
 10
255.3000217013889
 20
189.13333468967014
 30
0.0
 11
271.3000149197049
 21
189.0333218044705
 31
0.0
  0
LINE
  5
515
330
17
100
AcDbEntity
  8
TELECOM_AEREO
100
AcDbLine
 10
230.0999959309896
 20
189.26666259765625
 30
0.0
 11
246.1000230577257
 21
189.1999986436632
 31
0.0
  0
LINE
  5
516
330
17
100
AcDbEntity
  8
TELECOM_AEREO
100
AcDbLine
 10
343.00001356336804
 20
131.2999979654948
 30
0.0
 11
351.73333062065973
 21
144.73332722981772
 31
0.0
  0
LINE
  5
517
330
17
100
AcDbEntity
  8
TELECOM_AEREO
100
AcDbLine
 10
329.26666259765625
 20
110.16666836208768
 30
0.0
 11
338.00001356336804
 21
123.5999976264106
 31
0.0
  0
LWPOLYLINE
  5
519
330
17
100
AcDbEntity
  8
GAS
100
AcDbPolyline
 90
4
 70
0
 10
213.23333740234375
 20
320.93332926432294
 10
209.70001220703125
 20
320.93332926432294
 10
209.66668023003473
 20
326.99998643663196
 10
213.23333740234375
 20
327.0333184136285
  0
LWPOLYLINE
  5
51A
330
17
100
AcDbEntity
  8
GAS
100
AcDbPolyline
 90
4
 70
0
 10
201.23335096571182
 20
317.89998372395837
 10
197.70002577039932
 20
317.89998372395837
 10
197.70002577039932
 20
323.9666748046875
 10
201.23335096571182
 20
324.000006781684
  0
LWPOLYLINE
  5
51B
330
17
100
AcDbEntity
  8
GAS
100
AcDbPolyline
 90
7
 70
0
 10
353.10000949435766
 20
348.8999769422743
 10
353.10000949435766
 20
345.3666517469618
 10
347.03335232204864
 20
345.3666517469618
 10
347.0000203450521
 20
348.8999769422743
 10
346.0333251953125
 20
345.33331976996527
 10
352.1000162760417
 20
345.3666517469618
 10
352.1000162760417
 20
348.8999769422743
  0
LINE
  5
51C
330
17
100
AcDbEntity
  8
GAS
100
AcDbLine
 10
344.5000203450521
 20
397.1333143446181
 30
0.0
 11
344.6000162760417
 21
413.133307562934
 31
0.0
1001
PDFCAD
1000
nota=EX. 2" GAS LINE, SOCAL, 12' E/ ℄,
1000
diametro=2
1000
EX=Existing (existente)
  0
LINE
  5
51D
330
17
100
AcDbEntity
  8
GAS
100
AcDbLine
 10
344.26666259765625
 20
369.5333184136285
 30
0.0
 11
344.36665852864587
 21
384.33332655164935
 31
0.0
  0
LINE
  5
51E
330
17
100
AcDbEntity
  8
GAS
100
AcDbLine
 10
451.29998101128473
 20
324.6666463216146
 30
0.0
 11
467.30000813802087
 21
324.69997829861114
 31
0.0
  0
LINE
  5
51F
330
17
100
AcDbEntity
  8
GAS
100
AcDbLine
 10
439.49998643663196
 20
324.63331434461804
 30
0.0
 11
445.5000135633681
 21
324.63331434461804
 31
0.0
  0
LINE
  5
520
330
17
100
AcDbEntity
  8
GAS
100
AcDbLine
 10
394.90000406901044
 20
324.49998643663196
 30
0.0
 11
429.70001220703125
 21
324.5999823676215
 31
0.0
  0
LINE
  5
521
330
17
100
AcDbEntity
  8
GAS
100
AcDbLine
 10
383.10000949435766
 20
324.46665445963544
 30
0.0
 11
389.10000271267364
 21
324.46665445963544
 31
0.0
  0
LINE
  5
522
330
17
100
AcDbEntity
  8
GAS
100
AcDbLine
 10
357.30000813802087
 20
324.3999905056424
 30
0.0
 11
373.30000135633685
 21
324.4333224826389
 31
0.0
  0
LINE
  5
523
330
17
100
AcDbEntity
  8
GAS
100
AcDbLine
 10
345.50001356336804
 20
324.36665852864587
 30
0.0
 11
351.500006781684
 21
324.36665852864587
 31
0.0
  0
LINE
  5
524
330
17
100
AcDbEntity
  8
GAS
100
AcDbLine
 10
300.8999972873264
 20
324.23333062065973
 30
0.0
 11
335.70000542534723
 21
324.3333265516493
 31
0.0
  0
LINE
  5
525
330
17
100
AcDbEntity
  8
GAS
100
AcDbLine
 10
289.10000271267364
 20
324.1999986436632
 30
0.0
 11
295.0999959309896
 21
324.1999986436632
 31
0.0
  0
LINE
  5
526
330
17
100
AcDbEntity
  8
GAS
100
AcDbLine
 10
273.3000013563368
 20
324.1666666666667
 30
0.0
 11
279.29999457465277
 21
324.1666666666667
 31
0.0
  0
LINE
  5
527
330
17
100
AcDbEntity
  8
GAS
100
AcDbLine
 10
251.50000678168405
 20
324.10000271267364
 30
0.0
 11
269.29999457465277
 21
324.13333468967016
 31
0.0
  0
LINE
  5
528
330
17
100
AcDbEntity
  8
GAS
100
AcDbLine
 10
219.90000406901044
 20
324.000006781684
 30
0.0
 11
241.6999986436632
 21
324.0666707356771
 31
0.0
  0
LINE
  5
529
330
17
100
AcDbEntity
  8
GAS
100
AcDbLine
 10
488.3999972873264
 20
329.26666259765625
 30
0.0
 11
516.2000189887153
 21
329.3333265516493
 31
0.0
  0
LINE
  5
52A
330
17
100
AcDbEntity
  8
GAS
100
AcDbLine
 10
469.6000162760417
 20
329.1999986436632
 30
0.0
 11
485.60000949435766
 21
329.26666259765625
 31
0.0
  0
LWPOLYLINE
  5
52B
330
17
100
AcDbEntity
  8
GAS
100
AcDbPolyline
 90
5
 70
0
 10
375.56667751736114
 20
328.933342827691
 10
394.3999905056424
 20
329.000006781684
 10
423.20000542534723
 20
329.0666707356771
 10
438.0000135633681
 20
329.13333468967016
 10
459.80000813802087
 20
329.1666666666667
  0
LINE
  5
52C
330
17
100
AcDbEntity
  8
GAS
100
AcDbLine
 10
344.9666680230035
 20
328.86664496527777
 30
0.0
 11
372.7666897243924
 21
328.933342827691
 31
0.0
  0
LWPOLYLINE
  5
52D
330
17
100
AcDbEntity
  8
GAS
100
AcDbPolyline
 90
4
 70
0
 10
262.7666897243924
 20
328.6333211263021
 10
281.5666707356771
 20
328.66665310329864
 10
300.36668565538196
 20
328.7333170572917
 10
328.1666734483507
 20
328.79998101128473
  0
LINE
  5
52E
330
17
100
AcDbEntity
  8
GAS
100
AcDbLine
 10
488.90001085069446
 20
324.7666761610243
 30
0.0
 11
523.7000189887153
 21
324.8666720920139
 31
0.0
  0
LINE
  5
52F
330
17
100
AcDbEntity
  8
GAS
100
AcDbLine
 10
477.1000162760417
 20
324.73331027560766
 30
0.0
 11
483.10000949435766
 21
324.73331027560766
 31
0.0
  0
LINE
  5
530
330
17
100
AcDbEntity
  8
GAS
100
AcDbLine
 10
329.1666666666667
 20
328.79998101128473
 30
0.0
 11
343.9666748046875
 21
328.86664496527777
 31
0.0
  0
LINE
  5
531
330
17
100
AcDbEntity
  8
GAS
100
AcDbLine
 10
225.1666937934028
 20
328.499993218316
 30
0.0
 11
249.96666802300348
 21
328.59998914930554
 31
0.0
1001
PDFCAD
1000
nota=EX. 2" GAS LINE (ABAND.), SOCAL,
1000
diametro=2
1000
ABAND=Abandoned (abandonado)
1000
EX=Existing (existente)
  0
LWPOLYLINE
  5
532
330
17
100
AcDbEntity
  8
GAS
100
AcDbPolyline
 90
5
 70
0
 10
131.86665852864584
 20
328.26666937934027
 10
141.16665310329861
 20
328.26666937934027
 10
156.96668836805557
 20
328.33333333333337
 10
187.56666395399307
 20
328.3999972873264
 10
203.56669108072919
 20
328.46666124131946
1001
PDFCAD
1000
nota=EX. 3" GAS LINE, SOCAL, 14' N/ ℄,
1000
diametro=3
1000
EX=Existing (existente)
  0
LINE
  5
533
330
17
100
AcDbEntity
  8
GAS
100
AcDbLine
 10
250.96666124131946
 20
328.59998914930554
 30
0.0
 11
259.9666680230035
 21
328.59998914930554
 31
0.0
  0
LINE
  5
534
330
17
100
AcDbEntity
  8
GAS
100
AcDbLine
 10
206.36667887369794
 20
328.46666124131946
 30
0.0
 11
222.36667209201389
 21
328.499993218316
 31
0.0
  0
LINE
  5
535
330
17
100
AcDbEntity
  8
GAS
100
AcDbLine
 10
339.66668023003473
 20
170.96666124131946
 30
0.0
 11
339.6333482530382
 21
189.13333468967014
 31
0.0
  0
LINE
  5
536
330
17
100
AcDbEntity
  8
GAS
100
AcDbLine
 10
344.10000271267364
 20
350.73333740234375
 30
0.0
 11
344.23333062065973
 21
365.53331163194446
 31
0.0
  0
LWPOLYLINE
  5
537
330
17
100
AcDbEntity
  8
GAS
100
AcDbPolyline
 90
4
 70
0
 10
339.90000406901044
 20
95.76666090223524
 10
339.8333401150174
 20
114.56666734483507
 10
339.7666761610243
 20
142.36665513780383
 10
339.66668023003473
 20
168.16665649414062
1001
PDFCAD
1000
nota=EX. 2" GAS LINE, SOCAL, 8' E/ ℄,
1000
diametro=2
1000
EX=Existing (existente)
  0
LWPOLYLINE
  5
539
330
17
100
AcDbEntity
  8
DIGITALIZADO
100
AcDbPolyline
 90
3
 70
0
 10
291.96668836805554
 20
283.59998914930554
 10
290.4666815863715
 20
283.59998914930554
 10
288.9666748046875
 20
283.59998914930554
  0
LWPOLYLINE
  5
53A
330
17
100
AcDbEntity
  8
DIGITALIZADO
100
AcDbPolyline
 90
3
 70
0
 10
288.3666653103299
 20
283.59998914930554
 10
286.866692437066
 20
283.59998914930554
 10
285.36668565538196
 20
283.59998914930554
  0
LWPOLYLINE
  5
53B
330
17
100
AcDbEntity
  8
DIGITALIZADO
100
AcDbPolyline
 90
3
 70
0
 10
284.7666761610243
 20
283.59998914930554
 10
283.26666937934027
 20
283.566657172309
 10
281.76666259765625
 20
283.566657172309
  0
LWPOLYLINE
  5
53C
330
17
100
AcDbEntity
  8
DIGITALIZADO
100
AcDbPolyline
 90
3
 70
0
 10
281.16668701171875
 20
283.566657172309
 10
279.66668023003473
 20
283.566657172309
 10
278.1666734483507
 20
283.566657172309
  0
LWPOLYLINE
  5
53D
330
17
100
AcDbEntity
  8
DIGITALIZADO
100
AcDbPolyline
 90
3
 70
0
 10
277.56666395399304
 20
283.566657172309
 10
276.0666910807292
 20
283.566657172309
 10
273.499993218316
 20
283.566657172309
  0
LINE
  5
53E
330
17
100
AcDbEntity
  8
DIGITALIZADO
100
AcDbLine
 10
371.23335096571185
 20
242.86666870117188
 30
0.0
 11
372.63332790798614
 21
242.86666870117188
 31
0.0
  0
LWPOLYLINE
  5
53F
330
17
100
AcDbEntity
  8
DIGITALIZADO
100
AcDbPolyline
 90
4
 70
0
 10
373.23333740234375
 20
242.86666870117188
 10
373.3666653103299
 20
242.86666870117188
 10
373.3666653103299
 20
241.49998982747397
 10
373.3666653103299
 20
240.0
  0
LWPOLYLINE
  5
540
330
17
100
AcDbEntity
  8
DIGITALIZADO
100
AcDbPolyline
 90
3
 70
0
 10
373.3666653103299
 20
239.39999050564236
 10
373.3666653103299
 20
237.90000067816842
 10
373.3666653103299
 20
236.49998982747397
  0
LWPOLYLINE
  5
541
330
17
100
AcDbEntity
  8
DIGITALIZADO
100
AcDbPolyline
 90
4
 70
0
 10
194.23333062065973
 20
257.16666327582465
 10
194.56668429904514
 20
259.1666666666667
 10
194.90000406901044
 20
257.16666327582465
 10
194.23333062065973
 20
257.16666327582465
  0
LWPOLYLINE
  5
542
330
17
100
AcDbEntity
  8
DIGITALIZADO
100
AcDbPolyline
 90
3
 70
0
 10
194.56668429904514
 20
257.16666327582465
 10
194.43335639105905
 20
178.23333740234375
 10
194.43335639105905
 20
177.23332722981772
  0
LWPOLYLINE
  5
543
330
17
100
AcDbEntity
  8
DIGITALIZADO
100
AcDbPolyline
 90
4
 70
0
 10
352.20001220703125
 20
369.13333468967016
 10
350.1999918619792
 20
369.4333224826389
 10
352.20001220703125
 20
369.80000813802087
 10
352.20001220703125
 20
369.13333468967016
  0
LWPOLYLINE
  5
544
330
17
100
AcDbEntity
  8
DIGITALIZADO
100
AcDbPolyline
 90
3
 70
0
 10
352.20001220703125
 20
369.46665445963544
 10
366.933356391059
 20
369.566650390625
 10
367.933349609375
 20
369.566650390625
  0
LWPOLYLINE
  5
545
330
17
100
AcDbEntity
  8
DIGITALIZADO
100
AcDbPolyline
 90
4
 70
0
 10
340.8999972873264
 20
133.36666531032986
 10
339.03333875868054
 20
134.09999423556857
 10
341.0666910807292
 20
134.03333028157553
 10
340.8999972873264
 20
133.36666531032986
  0
LWPOLYLINE
  5
546
330
17
100
AcDbEntity
  8
DIGITALIZADO
100
AcDbPolyline
 90
3
 70
0
 10
340.999993218316
 20
133.69999355740018
 10
369.73334418402777
 20
127.63332790798611
 10
370.73333740234375
 20
127.63332790798611
  0
LWPOLYLINE
  5
547
330
17
100
AcDbEntity
  8
DIGITALIZADO
100
AcDbPolyline
 90
4
 70
0
 10
449.4000244140625
 20
341.36664496527777
 10
449.0666707356771
 20
339.36665852864587
 10
448.7333170572917
 20
341.36664496527777
 10
449.4000244140625
 20
341.36664496527777
  0
LWPOLYLINE
  5
548
330
17
100
AcDbEntity
  8
DIGITALIZADO
100
AcDbPolyline
 90
3
 70
0
 10
449.0666707356771
 20
341.36664496527777
 10
449.10000271267364
 20
348.3000013563368
 10
449.10000271267364
 20
349.29999457465277
  0
LWPOLYLINE
  5
549
330
17
100
AcDbEntity
  8
DIGITALIZADO
100
AcDbPolyline
 90
4
 70
0
 10
351.40001085069446
 20
385.6333414713542
 10
349.4000244140625
 20
385.96666124131946
 10
351.40001085069446
 20
386.29998101128473
 10
351.40001085069446
 20
385.6333414713542
  0
LWPOLYLINE
  5
54A
330
17
100
AcDbEntity
  8
DIGITALIZADO
100
AcDbPolyline
 90
3
 70
0
 10
351.40001085069446
 20
385.96666124131946
 10
367.06668429904516
 20
386.0333251953125
 10
368.06667751736114
 20
386.0333251953125
  0
LWPOLYLINE
  5
54B
330
17
100
AcDbEntity
  8
DIGITALIZADO
100
AcDbPolyline
 90
4
 70
0
 10
346.500006781684
 20
396.9333224826389
 10
344.5000203450521
 20
397.2666422526042
 10
346.500006781684
 20
397.5999959309896
 10
346.500006781684
 20
396.9333224826389
  0
LWPOLYLINE
  5
54C
330
17
100
AcDbEntity
  8
DIGITALIZADO
100
AcDbPolyline
 90
3
 70
0
 10
346.500006781684
 20
397.2666422526042
 10
367.03335232204864
 20
397.3666720920139
 10
368.0333455403646
 20
397.3666720920139
  0
LWPOLYLINE
  5
54D
330
17
100
AcDbEntity
  8
DIGITALIZADO
100
AcDbPolyline
 90
4
 70
0
 10
334.6000162760417
 20
404.4333224826389
 10
332.5999959309896
 20
404.7666422526042
 10
334.6000162760417
 20
405.0999959309896
 10
334.6000162760417
 20
404.4333224826389
  0
LWPOLYLINE
  5
54E
330
17
100
AcDbEntity
  8
DIGITALIZADO
100
AcDbPolyline
 90
3
 70
0
 10
334.6000162760417
 20
404.7666422526042
 10
367.0000203450521
 20
404.8666720920139
 10
368.0000135633681
 20
404.8666720920139
  0
LWPOLYLINE
  5
54F
330
17
100
AcDbEntity
  8
DIGITALIZADO
100
AcDbPolyline
 90
4
 70
0
 10
184.43335639105905
 20
336.4666748046875
 10
184.13333468967014
 20
334.46665445963544
 10
183.76668294270834
 20
336.4666748046875
 10
184.43335639105905
 20
336.4666748046875
  0
LWPOLYLINE
  5
550
330
17
100
AcDbEntity
  8
DIGITALIZADO
100
AcDbPolyline
 90
3
 70
0
 10
184.10000271267361
 20
336.4666748046875
 10
183.93334282769098
 20
351.53333875868054
 10
183.93334282769098
 20
352.5333319769965
  0
LWPOLYLINE
  5
551
330
17
100
AcDbEntity
  8
DIGITALIZADO
100
AcDbPolyline
 90
4
 70
0
 10
201.33334689670139
 20
330.4666476779514
 10
201.00002712673611
 20
328.46666124131946
 10
200.6666734483507
 20
330.4666476779514
 10
201.33334689670139
 20
330.4666476779514
  0
LWPOLYLINE
  5
552
330
17
100
AcDbEntity
  8
DIGITALIZADO
100
AcDbPolyline
 90
3
 70
0
 10
201.00002712673611
 20
330.4666476779514
 10
200.93332926432294
 20
351.63333468967016
 10
200.93332926432294
 20
352.63332790798614
  0
LWPOLYLINE
  5
553
330
17
100
AcDbEntity
  8
DIGITALIZADO
100
AcDbPolyline
 90
4
 70
0
 10
226.30001491970486
 20
326.0333251953125
 10
225.96666124131946
 20
324.03333875868054
 10
225.63334147135419
 20
326.0333251953125
 10
226.30001491970486
 20
326.0333251953125
  0
LWPOLYLINE
  5
554
330
17
100
AcDbEntity
  8
DIGITALIZADO
100
AcDbPolyline
 90
3
 70
0
 10
225.96666124131946
 20
326.0333251953125
 10
225.89999728732639
 20
351.066657172309
 10
225.89999728732639
 20
352.066650390625
  0
LWPOLYLINE
  5
555
330
17
100
AcDbEntity
  8
DIGITALIZADO
100
AcDbPolyline
 90
4
 70
0
 10
211.7999945746528
 20
322.9666476779514
 10
211.4666748046875
 20
320.96666124131946
 10
211.13335503472223
 20
322.9666476779514
 10
211.7999945746528
 20
322.9666476779514
  0
LWPOLYLINE
  5
556
330
17
100
AcDbEntity
  8
DIGITALIZADO
100
AcDbPolyline
 90
3
 70
0
 10
211.4666748046875
 20
322.9666476779514
 10
211.30001491970486
 20
351.066657172309
 10
211.30001491970486
 20
352.066650390625
  0
LWPOLYLINE
  5
557
330
17
100
AcDbEntity
  8
DIGITALIZADO
100
AcDbPolyline
 90
4
 70
0
 10
238.39999728732639
 20
321.1333211263021
 10
238.06667751736111
 20
319.13333468967016
 10
237.73335774739584
 20
321.1333211263021
 10
238.39999728732639
 20
321.1333211263021
  0
LWPOLYLINE
  5
558
330
17
100
AcDbEntity
  8
DIGITALIZADO
100
AcDbPolyline
 90
3
 70
0
 10
238.06667751736111
 20
321.1333211263021
 10
237.90001763237848
 20
351.16665310329864
 10
237.90001763237848
 20
352.1666463216146
  0
LWPOLYLINE
  5
559
330
17
100
AcDbEntity
  8
DIGITALIZADO
100
AcDbPolyline
 90
4
 70
0
 10
480.56667751736114
 20
199.33332655164932
 10
480.8999972873264
 20
201.33332994249133
 10
481.2333170572917
 20
199.33332655164932
 10
480.56667751736114
 20
199.33332655164932
  0
LWPOLYLINE
  5
55A
330
17
100
AcDbEntity
  8
DIGITALIZADO
100
AcDbPolyline
 90
3
 70
0
 10
480.8999972873264
 20
199.33332655164932
 10
480.96666124131946
 20
176.79999457465277
 10
481.00002712673614
 20
175.80000135633682
  0
LWPOLYLINE
  5
55B
330
17
100
AcDbEntity
  8
DIGITALIZADO
100
AcDbPolyline
 90
4
 70
0
 10
342.1000162760417
 20
126.2999979654948
 10
340.23335774739587
 20
127.06666734483508
 10
342.2666761610243
 20
126.93333095974393
 10
342.1000162760417
 20
126.2999979654948
  0
LWPOLYLINE
  5
55C
330
17
100
AcDbEntity
  8
DIGITALIZADO
100
AcDbPolyline
 90
3
 70
0
 10
342.20001220703125
 20
126.63333468967015
 10
369.70001220703125
 20
120.53332858615452
 10
370.70000542534723
 20
120.53332858615452
  0
LWPOLYLINE
  5
55D
330
17
100
AcDbEntity
  8
DIGITALIZADO
100
AcDbPolyline
 90
4
 70
0
 10
341.76666259765625
 20
144.10000271267361
 10
339.8666720920139
 20
144.8333231608073
 10
341.9000244140625
 20
144.73332722981772
 10
341.76666259765625
 20
144.10000271267361
  0
LWPOLYLINE
  5
55E
330
17
100
AcDbEntity
  8
DIGITALIZADO
100
AcDbPolyline
 90
3
 70
0
 10
341.8333265516493
 20
144.43332248263889
 10
369.70001220703125
 20
138.59999762641058
 10
370.70000542534723
 20
138.59999762641058
  0
LWPOLYLINE
  5
55F
330
17
100
AcDbEntity
  8
DIGITALIZADO
100
AcDbPolyline
 90
4
 70
0
 10
333.933342827691
 20
153.0333285861545
 10
332.0000203450521
 20
153.70000203450522
 10
334.03333875868054
 20
153.70000203450522
 10
333.933342827691
 20
153.0333285861545
  0
LWPOLYLINE
  5
560
330
17
100
AcDbEntity
  8
DIGITALIZADO
100
AcDbPolyline
 90
3
 70
0
 10
333.9666748046875
 20
153.36666531032986
 10
369.66668023003473
 20
147.40000406901044
 10
370.6666734483507
 20
147.40000406901044
  0
LWPOLYLINE
  5
561
330
17
100
AcDbEntity
  8
DIGITALIZADO
100
AcDbPolyline
 90
4
 70
0
 10
463.5333251953125
 20
194.0666707356771
 10
463.86667887369794
 20
196.06665717230905
 10
464.1999986436632
 20
194.0666707356771
 10
463.5333251953125
 20
194.0666707356771
  0
LWPOLYLINE
  5
562
330
17
100
AcDbEntity
  8
DIGITALIZADO
100
AcDbPolyline
 90
3
 70
0
 10
463.86667887369794
 20
194.0666707356771
 10
463.90001085069446
 20
176.76666259765625
 10
463.933342827691
 20
175.76666937934027
  0
LWPOLYLINE
  5
563
330
17
100
AcDbEntity
  8
DIGITALIZADO
100
AcDbPolyline
 90
4
 70
0
 10
192.5999959309896
 20
335.06666395399304
 10
192.26667616102432
 20
333.066643608941
 10
191.93335639105905
 20
335.06666395399304
 10
192.5999959309896
 20
335.06666395399304
  0
LWPOLYLINE
  5
564
330
17
100
AcDbEntity
  8
DIGITALIZADO
100
AcDbPolyline
 90
3
 70
0
 10
192.26667616102432
 20
335.06666395399304
 10
192.16668023003473
 20
351.2666490342882
 10
192.16668023003473
 20
352.2666422526042
  0
LWPOLYLINE
  5
565
330
17
100
AcDbEntity
  8
DIGITALIZADO
100
AcDbPolyline
 90
4
 70
0
 10
465.5333455403646
 20
334.5333184136285
 10
465.1999918619792
 20
332.5333319769965
 10
464.8666720920139
 20
334.5333184136285
 10
465.5333455403646
 20
334.5333184136285
  0
LWPOLYLINE
  5
566
330
17
100
AcDbEntity
  8
DIGITALIZADO
100
AcDbPolyline
 90
3
 70
0
 10
465.1999918619792
 20
334.5333184136285
 10
465.13332790798614
 20
348.3000013563368
 10
465.10002983940973
 20
349.29999457465277
  0
LWPOLYLINE
  5
567
330
17
100
AcDbEntity
  8
DIGITALIZADO
100
AcDbPolyline
 90
4
 70
0
 10
246.5666707356771
 20
189.76665920681424
 10
246.9000244140625
 20
191.7999945746528
 10
247.2333441840278
 20
189.79999118381076
 10
246.5666707356771
 20
189.76665920681424
  0
LWPOLYLINE
  5
568
330
17
100
AcDbEntity
  8
DIGITALIZADO
100
AcDbPolyline
 90
3
 70
0
 10
246.9000244140625
 20
189.79999118381076
 10
247.0000203450521
 20
178.36666531032986
 10
247.0000203450521
 20
177.36665513780383
  0
LWPOLYLINE
  5
569
330
17
100
AcDbEntity
  8
DIGITALIZADO
100
AcDbPolyline
 90
4
 70
0
 10
170.60000949435764
 20
315.999993218316
 10
170.26668972439236
 20
314.000006781684
 10
169.93333604600696
 20
315.999993218316
 10
170.60000949435764
 20
315.999993218316
  0
LWPOLYLINE
  5
56A
330
17
100
AcDbEntity
  8
DIGITALIZADO
100
AcDbPolyline
 90
3
 70
0
 10
170.26668972439236
 20
315.999993218316
 10
170.23335774739584
 20
351.3999769422743
 10
170.23335774739584
 20
352.40000406901044
  0
LWPOLYLINE
  5
56B
330
17
100
AcDbEntity
  8
DIGITALIZADO
100
AcDbPolyline
 90
4
 70
0
 10
334.4000244140625
 20
315.76666937934027
 10
332.83335367838544
 20
314.49998643663196
 10
333.90001085069446
 20
316.2333170572917
 10
334.4000244140625
 20
315.76666937934027
  0
LWPOLYLINE
  5
56C
330
17
100
AcDbEntity
  8
DIGITALIZADO
100
AcDbPolyline
 90
3
 70
0
 10
334.1666666666667
 20
315.999993218316
 10
369.433356391059
 20
355.53331163194446
 10
370.433349609375
 20
355.53331163194446
  0
LWPOLYLINE
  5
56D
330
17
100
AcDbEntity
  8
DIGITALIZADO
100
AcDbPolyline
 90
4
 70
0
 10
333.0333455403646
 20
181.73333062065973
 10
331.6666666666667
 20
183.23333740234375
 10
333.43332926432294
 20
182.23332722981772
 10
333.0333455403646
 20
181.73333062065973
  0
LWPOLYLINE
  5
56E
330
17
100
AcDbEntity
  8
DIGITALIZADO
100
AcDbPolyline
 90
3
 70
0
 10
333.23333740234375
 20
182.000003390842
 10
369.6333482530382
 20
152.56666395399307
 10
370.6333414713542
 20
152.56666395399307
  0
LWPOLYLINE
  5
56F
330
17
100
AcDbEntity
  8
DIGITALIZADO
100
AcDbPolyline
 90
4
 70
0
 10
471.5333387586806
 20
192.3333231608073
 10
471.86665852864587
 20
194.33332655164932
 10
472.20001220703125
 20
192.3333231608073
 10
471.5333387586806
 20
192.3333231608073
  0
LWPOLYLINE
  5
570
330
17
100
AcDbEntity
  8
DIGITALIZADO
100
AcDbPolyline
 90
3
 70
0
 10
471.86665852864587
 20
192.3333231608073
 10
471.9000244140625
 20
176.6999986436632
 10
471.9000244140625
 20
175.69998847113715
  0
LWPOLYLINE
  5
571
330
17
100
AcDbEntity
  8
DIGITALIZADO
100
AcDbPolyline
 90
4
 70
0
 10
234.36669243706598
 20
247.3333231608073
 10
234.90000406901044
 20
249.2999945746528
 10
235.03333197699655
 20
247.26665920681424
 10
234.36669243706598
 20
247.3333231608073
  0
LWPOLYLINE
  5
572
330
17
100
AcDbEntity
  8
DIGITALIZADO
100
AcDbPolyline
 90
3
 70
0
 10
234.70001220703125
 20
247.29999118381076
 10
227.2333441840278
 20
178.33333333333334
 10
227.2333441840278
 20
177.3333231608073
  0
LWPOLYLINE
  5
573
330
17
100
AcDbEntity
  8
DIGITALIZADO
100
AcDbPolyline
 90
4
 70
0
 10
369.0333387586806
 20
205.6333245171441
 10
368.63335503472223
 20
207.63332790798611
 10
369.66668023003473
 20
205.86666531032986
 10
369.0333387586806
 20
205.6333245171441
  0
LWPOLYLINE
  5
574
330
17
100
AcDbEntity
  8
DIGITALIZADO
100
AcDbPolyline
 90
3
 70
0
 10
369.36665852864587
 20
205.7666693793403
 10
382.23334418402777
 20
172.86666870117188
 10
383.23333740234375
 20
172.86666870117188
  0
LINE
  5
576
330
17
100
AcDbEntity
  8
EJE_VIA
100
AcDbLine
 10
331.79999457465277
 20
251.56665378146704
 30
0.0
 11
331.8333265516493
 21
266.56665378146704
 31
0.0
  0
LINE
  5
577
330
17
100
AcDbEntity
  8
EJE_VIA
100
AcDbLine
 10
331.8333265516493
 20
296.5666707356771
 30
0.0
 11
331.86665852864587
 21
314.566650390625
 31
0.0
  0
LINE
  5
578
330
17
100
AcDbEntity
  8
EJE_VIA
100
AcDbLine
 10
332.83335367838544
 20
422.0333184136285
 30
0.0
 11
332.86668565538196
 21
429.6666463216146
 31
0.0
  0
LINE
  5
579
330
17
100
AcDbEntity
  8
EJE_VIA
100
AcDbLine
 10
331.6666666666667
 20
94.69999525282118
 30
0.0
 11
331.79999457465277
 21
249.06665378146704
 31
0.0
  0
LINE
  5
57A
330
17
100
AcDbEntity
  8
EJE_VIA
100
AcDbLine
 10
331.8333265516493
 20
269.06665378146704
 30
0.0
 11
331.8333265516493
 21
294.0666707356771
 31
0.0
  0
LINE
  5
57B
330
17
100
AcDbEntity
  8
EJE_VIA
100
AcDbLine
 10
131.86665852864584
 20
314.49998643663196
 30
0.0
 11
531.4666748046875
 21
314.6666463216146
 31
0.0
  0
LINE
  5
57C
330
17
100
AcDbEntity
  8
EJE_VIA
100
AcDbLine
 10
166.53333875868057
 20
314.49998643663196
 30
0.0
 11
181.53333875868057
 21
314.5333184136285
 31
0.0
  0
LINE
  5
57D
330
17
100
AcDbEntity
  8
EJE_VIA
100
AcDbLine
 10
279.03333875868054
 20
314.5333184136285
 30
0.0
 11
294.03333875868054
 21
314.566650390625
 31
0.0
  0
LINE
  5
57E
330
17
100
AcDbEntity
  8
EJE_VIA
100
AcDbLine
 10
131.86665852864584
 20
214.500003390842
 30
0.0
 11
253.50002712673611
 21
214.53333536783856
 31
0.0
  0
LINE
  5
57F
330
17
100
AcDbEntity
  8
EJE_VIA
100
AcDbLine
 10
273.499993218316
 20
214.56666734483508
 30
0.0
 11
349.80000813802087
 21
214.56666734483508
 31
0.0
  0
LINE
  5
580
330
17
100
AcDbEntity
  8
EJE_VIA
100
AcDbLine
 10
369.80000813802087
 20
214.5999993218316
 30
0.0
 11
417.30000813802087
 21
214.5999993218316
 31
0.0
  0
LINE
  5
581
330
17
100
AcDbEntity
  8
EJE_VIA
100
AcDbLine
 10
437.30000813802087
 20
214.63333129882812
 30
0.0
 11
529.8000081380209
 21
214.66666327582467
 31
0.0
  0
LINE
  5
582
330
17
100
AcDbEntity
  8
EJE_VIA
100
AcDbLine
 10
256.00002712673614
 20
214.53333536783856
 30
0.0
 11
270.999993218316
 21
214.56666734483508
 31
0.0
  0
LINE
  5
583
330
17
100
AcDbEntity
  8
EJE_VIA
100
AcDbLine
 10
352.30000813802087
 20
214.56666734483508
 30
0.0
 11
367.30000813802087
 21
214.5999993218316
 31
0.0
  0
LINE
  5
584
330
17
100
AcDbEntity
  8
EJE_VIA
100
AcDbLine
 10
419.80000813802087
 20
214.5999993218316
 30
0.0
 11
434.80000813802087
 21
214.63333129882812
 31
0.0
  0
LINE
  5
585
330
17
100
AcDbEntity
  8
EJE_VIA
100
AcDbLine
 10
487.86668565538196
 20
314.63331434461804
 30
0.0
 11
502.86668565538196
 21
314.6666463216146
 31
0.0
  0
LINE
  5
586
330
17
100
AcDbEntity
  8
EJE_VIA
100
AcDbLine
 10
370.33335367838544
 20
314.566650390625
 30
0.0
 11
372.83335367838544
 21
314.5999823676215
 31
0.0
  0
LINE
  5
587
330
17
100
AcDbEntity
  8
EJE_VIA
100
AcDbLine
 10
131.86665852864584
 20
264.49998643663196
 30
0.0
 11
271.03335910373266
 21
264.53333536783856
 31
0.0
  0
LINE
  5
588
330
17
100
AcDbEntity
  8
EJE_VIA
100
AcDbLine
 10
278.53335910373266
 20
264.5666673448351
 30
0.0
 11
349.8333401150174
 21
264.5666673448351
 31
0.0
  0
LINE
  5
589
330
17
100
AcDbEntity
  8
EJE_VIA
100
AcDbLine
 10
369.8333401150174
 20
264.5999993218316
 30
0.0
 11
417.3333401150174
 21
264.5999993218316
 31
0.0
  0
LINE
  5
58A
330
17
100
AcDbEntity
  8
EJE_VIA
100
AcDbLine
 10
437.3333401150174
 20
264.6333312988281
 30
0.0
 11
484.8333401150174
 21
264.6333312988281
 31
0.0
  0
LINE
  5
58B
330
17
100
AcDbEntity
  8
EJE_VIA
100
AcDbLine
 10
504.8333401150174
 20
264.66666327582465
 30
0.0
 11
529.8666720920139
 21
264.66666327582465
 31
0.0
  0
LINE
  5
58C
330
17
100
AcDbEntity
  8
EJE_VIA
100
AcDbLine
 10
273.53335910373266
 20
264.53333536783856
 30
0.0
 11
276.03335910373266
 21
264.5666673448351
 31
0.0
  0
LINE
  5
58D
330
17
100
AcDbEntity
  8
EJE_VIA
100
AcDbLine
 10
332.8000217013889
 20
313.566657172309
 30
0.0
 11
332.83335367838544
 21
419.5333184136285
 31
0.0
  0
LINE
  5
58E
330
17
100
AcDbEntity
  8
EJE_VIA
100
AcDbLine
 10
487.3333401150174
 20
264.6333312988281
 30
0.0
 11
502.3333401150174
 21
264.66666327582465
 31
0.0
  0
LINE
  5
58F
330
17
100
AcDbEntity
  8
EJE_VIA
100
AcDbLine
 10
352.3333401150174
 20
264.5666673448351
 30
0.0
 11
367.3333401150174
 21
264.5999993218316
 31
0.0
  0
LINE
  5
590
330
17
100
AcDbEntity
  8
EJE_VIA
100
AcDbLine
 10
419.8333401150174
 20
264.5999993218316
 30
0.0
 11
434.8333401150174
 21
264.6333312988281
 31
0.0
  0
LINE
  5
591
330
17
100
AcDbEntity
  8
EJE_VIA
100
AcDbLine
 10
316.8333265516493
 20
292.19997829861114
 30
0.0
 11
321.20001898871527
 21
296.6666666666667
 31
0.0
  0
LINE
  5
592
330
17
100
AcDbEntity
  8
EJE_VIA
100
AcDbLine
 10
411.23335096571185
 20
275.5999925401476
 30
0.0
 11
411.23335096571185
 21
290.60000949435766
 31
0.0
  0
LINE
  5
593
330
17
100
AcDbEntity
  8
EJE_VIA
100
AcDbLine
 10
360.0999959309896
 20
231.86665852864584
 30
0.0
 11
360.0999959309896
 21
250.56666056315106
 31
0.0
  0
LINE
  5
594
330
17
100
AcDbEntity
  8
EJE_VIA
100
AcDbLine
 10
359.6000162760417
 20
231.86665852864584
 30
0.0
 11
359.6000162760417
 21
250.56666056315106
 31
0.0
  0
LINE
  5
595
330
17
100
AcDbEntity
  8
EJE_VIA
100
AcDbLine
 10
351.79999457465277
 20
240.46666463216147
 30
0.0
 11
351.79999457465277
 21
247.56666395399307
 31
0.0
  0
LINE
  5
596
330
17
100
AcDbEntity
  8
EJE_VIA
100
AcDbLine
 10
352.30000813802087
 20
240.46666463216147
 30
0.0
 11
352.30000813802087
 21
247.56666395399307
 31
0.0
  0
LINE
  5
597
330
17
100
AcDbEntity
  8
EJE_VIA
100
AcDbLine
 10
361.79999457465277
 20
230.43333265516495
 30
0.0
 11
368.0333455403646
 21
230.46666463216147
 31
0.0
  0
LINE
  5
598
330
17
100
AcDbEntity
  8
EJE_VIA
100
AcDbLine
 10
355.80000135633685
 20
253.70000203450522
 30
0.0
 11
373.6000230577257
 21
253.70000203450522
 31
0.0
  0
LINE
  5
599
330
17
100
AcDbEntity
  8
EJE_VIA
100
AcDbLine
 10
349.80000813802087
 20
240.46666463216147
 30
0.0
 11
349.80000813802087
 21
247.69999186197919
 31
0.0
  0
LINE
  5
59A
330
17
100
AcDbEntity
  8
EJE_VIA
100
AcDbLine
 10
349.8333401150174
 20
278.566657172309
 30
0.0
 11
349.8333401150174
 21
282.5999959309896
 31
0.0
  0
LINE
  5
59B
330
17
100
AcDbEntity
  8
EJE_VIA
100
AcDbLine
 10
361.79999457465277
 20
228.43332926432294
 30
0.0
 11
368.0333455403646
 21
228.46666124131946
 31
0.0
  0
LINE
  5
59C
330
17
100
AcDbEntity
  8
EJE_VIA
100
AcDbLine
 10
367.1000162760417
 20
230.96666124131946
 30
0.0
 11
368.06667751736114
 21
230.96666124131946
 31
0.0
  0
LINE
  5
59D
330
17
100
AcDbEntity
  8
EJE_VIA
100
AcDbLine
 10
355.80000135633685
 20
251.06665717230905
 30
0.0
 11
373.6000230577257
 21
251.09998914930557
 31
0.0
  0
LINE
  5
59E
330
17
100
AcDbEntity
  8
EJE_VIA
100
AcDbLine
 10
372.1000162760417
 20
239.86665513780383
 30
0.0
 11
372.1000162760417
 21
250.59999254014758
 31
0.0
  0
LINE
  5
59F
330
17
100
AcDbEntity
  8
EJE_VIA
100
AcDbLine
 10
372.5999959309896
 20
239.6999952528212
 30
0.0
 11
372.5999959309896
 21
250.59999254014758
 31
0.0
  0
LINE
  5
5A0
330
17
100
AcDbEntity
  8
EJE_VIA
100
AcDbLine
 10
366.1000230577257
 20
232.0999993218316
 30
0.0
 11
372.1000162760417
 21
239.86665513780383
 31
0.0
  0
LINE
  5
5A1
330
17
100
AcDbEntity
  8
EJE_VIA
100
AcDbLine
 10
366.60000271267364
 20
231.89999050564236
 30
0.0
 11
372.5999959309896
 21
239.6999952528212
 31
0.0
  0
LINE
  5
5A2
330
17
100
AcDbEntity
  8
EJE_VIA
100
AcDbLine
 10
366.1000230577257
 20
231.46665785047745
 30
0.0
 11
366.1000230577257
 21
232.0999993218316
 31
0.0
  0
LINE
  5
5A3
330
17
100
AcDbEntity
  8
EJE_VIA
100
AcDbLine
 10
366.60000271267364
 20
231.46665785047745
 30
0.0
 11
366.60000271267364
 21
231.89999050564236
 31
0.0
  0
LINE
  5
5A4
330
17
100
AcDbEntity
  8
EJE_VIA
100
AcDbLine
 10
359.1666666666667
 20
277.56666395399304
 30
0.0
 11
373.1666734483507
 21
277.5999959309896
 31
0.0
  0
LINE
  5
5A5
330
17
100
AcDbEntity
  8
EJE_VIA
100
AcDbLine
 10
295.13332790798614
 20
277.9333326551649
 30
0.0
 11
310.83333333333337
 21
277.56666395399304
 31
0.0
  0
LINE
  5
5A6
330
17
100
AcDbEntity
  8
EJE_VIA
100
AcDbLine
 10
347.83335367838544
 20
277.5
 30
0.0
 11
350.0333319769965
 21
277.5
 31
0.0
  0
LINE
  5
5A7
330
17
100
AcDbEntity
  8
EJE_VIA
100
AcDbLine
 10
375.433349609375
 20
277.5999959309896
 30
0.0
 11
411.23335096571185
 21
277.5999959309896
 31
0.0
  0
LINE
  5
5A8
330
17
100
AcDbEntity
  8
EJE_VIA
100
AcDbLine
 10
352.83335367838544
 20
277.56666395399304
 30
0.0
 11
359.1666666666667
 21
277.56666395399304
 31
0.0
  0
LINE
  5
5A9
330
17
100
AcDbEntity
  8
EJE_VIA
100
AcDbLine
 10
373.1666734483507
 20
277.5999959309896
 30
0.0
 11
411.23335096571185
 21
277.5999959309896
 31
0.0
  0
LINE
  5
5AA
330
17
100
AcDbEntity
  8
EJE_VIA
100
AcDbLine
 10
372.16668023003473
 20
278.59998914930554
 30
0.0
 11
372.16668023003473
 21
285.60000949435766
 31
0.0
  0
LINE
  5
5AB
330
17
100
AcDbEntity
  8
EJE_VIA
100
AcDbLine
 10
355.83333333333337
 20
286.5666707356771
 30
0.0
 11
359.1666666666667
 21
286.5666707356771
 31
0.0
  0
LINE
  5
5AC
330
17
100
AcDbEntity
  8
EJE_VIA
100
AcDbLine
 10
373.1666734483507
 20
286.60000271267364
 30
0.0
 11
411.23335096571185
 21
286.60000271267364
 31
0.0
  0
LINE
  5
5AD
330
17
100
AcDbEntity
  8
EJE_VIA
100
AcDbLine
 10
352.83335367838544
 20
278.06666056315106
 30
0.0
 11
359.1666666666667
 21
278.06666056315106
 31
0.0
  0
LINE
  5
5AE
330
17
100
AcDbEntity
  8
EJE_VIA
100
AcDbLine
 10
373.1666734483507
 20
278.0999925401476
 30
0.0
 11
411.23335096571185
 21
278.0999925401476
 31
0.0
  0
LINE
  5
5AF
330
17
100
AcDbEntity
  8
EJE_VIA
100
AcDbLine
 10
372.66665988498266
 20
278.59998914930554
 30
0.0
 11
372.66665988498266
 21
285.60000949435766
 31
0.0
  0
LINE
  5
5B0
330
17
100
AcDbEntity
  8
EJE_VIA
100
AcDbLine
 10
355.83333333333337
 20
286.066657172309
 30
0.0
 11
359.1666666666667
 21
286.066657172309
 31
0.0
  0
LINE
  5
5B1
330
17
100
AcDbEntity
  8
EJE_VIA
100
AcDbLine
 10
373.1666734483507
 20
286.09998914930554
 30
0.0
 11
411.23335096571185
 21
286.09998914930554
 31
0.0
  0
LINE
  5
5B2
330
17
100
AcDbEntity
  8
EJE_VIA
100
AcDbLine
 10
351.8333265516493
 20
278.566657172309
 30
0.0
 11
351.8333265516493
 21
282.56666395399304
 31
0.0
  0
LINE
  5
5B3
330
17
100
AcDbEntity
  8
EJE_VIA
100
AcDbLine
 10
360.16665988498266
 20
278.566657172309
 30
0.0
 11
360.16665988498266
 21
285.566643608941
 31
0.0
  0
LINE
  5
5B4
330
17
100
AcDbEntity
  8
EJE_VIA
100
AcDbLine
 10
352.3333401150174
 20
278.566657172309
 30
0.0
 11
352.3333401150174
 21
282.56666395399304
 31
0.0
  0
LINE
  5
5B5
330
17
100
AcDbEntity
  8
EJE_VIA
100
AcDbLine
 10
359.66668023003473
 20
278.566657172309
 30
0.0
 11
359.66668023003473
 21
285.566643608941
 31
0.0
  0
LINE
  5
5B6
330
17
100
AcDbEntity
  8
EJE_VIA
100
AcDbLine
 10
359.1666666666667
 20
286.5666707356771
 30
0.0
 11
373.1666734483507
 21
286.60000271267364
 31
0.0
  0
LINE
  5
5B7
330
17
100
AcDbEntity
  8
EJE_VIA
100
AcDbLine
 10
296.3333468967014
 20
298.066643608941
 30
0.0
 11
296.3333468967014
 21
302.6999918619792
 31
0.0
  0
LINE
  5
5B8
330
17
100
AcDbEntity
  8
EJE_VIA
100
AcDbLine
 10
296.3333468967014
 20
275.56666056315106
 30
0.0
 11
296.3333468967014
 21
278.06666056315106
 31
0.0
  0
LINE
  5
5B9
330
17
100
AcDbEntity
  8
EJE_VIA
100
AcDbLine
 10
314.8333401150174
 20
281.56665378146704
 30
0.0
 11
314.8333401150174
 21
288.5333251953125
 31
0.0
  0
LINE
  5
5BA
330
17
100
AcDbEntity
  8
EJE_VIA
100
AcDbLine
 10
314.3333265516493
 20
281.56665378146704
 30
0.0
 11
314.3333265516493
 21
288.5333251953125
 31
0.0
  0
LINE
  5
5BB
330
17
100
AcDbEntity
  8
EJE_VIA
100
AcDbLine
 10
296.3333468967014
 20
298.566657172309
 30
0.0
 11
304.8333401150174
 21
298.566657172309
 31
0.0
  0
LINE
  5
5BC
330
17
100
AcDbEntity
  8
EJE_VIA
100
AcDbLine
 10
296.5666707356771
 20
300.70000542534723
 30
0.0
 11
321.20001898871527
 21
300.70000542534723
 31
0.0
  0
LINE
  5
5BD
330
17
100
AcDbEntity
  8
EJE_VIA
100
AcDbLine
 10
318.8333468967014
 20
281.4666578504774
 30
0.0
 11
318.8333468967014
 21
288.69998508029516
 31
0.0
  0
LINE
  5
5BE
330
17
100
AcDbEntity
  8
EJE_VIA
100
AcDbLine
 10
296.3333468967014
 20
275.56666056315106
 30
0.0
 11
310.83333333333337
 21
275.56666056315106
 31
0.0
  0
LINE
  5
5BF
330
17
100
AcDbEntity
  8
EJE_VIA
100
AcDbLine
 10
352.83335367838544
 20
275.56666056315106
 30
0.0
 11
411.23335096571185
 21
275.5999925401476
 31
0.0
  0
LINE
  5
5C0
330
17
100
AcDbEntity
  8
EJE_VIA
100
AcDbLine
 10
316.8333265516493
 20
281.56665378146704
 30
0.0
 11
316.8333265516493
 21
292.19997829861114
 31
0.0
  0
LINE
  5
5C1
330
17
100
AcDbEntity
  8
EJE_VIA
100
AcDbLine
 10
303.5666910807292
 20
294.10000271267364
 30
0.0
 11
303.5666910807292
 21
297.56666395399304
 31
0.0
  0
LINE
  5
5C2
330
17
100
AcDbEntity
  8
EJE_VIA
100
AcDbLine
 10
304.0666707356771
 20
294.10000271267364
 30
0.0
 11
304.0666707356771
 21
297.56666395399304
 31
0.0
  0
LINE
  5
5C3
330
17
100
AcDbEntity
  8
EJE_VIA
100
AcDbLine
 10
296.3333468967014
 20
275.56666056315106
 30
0.0
 11
310.83333333333337
 21
275.56666056315106
 31
0.0
  0
LINE
  5
5C4
330
17
100
AcDbEntity
  8
EJE_VIA
100
AcDbLine
 10
301.79999457465277
 20
242.56666395399307
 30
0.0
 11
310.8000013563368
 21
242.56666395399307
 31
0.0
  0
LINE
  5
5C5
330
17
100
AcDbEntity
  8
EJE_VIA
100
AcDbLine
 10
301.79999457465277
 20
243.06666056315106
 30
0.0
 11
310.8000013563368
 21
243.06666056315106
 31
0.0
  0
LINE
  5
5C6
330
17
100
AcDbEntity
  8
EJE_VIA
100
AcDbLine
 10
301.79999457465277
 20
251.56665378146704
 30
0.0
 11
313.8000149197049
 21
251.56665378146704
 31
0.0
  0
LINE
  5
5C7
330
17
100
AcDbEntity
  8
EJE_VIA
100
AcDbLine
 10
301.79999457465277
 20
251.06665717230905
 30
0.0
 11
313.8000149197049
 21
251.06665717230905
 31
0.0
  0
LINE
  5
5C8
330
17
100
AcDbEntity
  8
EJE_VIA
100
AcDbLine
 10
314.80000813802087
 20
246.566653781467
 30
0.0
 11
314.80000813802087
 21
250.56666056315106
 31
0.0
  0
LINE
  5
5C9
330
17
100
AcDbEntity
  8
EJE_VIA
100
AcDbLine
 10
314.29999457465277
 20
246.566653781467
 30
0.0
 11
314.29999457465277
 21
250.56666056315106
 31
0.0
  0
LINE
  5
5CA
330
17
100
AcDbEntity
  8
EJE_VIA
100
AcDbLine
 10
348.8333468967014
 20
251.60000271267361
 30
0.0
 11
359.10000271267364
 21
251.56665378146704
 31
0.0
  0
LINE
  5
5CB
330
17
100
AcDbEntity
  8
EJE_VIA
100
AcDbLine
 10
373.10000949435766
 20
251.60000271267361
 30
0.0
 11
373.6000230577257
 21
251.60000271267361
 31
0.0
  0
LINE
  5
5CC
330
17
100
AcDbEntity
  8
EJE_VIA
100
AcDbLine
 10
359.10000271267364
 20
251.56665378146704
 30
0.0
 11
373.10000949435766
 21
251.60000271267361
 31
0.0
  0
LINE
  5
5CD
330
17
100
AcDbEntity
  8
EJE_VIA
100
AcDbLine
 10
355.83333333333337
 20
286.5666707356771
 30
0.0
 11
359.1666666666667
 21
286.5666707356771
 31
0.0
  0
LINE
  5
5CE
330
17
100
AcDbEntity
  8
EJE_VIA
100
AcDbLine
 10
355.83333333333337
 20
288.566657172309
 30
0.0
 11
411.23335096571185
 21
288.59998914930554
 31
0.0
  0
LINE
  5
5CF
330
17
100
AcDbEntity
  8
EJE_VIA
100
AcDbLine
 10
303.5666910807292
 20
297.56666395399304
 30
0.0
 11
303.5666910807292
 21
298.566657172309
 31
0.0
  0
LINE
  5
5D0
330
17
100
AcDbEntity
  8
EJE_VIA
100
AcDbLine
 10
292.56666395399304
 20
283.59998914930554
 30
0.0
 11
295.0999959309896
 21
283.6333211263021
 31
0.0
  0
LINE
  5
5D1
330
17
100
AcDbEntity
  8
EJE_VIA
100
AcDbLine
 10
272.0000203450521
 20
282.6999918619792
 30
0.0
 11
273.499993218316
 21
282.6999918619792
 31
0.0
  0
LINE
  5
5D2
330
17
100
AcDbEntity
  8
EJE_VIA
100
AcDbLine
 10
273.499993218316
 20
282.6999918619792
 30
0.0
 11
273.499993218316
 21
284.1999986436632
 31
0.0
  0
LINE
  5
5D3
330
17
100
AcDbEntity
  8
EJE_VIA
100
AcDbLine
 10
303.8333468967014
 20
293.43332926432294
 30
0.0
 11
305.83333333333337
 21
291.2666490342882
 31
0.0
  0
LINE
  5
5D4
330
17
100
AcDbEntity
  8
EJE_VIA
100
AcDbLine
 10
304.1999986436632
 20
293.7666490342882
 30
0.0
 11
306.3333468967014
 21
291.4666748046875
 31
0.0
  0
LINE
  5
5D5
330
17
100
AcDbEntity
  8
EJE_VIA
100
AcDbLine
 10
305.83333333333337
 20
278.566657172309
 30
0.0
 11
305.83333333333337
 21
291.2666490342882
 31
0.0
  0
LINE
  5
5D6
330
17
100
AcDbEntity
  8
EJE_VIA
100
AcDbLine
 10
306.3333468967014
 20
278.566657172309
 30
0.0
 11
306.3333468967014
 21
291.4666748046875
 31
0.0
  0
LINE
  5
5D7
330
17
100
AcDbEntity
  8
EJE_VIA
100
AcDbLine
 10
306.8333265516493
 20
278.06666056315106
 30
0.0
 11
310.83333333333337
 21
278.06666056315106
 31
0.0
  0
LINE
  5
5D8
330
17
100
AcDbEntity
  8
EJE_VIA
100
AcDbLine
 10
392.16668023003473
 20
278.26665242513025
 30
0.0
 11
394.433356391059
 21
278.26665242513025
 31
0.0
  0
LINE
  5
5D9
330
17
100
AcDbEntity
  8
EJE_VIA
100
AcDbLine
 10
297.3333401150174
 20
278.566657172309
 30
0.0
 11
297.3333401150174
 21
297.56666395399304
 31
0.0
  0
LINE
  5
5DA
330
17
100
AcDbEntity
  8
EJE_VIA
100
AcDbLine
 10
296.8333265516493
 20
278.566657172309
 30
0.0
 11
296.8333265516493
 21
297.56666395399304
 31
0.0
  0
LINE
  5
5DB
330
17
100
AcDbEntity
  8
EJE_VIA
100
AcDbLine
 10
297.3333401150174
 20
297.56666395399304
 30
0.0
 11
297.3333401150174
 21
298.566657172309
 31
0.0
  0
LINE
  5
5DC
330
17
100
AcDbEntity
  8
EJE_VIA
100
AcDbLine
 10
347.83335367838544
 20
277.5
 30
0.0
 11
349.8333401150174
 21
278.566657172309
 31
0.0
  0
LINE
  5
5DD
330
17
100
AcDbEntity
  8
EJE_VIA
100
AcDbLine
 10
315.3000217013889
 20
277.5333319769965
 30
0.0
 11
317.7666897243924
 21
277.56666395399304
 31
0.0
  0
LINE
  5
5DE
330
17
100
AcDbEntity
  8
EJE_VIA
100
AcDbLine
 10
316.03335910373266
 20
278.566657172309
 30
0.0
 11
317.7666897243924
 21
277.56666395399304
 31
0.0
  0
LINE
  5
5DF
330
17
100
AcDbEntity
  8
EJE_VIA
100
AcDbLine
 10
348.8333468967014
 20
251.60000271267361
 30
0.0
 11
350.56667751736114
 21
250.6333245171441
 31
0.0
  0
LINE
  5
5E0
330
17
100
AcDbEntity
  8
EJE_VIA
100
AcDbLine
 10
300.8000013563368
 20
243.56665717230905
 30
0.0
 11
300.8000013563368
 21
250.56666056315106
 31
0.0
  0
LINE
  5
5E1
330
17
100
AcDbEntity
  8
EJE_VIA
100
AcDbLine
 10
301.3000149197049
 20
243.56665717230905
 30
0.0
 11
301.3000149197049
 21
250.56666056315106
 31
0.0
  0
LINE
  5
5E2
330
17
100
AcDbEntity
  8
EJE_VIA
100
AcDbLine
 10
286.03335910373266
 20
247.06666734483508
 30
0.0
 11
287.5999959309896
 21
247.06666734483508
 31
0.0
  0
LINE
  5
5E3
330
17
100
AcDbEntity
  8
EJE_VIA
100
AcDbLine
 10
353.33333333333337
 20
428.89997694227435
 30
0.0
 11
353.33333333333337
 21
429.6666463216146
 31
0.0
  0
LINE
  5
5E4
330
17
100
AcDbEntity
  8
EJE_VIA
100
AcDbLine
 10
281.5666707356771
 20
251.20000203450522
 30
0.0
 11
281.6666666666667
 21
248.19998847113717
 31
0.0
  0
LINE
  5
5E5
330
17
100
AcDbEntity
  8
EJE_VIA
100
AcDbLine
 10
280.50001356336804
 20
249.63333129882812
 30
0.0
 11
281.63333468967016
 21
249.6999952528212
 31
0.0
  0
LINE
  5
5E6
330
17
100
AcDbEntity
  8
EJE_VIA
100
AcDbLine
 10
280.83333333333337
 20
249.7999911838108
 30
0.0
 11
281.20001898871527
 21
246.83332655164932
 31
0.0
  0
LINE
  5
5E7
330
17
100
AcDbEntity
  8
EJE_VIA
100
AcDbLine
 10
279.90000406901044
 20
248.16665649414062
 30
0.0
 11
280.999993218316
 21
248.30000135633682
 31
0.0
  0
LINE
  5
5E8
330
17
100
AcDbEntity
  8
EJE_VIA
100
AcDbLine
 10
384.0666707356771
 20
278.06666056315106
 30
0.0
 11
384.10000271267364
 21
281.066657172309
 31
0.0
  0
LINE
  5
5E9
330
17
100
AcDbEntity
  8
EJE_VIA
100
AcDbLine
 10
384.0666707356771
 20
279.5666673448351
 30
0.0
 11
385.1999918619792
 21
279.5666673448351
 31
0.0
  0
LINE
  5
5EA
330
17
100
AcDbEntity
  8
EJE_VIA
100
AcDbLine
 10
353.3666653103299
 20
423.0999755859375
 30
0.0
 11
356.36667887369794
 21
422.9333157009549
 31
0.0
  0
LINE
  5
5EB
330
17
100
AcDbEntity
  8
EJE_VIA
100
AcDbLine
 10
354.8666720920139
 20
422.99997965494794
 30
0.0
 11
354.93333604600696
 21
424.13333468967016
 31
0.0
  0
LINE
  5
5EC
330
17
100
AcDbEntity
  8
EJE_VIA
100
AcDbLine
 10
230.83333333333334
 20
336.6666666666667
 30
0.0
 11
233.06667751736111
 21
336.6666666666667
 31
0.0
  0
LINE
  5
5ED
330
17
100
AcDbEntity
  8
EJE_VIA
100
AcDbLine
 10
353.9666748046875
 20
421.99998643663196
 30
0.0
 11
356.20001898871527
 21
421.99998643663196
 31
0.0
  0
LINE
  5
5EE
330
17
100
AcDbEntity
  8
EJE_VIA
100
AcDbLine
 10
455.6333414713542
 20
334.3333265516493
 30
0.0
 11
457.86668565538196
 21
334.3333265516493
 31
0.0
  0
LINE
  5
5EF
330
17
100
AcDbEntity
  8
EJE_VIA
100
AcDbLine
 10
382.9000176323785
 20
278.86666191948785
 30
0.0
 11
385.13332790798614
 21
278.86666191948785
 31
0.0
  0
LINE
  5
5F0
330
17
100
AcDbEntity
  8
EJE_VIA
100
AcDbLine
 10
383.499993218316
 20
281.5333218044705
 30
0.0
 11
385.73333740234375
 21
281.5333218044705
 31
0.0
  0
LINE
  5
5F1
330
17
100
AcDbEntity
  8
EJE_VIA
100
AcDbLine
 10
368.66668701171875
 20
249.1999986436632
 30
0.0
 11
370.93332926432294
 21
249.1999986436632
 31
0.0
  0
LINE
  5
5F2
330
17
100
AcDbEntity
  8
EJE_VIA
100
AcDbLine
 10
352.1000162760417
 20
147.7333238389757
 30
0.0
 11
354.36665852864587
 21
147.76665581597223
 31
0.0
  0
LINE
  5
5F3
330
17
100
AcDbEntity
  8
EJE_VIA
100
AcDbLine
 10
403.566657172309
 20
194.1999986436632
 30
0.0
 11
405.83333333333337
 21
194.1999986436632
 31
0.0
  0
LINE
  5
5F4
330
17
100
AcDbEntity
  8
EJE_VIA
100
AcDbLine
 10
279.7666761610243
 20
193.46666124131946
 30
0.0
 11
284.433356391059
 21
193.39999728732639
 31
0.0
  0
LINE
  5
5F5
330
17
100
AcDbEntity
  8
EJE_VIA
100
AcDbLine
 10
331.8333265516493
 20
414.566650390625
 30
0.0
 11
333.8333468967014
 21
414.566650390625
 31
0.0
  0
LINE
  5
5F6
330
17
100
AcDbEntity
  8
EJE_VIA
100
AcDbLine
 10
331.79999457465277
 20
314.566650390625
 30
0.0
 11
333.8000149197049
 21
314.566650390625
 31
0.0
  0
LINE
  5
5F7
330
17
100
AcDbEntity
  8
EJE_VIA
100
AcDbLine
 10
261.933356391059
 20
313.5333251953125
 30
0.0
 11
261.933356391059
 21
315.53331163194446
 31
0.0
  0
LINE
  5
5F8
330
17
100
AcDbEntity
  8
EJE_VIA
100
AcDbLine
 10
161.9000244140625
 20
313.499993218316
 30
0.0
 11
161.9000244140625
 21
315.49997965494794
 31
0.0
  0
LINE
  5
5F9
330
17
100
AcDbEntity
  8
EJE_VIA
100
AcDbLine
 10
461.9333224826389
 20
313.6333211263021
 30
0.0
 11
461.9333224826389
 21
315.6333414713542
 31
0.0
  0
LINE
  5
5FA
330
17
100
AcDbEntity
  8
EJE_VIA
100
AcDbLine
 10
361.933356391059
 20
313.566657172309
 30
0.0
 11
361.933356391059
 21
315.566643608941
 31
0.0
  0
LINE
  5
5FB
330
17
100
AcDbEntity
  8
EJE_VIA
100
AcDbLine
 10
360.16665988498266
 20
281.066657172309
 30
0.0
 11
372.16668023003473
 21
281.09998914930554
 31
0.0
  0
LWPOLYLINE
  5
5FC
330
17
100
AcDbEntity
  8
EJE_VIA
100
AcDbPolyline
 90
17
 70
0
 10
351.76662868923614
 20
240.4576449924045
 10
351.79897696607645
 20
239.64298857996863
 10
351.8957946697871
 20
238.8431912329462
 10
352.05487190849254
 20
238.06126539491945
 10
352.27399879031714
 20
237.30022350947064
 10
352.5509654233853
 20
236.56307802018193
 10
352.88356191582153
 20
235.85284137063556
 10
353.26957837575014
 20
235.17252600441378
 10
353.7068049112956
 20
234.52514436509875
 10
354.1930316305823
 20
233.9137088962727
 10
354.7260486417347
 20
233.3412320415179
 10
355.3036460528771
 20
232.81072624441651
 10
355.9236139721341
 20
232.32520394855075
 10
356.58374250762995
 20
231.8876775975029
 10
357.28182176748913
 20
231.50115963485507
 10
358.0156418598361
 20
231.16866250418954
 10
358.78299289279516
 20
230.89319864908856
  0
LWPOLYLINE
  5
5FD
330
17
100
AcDbEntity
  8
EJE_VIA
100
AcDbPolyline
 90
17
 70
0
 10
352.2666422526042
 20
240.45725504557294
 10
352.2973705745406
 20
239.68326646834612
 10
352.3893510633045
 20
238.92339458068213
 10
352.5404840956132
 20
238.18050152311724
 10
352.7486700481839
 20
237.45744943618774
 10
353.01180929773386
 20
236.75710046043
 10
353.32780222098035
 20
236.08231673638028
 10
353.6945491946406
 20
235.43596040457487
 10
354.1099505954319
 20
234.82089360555014
 10
354.5719068000714
 20
234.23997847984236
 10
355.0783181852765
 20
233.69607716798782
 10
355.6270851277643
 20
233.19205181052288
 10
356.21610800425213
 20
232.73076454798382
 10
356.84328719145725
 20
232.31507752090693
 10
357.50652306609686
 20
231.94785286982855
 10
358.20371600488824
 20
231.63195273528498
 10
358.93276638454864
 20
231.3702392578125
  0
LWPOLYLINE
  5
5FE
330
17
100
AcDbEntity
  8
EJE_VIA
100
AcDbPolyline
 90
16
 70
0
 10
358.7788221571181
 20
230.91334025065106
 10
358.89575845665405
 20
230.88410761621265
 10
359.0140803654989
 20
230.86900922987198
 10
359.1325763199065
 20
230.867844025294
 10
359.2500347561307
 20
230.88041093614368
 10
359.36524411042535
 20
230.90650889608597
 10
359.47699281904437
 20
230.94593683878583
 10
359.5840693182416
 20
230.9984936979082
 10
359.68526204427087
 20
231.06397840711807
 10
359.8204449315866
 20
231.1830809671018
 10
359.9312063058218
 20
231.3222784135077
 10
359.99055650499133
 20
231.42441431681317
 10
360.037667883767
 20
231.53274195061792
 10
360.07198651631677
 20
231.6461655828688
 10
360.09295847680835
 20
231.76358948151272
 10
360.10002983940973
 20
231.88391791449655
  0
LWPOLYLINE
  5
5FF
330
17
100
AcDbEntity
  8
EJE_VIA
100
AcDbPolyline
 90
8
 70
0
 10
358.9285956488715
 20
231.390380859375
 10
359.04814084370935
 20
231.36785189310712
 10
359.16804843478735
 20
231.37364705403647
 10
359.28339110480414
 20
231.40694618225098
 10
359.38924153645837
 20
231.46692911783856
 10
359.496911863486
 20
231.5736026606626
 10
359.55716301997506
 20
231.67727677772444
 10
359.591966966788
 20
231.79242240471973
  0
LWPOLYLINE
  5
600
330
17
100
AcDbEntity
  8
EJE_VIA
100
AcDbPolyline
 90
17
 70
0
 10
355.77985975477435
 20
253.73335096571182
 10
355.16527521941396
 20
253.7019858509302
 10
354.568446609709
 20
253.6106261279848
 10
353.9923908147547
 20
253.46228804025387
 10
353.44012472364636
 20
253.25998783111572
 10
352.9146652254793
 20
253.00674174394874
 10
352.4190292093489
 20
252.7055660221312
 10
351.9562335643503
 20
252.3594769090414
 10
351.529295179579
 20
251.97149064805774
 10
351.14123094413014
 20
251.54462348255848
 10
350.7950577470991
 20
251.08189165592194
 10
350.4937924775812
 20
250.58631141152648
 10
350.24045202467175
 20
250.0608989927504
 10
350.038053277466
 20
249.508670642972
 10
349.8896131250593
 20
248.93264260556964
 10
349.798148456547
 20
248.33583112392162
 10
349.7666761610243
 20
247.72125244140625
  0
LWPOLYLINE
  5
601
330
17
100
AcDbEntity
  8
EJE_VIA
100
AcDbPolyline
 90
33
 70
0
 10
349.7666422526042
 20
240.45917087131076
 10
349.7809801830186
 20
239.86276450256508
 10
349.82463704215155
 20
239.2703911330965
 10
349.8972041408221
 20
238.6830383621984
 10
349.9982727898492
 20
238.10169378916424
 10
350.1274343000518
 20
237.52734501328734
 10
350.28427998224896
 20
236.96097963386111
 10
350.4684011472596
 20
236.403585250179
 10
350.67938910590277
 20
235.8561494615343
 10
350.91683516899747
 20
235.31965986722045
 10
351.1803306473626
 20
234.79510406653088
 10
351.46946685181723
 20
234.28346965875892
 10
351.78383509318036
 20
233.78574424319797
 10
352.1230266822709
 20
233.30291541914147
 10
352.4866329299079
 20
232.83597078588275
 10
352.87424514691037
 20
232.38589794271522
 10
353.28545464409723
 20
231.9536844889323
 10
353.71759380731316
 20
231.54239096989235
 10
354.16759643289777
 20
231.15469207366309
 10
354.6344750208987
 20
230.79099661360186
 10
355.11724207136365
 20
230.451713403066
 10
355.61491008434035
 20
230.1372512554129
 10
356.12649155987634
 20
229.8480189839999
 10
356.6509989980195
 20
229.58442540218434
 10
357.1874448988173
 20
229.34687932332358
 10
357.73484176231756
 20
229.13578956077498
 10
358.292202088568
 20
228.95156492789587
 10
358.8585383776162
 20
228.79461423804364
 10
359.4328631295098
 20
228.66534630457562
 10
360.0141888442967
 20
228.56416994084915
 10
360.6015280220244
 20
228.49149396022162
 10
361.1938931627406
 20
228.44772717605036
 10
361.7902967664931
 20
228.43327840169272
  0
LWPOLYLINE
  5
602
330
17
100
AcDbEntity
  8
EJE_VIA
100
AcDbPolyline
 90
3
 70
0
 10
373.6000230577257
 20
251.09998914930557
 10
373.6000230577257
 20
253.70000203450522
 10
355.80000135633685
 20
253.70000203450522
  0
LWPOLYLINE
  5
603
330
17
100
AcDbEntity
  8
EJE_VIA
100
AcDbPolyline
 90
17
 70
0
 10
355.77985975477435
 20
253.73335096571182
 10
355.45274613632097
 20
253.72427431659568
 10
355.12831303808423
 20
253.69762033224106
 10
354.80719614360066
 20
253.65368075254892
 10
354.4900311364068
 20
253.59274731742013
 10
354.1774537000391
 20
253.51511176675558
 10
353.8700995180342
 20
253.42106584045624
 10
353.56860427392854
 20
253.31090127842296
 10
353.27360365125867
 20
253.18490982055664
 10
352.98573333356114
 20
253.04338320675825
 10
352.7056290043725
 20
252.88661317692865
 10
352.4339263472292
 20
252.71489147096872
 10
352.17126104566785
 20
252.52850982877945
 10
351.91826878322496
 20
252.32775999026168
 10
351.675585243437
 20
252.11293369531631
 10
351.4438461098406
 20
251.88432268384432
 10
351.22368706597223
 20
251.64221869574655
  0
LWPOLYLINE
  5
604
330
17
100
AcDbEntity
  8
EJE_VIA
100
AcDbPolyline
 90
7
 70
0
 10
351.26668294270837
 20
251.60000271267361
 10
348.8333468967014
 20
251.60000271267361
 10
347.83335367838544
 20
248.19998847113717
 10
347.8000217013889
 20
234.66666327582467
 10
355.999993218316
 20
226.43332587348092
 10
368.06667751736114
 20
226.46665785047745
 10
368.06667751736114
 20
230.96666124131946
  0
LINE
  5
605
330
17
100
AcDbEntity
  8
EJE_VIA
100
AcDbLine
 10
372.1000162760417
 20
248.19998847113717
 30
0.0
 11
360.0999959309896
 21
248.19998847113717
 31
0.0
  0
LWPOLYLINE
  5
606
330
17
100
AcDbEntity
  8
EJE_VIA
100
AcDbPolyline
 90
11
 70
0
 10
366.066657172309
 20
231.48273044162326
 10
366.07196856704024
 20
231.3787851937943
 10
366.0874347554313
 20
231.27784851524567
 10
366.1467864778307
 20
231.08704381518893
 10
366.2406222687827
 20
230.91440223985248
 10
366.3648520575629
 20
230.76400968763565
 10
366.51538577344684
 20
230.63995205693774
 10
366.6881333457099
 20
230.54631524615817
 10
366.8790047036277
 20
230.4871851536963
 10
366.9799586551057
 20
230.47183697008424
 10
367.0839097764757
 20
230.46664767795139
  0
LWPOLYLINE
  5
607
330
17
100
AcDbEntity
  8
EJE_VIA
100
AcDbPolyline
 90
7
 70
0
 10
366.5666707356771
 20
231.48301866319446
 10
366.5772294998169
 20
231.37890087233652
 10
366.62917613983154
 20
231.23678566681016
 10
366.7182159423828
 20
231.11777411566842
 10
366.83733224868774
 20
231.0288748310672
 10
366.9795083999634
 20
230.97709642516244
 10
367.0836385091146
 20
230.96666124131946
  0
LWPOLYLINE
  5
608
330
17
100
AcDbEntity
  8
EJE_VIA
100
AcDbPolyline
 90
11
 70
0
 10
372.1333482530382
 20
278.6160617404514
 10
372.13865964776943
 20
278.51211649262245
 10
372.15412583616046
 20
278.41117981407376
 10
372.2134775585599
 20
278.2203751140171
 10
372.3073133495119
 20
278.04773353868063
 10
372.4315431382921
 20
277.89734098646375
 10
372.582076854176
 20
277.7732833557659
 10
372.7548244264391
 20
277.6796465449863
 10
372.9456957843569
 20
277.6205164525244
 10
373.0466497358349
 20
277.6051682689124
 10
373.1506008572049
 20
277.59997897677954
  0
LWPOLYLINE
  5
609
330
17
100
AcDbEntity
  8
EJE_VIA
100
AcDbPolyline
 90
11
 70
0
 10
373.14944797092016
 20
286.63333468967016
 10
373.045502718952
 20
286.62802329493894
 10
372.94456601142883
 20
286.6125571065479
 10
372.7537610795763
 20
286.5532053841485
 10
372.5811188750797
 20
286.45936959319647
 10
372.43072509765625
 20
286.33513980441626
 10
372.3066654470232
 20
286.18460608853235
 10
372.2130256228977
 20
286.0118585162693
 10
372.15389132499695
 20
285.8209871583515
 10
372.1385405295425
 20
285.7200332068735
 10
372.1333482530382
 20
285.6160820855035
  0
LWPOLYLINE
  5
60A
330
17
100
AcDbEntity
  8
EJE_VIA
100
AcDbPolyline
 90
7
 70
0
 10
372.63336181640625
 20
278.6163499620226
 10
372.6439205805461
 20
278.5122321711646
 10
372.69586722056073
 20
278.37011696563826
 10
372.784907023112
 20
278.2511054144965
 10
372.90402332941693
 20
278.1622061298953
 10
373.04619948069256
 20
278.11042772399054
 10
373.15032958984375
 20
278.0999925401476
  0
LWPOLYLINE
  5
60B
330
17
100
AcDbEntity
  8
EJE_VIA
100
AcDbPolyline
 90
7
 70
0
 10
373.14971923828125
 20
286.1333211263021
 10
373.04560144742334
 20
286.1227623621623
 10
372.903486241897
 20
286.07081572214764
 10
372.78447469075525
 20
285.9817759195964
 10
372.69557540615403
 20
285.86265961329144
 10
372.64379700024926
 20
285.7204834620158
 10
372.63336181640625
 20
285.6163533528646
  0
LWPOLYLINE
  5
60C
330
17
100
AcDbEntity
  8
EJE_VIA
100
AcDbPolyline
 90
12
 70
0
 10
351.79999457465277
 20
278.5841030544705
 10
351.80490275224054
 20
278.4835255808301
 10
351.83052403231466
 20
278.33605348236034
 10
351.87722524007165
 20
278.19466061062286
 10
351.94407162566984
 20
278.06160404450367
 10
352.0301284392675
 20
277.9391408628888
 10
352.1342695918348
 20
277.82970017857025
 10
352.2526815202501
 20
277.7374214596219
 10
352.38244098093776
 20
277.6640433735318
 10
352.5212922361162
 20
277.61049932903717
 10
352.66697954800395
 20
277.5777227348752
 10
352.81724717881946
 20
277.566646999783
  0
LWPOLYLINE
  5
60D
330
17
100
AcDbEntity
  8
EJE_VIA
100
AcDbPolyline
 90
17
 70
0
 10
355.8143446180556
 20
286.60000271267364
 10
355.4040583388673
 20
286.57906421356734
 10
355.00562489032745
 20
286.5180742740631
 10
354.6210583630535
 20
286.41904643840263
 10
354.252372847663
 20
286.2839942508274
 10
353.90158243477345
 20
286.114931255579
 10
353.57070121500226
 20
285.9138709968991
 10
353.261743278967
 20
285.6828270190292
 10
352.97672271728516
 20
285.42381286621094
 10
352.7176536205742
 20
285.1388420826859
 10
352.48655007945166
 20
284.8299282126957
 10
352.285426184535
 20
284.4990848004818
 10
352.1162960264418
 20
284.14832539028595
 10
351.98117369578944
 20
283.7796635263496
 10
351.8820732831955
 20
283.39511275291443
 10
351.82100887927743
 20
282.996686614222
 10
351.79999457465277
 20
282.5863986545139
  0
LWPOLYLINE
  5
60E
330
17
100
AcDbEntity
  8
EJE_VIA
100
AcDbPolyline
 90
11
 70
0
 10
360.16669379340277
 20
285.5839029947917
 10
360.1613823986716
 20
285.68784824675987
 10
360.1459162102805
 20
285.78878495428296
 10
360.08656448788116
 20
285.97958988613556
 10
359.9927286969291
 20
286.15223209063214
 10
359.86849890814887
 20
286.30262586805554
 10
359.717965192265
 20
286.42668551868866
 10
359.5452176200019
 20
286.52032534281415
 10
359.3543462620841
 20
286.57945964071484
 10
359.2533923106061
 20
286.5948104361693
 10
359.14944118923614
 20
286.60000271267364
  0
LWPOLYLINE
  5
60F
330
17
100
AcDbEntity
  8
EJE_VIA
100
AcDbPolyline
 90
11
 70
0
 10
359.15059407552087
 20
277.566646999783
 10
359.254539327489
 20
277.5719557909502
 10
359.35547603501215
 20
277.5874204436938
 10
359.5462809668647
 20
277.6467718018426
 10
359.7189231713613
 20
277.74061001009414
 10
359.86931694878473
 20
277.86484400431317
 10
359.9933765994178
 20
278.01538272036447
 10
360.08701642354333
 20
278.18813509411285
 10
360.14615072144403
 20
278.379010061423
 10
360.1615015168985
 20
278.4799650601215
 10
360.16669379340277
 20
278.58391655815973
  0
LWPOLYLINE
  5
610
330
17
100
AcDbEntity
  8
EJE_VIA
100
AcDbPolyline
 90
7
 70
0
 10
352.30000813802087
 20
278.5837131076389
 10
352.30996820661755
 20
278.48235501183404
 10
352.3494620372852
 20
278.3627395414644
 10
352.41695887512634
 20
278.2559477620655
 10
352.5300534566244
 20
278.15343777338666
 10
352.64259729120465
 20
278.0968615619673
 10
352.7658600277371
 20
278.0691619382964
  0
LWPOLYLINE
  5
611
330
17
100
AcDbEntity
  8
EJE_VIA
100
AcDbPolyline
 90
17
 70
0
 10
355.81464979383685
 20
286.1000230577257
 10
355.4554310937723
 20
286.0816864545147
 10
355.1065912511614
 20
286.0282842649354
 10
354.76989347073766
 20
285.94157942053346
 10
354.44710095723474
 20
285.82333485285443
 10
354.139976915386
 20
285.67531349344387
 10
353.85028454992505
 20
285.4992782738474
 10
353.5797870655855
 20
285.29699212561053
 10
353.3302476671007
 20
285.07021798027887
 10
353.1034295592043
 20
284.820718769398
 10
352.9010959466299
 20
284.5502574245135
 10
352.7250100341108
 20
284.26059687717094
 10
352.57693502638074
 20
283.9535000589159
 10
352.45863412817323
 20
283.63072990129393
 10
352.3718705442217
 20
283.2940493358506
 10
352.3184074792597
 20
282.94522129413156
 10
352.30000813802087
 20
282.5860087076823
  0
LWPOLYLINE
  5
612
330
17
100
AcDbEntity
  8
EJE_VIA
100
AcDbPolyline
 90
7
 70
0
 10
359.66668023003473
 20
285.58363172743054
 10
359.65612146589496
 20
285.6877495182885
 10
359.6041748258803
 20
285.82986472381486
 10
359.51513502332904
 20
285.9488762749566
 10
359.3960187170241
 20
286.0377755595578
 10
359.25384256574847
 20
286.0895539654626
 10
359.14971245659723
 20
286.09998914930554
  0
LWPOLYLINE
  5
613
330
17
100
AcDbEntity
  8
EJE_VIA
100
AcDbPolyline
 90
7
 70
0
 10
359.15032280815973
 20
278.06666056315106
 10
359.2544405990177
 20
278.0772137641907
 10
359.39655580454405
 20
278.1291550397873
 10
359.5155673556858
 20
278.2181930541992
 10
359.604466640287
 20
278.3373111486435
 10
359.65624504619177
 20
278.47949266433716
 10
359.66668023003473
 20
278.58362833658856
  0
LWPOLYLINE
  5
614
330
17
100
AcDbEntity
  8
EJE_VIA
100
AcDbPolyline
 90
17
 70
0
 10
310.81787109375
 20
277.56663004557294
 10
311.2282485514879
 20
277.5874577214321
 10
311.6267766555151
 20
277.64835615952813
 10
312.01144002377987
 20
277.7473108718793
 10
312.38022327423096
 20
277.8823073705038
 10
312.73111102481687
 20
278.0513311674198
 10
313.062087893486
 20
278.2523677746455
 10
313.37113849818707
 20
278.4834027041992
 10
313.6562474568685
 20
278.742421468099
 10
313.91539938747883
 20
279.0274095783631
 10
314.1465789079666
 20
279.3363525470098
 10
314.3477706362804
 20
279.66723588605726
 10
314.51695919036865
 20
280.0180451075236
 10
314.65212918817997
 20
280.3867657234272
 10
314.7512652476629
 20
280.77138324578607
 10
314.81235198676586
 20
281.1698831866185
 10
314.8333740234375
 20
281.58025105794275
  0
LWPOLYLINE
  5
615
330
17
100
AcDbEntity
  8
EJE_VIA
100
AcDbPolyline
 90
17
 70
0
 10
310.8177015516493
 20
278.066643608941
 10
311.1769987311628
 20
278.0848777625296
 10
311.52592062950134
 20
278.13819461398657
 10
311.86270284983846
 20
278.22483046187295
 10
312.1855809953478
 20
278.3430216047499
 10
312.4927906692028
 20
278.4910043411785
 10
312.78256747457715
 20
278.6670149697198
 10
313.0531470146444
 20
278.8692897889349
 10
313.3027648925781
 20
279.096065097385
 10
313.52965671155187
 20
279.3455771936311
 10
313.73205807473926
 20
279.61606237623425
 10
313.9082045853138
 20
279.9057569437557
 10
314.0563318464491
 20
280.2128971947564
 10
314.17467546131877
 20
280.5357194277975
 10
314.2614710330963
 20
280.8724599414402
 10
314.31495416495534
 20
281.2213550342454
 10
314.33336046006946
 20
281.5806410047743
  0
LWPOLYLINE
  5
616
330
17
100
AcDbEntity
  8
EJE_VIA
100
AcDbPolyline
 90
33
 70
0
 10
314.83340793185766
 20
288.57571072048614
 10
314.8214551061392
 20
289.07275896933345
 10
314.785073267089
 20
289.566447602378
 10
314.72460270755823
 20
290.0559537774987
 10
314.64038372039795
 20
290.54045465257434
 10
314.53275659845934
 20
291.01912738548384
 10
314.40206163459357
 20
291.49114913410614
 10
314.24863912165165
 20
291.95569705632
 10
314.0728293524848
 20
292.41194831000433
 10
313.8749726199442
 20
292.8590800530381
 10
313.6554092168808
 20
293.29626944330005
 10
313.4144794361459
 20
293.7226936386691
 10
313.1525235705906
 20
294.13752979702423
 10
312.8698819130659
 20
294.53995507624415
 10
312.5668947564231
 20
294.9291466342078
 10
312.2439023935133
 20
295.3042816287942
 10
311.9012451171875
 20
295.66453721788196
 10
311.54115004671945
 20
296.0073696573576
 10
311.16616593466864
 20
296.33054388893976
 10
310.77711552381516
 20
296.63371917274264
 10
310.374821556939
 20
296.91655476888025
 10
309.9601067768203
 20
297.1787099374665
 10
309.533793926239
 20
297.4198439386156
 10
309.09670574797525
 20
297.6396160324415
 10
308.649664984809
 20
297.83768547905817
 10
308.1934943795204
 20
298.01371153857974
 10
307.72901667488946
 20
298.16735347112024
 10
307.2570546136962
 20
298.2982705367936
 10
306.7784309387207
 20
298.406121995714
 10
306.293968392743
 20
298.4905671079954
 10
305.80448971854315
 20
298.55126513375177
 10
305.3108176589012
 20
298.58787533309726
 10
304.81377495659723
 20
298.60005696614587
  0
LWPOLYLINE
  5
617
330
17
100
AcDbEntity
  8
EJE_VIA
100
AcDbPolyline
 90
33
 70
0
 10
314.3333943684896
 20
288.57608371310766
 10
314.3220435248481
 20
289.0483182171981
 10
314.2874818378025
 20
289.51736198531256
 10
314.2300327618917
 20
289.9824331038528
 10
314.1500197516547
 20
290.4427496592204
 10
314.0477662616306
 20
290.8975297378169
 10
313.9235957463583
 20
291.34599142604407
 10
313.77783166037665
 20
291.7873528103034
 10
313.61079745822485
 20
292.2208319769965
 10
313.42281659444177
 20
292.64564701252516
 10
313.21421252356635
 20
293.06101600329083
 10
312.9853087001377
 20
293.4661570356952
 10
312.7364285786947
 20
293.8602881961399
 10
312.4678956137763
 20
294.2426275710265
 10
312.18003325992163
 20
294.61239324675665
 10
311.87316497166955
 20
294.96880330973204
 10
311.547614203559
 20
295.3110758463542
 10
311.20549062059985
 20
295.6367946581708
 10
310.8492220110364
 20
295.9438363048765
 10
310.4795899407731
 20
296.2318770835797
 10
310.0973759757148
 20
296.5005932913886
 10
309.703361681766
 20
296.7496612254116
 10
309.2983286248313
 20
296.9787571827571
 10
308.8830583708154
 20
297.18755746053324
 10
308.45833248562286
 20
297.3757383558485
 10
308.02493253515826
 20
297.54297616581124
 10
307.5836400853263
 20
297.68894718752966
 10
307.1352367020316
 20
297.8133277181122
 10
306.68050395117865
 20
297.9157940546672
 10
306.2202233986722
 20
297.99602249430285
 10
305.75517661041687
 20
298.0536893341276
 10
305.28614515231715
 20
298.08847087124985
 10
304.81391059027777
 20
298.10004340277777
  0
LWPOLYLINE
  5
618
330
17
100
AcDbEntity
  8
EJE_VIA
100
AcDbPolyline
 90
17
 70
0
 10
310.8184475368924
 20
275.5666266547309
 10
311.43316325214175
 20
275.5978250627717
 10
312.03012969758777
 20
275.6890462173356
 10
312.60632789797256
 20
275.83727260844574
 10
313.1587388780382
 20
276.0394867261251
 10
313.6843436625269
 20
276.2926710603966
 10
314.1801232761807
 20
276.5938081012832
 10
314.6430587437418
 20
276.93988033880794
 10
315.07013108995227
 20
277.3278702629937
 10
315.4583213395543
 20
277.75476036386357
 10
315.8046105172899
 20
278.2175331314405
 10
316.10597964790134
 20
278.7131710557474
 10
316.3594097561307
 20
279.2386566268073
 10
316.56188186672
 20
279.79097233464324
 10
316.7103770044115
 20
280.36710066927805
 10
316.8018761939473
 20
280.9640241207348
 10
316.83336046006946
 20
281.5787251790365
  0
LWPOLYLINE
  5
619
330
17
100
AcDbEntity
  8
EJE_VIA
100
AcDbPolyline
 90
6
 70
0
 10
303.5333251953125
 20
294.11634657118054
 10
303.54345604777336
 20
293.9734403375122
 10
303.5732591152191
 20
293.8344934913847
 10
303.6219646036625
 20
293.7014627042744
 10
303.6888027191162
 20
293.5763046476576
 10
303.773003667593
 20
293.4609759930107
  0
LWPOLYLINE
  5
61A
330
17
100
AcDbEntity
  8
EJE_VIA
100
AcDbPolyline
 90
6
 70
0
 10
296.3333468967014
 20
302.6999918619792
 10
321.20001898871527
 20
302.6999918619792
 10
321.20001898871527
 20
293.83331298828125
 10
318.8333468967014
 20
291.3999769422743
 10
318.8333468967014
 20
277.56666395399304
 10
315.3000217013889
 20
277.5333319769965
  0
LWPOLYLINE
  5
61B
330
17
100
AcDbEntity
  8
EJE_VIA
100
AcDbPolyline
 90
17
 70
0
 10
310.8184475368924
 20
275.5666266547309
 10
311.13701093528005
 20
275.5751475567619
 10
311.4531036218008
 20
275.6003503335847
 10
311.76613441771934
 20
275.64197165684567
 10
312.07551214430066
 20
275.69974819819134
 10
312.38064562280977
 20
275.77341662926807
 10
312.6809436745114
 20
275.8627136217223
 10
312.9758151206705
 20
275.96737584720057
 10
313.2646687825521
 20
276.0871399773492
 10
313.546913481421
 20
276.2217426838146
 10
313.821958038542
 20
276.3709206382434
 10
314.0892112751802
 20
276.5344105122818
 10
314.3480820126004
 20
276.71194897757636
 10
314.59797907206746
 20
276.90327270577353
 10
314.83831127484643
 20
277.1081183685197
 10
315.06848744220207
 20
277.3262226374613
 10
315.2879163953993
 20
277.5573221842448
  0
LWPOLYLINE
  5
61C
330
17
100
AcDbEntity
  8
EJE_VIA
100
AcDbPolyline
 90
12
 70
0
 10
314.80000813802087
 20
250.58254665798611
 10
314.7951015498903
 20
250.68310515748132
 10
314.76948861446647
 20
250.83055009858478
 10
314.7228029039171
 20
250.97191916571725
 10
314.65597916808395
 20
251.10495729164947
 10
314.56995215680865
 20
251.22740940915216
 10
314.46584755347834
 20
251.33684522575803
 10
314.34747325049506
 20
251.42912334865994
 10
314.2177496271001
 20
251.50251156753964
 10
314.07893107997046
 20
251.55607647365994
 10
313.9332720057832
 20
251.58888465828366
 10
313.78302680121527
 20
251.60000271267361
  0
LWPOLYLINE
  5
61D
330
17
100
AcDbEntity
  8
EJE_VIA
100
AcDbPolyline
 90
7
 70
0
 10
314.29999457465277
 20
250.58293660481772
 10
314.2900403340658
 20
250.68427960077923
 10
314.25056682692633
 20
250.80387451996407
 10
314.1830990049574
 20
250.91065257787704
 10
314.0700234307183
 20
251.01316425535416
 10
313.95750542481744
 20
251.06975338111323
 10
313.8342883851793
 20
251.09747585323123
  0
LWPOLYLINE
  5
61E
330
17
100
AcDbEntity
  8
EJE_VIA
100
AcDbPolyline
 90
17
 70
0
 10
310.7845391167535
 20
242.56663004557294
 10
311.1949165744914
 20
242.58745772143206
 10
311.5934446785185
 20
242.6483561595281
 10
311.97810804678335
 20
242.74731087187928
 10
312.34689129723444
 20
242.88230737050375
 10
312.6977790478203
 20
243.05133116741976
 10
313.0287559164895
 20
243.2523677746455
 10
313.33780652119054
 20
243.48340270419916
 10
313.62291547987195
 20
243.74242146809897
 10
313.8820674104823
 20
244.02740957836312
 10
314.1132469309701
 20
244.3363525470098
 10
314.31443865928384
 20
244.66723588605723
 10
314.48362721337213
 20
245.01804510752362
 10
314.61879721118345
 20
245.38676572342715
 10
314.7179332706663
 20
245.77138324578604
 10
314.77902000976934
 20
246.1698831866185
 10
314.800042046441
 20
246.58025105794272
  0
LWPOLYLINE
  5
61F
330
17
100
AcDbEntity
  8
EJE_VIA
100
AcDbPolyline
 90
17
 70
0
 10
310.78436957465277
 20
243.06664360894098
 10
311.1436667541663
 20
243.0848777625296
 10
311.4925886525048
 20
243.13819461398654
 10
311.82937087284193
 20
243.22483046187295
 10
312.15224901835126
 20
243.3430216047499
 10
312.4594586922063
 20
243.49100434117847
 10
312.7492354975806
 20
243.6670149697198
 10
313.0198150376479
 20
243.86928978893494
 10
313.2694329155816
 20
244.09606509738498
 10
313.49632473455534
 20
244.34557719363107
 10
313.69872609774274
 20
244.61606237623428
 10
313.8748726083173
 20
244.90575694375568
 10
314.0229998694526
 20
245.2128971947564
 10
314.14134348432225
 20
245.53571942779755
 10
314.2281390560998
 20
245.87245994144016
 10
314.2816221879588
 20
246.2213550342454
 10
314.30002848307294
 20
246.58064100477432
  0
LINE
  5
620
330
17
100
AcDbEntity
  8
EJE_VIA
100
AcDbLine
 10
360.0999959309896
 20
233.83332994249133
 30
0.0
 11
367.43333604600696
 21
233.83332994249133
 31
0.0
  0
LWPOLYLINE
  5
621
330
17
100
AcDbEntity
  8
EJE_VIA
100
AcDbPolyline
 90
17
 70
0
 10
359.79539659288196
 20
231.14323933919272
 10
359.9184043539895
 20
231.11781308220495
 10
360.04169940948486
 20
231.094019346767
 10
360.1652654674318
 20
231.07185987134775
 10
360.2890862358941
 20
231.05133639441598
 10
360.4131454229355
 20
231.03245065444045
 10
360.53742673661975
 20
231.01520438989004
 10
360.6619138850106
 20
230.99959933923353
 10
360.7865905761719
 20
230.98563724093967
 10
360.9114405181673
 20
230.97331983347735
 10
361.0364474190606
 20
230.96264885531534
 10
361.1615949869156
 20
230.9536260449224
 10
361.286866929796
 20
230.94625314076742
 10
361.4122469557656
 20
230.94053188131917
 10
361.5377187728882
 20
230.93646400504642
 10
361.6632660892275
 20
230.93405125041804
 10
361.78887261284723
 20
230.9332953559028
  0
LWPOLYLINE
  5
622
330
17
100
AcDbEntity
  8
EJE_VIA
100
AcDbPolyline
 90
17
 70
0
 10
358.78299289279516
 20
230.89319864908856
 10
358.9658637096485
 20
230.83769670377177
 10
359.1496424542533
 20
230.7857260107994
 10
359.3342778169447
 20
230.73729439328116
 10
359.5197184880575
 20
230.6924096743266
 10
359.70591315792666
 20
230.65107967704535
 10
359.89281051688727
 20
230.6133122245471
 10
360.0803592552742
 20
230.5791151399414
 10
360.2685080634223
 20
230.5484962463379
 10
360.45720563166674
 20
230.52146336684626
 10
360.64640065034234
 20
230.49802432457608
 10
360.83604180978404
 20
230.47818694263697
 10
361.0260778003269
 20
230.4619590441386
 10
361.2164573123058
 20
230.44934845219058
 10
361.40712903605566
 20
230.4403629899025
 10
361.59804166191157
 20
230.43501048038405
 10
361.78914388020837
 20
230.4332987467448
  0
LWPOLYLINE
  5
623
330
17
100
AcDbEntity
  8
EJE_VIA
100
AcDbPolyline
 90
5
 70
0
 10
360.16665988498266
 20
281.066657172309
 10
372.16668023003473
 20
281.09998914930554
 10
372.16668023003473
 20
278.0999925401476
 10
360.16665988498266
 20
278.06666056315106
 10
360.16665988498266
 20
281.066657172309
  0
LWPOLYLINE
  5
624
330
17
100
AcDbEntity
  8
EJE_VIA
100
AcDbPolyline
 90
5
 70
0
 10
360.0999959309896
 20
251.20000203450522
 10
372.1000162760417
 20
251.20000203450522
 10
372.1000162760417
 20
248.19998847113717
 10
360.0999959309896
 20
248.19998847113717
 10
360.0999959309896
 20
251.20000203450522
  0
LWPOLYLINE
  5
625
330
17
100
AcDbEntity
  8
EJE_VIA
100
AcDbPolyline
 90
5
 70
0
 10
297.56666395399304
 20
287.23331027560766
 10
305.83333333333337
 20
287.2666761610243
 10
305.83333333333337
 20
284.26666259765625
 10
297.56666395399304
 20
284.23333062065973
 10
297.56666395399304
 20
287.23331027560766
  0
LWPOLYLINE
  5
626
330
17
100
AcDbEntity
  8
EJE_VIA
100
AcDbPolyline
 90
5
 70
0
 10
297.3333401150174
 20
295.06666395399304
 10
297.3333401150174
 20
298.066643608941
 10
303.5666910807292
 20
298.066643608941
 10
303.5666910807292
 20
295.06666395399304
 10
297.3333401150174
 20
295.06666395399304
  0
LWPOLYLINE
  5
627
330
17
100
AcDbEntity
  8
EJE_VIA
100
AcDbPolyline
 90
5
 70
0
 10
366.1000230577257
 20
230.96666124131946
 10
366.1000230577257
 20
232.0999993218316
 10
367.43333604600696
 20
233.83332994249133
 10
360.0999959309896
 20
233.83332994249133
 10
360.0999959309896
 20
231.09998914930557
  0
LWPOLYLINE
  5
628
330
17
100
AcDbEntity
  8
EJE_VIA
100
AcDbPolyline
 90
17
 70
0
 10
360.0916883680556
 20
231.08484903971356
 10
360.1967919452323
 20
231.0664716901051
 10
360.30207150512274
 20
231.04927741818958
 10
360.4075170639489
 20
231.03326714287203
 10
360.5131186379327
 20
231.01844178305734
 10
360.6188662432962
 20
231.00480225765043
 10
360.72474989626147
 20
230.9923494855563
 10
360.83075961305036
 20
230.98108438567985
 10
360.936885409885
 20
230.971007876926
 10
361.04311730298735
 20
230.96212087819976
 10
361.14944530857935
 20
230.954424308406
 10
361.2558594428831
 20
230.94791908644967
 10
361.36234972212054
 20
230.94260613123578
 10
361.46890616251363
 20
230.9384863616692
 10
361.5755187802845
 20
230.93556069665485
 10
361.68217759165503
 20
230.93383005509776
 10
361.78887261284723
 20
230.9332953559028
  0
LINE
  5
629
330
17
100
AcDbEntity
  8
EJE_VIA
100
AcDbLine
 10
361.79999457465277
 20
230.93332926432294
 30
0.0
 11
366.1000230577257
 21
230.96666124131946
 31
0.0
  0
LWPOLYLINE
  5
62A
330
17
100
AcDbEntity
  8
EJE_VIA
100
AcDbPolyline
 90
5
 70
0
 10
360.0999959309896
 20
242.69999186197919
 10
370.93332926432294
 20
242.69999186197919
 10
370.93332926432294
 20
239.6999952528212
 10
360.0999959309896
 20
239.6999952528212
 10
360.0999959309896
 20
242.69999186197919
  0
LWPOLYLINE
  5
62B
330
17
100
AcDbEntity
  8
EJE_VIA
100
AcDbPolyline
 90
11
 70
0
 10
373.08275010850696
 20
251.63333468967016
 10
372.9788048565388
 20
251.62802589850295
 10
372.8778681490157
 20
251.61256124575934
 10
372.6870632171631
 20
251.55320988761056
 10
372.5144210126665
 20
251.45937167935904
 10
372.3640272352431
 20
251.33513768513998
 10
372.23996758461
 20
251.18459896908868
 10
372.1463277604845
 20
251.01184659534033
 10
372.0871934625838
 20
250.82097162803015
 10
372.0718426671293
 20
250.72001662933167
 10
372.066650390625
 20
250.61606513129342
  0
LWPOLYLINE
  5
62C
330
17
100
AcDbEntity
  8
EJE_VIA
100
AcDbPolyline
 90
7
 70
0
 10
373.0830213758681
 20
251.1333211263021
 10
372.97890358501013
 20
251.12276792526245
 10
372.8367883794838
 20
251.07082664966583
 10
372.71777682834204
 20
250.9817886352539
 10
372.6288775437408
 20
250.86267054080963
 10
372.57709913783606
 20
250.72048902511597
 10
372.5666639539931
 20
250.6163533528646
  0
LWPOLYLINE
  5
62D
330
17
100
AcDbEntity
  8
EJE_VIA
100
AcDbPolyline
 90
11
 70
0
 10
360.10002983940973
 20
250.58391994900174
 10
360.09471844467856
 20
250.6878651968307
 10
360.0792522562875
 20
250.78880187537936
 10
360.0199005338881
 20
250.97960657543607
 10
359.92606474293603
 20
251.15224815077252
 10
359.8018349541558
 20
251.30264070298938
 10
359.65130123827197
 20
251.42669833368726
 10
359.47855366600885
 20
251.52033514446683
 10
359.28768230809106
 20
251.57946523692874
 10
359.18672835661306
 20
251.59481342054076
 10
359.0827772352431
 20
251.60000271267361
  0
LWPOLYLINE
  5
62E
330
17
100
AcDbEntity
  8
EJE_VIA
100
AcDbPolyline
 90
7
 70
0
 10
359.6000162760417
 20
250.58363172743057
 10
359.58945751190186
 20
250.6877495182885
 10
359.5375108718872
 20
250.82986472381486
 10
359.44847106933594
 20
250.9488762749566
 10
359.329354763031
 20
251.03777555955782
 10
359.18717861175537
 20
251.08955396546258
 10
359.0830485026042
 20
251.09998914930557
  0
LWPOLYLINE
  5
62F
330
17
100
AcDbEntity
  8
EJE_VIA
100
AcDbPolyline
 90
17
 70
0
 10
355.781012641059
 20
251.6000196668837
 10
355.37072636187077
 20
251.57908079110916
 10
354.97229291333093
 20
251.51808980438446
 10
354.587726386057
 20
251.41906037512754
 10
354.2190408706665
 20
251.28400617175635
 10
353.8682504577769
 20
251.11494086268877
 10
353.53736923800574
 20
250.91387811634277
 10
353.2284113019705
 20
250.6828316011363
 10
352.94339074028863
 20
250.4238149854872
 10
352.6843216435777
 20
250.1388419378135
 10
352.45321810245514
 20
249.8299261265331
 10
352.2520942075385
 20
249.4990812200639
 10
352.08296404944525
 20
249.14832088682388
 10
351.9478417187929
 20
248.77965879523092
 10
351.848741306199
 20
248.395108613703
 10
351.7876769022809
 20
247.99668401065802
 10
351.76666259765625
 20
247.58639865451389
  0
LWPOLYLINE
  5
630
330
17
100
AcDbEntity
  8
EJE_VIA
100
AcDbPolyline
 90
17
 70
0
 10
355.78131781684027
 20
251.10000610351562
 10
355.4220991167757
 20
251.0816754649083
 10
355.07325927416485
 20
251.02827847003937
 10
354.73656149374114
 20
250.94157807528973
 10
354.41376898023816
 20
250.82333723704022
 10
354.1066449383895
 20
250.67531891167164
 10
353.8169525729285
 20
250.49928605556488
 10
353.5464550885889
 20
250.2970016251008
 10
353.2969156901042
 20
250.07022857666016
 10
353.0700975822078
 20
249.82072986662388
 10
352.8677639696333
 20
249.5502684513728
 10
352.6916780571143
 20
249.2606072872877
 10
352.5436030493842
 20
248.9535093307495
 10
352.42530215117665
 20
248.63073753813904
 10
352.33853856722516
 20
248.2940548658371
 10
352.28507550226317
 20
247.94522427022457
 10
352.2666761610243
 20
247.5860087076823
  0
LWPOLYLINE
  5
631
330
17
100
AcDbEntity
  8
EJE_VIA
100
AcDbPolyline
 90
17
 70
0
 10
355.81319173177087
 20
288.6000230577257
 10
355.19860719641053
 20
288.5686579429441
 10
354.60177858670556
 20
288.4772982199987
 10
354.02572279175126
 20
288.32896013226775
 10
353.47345670064294
 20
288.12665992312964
 10
352.9479972024759
 20
287.87341383596265
 10
352.45236118634546
 20
287.5722381141451
 10
351.9895655413469
 20
287.2261490010553
 10
351.56262715657556
 20
286.83816274007165
 10
351.1745629211267
 20
286.41129557457236
 10
350.8283897240957
 20
285.94856374793585
 10
350.5271244545778
 20
285.4529835035404
 10
350.27378400166833
 20
284.9275710847643
 10
350.0713852544626
 20
284.3753427349859
 10
349.9229451020559
 20
283.79931469758355
 10
349.83148043354356
 20
283.2025032159355
 10
349.80000813802087
 20
282.58792453342016
  0
LWPOLYLINE
  5
632
330
17
100
AcDbEntity
  8
EJE_VIA
100
AcDbPolyline
 90
33
 70
0
 10
349.80000813802087
 20
278.58562893337677
 10
349.80360785292254
 20
278.43590603520477
 10
349.8145674996906
 20
278.28719559643
 10
349.83278450866544
 20
278.1397455475397
 10
349.85815631018744
 20
277.9938038190206
 10
349.8905803345972
 20
277.8496183413598
 10
349.92995401223504
 20
277.7074370450444
 10
349.9761747734414
 20
277.56750786056125
 10
350.0291400485569
 20
277.43007871839734
 10
350.0887472679218
 20
277.2953975490398
 10
350.1548938618766
 20
277.16371228297555
 10
350.2274772607618
 20
277.0352708506915
 10
350.30639489491784
 20
276.91032118267486
 10
350.3915441946851
 20
276.78911120941245
 10
350.4828225904041
 20
276.67188886139127
 10
350.5801275124153
 20
276.55890206909845
 10
350.683356391059
 20
276.45039876302087
 10
350.791838425729
 20
276.3471502272619
 10
350.90480585893
 20
276.24982453054855
 10
351.02201068566904
 20
276.15852431704604
 10
351.1432049009535
 20
276.07335223091974
 10
351.26814049979055
 20
275.9944109163351
 10
351.39656947718726
 20
275.92180301745736
 10
351.52824382815095
 20
275.8556311784519
 10
351.66291554768884
 20
275.7959980434842
 10
351.800336630808
 20
275.74300625671947
 10
351.9402590725157
 20
275.6967584623231
 10
352.0824348678192
 20
275.6573573044605
 10
352.2266160117255
 20
275.624905427297
 10
352.372554499242
 20
275.5995054749979
 10
352.5200023253759
 20
275.58126009172867
 10
352.6687114851342
 20
275.5702719216546
 10
352.8184339735243
 20
275.566643608941
  0
LWPOLYLINE
  5
633
330
17
100
AcDbEntity
  8
EJE_VIA
100
AcDbPolyline
 90
11
 70
0
 10
304.54969618055554
 20
298.59998914930554
 10
304.4457493722439
 20
298.5947087407112
 10
304.344808128145
 20
298.5792718993293
 10
304.15398597717285
 20
298.5199737548828
 10
303.9813170168135
 20
298.4261843893263
 10
303.83088853624133
 20
298.30199347601996
 10
303.70678782463074
 20
298.151490688324
 10
303.61310217115613
 20
297.9787656995985
 10
303.55391886499194
 20
297.7879081832038
 10
303.5385428700182
 20
297.6869577500555
 10
303.5333251953125
 20
297.5830078125
  0
LWPOLYLINE
  5
634
330
17
100
AcDbEntity
  8
EJE_VIA
100
AcDbPolyline
 90
7
 70
0
 10
304.54986572265625
 20
298.0999755859375
 10
304.44573369291095
 20
298.08945331308576
 10
304.3035920378235
 20
298.03755458030435
 10
304.1845491197374
 20
297.94855329725476
 10
304.0956148919132
 20
297.82946478161546
 10
304.04379930761127
 20
297.6873043510649
 10
304.03333875868054
 20
297.5831773546007
  0
LWPOLYLINE
  5
635
330
17
100
AcDbEntity
  8
EJE_VIA
100
AcDbPolyline
 90
3
 70
0
 10
271.36667887369794
 20
282.6999918619792
 10
269.8666720920139
 20
282.66665988498266
 10
268.33333333333337
 20
282.66665988498266
  0
LWPOLYLINE
  5
636
330
17
100
AcDbEntity
  8
EJE_VIA
100
AcDbPolyline
 90
3
 70
0
 10
267.73335774739587
 20
282.66665988498266
 10
266.20001898871527
 20
282.66665988498266
 10
264.70001220703125
 20
282.66665988498266
  0
LWPOLYLINE
  5
637
330
17
100
AcDbEntity
  8
EJE_VIA
100
AcDbPolyline
 90
3
 70
0
 10
264.0666707356771
 20
282.66665988498266
 10
262.56666395399304
 20
282.66665988498266
 10
261.03335910373266
 20
282.66665988498266
  0
LWPOLYLINE
  5
638
330
17
100
AcDbEntity
  8
EJE_VIA
100
AcDbPolyline
 90
3
 70
0
 10
260.433349609375
 20
282.66665988498266
 10
258.90001085069446
 20
282.66665988498266
 10
257.40000406901044
 20
282.63332790798614
  0
LWPOLYLINE
  5
639
330
17
100
AcDbEntity
  8
EJE_VIA
100
AcDbPolyline
 90
3
 70
0
 10
256.79999457465277
 20
282.63332790798614
 10
255.26668972439236
 20
282.63332790798614
 10
253.73335096571182
 20
282.63332790798614
  0
LWPOLYLINE
  5
63A
330
17
100
AcDbEntity
  8
EJE_VIA
100
AcDbPolyline
 90
3
 70
0
 10
253.50002712673611
 20
282.999996609158
 10
253.50002712673611
 20
284.5333184136285
 10
253.50002712673611
 20
286.0333251953125
  0
LWPOLYLINE
  5
63B
330
17
100
AcDbEntity
  8
EJE_VIA
100
AcDbPolyline
 90
3
 70
0
 10
253.50002712673611
 20
286.63333468967016
 10
253.50002712673611
 20
288.1666734483507
 10
253.46666124131946
 20
289.69997829861114
  0
LWPOLYLINE
  5
63C
330
17
100
AcDbEntity
  8
EJE_VIA
100
AcDbPolyline
 90
3
 70
0
 10
253.46666124131946
 20
290.29998779296875
 10
253.46666124131946
 20
291.79999457465277
 10
253.46666124131946
 20
293.33333333333337
  0
LWPOLYLINE
  5
63D
330
17
100
AcDbEntity
  8
EJE_VIA
100
AcDbPolyline
 90
3
 70
0
 10
253.76668294270834
 20
293.6333211263021
 10
255.3000217013889
 20
293.6333211263021
 10
256.79999457465277
 20
293.6333211263021
  0
LWPOLYLINE
  5
63E
330
17
100
AcDbEntity
  8
EJE_VIA
100
AcDbPolyline
 90
3
 70
0
 10
257.43333604600696
 20
293.6333211263021
 10
258.933342827691
 20
293.66665310329864
 10
260.4666815863715
 20
293.66665310329864
  0
LWPOLYLINE
  5
63F
330
17
100
AcDbEntity
  8
EJE_VIA
100
AcDbPolyline
 90
3
 70
0
 10
261.0666910807292
 20
293.66665310329864
 10
262.5999959309896
 20
293.66665310329864
 10
264.10000271267364
 20
293.66665310329864
  0
LWPOLYLINE
  5
640
330
17
100
AcDbEntity
  8
EJE_VIA
100
AcDbPolyline
 90
3
 70
0
 10
264.73334418402777
 20
293.66665310329864
 10
266.2333509657118
 20
293.66665310329864
 10
267.7666897243924
 20
293.66665310329864
  0
LWPOLYLINE
  5
641
330
17
100
AcDbEntity
  8
EJE_VIA
100
AcDbPolyline
 90
3
 70
0
 10
268.3666653103299
 20
293.66665310329864
 10
269.90000406901044
 20
293.66665310329864
 10
271.40001085069446
 20
293.69998508029516
  0
LWPOLYLINE
  5
642
330
17
100
AcDbEntity
  8
EJE_VIA
100
AcDbPolyline
 90
3
 70
0
 10
273.46666124131946
 20
291.500006781684
 10
273.46666124131946
 20
290.0
 10
273.499993218316
 20
288.46666124131946
  0
LWPOLYLINE
  5
643
330
17
100
AcDbEntity
  8
EJE_VIA
100
AcDbPolyline
 90
3
 70
0
 10
273.499993218316
 20
287.8666517469618
 10
273.499993218316
 20
286.33331298828125
 10
273.499993218316
 20
284.8333401150174
  0
LWPOLYLINE
  5
644
330
17
100
AcDbEntity
  8
EJE_VIA
100
AcDbPolyline
 90
12
 70
0
 10
305.8000013563368
 20
278.5841030544705
 10
305.80490794446735
 20
278.4835445549753
 10
305.8305208798912
 20
278.33609961387185
 10
305.87720659044055
 20
278.1947305467394
 10
305.9440303262737
 20
278.06169242080716
 10
306.030057337549
 20
277.9392403033045
 10
306.1341619408793
 20
277.8298044866986
 10
306.2525362438626
 20
277.7375263637967
 10
306.3822598672576
 20
277.664138144917
 10
306.5210784143872
 20
277.6105732387967
 10
306.6667374885745
 20
277.57776505417297
 10
306.8169826931424
 20
277.566646999783
  0
LWPOLYLINE
  5
645
330
17
100
AcDbEntity
  8
EJE_VIA
100
AcDbPolyline
 90
7
 70
0
 10
306.3000149197049
 20
278.5837131076389
 10
306.30996916029187
 20
278.48237011167737
 10
306.34944266743133
 20
278.36277519249256
 10
306.41691048940027
 20
278.25599713457956
 10
306.52998606363934
 20
278.1534854571025
 10
306.6425040695402
 20
278.0968963313434
 10
306.76572110917834
 20
278.0691738592254
  0
LWPOLYLINE
  5
646
330
17
100
AcDbEntity
  8
EJE_VIA
100
AcDbPolyline
 90
12
 70
0
 10
297.3333401150174
 20
297.58253309461804
 10
297.32843352688684
 20
297.6830964618259
 10
297.302820591463
 20
297.8305440478855
 10
297.25613488091363
 20
297.971911960178
 10
297.18931114508047
 20
298.10494714313086
 10
297.1032841338052
 20
298.22739654117163
 10
296.99917953047486
 20
298.33683166238995
 10
296.8808052274916
 20
298.42910978529187
 10
296.7510816040966
 20
298.50249800417157
 10
296.612263056967
 20
298.55606291029187
 10
296.4666039827797
 20
298.5888710949156
 10
296.3163587782118
 20
298.59998914930554
  0
LWPOLYLINE
  5
647
330
17
100
AcDbEntity
  8
EJE_VIA
100
AcDbPolyline
 90
11
 70
0
 10
296.3169691297743
 20
277.566646999783
 10
296.42083658940265
 20
277.5719198791517
 10
296.521705587705
 20
277.58733501036966
 10
296.71240753597687
 20
277.6465524567498
 10
296.88499364587994
 20
277.7402201957173
 10
297.03538258870446
 20
277.8642590840658
 10
297.15949303574035
 20
278.01458997858896
 10
297.2532436582777
 20
278.1871337360806
 10
297.31255312760675
 20
278.37781121333444
 10
297.3280170145962
 20
278.4786753646202
 10
297.3333401150174
 20
278.5825432671441
  0
LWPOLYLINE
  5
648
330
17
100
AcDbEntity
  8
EJE_VIA
100
AcDbPolyline
 90
7
 70
0
 10
296.8333265516493
 20
297.5829060872396
 10
296.8233723110623
 20
297.68425411648224
 10
296.78389880392285
 20
297.80386110146844
 10
296.716430981954
 20
297.91064315372046
 10
296.60335540771484
 20
298.0131483078003
 10
296.49083740181396
 20
298.0697327769465
 10
296.36762036217584
 20
298.0974574221505
  0
LWPOLYLINE
  5
649
330
17
100
AcDbEntity
  8
EJE_VIA
100
AcDbPolyline
 90
7
 70
0
 10
296.31679958767364
 20
278.06666056315106
 10
296.42085095246637
 20
278.0771734648281
 10
296.56290662785375
 20
278.1290081598693
 10
296.68191274007165
 20
278.2179027133518
 10
296.7708673824867
 20
278.3368612536126
 10
296.8227686484655
 20
278.47888790898855
 10
296.8333265516493
 20
278.5829332139757
  0
LWPOLYLINE
  5
64A
330
17
100
AcDbEntity
  8
EJE_VIA
100
AcDbPolyline
 90
5
 70
0
 10
297.3333401150174
 20
281.066657172309
 10
305.83333333333337
 20
281.066657172309
 10
305.83333333333337
 20
278.06666056315106
 10
297.3333401150174
 20
278.06666056315106
 10
297.3333401150174
 20
281.066657172309
  0
LWPOLYLINE
  5
64B
330
17
100
AcDbEntity
  8
EJE_VIA
100
AcDbPolyline
 90
5
 70
0
 10
360.16665988498266
 20
286.066657172309
 10
372.16668023003473
 20
286.09998914930554
 10
372.16668023003473
 20
283.0999925401476
 10
360.16665988498266
 20
283.06666056315106
 10
360.16665988498266
 20
286.066657172309
  0
LWPOLYLINE
  5
64C
330
17
100
AcDbEntity
  8
EJE_VIA
100
AcDbPolyline
 90
5
 70
0
 10
411.23335096571185
 20
290.60000949435766
 10
352.5333319769965
 20
290.566643608941
 10
347.83335367838544
 20
285.8999972873264
 10
347.83335367838544
 20
277.5
 10
350.0333319769965
 20
277.5
  0
LWPOLYLINE
  5
64D
330
17
100
AcDbEntity
  8
EJE_VIA
100
AcDbPolyline
 90
17
 70
0
 10
350.0052558051215
 20
277.48953925238715
 10
350.0975452694628
 20
277.27678990198507
 10
350.2046549320221
 20
277.0738659302394
 10
350.32579572664366
 20
276.8813067095147
 10
350.46017858717175
 20
276.69965161217584
 10
350.60701444745064
 20
276.5294400105874
 10
350.7655142413245
 20
276.371211277114
 10
350.9348889026377
 20
276.22550478412046
 10
351.1143493652344
 20
276.0928599039714
 10
351.3031065629588
 20
275.9738160090314
 10
351.5003714296553
 20
275.8689124716653
 10
351.705354899168
 20
275.7786886642377
 10
351.91726790534125
 20
275.7036839591132
 10
352.13532138201924
 20
275.64443772865667
 10
352.35872626304626
 20
275.60148934523266
 10
352.5866934822665
 20
275.57537818120585
 10
352.8184339735243
 20
275.566643608941
  0
LWPOLYLINE
  5
64E
330
17
100
AcDbEntity
  8
EJE_VIA
100
AcDbPolyline
 90
3
 70
0
 10
531.4666748046875
 20
214.66666327582467
 10
331.76666259765625
 20
214.56666734483508
 10
131.86665852864584
 20
214.500003390842
  0
LWPOLYLINE
  5
64F
330
17
100
AcDbEntity
  8
EJE_VIA
100
AcDbPolyline
 90
17
 70
0
 10
310.7845391167535
 20
242.56663004557294
 10
311.1949165744914
 20
242.58745772143206
 10
311.5934446785185
 20
242.6483561595281
 10
311.97810804678335
 20
242.74731087187928
 10
312.34689129723444
 20
242.88230737050375
 10
312.6977790478203
 20
243.05133116741976
 10
313.0287559164895
 20
243.2523677746455
 10
313.33780652119054
 20
243.48340270419916
 10
313.62291547987195
 20
243.74242146809897
 10
313.8820674104823
 20
244.02740957836312
 10
314.1132469309701
 20
244.3363525470098
 10
314.31443865928384
 20
244.66723588605723
 10
314.48362721337213
 20
245.01804510752362
 10
314.61879721118345
 20
245.38676572342715
 10
314.7179332706663
 20
245.77138324578604
 10
314.77902000976934
 20
246.1698831866185
 10
314.800042046441
 20
246.58025105794272
  0
LWPOLYLINE
  5
650
330
17
100
AcDbEntity
  8
EJE_VIA
100
AcDbPolyline
 90
12
 70
0
 10
300.76666937934027
 20
243.5841030544705
 10
300.7715759674708
 20
243.4835445549753
 10
300.7971889028947
 20
243.33609961387185
 10
300.84387461344403
 20
243.19473054673938
 10
300.9106983492772
 20
243.06169242080716
 10
300.9967253605525
 20
242.93924030330447
 10
301.1008299638828
 20
242.82980448669858
 10
301.2192042668661
 20
242.73752636379666
 10
301.34892789026105
 20
242.66413814491696
 10
301.4877464373907
 20
242.61057323879666
 10
301.63340551157796
 20
242.57776505417294
 10
301.78365071614587
 20
242.566646999783
  0
LWPOLYLINE
  5
651
330
17
100
AcDbEntity
  8
EJE_VIA
100
AcDbPolyline
 90
11
 70
0
 10
301.78304036458337
 20
251.60000271267361
 10
301.679172904955
 20
251.59472983330488
 10
301.57830390665265
 20
251.579314702087
 10
301.3876019583808
 20
251.5200972557068
 10
301.2150158484777
 20
251.42642951673932
 10
301.0646269056532
 20
251.30239062839087
 10
300.9405164586173
 20
251.15205973386765
 10
300.84676583607995
 20
250.979515976376
 10
300.7874563667509
 20
250.78883849912222
 10
300.7719924797615
 20
250.68797434783644
 10
300.76666937934027
 20
250.5841064453125
  0
LWPOLYLINE
  5
652
330
17
100
AcDbEntity
  8
EJE_VIA
100
AcDbPolyline
 90
12
 70
0
 10
314.80000813802087
 20
250.58254665798611
 10
314.7951015498903
 20
250.68310515748132
 10
314.76948861446647
 20
250.83055009858478
 10
314.7228029039171
 20
250.97191916571725
 10
314.65597916808395
 20
251.10495729164947
 10
314.56995215680865
 20
251.22740940915216
 10
314.46584755347834
 20
251.33684522575803
 10
314.34747325049506
 20
251.42912334865994
 10
314.2177496271001
 20
251.50251156753964
 10
314.07893107997046
 20
251.55607647365994
 10
313.9332720057832
 20
251.58888465828366
 10
313.78302680121527
 20
251.60000271267361
  0
LWPOLYLINE
  5
653
330
17
100
AcDbEntity
  8
EJE_VIA
100
AcDbPolyline
 90
17
 70
0
 10
310.78436957465277
 20
243.06664360894098
 10
311.1436667541663
 20
243.0848777625296
 10
311.4925886525048
 20
243.13819461398654
 10
311.82937087284193
 20
243.22483046187295
 10
312.15224901835126
 20
243.3430216047499
 10
312.4594586922063
 20
243.49100434117847
 10
312.7492354975806
 20
243.6670149697198
 10
313.0198150376479
 20
243.86928978893494
 10
313.2694329155816
 20
244.09606509738498
 10
313.49632473455534
 20
244.34557719363107
 10
313.69872609774274
 20
244.61606237623428
 10
313.8748726083173
 20
244.90575694375568
 10
314.0229998694526
 20
245.2128971947564
 10
314.14134348432225
 20
245.53571942779755
 10
314.2281390560998
 20
245.87245994144016
 10
314.2816221879588
 20
246.2213550342454
 10
314.30002848307294
 20
246.58064100477432
  0
LWPOLYLINE
  5
654
330
17
100
AcDbEntity
  8
EJE_VIA
100
AcDbPolyline
 90
7
 70
0
 10
301.26668294270837
 20
243.58371310763889
 10
301.27663718329535
 20
243.4823701116774
 10
301.3161106904348
 20
243.36277519249253
 10
301.3835785124037
 20
243.25599713457956
 10
301.4966540866428
 20
243.15348545710248
 10
301.6091720925437
 20
243.0968963313434
 10
301.7323891321818
 20
243.0691738592254
  0
LWPOLYLINE
  5
655
330
17
100
AcDbEntity
  8
EJE_VIA
100
AcDbPolyline
 90
7
 70
0
 10
301.783209906684
 20
251.09998914930557
 10
301.6791585418913
 20
251.08947624762854
 10
301.5371028665039
 20
251.03764155258736
 10
301.418096754286
 20
250.94874699910483
 10
301.32914211187096
 20
250.82978845884404
 10
301.27724084589215
 20
250.68776180346808
 10
301.26668294270837
 20
250.58371649848092
  0
LWPOLYLINE
  5
656
330
17
100
AcDbEntity
  8
EJE_VIA
100
AcDbPolyline
 90
7
 70
0
 10
314.29999457465277
 20
250.58293660481772
 10
314.2900403340658
 20
250.68427960077923
 10
314.25056682692633
 20
250.80387451996407
 10
314.1830990049574
 20
250.91065257787704
 10
314.0700234307183
 20
251.01316425535416
 10
313.95750542481744
 20
251.06975338111323
 10
313.8342883851793
 20
251.09747585323123
  0
LWPOLYLINE
  5
657
330
17
100
AcDbEntity
  8
EJE_VIA
100
AcDbPolyline
 90
5
 70
0
 10
316.79999457465277
 20
251.6999986436632
 10
298.8000149197049
 20
251.6999986436632
 10
298.8000149197049
 20
240.56666056315106
 10
316.79999457465277
 20
240.56666056315106
 10
316.79999457465277
 20
251.6999986436632
  0
LWPOLYLINE
  5
658
330
17
100
AcDbEntity
  8
EJE_VIA
100
AcDbPolyline
 90
3
 70
0
 10
285.433349609375
 20
247.03333536783856
 10
283.933342827691
 20
247.03333536783856
 10
282.43333604600696
 20
247.03333536783856
  0
LWPOLYLINE
  5
659
330
17
100
AcDbEntity
  8
EJE_VIA
100
AcDbPolyline
 90
3
 70
0
 10
281.8333265516493
 20
247.03333536783856
 10
280.33335367838544
 20
247.03333536783856
 10
278.8333468967014
 20
247.03333536783856
  0
LWPOLYLINE
  5
65A
330
17
100
AcDbEntity
  8
EJE_VIA
100
AcDbPolyline
 90
3
 70
0
 10
278.23333740234375
 20
247.03333536783856
 10
276.73333062065973
 20
247.03333536783856
 10
275.23335774739587
 20
247.03333536783856
  0
LWPOLYLINE
  5
65B
330
17
100
AcDbEntity
  8
EJE_VIA
100
AcDbPolyline
 90
3
 70
0
 10
274.6333482530382
 20
246.99998643663196
 10
273.1333414713542
 20
246.99998643663196
 10
271.63333468967016
 20
246.99998643663196
  0
LWPOLYLINE
  5
65C
330
17
100
AcDbEntity
  8
EJE_VIA
100
AcDbPolyline
 90
3
 70
0
 10
271.03335910373266
 20
246.99998643663196
 10
269.53335232204864
 20
246.99998643663196
 10
268.00001356336804
 20
246.99998643663196
  0
LWPOLYLINE
  5
65D
330
17
100
AcDbEntity
  8
EJE_VIA
100
AcDbPolyline
 90
3
 70
0
 10
312.20001220703125
 20
393.5333251953125
 10
304.70001220703125
 20
389.23333062065973
 10
312.20001220703125
 20
389.1666666666667
  0
LWPOLYLINE
  5
65E
330
17
100
AcDbEntity
  8
EJE_VIA
100
AcDbPolyline
 90
3
 70
0
 10
312.2666761610243
 20
421.2333170572917
 10
304.7666761610243
 20
421.19998508029516
 10
312.30000813802087
 20
417.3333401150174
  0
LWPOLYLINE
  5
65F
330
17
100
AcDbEntity
  8
EJE_VIA
100
AcDbPolyline
 90
3
 70
0
 10
500.26665581597223
 20
332.43333604600696
 10
495.3000217013889
 20
339.03333875868054
 10
495.23335774739587
 20
332.9666476779514
  0
LWPOLYLINE
  5
660
330
17
100
AcDbEntity
  8
EJE_VIA
100
AcDbPolyline
 90
4
 70
0
 10
353.33333333333337
 20
428.89997694227435
 10
353.1666734483507
 20
424.4333224826389
 10
358.26666937934027
 20
424.26666259765625
 10
353.33333333333337
 20
428.89997694227435
  0
LWPOLYLINE
  5
661
330
17
100
AcDbEntity
  8
EJE_VIA
100
AcDbPolyline
 90
3
 70
0
 10
353.3999972873264
 20
399.29999457465277
 10
358.30000135633685
 20
404.26666259765625
 10
353.3000013563368
 20
404.33332655164935
  0
LWPOLYLINE
  5
662
330
17
100
AcDbEntity
  8
EJE_VIA
100
AcDbPolyline
 90
3
 70
0
 10
353.43332926432294
 20
376.43330891927087
 10
358.30000135633685
 20
376.4666748046875
 10
353.20000542534723
 20
380.999993218316
  0
LWPOLYLINE
  5
663
330
17
100
AcDbEntity
  8
EJE_VIA
100
AcDbPolyline
 90
22
 70
0
 10
232.40000406901044
 20
337.1513875325521
 10
232.3778635511796
 20
337.2950504471859
 10
232.31668571631116
 20
337.42138405640924
 10
232.22304868201417
 20
337.5238451113304
 10
232.10353056589764
 20
337.5958903630575
 10
231.9647094855706
 20
337.6309765626987
 10
231.8179013994005
 20
337.62322432465027
 10
231.6850644018915
 20
337.5743226624198
 10
231.5739228990343
 20
337.49077267116974
 10
231.4910161164072
 20
337.3791524685092
 10
231.4428832795885
 20
337.2460401720471
 10
231.43597946398788
 20
337.0991978297631
 10
231.4718633227878
 20
336.9605843226115
 10
231.54459179275565
 20
336.84148120383423
 10
231.64758675628238
 20
336.7484317223231
 10
231.77427009575896
 20
336.68797912697
 10
231.91806369357639
 20
336.6666666666667
 10
232.06173145108752
 20
336.68881493310136
 10
232.18806319766574
 20
336.7499969402949
 10
232.29051970773273
 20
336.84363457063836
 10
232.36256175571017
 20
336.96314970652264
 10
232.39765011601978
 20
337.10196423033875
  0
LWPOLYLINE
  5
664
330
17
100
AcDbEntity
  8
EJE_VIA
100
AcDbPolyline
 90
22
 70
0
 10
355.56667751736114
 20
422.4847073025174
 10
355.5445292509265
 20
422.62837021715114
 10
355.4833472437329
 20
422.7547038263745
 10
355.38970961338947
 20
422.85716488129566
 10
355.2701944775052
 20
422.92921013302276
 10
355.1313799536891
 20
422.964296332664
 10
354.98457902007635
 20
422.95654409461554
 10
354.85174194806154
 20
422.90764243238505
 10
354.740596347385
 20
422.824092441135
 10
354.6576854669386
 20
422.71247223847445
 10
354.6095525556141
 20
422.5793599420124
 10
354.60265589257085
 20
422.4325175997284
 10
354.6385463078817
 20
422.2939040925768
 10
354.7112777580818
 20
422.1748009737995
 10
354.81427212556207
 20
422.0817514922884
 10
354.9409512927135
 20
422.02129889693526
 10
355.0847371419271
 20
421.99998643663196
 10
355.2284000565609
 20
422.0221347030666
 10
355.35473366578424
 20
422.0833167102602
 10
355.4571947207054
 20
422.17695434060363
 10
355.5292399724325
 20
422.2964694764879
 10
355.5643261720737
 20
422.435284000304
  0
LWPOLYLINE
  5
665
330
17
100
AcDbEntity
  8
EJE_VIA
100
AcDbPolyline
 90
22
 70
0
 10
457.23334418402777
 20
334.81804741753473
 10
457.2111959175931
 20
334.9617103321685
 10
457.15001391039954
 20
335.08804394139185
 10
457.0563762800561
 20
335.190504996313
 10
456.9368611441718
 20
335.2625502480401
 10
456.7980466203557
 20
335.2976364476813
 10
456.65124568674304
 20
335.2898842096329
 10
456.51840861472823
 20
335.2409825474024
 10
456.4072630140517
 20
335.15743255615234
 10
456.32435213360526
 20
335.0458123534918
 10
456.27621922228076
 20
334.9127000570297
 10
456.2693225592375
 20
334.7658577147457
 10
456.30521297454834
 20
334.6272442075941
 10
456.3779444247484
 20
334.50814108881684
 10
456.4809387922287
 20
334.4150916073057
 10
456.60761795938015
 20
334.3546390119526
 10
456.75140380859375
 20
334.3333265516493
 10
456.8950667232275
 20
334.35547481808396
 10
457.02140033245087
 20
334.4166568252775
 10
457.123861387372
 20
334.51029445562096
 10
457.1959066390991
 20
334.62980959150525
 10
457.23099283874035
 20
334.76862411532136
  0
LWPOLYLINE
  5
666
330
17
100
AcDbEntity
  8
EJE_VIA
100
AcDbPolyline
 90
22
 70
0
 10
296.6999986436632
 20
278.41805352105035
 10
296.67785037722854
 20
278.5617212785615
 10
296.616668370035
 20
278.6880530251397
 10
296.52303073969154
 20
278.7905095352067
 10
296.40351560380725
 20
278.86255158318414
 10
296.26470107999114
 20
278.89763994349374
 10
296.1179001463784
 20
278.8898958762487
 10
295.9850630743636
 20
278.84099957843625
 10
295.8739174736871
 20
278.75745137532556
 10
295.79100659324064
 20
278.64582938452565
 10
295.74287368191614
 20
278.51271172364557
 10
295.7359770188729
 20
278.36586121055814
 10
295.7718674341838
 20
278.22724554273816
 10
295.84459888438386
 20
278.10814562771054
 10
295.94759325186413
 20
278.0151006910536
 10
296.0742724190156
 20
277.9546499583456
 10
296.2180582682292
 20
277.9333326551649
 10
296.36172118286294
 20
277.95547317299577
 10
296.4880547920863
 20
278.0166510078642
 10
296.59051584700745
 20
278.1102880421612
 10
296.66256109873456
 20
278.2298061582777
 10
296.6976472983758
 20
278.36862723860474
  0
LWPOLYLINE
  5
667
330
17
100
AcDbEntity
  8
EJE_VIA
100
AcDbPolyline
 90
22
 70
0
 10
384.4666883680556
 20
279.3513827853733
 10
384.44454010162093
 20
279.4950505428844
 10
384.38335809442736
 20
279.62138228946264
 10
384.2897204640839
 20
279.72383879952963
 10
384.17020532819964
 20
279.7958808475071
 10
384.03139080438353
 20
279.8309692078167
 10
383.8845898707708
 20
279.8232251405716
 10
383.751752798756
 20
279.77432884275913
 10
383.64060719807946
 20
279.69078063964844
 10
383.55769631763303
 20
279.57915864884853
 10
383.50956340630853
 20
279.44604098796844
 10
383.50266674326525
 20
279.2991904748811
 10
383.5385571585761
 20
279.1605748070611
 10
383.6112886087762
 20
279.0414748920335
 10
383.71428297625647
 20
278.9484299553765
 10
383.8409621434079
 20
278.88797922266855
 10
383.9847479926215
 20
278.86666191948785
 10
384.1284109072553
 20
278.8888024373187
 10
384.25474451647864
 20
278.94998027218713
 10
384.3572055713998
 20
279.0436173064841
 10
384.4292508231269
 20
279.16313542260065
 10
384.4643370227681
 20
279.3019565029277
  0
LWPOLYLINE
  5
668
330
17
100
AcDbEntity
  8
EJE_VIA
100
AcDbPolyline
 90
22
 70
0
 10
384.10000271267364
 20
281.0819329155816
 10
384.1221509791083
 20
280.93826515807046
 10
384.1833329863019
 20
280.81193341149225
 10
384.2769706166453
 20
280.70947690142526
 10
384.3964857525296
 20
280.6374348534478
 10
384.5353002763457
 20
280.6023464931382
 10
384.68210120995843
 20
280.6100905603833
 10
384.81493828197324
 20
280.65898685819576
 10
384.9260838826498
 20
280.74253506130646
 10
385.0089947630962
 20
280.85415705210636
 10
385.0571276744207
 20
280.98727471298645
 10
385.06402433746393
 20
281.1341252260738
 10
385.0281339221531
 20
281.2727408938938
 10
384.955402471953
 20
281.3918408089214
 10
384.8524081044727
 20
281.48488574557837
 10
384.72572893732126
 20
281.54533647828634
 10
384.58194308810766
 20
281.56665378146704
 10
384.4382801734739
 20
281.5445132636362
 10
384.31194656425055
 20
281.48333542876776
 10
384.2094855093294
 20
281.38969839447077
 10
384.1374402576023
 20
281.27018027835425
 10
384.10235405796107
 20
281.1313591980272
  0
LWPOLYLINE
  5
669
330
17
100
AcDbEntity
  8
EJE_VIA
100
AcDbPolyline
 90
22
 70
0
 10
393.76668294270837
 20
278.7513902452257
 10
393.7445346762737
 20
278.89505800273685
 10
393.68335266908014
 20
279.02138974931506
 10
393.5897150387367
 20
279.12384625938205
 10
393.4701999028524
 20
279.1958883073595
 10
393.3313853790363
 20
279.2309766676691
 10
393.1845844454236
 20
279.223232600424
 10
393.0517473734088
 20
279.17433630261155
 10
392.94060177273224
 20
279.09078809950086
 10
392.8576908922858
 20
278.97916610870095
 10
392.8095579809613
 20
278.84604844782086
 10
392.8026613179181
 20
278.6991979347335
 10
392.83855173322894
 20
278.5605822669135
 10
392.911283183429
 20
278.4414823518859
 10
393.0142775509093
 20
278.34843741522894
 10
393.14095671806075
 20
278.28798668252097
 10
393.28474256727435
 20
278.26666937934027
 10
393.4284054819081
 20
278.2888098971711
 10
393.55473909113147
 20
278.34998773203955
 10
393.6572001460526
 20
278.44362476633654
 10
393.7292453977797
 20
278.56314288245306
 10
393.76433159742095
 20
278.7019639627801
  0
LWPOLYLINE
  5
66A
330
17
100
AcDbEntity
  8
EJE_VIA
100
AcDbPolyline
 90
22
 70
0
 10
370.26665581597223
 20
249.68471950954861
 10
370.24450754953756
 20
249.82838726705975
 10
370.183325542344
 20
249.95471901363797
 10
370.08968791200056
 20
250.05717552370496
 10
369.97017277611627
 20
250.1292175716824
 10
369.83135825230016
 20
250.164305931992
 10
369.68455731868744
 20
250.15656186474695
 10
369.55172024667263
 20
250.1076655669345
 10
369.4405746459961
 20
250.0241173638238
 10
369.35766376554966
 20
249.9124953730239
 10
369.30953085422516
 20
249.7793777121438
 10
369.30263419118194
 20
249.63252719905643
 10
369.3385246064928
 20
249.49391153123645
 10
369.4112560566929
 20
249.37481161620883
 10
369.51425042417316
 20
249.28176667955188
 10
369.6409295913246
 20
249.2213159468439
 10
369.7847154405382
 20
249.1999986436632
 10
369.92837835517196
 20
249.22213916149406
 10
370.0547119643953
 20
249.2833169963625
 10
370.1571730193165
 20
249.37695403065948
 10
370.2292182710436
 20
249.496472146776
 10
370.2643044706848
 20
249.63529322710303
  0
LWPOLYLINE
  5
66B
330
17
100
AcDbEntity
  8
EJE_VIA
100
AcDbPolyline
 90
22
 70
0
 10
353.70001898871527
 20
148.25139363606772
 10
353.6778707222806
 20
148.39506139357886
 10
353.61668871508704
 20
148.52139314015707
 10
353.5230510847436
 20
148.62384965022406
 10
353.4035359488593
 20
148.6958916982015
 10
353.2647214250432
 20
148.7309800585111
 10
353.1179204914305
 20
148.72323599126605
 10
352.9850834194157
 20
148.6743396934536
 10
352.87393781873914
 20
148.5907914903429
 10
352.7910269382927
 20
148.479169499543
 10
352.7428940269682
 20
148.3460518386629
 10
352.735997363925
 20
148.19920132557553
 10
352.77188777923584
 20
148.06058565775555
 10
352.8446192294359
 20
147.94148574272793
 10
352.9476135969162
 20
147.84844080607098
 10
353.07429276406765
 20
147.787990073363
 10
353.21807861328125
 20
147.7666727701823
 10
353.361741527915
 20
147.78881328801316
 10
353.48807513713837
 20
147.8499911228816
 10
353.5905361920595
 20
147.94362815717858
 10
353.6625814437866
 20
148.0631462732951
 10
353.69766764342785
 20
148.20196735362214
  0
LWPOLYLINE
  5
66C
330
17
100
AcDbEntity
  8
EJE_VIA
100
AcDbPolyline
 90
22
 70
0
 10
405.16665988498266
 20
194.68471950954861
 10
405.144511618548
 20
194.82838726705975
 10
405.08332961135443
 20
194.95471901363797
 10
404.989691981011
 20
195.05717552370496
 10
404.8701768451267
 20
195.1292175716824
 10
404.7313623213106
 20
195.164305931992
 10
404.5845613876979
 20
195.15656186474695
 10
404.45172431568307
 20
195.1076655669345
 10
404.34057871500653
 20
195.0241173638238
 10
404.2576678345601
 20
194.9124953730239
 10
404.2095349232356
 20
194.7793777121438
 10
404.2026382601924
 20
194.63252719905643
 10
404.23852867550323
 20
194.49391153123645
 10
404.3112601257033
 20
194.37481161620883
 10
404.4142544931836
 20
194.28176667955188
 10
404.54093366033504
 20
194.2213159468439
 10
404.68471950954864
 20
194.1999986436632
 10
404.8283824241824
 20
194.22213916149406
 10
404.95471603340576
 20
194.2833169963625
 10
405.0571770883269
 20
194.37695403065948
 10
405.129222340054
 20
194.496472146776
 10
405.16430853969524
 20
194.63529322710303
  0
LWPOLYLINE
  5
66D
330
17
100
AcDbEntity
  8
EJE_VIA
100
AcDbPolyline
 90
22
 70
0
 10
281.36667887369794
 20
193.95138210720486
 10
281.3445383558671
 20
194.095049864716
 10
281.28336052099866
 20
194.22138161129422
 10
281.18972348670167
 20
194.3238381213612
 10
281.07020537058514
 20
194.39588016933865
 10
280.9313842902581
 20
194.43096852964825
 10
280.784576204088
 20
194.4232244624032
 10
280.651739206579
 20
194.37432816459074
 10
280.5405977037218
 20
194.29077996148004
 10
280.4576909210947
 20
194.17915797068014
 10
280.409558084276
 20
194.04604030980005
 10
280.4026542686754
 20
193.89918979671268
 10
280.43853812747534
 20
193.7605741288927
 10
280.5112665974432
 20
193.64147421386508
 10
280.6142615609699
 20
193.54842927720813
 10
280.7409449004465
 20
193.48797854450015
 10
280.8847384982639
 20
193.46666124131946
 10
281.02840625577505
 20
193.4888017591503
 10
281.15473800235327
 20
193.54997959401874
 10
281.25719451242026
 20
193.64361662831573
 10
281.3292365603977
 20
193.76313474443225
 10
281.3643249207073
 20
193.90195582475928
  0
LWPOLYLINE
  5
66E
330
17
100
AcDbEntity
  8
EJE_VIA
100
AcDbPolyline
 90
22
 70
0
 10
283.8000149197049
 20
193.88471815321182
 10
283.77787440187404
 20
194.02838591072296
 10
283.7166965670056
 20
194.15471765730118
 10
283.6230595327086
 20
194.25717416736816
 10
283.5035414165921
 20
194.3292162153456
 10
283.36472033626507
 20
194.3643045756552
 10
283.21791225009497
 20
194.35656050841015
 10
283.08507525258597
 20
194.3076642105977
 10
282.97393374972876
 20
194.224116007487
 10
282.89102696710165
 20
194.1124940166871
 10
282.84289413028296
 20
193.979376355807
 10
282.83599031468236
 20
193.8325258427196
 10
282.8718741734823
 20
193.69391017489963
 10
282.94460264345014
 20
193.574810259872
 10
283.04759760697686
 20
193.48176532321506
 10
283.17428094645345
 20
193.42131459050708
 10
283.31807454427087
 20
193.39999728732639
 10
283.461742301782
 20
193.42213780515723
 10
283.5880740483602
 20
193.48331564002567
 10
283.6905305584272
 20
193.57695267432265
 10
283.76257260640466
 20
193.69647079043918
 10
283.79766096671426
 20
193.8352918707662
  0
LWPOLYLINE
  5
66F
330
17
100
AcDbEntity
  8
EJE_VIA
100
AcDbPolyline
 90
3
 70
0
 10
332.8000217013889
 20
314.566650390625
 10
333.86667887369794
 20
314.566650390625
 10
331.86665852864587
 20
314.566650390625
  0
LWPOLYLINE
  5
670
330
17
100
AcDbEntity
  8
EJE_VIA
100
AcDbPolyline
 90
3
 70
0
 10
332.8000217013889
 20
314.566650390625
 10
333.933342827691
 20
314.566650390625
 10
331.933356391059
 20
314.566650390625
  0
LINE
  5
672
330
17
100
AcDbEntity
  8
METRO_RW
100
AcDbLine
 10
131.86665852864584
 20
314.49998643663196
 30
0.0
 11
164.03333875868057
 21
314.49998643663196
 31
0.0
  0
LINE
  5
673
330
17
100
AcDbEntity
  8
METRO_RW
100
AcDbLine
 10
184.03333875868057
 20
314.5333184136285
 30
0.0
 11
276.53333875868054
 21
314.5333184136285
 31
0.0
  0
LINE
  5
674
330
17
100
AcDbEntity
  8
METRO_RW
100
AcDbLine
 10
296.53333875868054
 20
314.566650390625
 30
0.0
 11
367.83335367838544
 21
314.566650390625
 31
0.0
  0
LINE
  5
675
330
17
100
AcDbEntity
  8
METRO_RW
100
AcDbLine
 10
375.33335367838544
 20
314.5999823676215
 30
0.0
 11
485.36668565538196
 21
314.63331434461804
 31
0.0
  0
LINE
  5
676
330
17
100
AcDbEntity
  8
METRO_RW
100
AcDbLine
 10
505.36668565538196
 20
314.6666463216146
 30
0.0
 11
530.366685655382
 21
314.6666463216146
 31
0.0
  0
LINE
  5
677
330
17
100
AcDbEntity
  8
METRO_RW
100
AcDbLine
 10
166.53333875868057
 20
314.49998643663196
 30
0.0
 11
181.53333875868057
 21
314.5333184136285
 31
0.0
  0
LINE
  5
678
330
17
100
AcDbEntity
  8
METRO_RW
100
AcDbLine
 10
279.03333875868054
 20
314.5333184136285
 30
0.0
 11
294.03333875868054
 21
314.566650390625
 31
0.0
  0
LINE
  5
679
330
17
100
AcDbEntity
  8
METRO_RW
100
AcDbLine
 10
151.60000271267361
 20
344.49998643663196
 30
0.0
 11
151.60000271267361
 21
346.500006781684
 31
0.0
  0
LINE
  5
67A
330
17
100
AcDbEntity
  8
METRO_RW
100
AcDbLine
 10
131.86665852864584
 20
344.49998643663196
 30
0.0
 11
151.60000271267361
 21
344.49998643663196
 31
0.0
  0
LINE
  5
67B
330
17
100
AcDbEntity
  8
METRO_RW
100
AcDbLine
 10
382.83335367838544
 20
344.5999823676215
 30
0.0
 11
531.4666748046875
 21
344.6666463216146
 31
0.0
  0
LINE
  5
67C
330
17
100
AcDbEntity
  8
METRO_RW
100
AcDbLine
 10
151.60000271267361
 20
346.500006781684
 30
0.0
 11
280.8000013563368
 21
346.53333875868054
 31
0.0
  0
LINE
  5
67D
330
17
100
AcDbEntity
  8
METRO_RW
100
AcDbLine
 10
291.8333265516493
 20
294.566650390625
 30
0.0
 11
301.8333265516493
 21
284.566650390625
 31
0.0
  0
LINE
  5
67E
330
17
100
AcDbEntity
  8
METRO_RW
100
AcDbLine
 10
131.86665852864584
 20
184.500003390842
 30
0.0
 11
281.73333062065973
 21
184.56666734483508
 31
0.0
  0
LINE
  5
67F
330
17
100
AcDbEntity
  8
METRO_RW
100
AcDbLine
 10
381.73333062065973
 20
184.5999993218316
 30
0.0
 11
531.4666748046875
 21
184.66666327582467
 31
0.0
  0
LINE
  5
680
330
17
100
AcDbEntity
  8
METRO_RW
100
AcDbLine
 10
331.79999457465277
 20
251.56665378146704
 30
0.0
 11
331.8333265516493
 21
266.56665378146704
 31
0.0
  0
LINE
  5
681
330
17
100
AcDbEntity
  8
METRO_RW
100
AcDbLine
 10
331.8333265516493
 20
296.5666707356771
 30
0.0
 11
331.86665852864587
 21
314.566650390625
 31
0.0
  0
LINE
  5
682
330
17
100
AcDbEntity
  8
METRO_RW
100
AcDbLine
 10
332.83335367838544
 20
422.0333184136285
 30
0.0
 11
332.86668565538196
 21
429.6666463216146
 31
0.0
  0
LINE
  5
683
330
17
100
AcDbEntity
  8
METRO_RW
100
AcDbLine
 10
331.6666666666667
 20
94.69999525282118
 30
0.0
 11
331.79999457465277
 21
249.06665378146704
 31
0.0
  0
LINE
  5
684
330
17
100
AcDbEntity
  8
METRO_RW
100
AcDbLine
 10
331.8333265516493
 20
269.06665378146704
 30
0.0
 11
331.8333265516493
 21
294.0666707356771
 31
0.0
  0
LINE
  5
685
330
17
100
AcDbEntity
  8
METRO_RW
100
AcDbLine
 10
301.6666666666667
 20
94.69999525282118
 30
0.0
 11
301.73333062065973
 21
164.53333536783856
 31
0.0
  0
LINE
  5
686
330
17
100
AcDbEntity
  8
METRO_RW
100
AcDbLine
 10
301.79999457465277
 20
244.56666734483508
 30
0.0
 11
301.8333265516493
 21
284.566650390625
 31
0.0
  0
LINE
  5
687
330
17
100
AcDbEntity
  8
METRO_RW
100
AcDbLine
 10
291.79999457465277
 20
234.56666734483508
 30
0.0
 11
301.79999457465277
 21
244.56666734483508
 31
0.0
  0
LINE
  5
688
330
17
100
AcDbEntity
  8
METRO_RW
100
AcDbLine
 10
361.79999457465277
 20
244.5999993218316
 30
0.0
 11
361.79999457465277
 21
255.83333333333334
 31
0.0
  0
LINE
  5
689
330
17
100
AcDbEntity
  8
METRO_RW
100
AcDbLine
 10
361.83332655164935
 20
265.83333333333337
 30
0.0
 11
361.83332655164935
 21
284.566650390625
 31
0.0
  0
LINE
  5
68A
330
17
100
AcDbEntity
  8
METRO_RW
100
AcDbLine
 10
361.79999457465277
 20
258.33333333333337
 30
0.0
 11
361.83332655164935
 21
263.33333333333337
 31
0.0
  0
LINE
  5
68B
330
17
100
AcDbEntity
  8
METRO_RW
100
AcDbLine
 10
361.79999457465277
 20
244.5999993218316
 30
0.0
 11
371.79999457465277
 21
234.5999993218316
 31
0.0
  0
LINE
  5
68C
330
17
100
AcDbEntity
  8
METRO_RW
100
AcDbLine
 10
361.83332655164935
 20
284.566650390625
 30
0.0
 11
371.83332655164935
 21
294.566650390625
 31
0.0
  0
LINE
  5
68D
330
17
100
AcDbEntity
  8
METRO_RW
100
AcDbLine
 10
351.6666666666667
 20
94.69999525282118
 30
0.0
 11
351.73333062065973
 21
164.63333129882812
 31
0.0
  0
LINE
  5
68E
330
17
100
AcDbEntity
  8
METRO_RW
100
AcDbLine
 10
131.86665852864584
 20
294.49998643663196
 30
0.0
 11
531.4666748046875
 21
294.6666463216146
 31
0.0
  0
LINE
  5
68F
330
17
100
AcDbEntity
  8
METRO_RW
100
AcDbLine
 10
131.86665852864584
 20
214.500003390842
 30
0.0
 11
253.50002712673611
 21
214.53333536783856
 31
0.0
  0
LINE
  5
690
330
17
100
AcDbEntity
  8
METRO_RW
100
AcDbLine
 10
273.499993218316
 20
214.56666734483508
 30
0.0
 11
349.80000813802087
 21
214.56666734483508
 31
0.0
  0
LINE
  5
691
330
17
100
AcDbEntity
  8
METRO_RW
100
AcDbLine
 10
369.80000813802087
 20
214.5999993218316
 30
0.0
 11
417.30000813802087
 21
214.5999993218316
 31
0.0
  0
LINE
  5
692
330
17
100
AcDbEntity
  8
METRO_RW
100
AcDbLine
 10
437.30000813802087
 20
214.63333129882812
 30
0.0
 11
529.8000081380209
 21
214.66666327582467
 31
0.0
  0
LINE
  5
693
330
17
100
AcDbEntity
  8
METRO_RW
100
AcDbLine
 10
256.00002712673614
 20
214.53333536783856
 30
0.0
 11
270.999993218316
 21
214.56666734483508
 31
0.0
  0
LINE
  5
694
330
17
100
AcDbEntity
  8
METRO_RW
100
AcDbLine
 10
352.30000813802087
 20
214.56666734483508
 30
0.0
 11
367.30000813802087
 21
214.5999993218316
 31
0.0
  0
LINE
  5
695
330
17
100
AcDbEntity
  8
METRO_RW
100
AcDbLine
 10
419.80000813802087
 20
214.5999993218316
 30
0.0
 11
434.80000813802087
 21
214.63333129882812
 31
0.0
  0
LINE
  5
696
330
17
100
AcDbEntity
  8
METRO_RW
100
AcDbLine
 10
131.86665852864584
 20
234.49998643663196
 30
0.0
 11
531.4666748046875
 21
234.66666327582467
 31
0.0
  0
LINE
  5
697
330
17
100
AcDbEntity
  8
METRO_RW
100
AcDbLine
 10
487.86668565538196
 20
314.63331434461804
 30
0.0
 11
502.86668565538196
 21
314.6666463216146
 31
0.0
  0
LINE
  5
698
330
17
100
AcDbEntity
  8
METRO_RW
100
AcDbLine
 10
370.33335367838544
 20
314.566650390625
 30
0.0
 11
372.83335367838544
 21
314.5999823676215
 31
0.0
  0
LINE
  5
699
330
17
100
AcDbEntity
  8
METRO_RW
100
AcDbLine
 10
131.86665852864584
 20
264.49998643663196
 30
0.0
 11
271.03335910373266
 21
264.53333536783856
 31
0.0
  0
LINE
  5
69A
330
17
100
AcDbEntity
  8
METRO_RW
100
AcDbLine
 10
278.53335910373266
 20
264.5666673448351
 30
0.0
 11
349.8333401150174
 21
264.5666673448351
 31
0.0
  0
LINE
  5
69B
330
17
100
AcDbEntity
  8
METRO_RW
100
AcDbLine
 10
369.8333401150174
 20
264.5999993218316
 30
0.0
 11
417.3333401150174
 21
264.5999993218316
 31
0.0
  0
LINE
  5
69C
330
17
100
AcDbEntity
  8
METRO_RW
100
AcDbLine
 10
437.3333401150174
 20
264.6333312988281
 30
0.0
 11
484.8333401150174
 21
264.6333312988281
 31
0.0
  0
LINE
  5
69D
330
17
100
AcDbEntity
  8
METRO_RW
100
AcDbLine
 10
504.8333401150174
 20
264.66666327582465
 30
0.0
 11
529.8666720920139
 21
264.66666327582465
 31
0.0
  0
LINE
  5
69E
330
17
100
AcDbEntity
  8
METRO_RW
100
AcDbLine
 10
273.53335910373266
 20
264.53333536783856
 30
0.0
 11
276.03335910373266
 21
264.5666673448351
 31
0.0
  0
LINE
  5
69F
330
17
100
AcDbEntity
  8
METRO_RW
100
AcDbLine
 10
332.8000217013889
 20
314.566650390625
 30
0.0
 11
332.83335367838544
 21
419.5333184136285
 31
0.0
  0
LINE
  5
6A0
330
17
100
AcDbEntity
  8
METRO_RW
100
AcDbLine
 10
300.8000013563368
 20
366.5333387586806
 30
0.0
 11
300.83333333333337
 21
429.6666463216146
 31
0.0
  0
LINE
  5
6A1
330
17
100
AcDbEntity
  8
METRO_RW
100
AcDbLine
 10
362.8000217013889
 20
364.5999823676215
 30
0.0
 11
362.86668565538196
 21
429.6666463216146
 31
0.0
  0
LINE
  5
6A2
330
17
100
AcDbEntity
  8
METRO_RW
100
AcDbLine
 10
487.3333401150174
 20
264.6333312988281
 30
0.0
 11
502.3333401150174
 21
264.66666327582465
 31
0.0
  0
LINE
  5
6A3
330
17
100
AcDbEntity
  8
METRO_RW
100
AcDbLine
 10
352.3333401150174
 20
264.5666673448351
 30
0.0
 11
367.3333401150174
 21
264.5999993218316
 31
0.0
  0
LINE
  5
6A4
330
17
100
AcDbEntity
  8
METRO_RW
100
AcDbLine
 10
419.8333401150174
 20
264.5999993218316
 30
0.0
 11
434.8333401150174
 21
264.6333312988281
 31
0.0
  0
LINE
  5
6A5
330
17
100
AcDbEntity
  8
METRO_RW
100
AcDbLine
 10
351.73333062065973
 20
164.63333129882812
 30
0.0
 11
361.73333062065973
 21
164.5999993218316
 31
0.0
  0
LINE
  5
6A6
330
17
100
AcDbEntity
  8
METRO_RW
100
AcDbLine
 10
131.86665852864584
 20
257.5
 30
0.0
 11
141.0333251953125
 21
257.5
 31
0.0
  0
LINE
  5
6A7
330
17
100
AcDbEntity
  8
METRO_RW
100
AcDbLine
 10
161.03335910373264
 20
257.5333319769965
 30
0.0
 11
271.03335910373266
 21
257.5333319769965
 31
0.0
  0
LINE
  5
6A8
330
17
100
AcDbEntity
  8
METRO_RW
100
AcDbLine
 10
278.53335910373266
 20
257.56666395399304
 30
0.0
 11
349.8333401150174
 21
257.56666395399304
 31
0.0
  0
LINE
  5
6A9
330
17
100
AcDbEntity
  8
METRO_RW
100
AcDbLine
 10
369.8333401150174
 20
257.5999959309896
 30
0.0
 11
417.3333401150174
 21
257.5999959309896
 31
0.0
  0
LINE
  5
6AA
330
17
100
AcDbEntity
  8
METRO_RW
100
AcDbLine
 10
437.3333401150174
 20
257.63332790798614
 30
0.0
 11
484.8333401150174
 21
257.63332790798614
 31
0.0
  0
LINE
  5
6AB
330
17
100
AcDbEntity
  8
METRO_RW
100
AcDbLine
 10
504.8333401150174
 20
257.66665988498266
 30
0.0
 11
529.8333401150173
 21
257.66665988498266
 31
0.0
  0
LINE
  5
6AC
330
17
100
AcDbEntity
  8
METRO_RW
100
AcDbLine
 10
352.3333401150174
 20
257.56666395399304
 30
0.0
 11
367.3333401150174
 21
257.5999959309896
 31
0.0
  0
LINE
  5
6AD
330
17
100
AcDbEntity
  8
METRO_RW
100
AcDbLine
 10
419.8333401150174
 20
257.5999959309896
 30
0.0
 11
434.8333401150174
 21
257.63332790798614
 31
0.0
  0
LINE
  5
6AE
330
17
100
AcDbEntity
  8
METRO_RW
100
AcDbLine
 10
487.3333401150174
 20
257.63332790798614
 30
0.0
 11
502.3333401150174
 21
257.66665988498266
 31
0.0
  0
LINE
  5
6AF
330
17
100
AcDbEntity
  8
METRO_RW
100
AcDbLine
 10
131.86665852864584
 20
271.499989827474
 30
0.0
 11
141.0333251953125
 21
271.499989827474
 31
0.0
  0
LINE
  5
6B0
330
17
100
AcDbEntity
  8
METRO_RW
100
AcDbLine
 10
161.03335910373264
 20
271.5333218044705
 30
0.0
 11
271.03335910373266
 21
271.5333218044705
 31
0.0
  0
LINE
  5
6B1
330
17
100
AcDbEntity
  8
METRO_RW
100
AcDbLine
 10
278.53335910373266
 20
271.56665378146704
 30
0.0
 11
349.8333401150174
 21
271.56665378146704
 31
0.0
  0
LINE
  5
6B2
330
17
100
AcDbEntity
  8
METRO_RW
100
AcDbLine
 10
369.8333401150174
 20
271.59998575846356
 30
0.0
 11
417.3333401150174
 21
271.59998575846356
 31
0.0
  0
LINE
  5
6B3
330
17
100
AcDbEntity
  8
METRO_RW
100
AcDbLine
 10
437.3333401150174
 20
271.63333468967016
 30
0.0
 11
484.8333401150174
 21
271.63333468967016
 31
0.0
  0
LINE
  5
6B4
330
17
100
AcDbEntity
  8
METRO_RW
100
AcDbLine
 10
504.8333401150174
 20
271.6666666666667
 30
0.0
 11
529.8666720920139
 21
271.6666666666667
 31
0.0
  0
LINE
  5
6B5
330
17
100
AcDbEntity
  8
METRO_RW
100
AcDbLine
 10
352.3333401150174
 20
271.56665378146704
 30
0.0
 11
367.3333401150174
 21
271.59998575846356
 31
0.0
  0
LINE
  5
6B6
330
17
100
AcDbEntity
  8
METRO_RW
100
AcDbLine
 10
419.8333401150174
 20
271.59998575846356
 30
0.0
 11
434.8333401150174
 21
271.63333468967016
 31
0.0
  0
LINE
  5
6B7
330
17
100
AcDbEntity
  8
METRO_RW
100
AcDbLine
 10
487.3333401150174
 20
271.63333468967016
 30
0.0
 11
502.3333401150174
 21
271.6666666666667
 31
0.0
  0
LINE
  5
6B8
330
17
100
AcDbEntity
  8
METRO_RW
100
AcDbLine
 10
273.53335910373266
 20
257.5333319769965
 30
0.0
 11
276.03335910373266
 21
257.56666395399304
 31
0.0
  0
LINE
  5
6B9
330
17
100
AcDbEntity
  8
METRO_RW
100
AcDbLine
 10
143.5333251953125
 20
257.5
 30
0.0
 11
158.53335910373264
 21
257.5333319769965
 31
0.0
  0
LINE
  5
6BA
330
17
100
AcDbEntity
  8
METRO_RW
100
AcDbLine
 10
273.53335910373266
 20
271.5333218044705
 30
0.0
 11
276.03335910373266
 21
271.56665378146704
 31
0.0
  0
LINE
  5
6BB
330
17
100
AcDbEntity
  8
METRO_RW
100
AcDbLine
 10
143.5333251953125
 20
271.499989827474
 30
0.0
 11
158.53335910373264
 21
271.5333218044705
 31
0.0
  0
LWPOLYLINE
  5
6BC
330
17
100
AcDbEntity
  8
METRO_RW
100
AcDbPolyline
 90
17
 70
0
 10
280.7891845703125
 20
346.53323703342016
 10
282.83453634215726
 20
346.6370577779081
 10
284.8208149936464
 20
346.94061636924744
 10
286.7379742115736
 20
347.4338693254524
 10
288.5759676827325
 20
348.10677316453723
 10
290.3247490939167
 20
348.9492844045162
 10
291.97427213191986
 20
349.9513595634037
 10
293.51449048353567
 20
351.1029551592138
 10
294.93535783555774
 20
352.39402770996094
 10
296.2268278747797
 20
353.81453373365935
 10
297.37885428799524
 20
355.35442974832324
 10
298.381390761998
 20
357.00367227196693
 10
299.22439098358154
 20
358.75221782260473
 10
299.8978086395396
 20
360.59002291825084
 10
300.39159741666583
 20
362.50704407691956
 10
300.6957110017538
 20
364.4932378166252
 10
300.80010308159723
 20
366.53856065538196
  0
LWPOLYLINE
  5
6BD
330
17
100
AcDbEntity
  8
METRO_RW
100
AcDbPolyline
 90
17
 70
0
 10
381.705084906684
 20
184.63341606987848
 10
379.6604416022698
 20
184.52907472434973
 10
377.6748704248005
 20
184.22513746552997
 10
375.758407952057
 20
183.73163910789623
 10
373.9210907618205
 20
183.05861446592544
 10
372.17295543187197
 20
182.21609835409456
 10
370.52403853999243
 20
181.21412558688058
 10
368.984376663963
 20
180.06273097876047
 10
367.5640063815647
 20
178.77194934421115
 10
366.2729642705785
 20
177.35181549770965
 10
365.1212869087855
 20
175.8123642537329
 10
364.1190108739668
 20
174.16363042675786
 10
363.27617274390326
 20
172.41564883126154
 10
362.6028090963761
 20
170.57845428172087
 10
362.1089565091663
 20
168.6620815926128
 10
361.8046515600549
 20
166.67656557841434
 10
361.69993082682294
 20
164.63194105360245
  0
LWPOLYLINE
  5
6BE
330
17
100
AcDbEntity
  8
METRO_RW
100
AcDbPolyline
 90
33
 70
0
 10
301.73343234592016
 20
164.56805759006076
 10
301.7095532185502
 20
165.5613299831748
 10
301.6368559996287
 20
166.54788888163037
 10
301.5160206788116
 20
167.526089967125
 10
301.3477272457547
 20
168.4942889213562
 10
301.1326556901137
 20
169.45084142602153
 10
300.87148600154455
 20
170.39410316281848
 10
300.564898169703
 20
171.32242981344461
 10
300.2135721842448
 20
172.23417705959744
 10
299.8181880348259
 20
173.12770058297448
 10
299.379425711102
 20
174.00135606527328
 10
298.8979652027289
 20
174.85349918819136
 10
298.37448649936255
 20
175.68248563342624
 10
297.80966959065864
 20
176.48667108267546
 10
297.204194466273
 20
177.26441121763654
 10
296.5587411158615
 20
178.014061720007
 10
295.8739895290799
 20
178.73397827148438
 10
295.15439757042463
 20
179.41906508472232
 10
294.40505305926007
 20
180.06486866209244
 10
293.6275999910302
 20
180.67070811986923
 10
292.82368236117895
 20
181.23590257432727
 10
291.99494416515034
 20
181.75977114174103
 10
291.14302939838836
 20
182.241632938385
 10
290.26958205633696
 20
182.68080708053378
 10
289.3762461344401
 20
183.07661268446182
 10
288.46466562814186
 20
183.42836886644363
 10
287.5364845328861
 20
183.73539474275378
 10
286.59334684411687
 20
183.99700942966675
 10
285.63689655727813
 20
184.21253204345703
 10
284.66877766781386
 20
184.3812817003992
 10
283.690634171168
 20
184.50257751676773
 10
282.70411006278465
 20
184.57573860883713
 10
281.71084933810766
 20
184.60008409288196
  0
LWPOLYLINE
  5
6BF
330
17
100
AcDbEntity
  8
METRO_RW
100
AcDbPolyline
 90
33
 70
0
 10
362.7999199761285
 20
364.6280924479167
 10
362.8239925288492
 20
363.6347674578428
 10
362.89688818984564
 20
362.64816542466485
 10
363.01792642308607
 20
361.6699309895436
 10
363.1864266925388
 20
360.70170879364014
 10
363.4017084621721
 20
359.74514347811544
 10
363.6630911959542
 20
358.80187968413037
 10
363.9698943578535
 20
357.87356205284595
 10
364.32143741183813
 20
356.9618352254232
 10
364.7170398218764
 20
356.068343843023
 10
365.1560210519367
 20
355.19473254680634
 10
365.6377005659872
 20
354.34264597793424
 10
366.16139782799615
 20
353.51372877756756
 10
366.72643230193194
 20
352.70962558686733
 10
367.33212345176275
 20
351.93198104699457
 10
367.9777907414569
 20
351.1824397991101
 10
368.66275363498266
 20
350.462646484375
 10
369.3825529267391
 20
349.777689576149
 10
370.1320994562573
 20
349.1320276260376
 10
370.9097486817175
 20
348.52634131908417
 10
371.7138560612997
 20
347.96131134033203
 10
372.542777053184
 20
347.4376183748245
 10
373.3948671155506
 20
346.955943107605
 10
374.26848170657956
 20
346.51696622371674
 10
375.161976284451
 20
346.1213684082031
 10
376.073706307345
 20
345.7698303461075
 10
377.0020272334417
 20
345.46303272247314
 10
377.9452945209212
 20
345.20165622234344
 10
378.9018636279636
 20
344.9863815307617
 10
379.8700900127491
 20
344.8178893327713
 10
380.84832913345764
 20
344.6968603134155
 10
381.83493644826945
 20
344.62397515773773
 10
382.8282674153646
 20
344.59991455078125
  0
LWPOLYLINE
  5
6C1
330
17
100
AcDbEntity
  8
AGUA
100
AcDbPolyline
 90
3
 70
0
 10
199.86667209201389
 20
243.43332926432294
 10
262.30000813802087
 20
243.46666124131946
 10
278.933342827691
 20
246.73333062065973
  0
LWPOLYLINE
  5
6C2
330
17
100
AcDbEntity
  8
AGUA
100
AcDbPolyline
 90
5
 70
0
 10
310.0
 20
369.6666463216146
 10
309.000006781684
 20
370.16665988498266
 10
308.86667887369794
 20
369.90000406901044
 10
308.86667887369794
 20
368.30000135633685
 10
309.8666720920139
 20
367.79998779296875
  0
LWPOLYLINE
  5
6C3
330
17
100
AcDbEntity
  8
AGUA
100
AcDbPolyline
 90
4
 70
0
 10
288.10000949435766
 20
195.40000067816842
 10
287.1000162760417
 20
195.89999728732639
 10
286.96668836805554
 20
195.6333245171441
 10
289.0666707356771
 20
200.80000135633682
  0
LINE
  5
6C4
330
17
100
AcDbEntity
  8
AGUA
100
AcDbLine
 10
334.03333875868054
 20
170.03333197699652
 30
0.0
 11
354.23333062065973
 21
170.03333197699652
 31
0.0
  0
LINE
  5
6C5
330
17
100
AcDbEntity
  8
AGUA
100
AcDbLine
 10
380.8666653103299
 20
249.13333468967016
 30
0.0
 11
387.5999959309896
 21
249.13333468967016
 31
0.0
  0
LINE
  5
6C6
330
17
100
AcDbEntity
  8
AGUA
100
AcDbLine
 10
346.26668294270837
 20
249.16666666666669
 30
0.0
 11
371.0666910807292
 21
249.16666666666669
 31
0.0
  0
LWPOLYLINE
  5
6C7
330
17
100
AcDbEntity
  8
AGUA
100
AcDbPolyline
 90
3
 70
0
 10
318.63335503472223
 20
240.36666870117188
 10
317.4666680230035
 20
249.1999986436632
 10
342.2666761610243
 20
249.1999986436632
  0
LINE
  5
6C8
330
17
100
AcDbEntity
  8
AGUA
100
AcDbLine
 10
286.866692437066
 20
249.23333062065973
 30
0.0
 11
307.66665988498266
 21
249.23333062065973
 31
0.0
  0
LINE
  5
6C9
330
17
100
AcDbEntity
  8
AGUA
100
AcDbLine
 10
223.46666124131946
 20
249.2999945746528
 30
0.0
 11
277.06668429904516
 21
249.26666259765625
 31
0.0
  0
LINE
  5
6CA
330
17
100
AcDbEntity
  8
AGUA
100
AcDbLine
 10
509.93333604600696
 20
201.39999389648438
 30
0.0
 11
525.933329264323
 21
201.46665785047745
 31
0.0
  0
LWPOLYLINE
  5
6CB
330
17
100
AcDbEntity
  8
AGUA
100
AcDbPolyline
 90
3
 70
0
 10
441.73333062065973
 20
201.23333401150174
 10
462.5333319769965
 20
201.26666598849826
 10
488.33333333333337
 20
201.36666191948785
  0
LINE
  5
6CC
330
17
100
AcDbEntity
  8
AGUA
100
AcDbLine
 10
397.1333482530382
 20
201.09998914930557
 30
0.0
 11
413.1333414713542
 21
201.1333211263021
 31
0.0
  0
LWPOLYLINE
  5
6CD
330
17
100
AcDbEntity
  8
AGUA
100
AcDbPolyline
 90
4
 70
0
 10
321.933356391059
 20
200.86666531032986
 10
347.73335774739587
 20
200.96666124131946
 10
368.5333251953125
 20
200.99999321831598
 10
394.33332655164935
 20
201.09998914930557
  0
LINE
  5
6CE
330
17
100
AcDbEntity
  8
AGUA
100
AcDbLine
 10
303.1333414713542
 20
200.83333333333334
 30
0.0
 11
319.13333468967016
 21
200.86666531032986
 31
0.0
  0
LINE
  5
6CF
330
17
100
AcDbEntity
  8
AGUA
100
AcDbLine
 10
415.93332926432294
 20
201.1333211263021
 30
0.0
 11
440.73333740234375
 21
201.23333401150174
 31
0.0
  0
LWPOLYLINE
  5
6D0
330
17
100
AcDbEntity
  8
AGUA
100
AcDbPolyline
 90
4
 70
0
 10
227.933349609375
 20
200.59999254014758
 10
253.73335096571182
 20
200.69998847113717
 10
274.53335232204864
 20
200.7333204481337
 10
290.33335367838544
 20
200.80000135633682
1001
PDFCAD
1000
nota=EX. IRRIGATION WATER
1000
EX=Existing (existente)
1000
WATER=Water (agua)
  0
LINE
  5
6D1
330
17
100
AcDbEntity
  8
AGUA
100
AcDbLine
 10
209.13333468967014
 20
200.56666056315106
 30
0.0
 11
225.13332790798611
 21
200.59999254014758
 31
0.0
  0
LWPOLYLINE
  5
6D2
330
17
100
AcDbEntity
  8
AGUA
100
AcDbPolyline
 90
3
 70
0
 10
133.90001085069446
 20
200.33333672417535
 10
152.70002577039932
 20
200.40000067816842
 10
180.50001356336807
 20
200.46666463216147
  0
LINE
  5
6D3
330
17
100
AcDbEntity
  8
AGUA
100
AcDbLine
 10
181.50000678168405
 20
200.46666463216147
 30
0.0
 11
206.33334689670139
 21
200.56666056315106
 31
0.0
  0
LINE
  5
6D4
330
17
100
AcDbEntity
  8
AGUA
100
AcDbLine
 10
324.6333482530382
 20
138.999998304579
 30
0.0
 11
324.6333482530382
 21
224.10000271267361
 31
0.0
  0
LINE
  5
6D5
330
17
100
AcDbEntity
  8
AGUA
100
AcDbLine
 10
324.66668023003473
 20
94.69999525282118
 30
0.0
 11
324.66668023003473
 21
129.1999986436632
 31
0.0
  0
LINE
  5
6D6
330
17
100
AcDbEntity
  8
AGUA
100
AcDbLine
 10
317.5999959309896
 20
233.06666056315106
 30
0.0
 11
317.73335774739587
 21
293.066643608941
 31
0.0
  0
LINE
  5
6D7
330
17
100
AcDbEntity
  8
AGUA
100
AcDbLine
 10
318.10000949435766
 20
312.66665988498266
 30
0.0
 11
318.3999972873264
 21
303.66665310329864
 31
0.0
  0
LINE
  5
6D8
330
17
100
AcDbEntity
  8
AGUA
100
AcDbLine
 10
251.43334282769098
 20
319.1666666666667
 30
0.0
 11
260.433349609375
 21
319.1666666666667
 31
0.0
  0
LINE
  5
6D9
330
17
100
AcDbEntity
  8
AGUA
100
AcDbLine
 10
206.83336046006946
 20
319.03333875868054
 30
0.0
 11
234.6333482530382
 21
319.10000271267364
 31
0.0
  0
LWPOLYLINE
  5
6DA
330
17
100
AcDbEntity
  8
AGUA
100
AcDbPolyline
 90
5
 70
0
 10
131.86665852864584
 20
318.83331298828125
 10
141.63336859809027
 20
318.83331298828125
 10
157.43333604600696
 20
318.8999769422743
 10
185.23335774739584
 20
318.9666748046875
 10
204.03333875868057
 20
319.03333875868054
  0
LINE
  5
6DB
330
17
100
AcDbEntity
  8
AGUA
100
AcDbLine
 10
497.8333197699653
 20
321.79999457465277
 30
0.0
 11
525.6333414713542
 21
321.86665852864587
 31
0.0
  0
LINE
  5
6DC
330
17
100
AcDbEntity
  8
AGUA
100
AcDbLine
 10
453.20000542534723
 20
321.6666666666667
 30
0.0
 11
488.0000135633681
 21
321.76666259765625
 31
0.0
  0
LINE
  5
6DD
330
17
100
AcDbEntity
  8
AGUA
100
AcDbLine
 10
441.40001085069446
 20
321.63333468967016
 30
0.0
 11
447.40000406901044
 21
321.63333468967016
 31
0.0
  0
LINE
  5
6DE
330
17
100
AcDbEntity
  8
AGUA
100
AcDbLine
 10
403.8000149197049
 20
321.53333875868054
 30
0.0
 11
431.60000271267364
 21
321.60000271267364
 31
0.0
  0
LWPOLYLINE
  5
6DF
330
17
100
AcDbEntity
  8
AGUA
100
AcDbPolyline
 90
3
 70
0
 10
348.43332926432294
 20
319.4333224826389
 10
359.1999986436632
 20
321.3999769422743
 10
394.000006781684
 20
321.500006781684
  0
LINE
  5
6E0
330
17
100
AcDbEntity
  8
AGUA
100
AcDbLine
 10
470.0333319769965
 20
319.7666761610243
 30
0.0
 11
486.0333251953125
 21
319.8333401150174
 31
0.0
  0
LWPOLYLINE
  5
6E1
330
17
100
AcDbEntity
  8
AGUA
100
AcDbPolyline
 90
3
 70
0
 10
394.8333401150174
 20
319.566650390625
 10
423.63335503472223
 20
319.63331434461804
 10
448.4333631727431
 20
319.73331027560766
  0
LINE
  5
6E2
330
17
100
AcDbEntity
  8
AGUA
100
AcDbLine
 10
376.0333251953125
 20
319.49998643663196
 30
0.0
 11
392.03335232204864
 21
319.566650390625
 31
0.0
  0
LWPOLYLINE
  5
6E3
330
17
100
AcDbEntity
  8
AGUA
100
AcDbPolyline
 90
5
 70
0
 10
282.03335232204864
 20
319.23333062065973
 10
300.83333333333337
 20
319.29999457465277
 10
329.6333482530382
 20
319.36665852864587
 10
344.433356391059
 20
319.4333224826389
 10
340.4000176323785
 20
321.33331298828125
  0
LINE
  5
6E4
330
17
100
AcDbEntity
  8
AGUA
100
AcDbLine
 10
235.63334147135419
 20
319.10000271267364
 30
0.0
 11
250.433349609375
 21
319.1666666666667
 31
0.0
  0
LINE
  5
6E5
330
17
100
AcDbEntity
  8
AGUA
100
AcDbLine
 10
488.8333468967014
 20
319.8333401150174
 30
0.0
 11
516.6666666666667
 21
319.90000406901044
 31
0.0
  0
LINE
  5
6E6
330
17
100
AcDbEntity
  8
AGUA
100
AcDbLine
 10
451.2333170572917
 20
319.73331027560766
 30
0.0
 11
467.23334418402777
 21
319.7666761610243
 31
0.0
  0
LINE
  5
6E7
330
17
100
AcDbEntity
  8
AGUA
100
AcDbLine
 10
347.40000406901044
 20
321.36664496527777
 30
0.0
 11
353.3999972873264
 21
321.36664496527777
 31
0.0
  0
LINE
  5
6E8
330
17
100
AcDbEntity
  8
AGUA
100
AcDbLine
 10
309.80000813802087
 20
321.2666490342882
 30
0.0
 11
337.5999959309896
 21
321.33331298828125
 31
0.0
  0
LINE
  5
6E9
330
17
100
AcDbEntity
  8
AGUA
100
AcDbLine
 10
290.999993218316
 20
321.19998508029516
 30
0.0
 11
300.0
 21
321.2333170572917
 31
0.0
  0
LINE
  5
6EA
330
17
100
AcDbEntity
  8
AGUA
100
AcDbLine
 10
265.2000257703993
 20
321.1333211263021
 30
0.0
 11
281.20001898871527
 21
321.16665310329864
 31
0.0
1001
PDFCAD
1000
nota=EX. 1-2" WATER LINE IN 12"
1000
diametro=2
1000
EX=Existing (existente)
1000
WATER=Water (agua)
  0
LINE
  5
6EB
330
17
100
AcDbEntity
  8
AGUA
100
AcDbLine
 10
253.3999972873264
 20
321.09998914930554
 30
0.0
 11
259.4000244140625
 21
321.09998914930554
 31
0.0
  0
LINE
  5
6EC
330
17
100
AcDbEntity
  8
AGUA
100
AcDbLine
 10
215.80000135633682
 20
320.999993218316
 30
0.0
 11
243.6000230577257
 21
321.066657172309
 31
0.0
1001
PDFCAD
1000
nota=EX. 6" WATER LINE(ABAND.),; EX. 8" WATER, 5' N/ ℄, PER SUBS 137C
1000
diametro=8
1000
ABAND=Abandoned (abandonado)
1000
EX=Existing (existente)
1000
WATER=Water (agua)
  0
LINE
  5
6ED
330
17
100
AcDbEntity
  8
AGUA
100
AcDbLine
 10
434.3999905056424
 20
321.60000271267364
 30
0.0
 11
441.433342827691
 21
319.69997829861114
 31
0.0
  0
LINE
  5
6EE
330
17
100
AcDbEntity
  8
AGUA
100
AcDbLine
 10
357.23334418402777
 20
319.46665445963544
 30
0.0
 11
373.23333740234375
 21
319.49998643663196
 31
0.0
  0
LINE
  5
6EF
330
17
100
AcDbEntity
  8
AGUA
100
AcDbLine
 10
263.23333740234375
 20
319.1999986436632
 30
0.0
 11
291.03335910373266
 21
319.26666259765625
 31
0.0
  0
LWPOLYLINE
  5
6F0
330
17
100
AcDbEntity
  8
AGUA
100
AcDbPolyline
 90
4
 70
0
 10
321.4666748046875
 20
363.89997694227435
 10
321.500006781684
 20
382.6999918619792
 10
321.5666707356771
 20
401.500006781684
 10
321.60000271267364
 20
417.5
1001
PDFCAD
1000
nota=EX. 6" WATER, 11.1' W/ ℄
1000
diametro=6
1000
EX=Existing (existente)
1000
WATER=Water (agua)
  0
LINE
  5
6F1
330
17
100
AcDbEntity
  8
AGUA
100
AcDbLine
 10
321.40001085069446
 20
345.0999959309896
 30
0.0
 11
321.4666748046875
 21
361.0999891493056
 31
0.0
  0
LINE
  5
6F2
330
17
100
AcDbEntity
  8
AGUA
100
AcDbLine
 10
318.70001898871527
 20
277.9666646321615
 30
0.0
 11
318.7333509657118
 21
297.30000813802087
 31
0.0
  0
LINE
  5
6F3
330
17
100
AcDbEntity
  8
AGUA
100
AcDbLine
 10
318.66668701171875
 20
259.1666666666667
 30
0.0
 11
318.66668701171875
 21
268.1666564941406
 31
0.0
  0
LWPOLYLINE
  5
6F5
330
17
100
AcDbEntity
  8
ANOTACION
100
AcDbPolyline
 90
4
 70
0
 10
286.1000230577257
 20
193.19998847113717
 10
287.86668565538196
 20
194.16666666666669
 10
286.53333875868054
 20
192.66665988498264
 10
286.1000230577257
 20
193.19998847113717
  0
LWPOLYLINE
  5
6F6
330
17
100
AcDbEntity
  8
ANOTACION
100
AcDbPolyline
 90
3
 70
0
 10
286.3000149197049
 20
192.93333265516495
 10
268.0333455403646
 20
178.43332926432294
 10
268.0333455403646
 20
177.43333604600696
  0
LWPOLYLINE
  5
6F7
330
17
100
AcDbEntity
  8
ANOTACION
100
AcDbPolyline
 90
4
 70
0
 10
316.03335910373266
 20
294.0666707356771
 10
316.8333265516493
 20
292.19997829861114
 10
315.4666815863715
 20
293.7333170572917
 10
316.03335910373266
 20
294.0666707356771
  0
LWPOLYLINE
  5
6F8
330
17
100
AcDbEntity
  8
ANOTACION
100
AcDbPolyline
 90
3
 70
0
 10
315.76666937934027
 20
293.8999769422743
 10
279.03333875868054
 20
351.19998508029516
 10
279.03333875868054
 20
352.19997829861114
  0
LWPOLYLINE
  5
6F9
330
17
100
AcDbEntity
  8
ANOTACION
100
AcDbPolyline
 90
4
 70
0
 10
378.499993218316
 20
191.63333468967014
 10
377.9000176323785
 20
193.56665717230905
 10
379.10000271267364
 20
191.89999050564236
 10
378.499993218316
 20
191.63333468967014
  0
LWPOLYLINE
  5
6FA
330
17
100
AcDbEntity
  8
ANOTACION
100
AcDbPolyline
 90
3
 70
0
 10
378.8000149197049
 20
191.76666259765625
 10
384.76667616102435
 20
179.63333129882812
 10
385.76666937934027
 20
179.63333129882812
  0
LWPOLYLINE
  5
6FB
330
17
100
AcDbEntity
  8
ANOTACION
100
AcDbPolyline
 90
4
 70
0
 10
328.5333251953125
 20
247.66665988498264
 10
329.8666720920139
 20
249.1999986436632
 10
329.10000271267364
 20
247.3333231608073
 10
328.5333251953125
 20
247.66665988498264
  0
LWPOLYLINE
  5
6FC
330
17
100
AcDbEntity
  8
ANOTACION
100
AcDbPolyline
 90
3
 70
0
 10
328.8333468967014
 20
247.5
 10
286.60000271267364
 20
178.49999321831598
 10
286.60000271267364
 20
177.29999118381076
  0
LWPOLYLINE
  5
6FD
330
17
100
AcDbEntity
  8
ANOTACION
100
AcDbPolyline
 90
4
 70
0
 10
283.0333455403646
 20
337.4666680230035
 10
284.4000244140625
 20
335.96666124131946
 10
282.5999959309896
 20
336.9333224826389
 10
283.0333455403646
 20
337.4666680230035
  0
LWPOLYLINE
  5
6FE
330
17
100
AcDbEntity
  8
ANOTACION
100
AcDbPolyline
 90
3
 70
0
 10
282.83335367838544
 20
337.19997829861114
 10
265.0333319769965
 20
351.2333170572917
 10
265.0333319769965
 20
352.23331027560766
  0
LWPOLYLINE
  5
6FF
330
17
100
AcDbEntity
  8
ANOTACION
100
AcDbPolyline
 90
4
 70
0
 10
528.2000054253473
 20
256.2666659884983
 10
530.1999918619792
 20
259.3333265516493
 10
529.2999945746528
 20
255.7666693793403
 10
528.2000054253473
 20
256.2666659884983
  0
LWPOLYLINE
  5
700
330
17
100
AcDbEntity
  8
ANOTACION
100
AcDbPolyline
 90
3
 70
0
 10
528.7666829427084
 20
255.99999321831598
 10
494.6333143446181
 20
176.89999050564236
 10
494.6333143446181
 20
175.2333238389757
  0
LWPOLYLINE
  5
701
330
17
100
AcDbEntity
  8
ANOTACION
100
AcDbPolyline
 90
4
 70
0
 10
256.00002712673614
 20
262.83331976996527
 10
257.0000203450521
 20
259.3333265516493
 10
254.90000406901044
 20
262.3333231608073
 10
256.00002712673614
 20
262.83331976996527
  0
LWPOLYLINE
  5
702
330
17
100
AcDbEntity
  8
ANOTACION
100
AcDbPolyline
 90
3
 70
0
 10
255.46668158637155
 20
262.5999959309896
 10
253.7000189887153
 20
266.33332994249133
 10
252.0000203450521
 20
266.33332994249133
  0
LWPOLYLINE
  5
703
330
17
100
AcDbEntity
  8
ANOTACION
100
AcDbPolyline
 90
4
 70
0
 10
299.4000244140625
 20
311.79999457465277
 10
300.8000013563368
 20
310.29998779296875
 10
299.000006781684
 20
311.2666490342882
 10
299.4000244140625
 20
311.79999457465277
  0
LWPOLYLINE
  5
704
330
17
100
AcDbEntity
  8
ANOTACION
100
AcDbPolyline
 90
3
 70
0
 10
299.1999986436632
 20
311.53333875868054
 10
246.73333062065973
 20
351.19998508029516
 10
246.6999986436632
 20
352.19997829861114
  0
LWPOLYLINE
  5
705
330
17
100
AcDbEntity
  8
ANOTACION
100
AcDbPolyline
 90
4
 70
0
 10
514.7666761610243
 20
181.43332587348092
 10
513.1000094943577
 20
184.66666327582467
 10
515.7333374023438
 20
182.13333129882812
 10
514.7666761610243
 20
181.43332587348092
  0
LWPOLYLINE
  5
706
330
17
100
AcDbEntity
  8
ANOTACION
100
AcDbPolyline
 90
3
 70
0
 10
515.2333577473959
 20
181.76666259765625
 10
518.3000013563368
 20
177.69999186197919
 10
519.9666680230035
 20
177.69999186197919
  0
LWPOLYLINE
  5
707
330
17
100
AcDbEntity
  8
ANOTACION
100
AcDbPolyline
 90
4
 70
0
 10
480.0666639539931
 20
237.56666395399307
 10
477.89998372395837
 20
234.66666327582467
 10
479.000006781684
 20
238.1333245171441
 10
480.0666639539931
 20
237.56666395399307
  0
LWPOLYLINE
  5
708
330
17
100
AcDbEntity
  8
ANOTACION
100
AcDbPolyline
 90
3
 70
0
 10
479.53335232204864
 20
237.86666870117188
 10
481.86665852864587
 20
242.3333231608073
 10
483.5333251953125
 20
242.3333231608073
  0
LWPOLYLINE
  5
709
330
17
100
AcDbEntity
  8
ANOTACION
100
AcDbPolyline
 90
4
 70
0
 10
479.4333224826389
 20
291.1333211263021
 10
478.46666124131946
 20
294.63331434461804
 10
480.5000135633681
 20
291.63333468967016
 10
479.4333224826389
 20
291.1333211263021
  0
LWPOLYLINE
  5
70A
330
17
100
AcDbEntity
  8
ANOTACION
100
AcDbPolyline
 90
3
 70
0
 10
479.9666680230035
 20
291.36664496527777
 10
483.4333631727431
 20
283.8999938964844
 10
485.10002983940973
 20
283.8999938964844
  0
LWPOLYLINE
  5
70B
330
17
100
AcDbEntity
  8
ANOTACION
100
AcDbPolyline
 90
4
 70
0
 10
512.3000081380209
 20
347.89998372395837
 10
510.6666734483507
 20
344.6666463216146
 10
511.16665310329864
 20
348.26666937934027
 10
512.3000081380209
 20
347.89998372395837
  0
LWPOLYLINE
  5
70C
330
17
100
AcDbEntity
  8
ANOTACION
100
AcDbPolyline
 90
3
 70
0
 10
511.73333062065973
 20
348.0999755859375
 10
512.8000217013889
 20
351.53333875868054
 10
514.4666883680555
 20
351.53333875868054
  0
LWPOLYLINE
  5
70D
330
17
100
AcDbEntity
  8
ANOTACION
100
AcDbPolyline
 90
4
 70
0
 10
175.40001763237848
 20
232.66665988498264
 10
178.53335910373264
 20
234.53333536783856
 10
176.16668701171875
 20
231.76666259765625
 10
175.40001763237848
 20
232.66665988498264
  0
LWPOLYLINE
  5
70E
330
17
100
AcDbEntity
  8
ANOTACION
100
AcDbPolyline
 90
3
 70
0
 10
175.76666937934027
 20
232.1999952528212
 10
171.30001491970486
 20
228.46666124131946
 10
169.6333482530382
 20
228.46666124131946
  0
LWPOLYLINE
  5
70F
330
17
100
AcDbEntity
  8
ANOTACION
100
AcDbPolyline
 90
4
 70
0
 10
176.76666259765625
 20
292.79998779296875
 10
180.0
 20
294.5333184136285
 10
177.5
 20
291.8333265516493
 10
176.76666259765625
 20
292.79998779296875
  0
LWPOLYLINE
  5
710
330
17
100
AcDbEntity
  8
ANOTACION
100
AcDbPolyline
 90
3
 70
0
 10
177.1333482530382
 20
292.3333401150174
 10
171.13335503472223
 20
287.6999918619792
 10
169.46668836805557
 20
287.6999918619792
  0
LWPOLYLINE
  5
711
330
17
100
AcDbEntity
  8
ANOTACION
100
AcDbPolyline
 90
4
 70
0
 10
300.06666395399304
 20
103.999998304579
 10
301.6666666666667
 20
100.73332892523872
 10
299.10000271267364
 20
103.30000135633681
 10
300.06666395399304
 20
103.999998304579
  0
LWPOLYLINE
  5
712
330
17
100
AcDbEntity
  8
ANOTACION
100
AcDbPolyline
 90
3
 70
0
 10
299.56668429904516
 20
103.63332960340712
 10
296.8333265516493
 20
107.46666802300348
 10
295.16665988498266
 20
107.46666802300348
  0
LWPOLYLINE
  5
713
330
17
100
AcDbEntity
  8
ANOTACION
100
AcDbPolyline
 90
4
 70
0
 10
354.90000406901044
 20
102.53333197699654
 10
351.6666666666667
 20
100.86666531032986
 10
354.1999986436632
 20
103.500001695421
 10
354.90000406901044
 20
102.53333197699654
  0
LWPOLYLINE
  5
714
330
17
100
AcDbEntity
  8
ANOTACION
100
AcDbPolyline
 90
3
 70
0
 10
354.56668429904516
 20
102.99999660915799
 10
360.3000217013889
 20
107.2999996609158
 10
361.9666883680556
 20
107.2999996609158
  0
LWPOLYLINE
  5
715
330
17
100
AcDbEntity
  8
ANOTACION
100
AcDbPolyline
 90
4
 70
0
 10
299.6000162760417
 20
417.5666639539931
 10
300.83333333333337
 20
414.10000271267364
 10
298.5666910807292
 20
416.96665445963544
 10
299.6000162760417
 20
417.5666639539931
  0
LWPOLYLINE
  5
716
330
17
100
AcDbEntity
  8
ANOTACION
100
AcDbPolyline
 90
3
 70
0
 10
299.0666707356771
 20
417.2666422526042
 10
297.23334418402777
 20
420.53331163194446
 10
295.56667751736114
 20
420.53331163194446
  0
LWPOLYLINE
  5
717
330
17
100
AcDbEntity
  8
ANOTACION
100
AcDbPolyline
 90
4
 70
0
 10
365.0999959309896
 20
420.33331976996527
 10
362.83335367838544
 20
417.4666680230035
 10
364.0666707356771
 20
420.8999972873264
 10
365.0999959309896
 20
420.33331976996527
  0
LWPOLYLINE
  5
718
330
17
100
AcDbEntity
  8
ANOTACION
100
AcDbPolyline
 90
3
 70
0
 10
364.56668429904516
 20
420.5999755859375
 10
366.40001085069446
 20
423.89997694227435
 10
368.06667751736114
 20
423.89997694227435
  0
LWPOLYLINE
  5
719
330
17
100
AcDbEntity
  8
ANOTACION
100
AcDbPolyline
 90
4
 70
0
 10
153.23333740234375
 20
181.26666598849826
 10
154.86667209201389
 20
184.53333536783856
 10
154.4000244140625
 20
180.89999728732639
 10
153.23333740234375
 20
181.26666598849826
  0
LWPOLYLINE
  5
71A
330
17
100
AcDbEntity
  8
ANOTACION
100
AcDbPolyline
 90
3
 70
0
 10
153.83334689670139
 20
181.09998914930557
 10
152.76668972439236
 20
177.63332790798611
 10
151.06669108072919
 20
177.63332790798611
  0
LWPOLYLINE
  5
71B
330
17
100
AcDbEntity
  8
ANOTACION
100
AcDbPolyline
 90
4
 70
0
 10
161.6999986436632
 20
350.13332790798614
 10
162.20001220703125
 20
346.500006781684
 10
160.56667751736111
 20
349.7666422526042
 10
161.6999986436632
 20
350.13332790798614
  0
LWPOLYLINE
  5
71C
330
17
100
AcDbEntity
  8
ANOTACION
100
AcDbPolyline
 90
3
 70
0
 10
161.13335503472223
 20
349.93333604600696
 10
160.03333197699652
 20
353.3999972873264
 10
158.36666531032986
 20
353.3999972873264
  0
LWPOLYLINE
  5
71D
330
17
100
AcDbEntity
  8
ANOTACION
100
AcDbPolyline
 90
4
 70
0
 10
365.433349609375
 20
268.03332858615454
 10
361.79999457465277
 20
268.46666124131946
 10
365.36668565538196
 20
269.23333062065973
 10
365.433349609375
 20
268.03332858615454
  0
LWPOLYLINE
  5
71E
330
17
100
AcDbEntity
  8
ANOTACION
100
AcDbPolyline
 90
3
 70
0
 10
365.4000176323785
 20
268.6333211263021
 10
371.79999457465277
 20
268.9333258734809
 10
373.46666124131946
 20
268.9333258734809
  0
LWPOLYLINE
  5
71F
330
17
100
AcDbEntity
  8
ANOTACION
100
AcDbPolyline
 90
4
 70
0
 10
298.46666124131946
 20
270.0333319769965
 10
301.79999457465277
 20
268.6333211263021
 10
298.1666734483507
 20
268.86666191948785
 10
298.46666124131946
 20
270.0333319769965
  0
LWPOLYLINE
  5
720
330
17
100
AcDbEntity
  8
ANOTACION
100
AcDbPolyline
 90
3
 70
0
 10
298.3000013563368
 20
269.46665445963544
 10
277.4666680230035
 20
274.4333224826389
 10
275.8000013563368
 20
274.4333224826389
  0
LWPOLYLINE
  5
721
330
17
100
AcDbEntity
  8
ANOTACION
100
AcDbPolyline
 90
4
 70
0
 10
474.4000244140625
 20
275.0999959309896
 10
475.5333455403646
 20
271.63333468967016
 10
473.33333333333337
 20
274.5666673448351
 10
474.4000244140625
 20
275.0999959309896
  0
LWPOLYLINE
  5
722
330
17
100
AcDbEntity
  8
ANOTACION
100
AcDbPolyline
 90
3
 70
0
 10
473.86667887369794
 20
274.8333231608073
 10
469.73334418402777
 20
282.76665581597223
 10
468.06667751736114
 20
282.76665581597223
  0
LWPOLYLINE
  5
723
330
17
100
AcDbEntity
  8
ANOTACION
100
AcDbPolyline
 90
4
 70
0
 10
463.46666124131946
 20
254.39999050564236
 10
465.13332790798614
 20
257.66665988498266
 10
464.6000162760417
 20
254.0333218044705
 10
463.46666124131946
 20
254.39999050564236
  0
LWPOLYLINE
  5
724
330
17
100
AcDbEntity
  8
ANOTACION
100
AcDbPolyline
 90
3
 70
0
 10
464.0333387586806
 20
254.23333062065973
 10
461.29998101128473
 20
245.59999254014758
 10
459.6000162760417
 20
245.59999254014758
  0
LWPOLYLINE
  5
725
330
17
100
AcDbEntity
  8
ANOTACION
100
AcDbPolyline
 90
4
 70
0
 10
320.50001356336804
 20
398.89997694227435
 10
321.53333875868054
 20
397.1333143446181
 10
320.0
 20
398.46666124131946
 10
320.50001356336804
 20
398.89997694227435
  0
LWPOLYLINE
  5
726
330
17
100
AcDbEntity
  8
ANOTACION
100
AcDbPolyline
 90
3
 70
0
 10
320.23335774739587
 20
398.66665310329864
 10
287.8000217013889
 20
436.86665852864587
 10
286.79999457465277
 20
436.83332655164935
  0
TEXT
  5
729
330
17
100
AcDbEntity
  8
ANOTACION
100
AcDbText
 10
457.16668023003473
 20
310.13332790798614
 30
0.0
 40
1.5926938772201538
  1
123+00
  7
CAD_TEXT
100
AcDbText
1001
PDFCAD
1000
estacion=123+00
  0
TEXT
  5
72A
330
17
100
AcDbEntity
  8
ANOTACION
100
AcDbText
 10
357.1333482530382
 20
310.06666395399304
 30
0.0
 40
1.5926938772201538
  1
124+00
  7
CAD_TEXT
100
AcDbText
1001
PDFCAD
1000
estacion=124+00
  0
TEXT
  5
72B
330
17
100
AcDbEntity
  8
ANOTACION
100
AcDbText
 10
328.00001356336804
 20
310.06666395399304
 30
0.0
 40
1.5926938772201538
  1
124+29
  7
CAD_TEXT
100
AcDbText
1001
PDFCAD
1000
estacion=124+29
  0
TEXT
  5
72C
330
17
100
AcDbEntity
  8
ANOTACION
100
AcDbText
 10
257.1333482530382
 20
310.0333319769965
 30
0.0
 40
1.5926938772201538
  1
125+00
  7
CAD_TEXT
100
AcDbText
1001
PDFCAD
1000
estacion=125+00
  0
TEXT
  5
72D
330
17
100
AcDbEntity
  8
ANOTACION
100
AcDbText
 10
157.1333482530382
 20
310.0
 30
0.0
 40
1.5926938772201538
  1
126+00
  7
CAD_TEXT
100
AcDbText
1001
PDFCAD
1000
estacion=126+00
  0
TEXT
  5
72E
330
17
100
AcDbEntity
  8
ANOTACION
100
AcDbText
 10
457.20001220703125
 20
210.13332790798611
 30
0.0
 40
1.5926938772201538
  1
123+00
  7
CAD_TEXT
100
AcDbText
1001
PDFCAD
1000
estacion=123+00
  0
TEXT
  5
72F
330
17
100
AcDbEntity
  8
ANOTACION
100
AcDbText
 10
357.20001220703125
 20
210.06666395399307
 30
0.0
 40
1.5926881392796834
  1
124+00
 50
0.20340120841456483
  7
CAD_TEXT
100
AcDbText
1001
PDFCAD
1000
estacion=124+00
  0
TEXT
  5
730
330
17
100
AcDbEntity
  8
ANOTACION
100
AcDbText
 10
257.16668023003473
 20
210.03333197699655
 30
0.0
 40
1.5926881392796834
  1
125+00
 50
0.20340120841456483
  7
CAD_TEXT
100
AcDbText
1001
PDFCAD
1000
estacion=125+00
  0
TEXT
  5
731
330
17
100
AcDbEntity
  8
ANOTACION
100
AcDbText
 10
157.16668023003473
 20
210.0
 30
0.0
 40
1.5926938772201538
  1
126+00
  7
CAD_TEXT
100
AcDbText
1001
PDFCAD
1000
estacion=126+00
  0
TEXT
  5
732
330
17
100
AcDbEntity
  8
ANOTACION
100
AcDbText
 10
457.16668023003473
 20
260.13332790798614
 30
0.0
 40
1.5926938772201538
  1
123+00
  7
CAD_TEXT
100
AcDbText
1001
PDFCAD
1000
estacion=123+00
  0
TEXT
  5
733
330
17
100
AcDbEntity
  8
ANOTACION
100
AcDbText
 10
357.16668023003473
 20
260.06666395399304
 30
0.0
 40
1.5926881392796834
  1
124+00
 50
0.20340120841456483
  7
CAD_TEXT
100
AcDbText
1001
PDFCAD
1000
estacion=124+00
  0
TEXT
  5
734
330
17
100
AcDbEntity
  8
ANOTACION
100
AcDbText
 10
257.16668023003473
 20
260.0333319769965
 30
0.0
 40
1.5926938772201538
  1
125+00
  7
CAD_TEXT
100
AcDbText
1001
PDFCAD
1000
estacion=125+00
  0
TEXT
  5
735
330
17
100
AcDbEntity
  8
ANOTACION
100
AcDbText
 10
157.16668023003473
 20
260.0
 30
0.0
 40
1.5926938772201538
  1
126+00
  7
CAD_TEXT
100
AcDbText
1001
PDFCAD
1000
estacion=126+00
  0
TEXT
  5
736
330
17
100
AcDbEntity
  8
ANOTACION
100
AcDbText
 10
336.36667887369794
 20
310.53331163194446
 30
0.0
 40
1.5926938772201538
  1
10+00
 50
90.0
  7
CAD_TEXT
100
AcDbText
1001
PDFCAD
1000
estacion=10+00
  0
TEXT
  5
737
330
17
100
AcDbEntity
  8
ANOTACION
100
AcDbText
 10
336.26668294270837
 20
210.5333285861545
 30
0.0
 40
1.5926938772201538
  1
11+00
 50
90.0
  7
CAD_TEXT
100
AcDbText
1001
PDFCAD
1000
estacion=11+00
  0
TEXT
  5
738
330
17
100
AcDbEntity
  8
ANOTACION
100
AcDbText
 10
336.20001898871527
 20
110.53332858615452
 30
0.0
 40
1.5926938772201538
  1
12+00
 50
90.0
  7
CAD_TEXT
100
AcDbText
1001
PDFCAD
1000
estacion=12+00
  0
TEXT
  5
739
330
17
100
AcDbEntity
  8
ANOTACION
100
AcDbText
 10
195.60000949435764
 20
126.79999457465279
 30
0.0
 40
1.9908856550852458
  1
EX. 24" HDPE, STORM DRAIN,
 50
90.30767845078307
  7
CAD_TEXT
100
AcDbText
1001
PDFCAD
1000
diametro=24
1000
material=HDPE
  0
TEXT
  5
73A
330
17
100
AcDbEntity
  8
ANOTACION
100
AcDbText
 10
199.83334011501736
 20
126.83332655164931
 30
0.0
 40
1.9908856550852458
  1
LACMTA, (D-33147), 5.5' S/ ℄
 50
90.30767845078307
  7
CAD_TEXT
100
AcDbText
  0
TEXT
  5
73B
330
17
100
AcDbEntity
  8
ANOTACION
100
AcDbText
 10
368.66668701171875
 20
368.5333251953125
 30
0.0
 40
1.9908835411071777
  1
EX. 1-2" DUCTS, CATV,
 50
0.14839573490185803
  7
CAD_TEXT
100
AcDbText
1001
PDFCAD
1000
diametro=2
  0
TEXT
  5
73C
330
17
100
AcDbEntity
  8
ANOTACION
100
AcDbText
 10
368.66668701171875
 20
364.33332655164935
 30
0.0
 40
1.9908845980962118
  1
UNITED, 18' E/ ℄
 50
0.15928185906805134
  7
CAD_TEXT
100
AcDbText
  0
TEXT
  5
73D
330
17
100
AcDbEntity
  8
ANOTACION
100
AcDbText
 10
371.4666748046875
 20
126.59999423556859
 30
0.0
 40
1.9908856550852458
  1
EX. OVERHEAD POWER LINE, LADWPPS
 50
0.1701679700736558
  7
CAD_TEXT
100
AcDbText
  0
TEXT
  5
73E
330
17
100
AcDbEntity
  8
ANOTACION
100
AcDbText
 10
450.36668565538196
 20
350.0333319769965
 30
0.0
 40
1.9908753871917724
  1
EX. VAR. DU TELECOM
 50
90.24694576155146
  7
CAD_TEXT
100
AcDbText
  0
TEXT
  5
73F
330
17
100
AcDbEntity
  8
ANOTACION
100
AcDbText
 10
454.566650390625
 20
350.0999959309896
 30
0.0
 40
1.9908694982528685
  1
LINE, SBC, 24' N/ ℄, PER
 50
90.20340120963107
  7
CAD_TEXT
100
AcDbText
  0
TEXT
  5
740
330
17
100
AcDbEntity
  8
ANOTACION
100
AcDbText
 10
458.79998101128473
 20
350.3666517469618
 30
0.0
 40
1.9908845980962118
  1
SUBS 137C
 50
90.30194898686783
  7
CAD_TEXT
100
AcDbText
  0
TEXT
  5
741
330
17
100
AcDbEntity
  8
ANOTACION
100
AcDbText
 10
368.8000149197049
 20
384.9666680230035
 30
0.0
 40
1.9908856550852458
  1
EX. ELECTRICAL POWER DUCT BANKS,
 50
0.1701679700736558
  7
CAD_TEXT
100
AcDbText
  0
TEXT
  5
742
330
17
100
AcDbEntity
  8
ANOTACION
100
AcDbText
 10
368.8333468967014
 20
380.76666937934027
 30
0.0
 40
1.9908826351165771
  1
LADWPPS, 15' E/ ℄, PER SUBS 137C
 50
0.13750960655722666
  7
CAD_TEXT
100
AcDbText
  0
TEXT
  5
743
330
17
100
AcDbEntity
  8
ANOTACION
100
AcDbText
 10
368.73335096571185
 20
396.066657172309
 30
0.0
 40
1.990867535273234
  1
EX. 2" GAS LINE, SOCAL, 12' E/ ℄,
 50
0.18678543235155862
  7
CAD_TEXT
100
AcDbText
1001
PDFCAD
1000
diametro=2
  0
TEXT
  5
744
330
17
100
AcDbEntity
  8
ANOTACION
100
AcDbText
 10
368.76668294270837
 20
391.86665852864587
 30
0.0
 40
1.990882937113444
  1
PER SUBS 137C
 50
0.14266620871161212
  7
CAD_TEXT
100
AcDbText
  0
TEXT
  5
745
330
17
100
AcDbEntity
  8
ANOTACION
100
AcDbText
 10
368.73335096571185
 20
403.93330891927087
 30
0.0
 40
1.9908862590789793
  1
EX. 8" VCP, SANITARY SEWER, COLA-SS, (D-7659) , ON CL
 50
0.1758974970239321
  7
CAD_TEXT
100
AcDbText
1001
PDFCAD
1000
diametro=8
1000
material=VCP
  0
TEXT
  5
746
330
17
100
AcDbEntity
  8
ANOTACION
100
AcDbText
 10
185.20002577039932
 20
353.26666937934027
 30
0.0
 40
1.9908797661463418
  1
EX. OVERHEAD POWER LINE
 50
90.27444743417453
  7
CAD_TEXT
100
AcDbText
  0
TEXT
  5
747
330
17
100
AcDbEntity
  8
ANOTACION
100
AcDbText
 10
202.20001220703125
 20
353.3666653103299
 30
0.0
 40
1.9908771991729737
  1
EX. 3" GAS LINE, SOCAL, 14' N/ ℄,
 50
90.2584048139499
  7
CAD_TEXT
100
AcDbText
1001
PDFCAD
1000
diametro=3
  0
TEXT
  5
748
330
17
100
AcDbEntity
  8
ANOTACION
100
AcDbText
 10
206.43334282769098
 20
353.3999972873264
 30
0.0
 40
1.9908817291259764
  1
PER SUBS 137C
 50
90.28590645060056
  7
CAD_TEXT
100
AcDbText
  0
TEXT
  5
749
330
17
100
AcDbEntity
  8
ANOTACION
100
AcDbText
 10
226.93335639105905
 20
352.79998779296875
 30
0.0
 40
1.9908779541651407
  1
EX. 2" GAS LINE (ABAND.), SOCAL,
 50
90.2635613797912
  7
CAD_TEXT
100
AcDbText
1001
PDFCAD
1000
diametro=2
  0
TEXT
  5
74A
330
17
100
AcDbEntity
  8
ANOTACION
100
AcDbText
 10
231.13335503472223
 20
352.9666476779514
 30
0.0
 40
1.9908790111541745
  1
8' N/ ℄, PER SUBS 137C
 50
90.26929086894128
  7
CAD_TEXT
100
AcDbText
  0
TEXT
  5
74B
330
17
100
AcDbEntity
  8
ANOTACION
100
AcDbText
 10
212.33334011501736
 20
352.79998779296875
 30
0.0
 40
1.990873877207438
  1
EX. 6" WATER LINE(ABAND.),
 50
90.23605964469722
  7
CAD_TEXT
100
AcDbText
1001
PDFCAD
1000
diametro=6
  0
TEXT
  5
74C
330
17
100
AcDbEntity
  8
ANOTACION
100
AcDbText
 10
216.5666707356771
 20
352.83331976996527
 30
0.0
 40
1.9908808231353758
  1
LADWPWS, 8' N/ ℄, PER SUBS 137C
 50
90.28017692395623
  7
CAD_TEXT
100
AcDbText
  0
TEXT
  5
74D
330
17
100
AcDbEntity
  8
ANOTACION
100
AcDbText
 10
238.93334282769098
 20
352.89998372395837
 30
0.0
 40
1.9908836921056112
  1
EX. 8" WATER, 5' N/ ℄, PER SUBS 137C
 50
90.2967924418544
  7
CAD_TEXT
100
AcDbText
1001
PDFCAD
1000
diametro=8
  0
TEXT
  5
74E
330
17
100
AcDbEntity
  8
ANOTACION
100
AcDbText
 10
482.3666720920139
 20
108.63332960340712
 30
0.0
 40
1.9908790111541745
  1
EX. 6" WATER LINE, LADWPS, 13.25' S/ ℄
 50
90.26929086894128
  7
CAD_TEXT
100
AcDbText
1001
PDFCAD
1000
diametro=6
  0
TEXT
  5
74F
330
17
100
AcDbEntity
  8
ANOTACION
100
AcDbText
 10
371.433342827691
 20
119.26666259765625
 30
0.0
 40
1.9908862590789793
  1
EX. OVERHEAD TELECOM
 50
0.1758974970239321
  7
CAD_TEXT
100
AcDbText
  0
TEXT
  5
750
330
17
100
AcDbEntity
  8
ANOTACION
100
AcDbText
 10
371.433342827691
 20
137.33333163791232
 30
0.0
 40
1.990883994102478
  1
EX. 2" GAS LINE, SOCAL, 8' E/ ℄,
 50
0.15355233229684428
  7
CAD_TEXT
100
AcDbText
1001
PDFCAD
1000
diametro=2
  0
TEXT
  5
751
330
17
100
AcDbEntity
  8
ANOTACION
100
AcDbText
 10
371.433342827691
 20
133.13333299424914
 30
0.0
 40
1.990882937113444
  1
PER SUBS 137C
 50
0.14266620871161212
  7
CAD_TEXT
100
AcDbText
  0
TEXT
  5
752
330
17
100
AcDbEntity
  8
ANOTACION
100
AcDbText
 10
371.40001085069446
 20
146.49998982747397
 30
0.0
 40
1.9908835411071777
  1
EX. 8" VCP, SANITARY SEWER,
 50
0.14839573490185803
  7
CAD_TEXT
100
AcDbText
1001
PDFCAD
1000
diametro=8
1000
material=VCP
  0
TEXT
  5
753
330
17
100
AcDbEntity
  8
ANOTACION
100
AcDbText
 10
371.500006781684
 20
142.26665920681424
 30
0.0
 40
1.9908862590789793
  1
COLA-SS, (D-7660), 1.3' E/ ℄
 50
0.1758974970239321
  7
CAD_TEXT
100
AcDbText
  0
TEXT
  5
754
330
17
100
AcDbEntity
  8
ANOTACION
100
AcDbText
 10
465.36668565538196
 20
139.6999952528212
 30
0.0
 40
1.9908790111541745
  1
EX. CURB & GUTTER
 50
90.26929086894128
  7
CAD_TEXT
100
AcDbText
  0
TEXT
  5
755
330
17
100
AcDbEntity
  8
ANOTACION
100
AcDbText
 10
193.43332926432294
 20
352.99997965494794
 30
0.0
 40
1.9908790111541745
  1
EX. CURB & GUTTER
 50
90.26929086894128
  7
CAD_TEXT
100
AcDbText
  0
TEXT
  5
756
330
17
100
AcDbEntity
  8
ANOTACION
100
AcDbText
 10
466.36667887369794
 20
350.0333319769965
 30
0.0
 40
1.9908790111541745
  1
EX. CURB & GUTTER
 50
90.26929086894128
  7
CAD_TEXT
100
AcDbText
  0
TEXT
  5
757
330
17
100
AcDbEntity
  8
ANOTACION
100
AcDbText
 10
248.20000542534723
 20
146.60000271267361
 30
0.0
 40
1.9908678372701007
  1
EX. CATCH BASIN
 50
90.31856762678898
  7
CAD_TEXT
100
AcDbText
  0
TEXT
  5
758
330
17
100
AcDbEntity
  8
ANOTACION
100
AcDbText
 10
252.43333604600696
 20
146.89999050564236
 30
0.0
 40
1.9908836921056112
  1
& 18" PIPE,
 50
90.2967924418544
  7
CAD_TEXT
100
AcDbText
1001
PDFCAD
1000
diametro=18
  0
TEXT
  5
759
330
17
100
AcDbEntity
  8
ANOTACION
100
AcDbText
 10
171.16668701171875
 20
353.1333414713542
 30
0.0
 40
1.9908835411071777
  1
EX. 8" VCP, SANITARY SEWER,
 50
90.14839573490185
  7
CAD_TEXT
100
AcDbText
1001
PDFCAD
1000
diametro=8
1000
material=VCP
  0
TEXT
  5
75A
330
17
100
AcDbEntity
  8
ANOTACION
100
AcDbText
 10
175.36668565538196
 20
353.23333740234375
 30
0.0
 40
1.990882937113444
  1
COLA-SS, (D-7659), 1' S/ ℄
 50
90.1426662087116
  7
CAD_TEXT
100
AcDbText
  0
TEXT
  5
75B
330
17
100
AcDbEntity
  8
ANOTACION
100
AcDbText
 10
371.13335503472223
 20
354.26666259765625
 30
0.0
 40
1.9908856550852458
  1
EX. SSMH 42816006
 50
0.1701679700736558
  7
CAD_TEXT
100
AcDbText
  0
TEXT
  5
75C
330
17
100
AcDbEntity
  8
ANOTACION
100
AcDbText
 10
371.36667887369794
 20
151.2999979654948
 30
0.0
 40
1.9908856550852458
  1
EX. SSMH 42816018
 50
0.1701679700736558
  7
CAD_TEXT
100
AcDbText
  0
TEXT
  5
75D
330
17
100
AcDbEntity
  8
ANOTACION
100
AcDbText
 10
473.1333414713542
 20
106.76666259765625
 30
0.0
 40
1.990882937113444
  1
EX. OVERHEAD POWER LINE, LADWPPS
 50
90.1426662087116
  7
CAD_TEXT
100
AcDbText
  0
TEXT
  5
75E
330
17
100
AcDbEntity
  8
ANOTACION
100
AcDbText
 10
228.36666531032986
 20
135.83333333333334
 30
0.0
 40
1.9908808231353758
  1
EX. IRRIGATION WATER
 50
90.28017692395623
  7
CAD_TEXT
100
AcDbText
  0
TEXT
  5
75F
330
17
100
AcDbEntity
  8
ANOTACION
100
AcDbText
 10
232.5
 20
152.46666802300348
 30
0.0
 40
1.9908678372701007
  1
LINE, LACMTA
 50
90.31856762678898
  7
CAD_TEXT
100
AcDbText
  0
TEXT
  5
760
330
17
100
AcDbEntity
  8
ANOTACION
100
AcDbText
 10
236.66666666666669
 20
161.73333062065973
 30
0.0
 40
1.9908771991729737
  1
(ID-4001)
 50
90.2584048139499
  7
CAD_TEXT
100
AcDbText
  0
TEXT
  5
761
330
17
100
AcDbEntity
  8
ANOTACION
100
AcDbText
 10
383.9666748046875
 20
171.5666707356771
 30
0.0
 40
1.9908856550852458
  1
EX. OVERHEAD POWER LINE, LADWPPS
 50
0.1701679700736558
  7
CAD_TEXT
100
AcDbText
  0
TEXT
  5
762
330
17
100
AcDbEntity
  8
ANOTACION
100
AcDbText
 10
384.0333387586806
 20
167.36665513780383
 30
0.0
 40
1.9908850510915121
  1
(ID- W/O CONFLICT 2038,2087, 2088, 2090,
 50
0.16501138957347353
  7
CAD_TEXT
100
AcDbText
  0
TEXT
  5
763
330
17
100
AcDbEntity
  8
ANOTACION
100
AcDbText
 10
384.1666666666667
 20
163.16665649414062
 30
0.0
 40
1.9908850510915121
  1
2091, 2092, 2093, 2094, 20995, 2096, 2097)
 50
0.16501138957347353
  7
CAD_TEXT
100
AcDbText
  0
TEXT
  5
764
330
17
100
AcDbEntity
  8
ANOTACION
100
AcDbText
 10
269.46668836805554
 20
145.5333285861545
 30
0.0
 40
1.9908856550852458
  1
EX. FH & LATERAL
 50
90.30767845078307
  7
CAD_TEXT
100
AcDbText
  0
TEXT
  5
765
330
17
100
AcDbEntity
  8
ANOTACION
100
AcDbText
 10
337.3333401150174
 20
411.43330891927087
 30
0.0
 40
1.5926938772201538
  1
9+00
 50
90.0
  7
CAD_TEXT
100
AcDbText
1001
PDFCAD
1000
estacion=9+00
  0
TEXT
  5
766
330
17
100
AcDbEntity
  8
ANOTACION
100
AcDbText
 10
331.6999986436632
 20
372.43333604600696
 30
0.0
 40
2.488608050346375
  1
CORTEEN PL
 50
90.1375096198974
  7
CAD_TEXT
100
AcDbText
  0
TEXT
  5
767
330
17
100
AcDbEntity
  8
ANOTACION
100
AcDbText
 10
471.7666965060764
 20
316.1333211263021
 30
0.0
 40
2.4886119763056436
  1
CHANDLER BLVD (NORTH)
 50
0.1701679700736558
  7
CAD_TEXT
100
AcDbText
  0
TEXT
  5
768
330
17
100
AcDbEntity
  8
ANOTACION
100
AcDbText
 10
472.16668023003473
 20
310.93332926432294
 30
0.0
 40
1.9908681392669676
  1
"CH-N" LINE
 50
0.192515012218607
  7
CAD_TEXT
100
AcDbText
  0
TEXT
  5
769
330
17
100
AcDbEntity
  8
ANOTACION
100
AcDbText
 10
456.73333062065973
 20
215.96666124131946
 30
0.0
 40
2.4886119763056436
  1
CHANDLER BLVD (SOUTH)
 50
0.1701679700736558
  7
CAD_TEXT
100
AcDbText
  0
TEXT
  5
76A
330
17
100
AcDbEntity
  8
ANOTACION
100
AcDbText
 10
457.1000162760417
 20
210.7666693793403
 30
0.0
 40
1.9908797661463418
  1
"CH-S" LINE
 50
0.09912160243265289
  7
CAD_TEXT
100
AcDbText
  0
TEXT
  5
76B
330
17
100
AcDbEntity
  8
ANOTACION
100
AcDbText
 10
462.4666680230035
 20
265.69998847113715
 30
0.0
 40
2.488610617319743
  1
METRO LINE BUSWAY
 50
0.15928185906805134
  7
CAD_TEXT
100
AcDbText
  0
TEXT
  5
76C
330
17
100
AcDbEntity
  8
ANOTACION
100
AcDbText
 10
495.36668565538196
 20
261.2666659884983
 30
0.0
 40
1.990882937113444
  1
"B" LINE
 50
0.14266620871161212
  7
CAD_TEXT
100
AcDbText
  0
TEXT
  5
76D
330
17
100
AcDbEntity
  8
ANOTACION
100
AcDbText
 10
336.73333062065973
 20
373.6333211263021
 30
0.0
 40
1.9908808231353758
  1
"CR" LINE
 50
90.1151643579346
  7
CAD_TEXT
100
AcDbText
  0
TEXT
  5
76E
330
17
100
AcDbEntity
  8
ANOTACION
100
AcDbText
 10
279.93333604600696
 20
352.9333157009549
 30
0.0
 40
1.9908850510915121
  1
EX. 1-2" WATER LINE IN 12"
 50
90.16501138957348
  7
CAD_TEXT
100
AcDbText
1001
PDFCAD
1000
diametro=2
  0
TEXT
  5
76F
330
17
100
AcDbEntity
  8
ANOTACION
100
AcDbText
 10
284.13333468967016
 20
353.03331163194446
 30
0.0
 40
1.9908850510915121
  1
CASING, LADWPWS,
 50
90.16501138957348
  7
CAD_TEXT
100
AcDbText
  0
TEXT
  5
770
330
17
100
AcDbEntity
  8
ANOTACION
100
AcDbText
 10
288.33333333333337
 20
352.99997965494794
 30
0.0
 40
1.9908821821212768
  1
(ID-4050)
 50
90.13178007004915
  7
CAD_TEXT
100
AcDbText
  0
TEXT
  5
771
330
17
100
AcDbEntity
  8
ANOTACION
100
AcDbText
 10
386.500006781684
 20
178.36666531032986
 30
0.0
 40
1.9908817291259764
  1
EX. UTILITY POLE
 50
0.126623486213702
  7
CAD_TEXT
100
AcDbText
  0
TEXT
  5
772
330
17
100
AcDbEntity
  8
ANOTACION
100
AcDbText
 10
287.7666897243924
 20
124.73332722981772
 30
0.0
 40
1.9908836921056112
  1
EX.   4" HDPE TELECOM DUCT,
 50
90.2967924418544
  7
CAD_TEXT
100
AcDbText
1001
PDFCAD
1000
diametro=4
1000
material=HDPE
  0
TEXT
  5
773
330
17
100
AcDbEntity
  8
ANOTACION
100
AcDbText
 10
291.96668836805554
 20
124.76666768391928
 30
0.0
 40
1.9908716122309367
  1
LACMTA, 5.5' S/ ℄ 2.24' COVER,
 50
90.21944396173906
  7
CAD_TEXT
100
AcDbText
  0
TEXT
  5
774
330
17
100
AcDbEntity
  8
ANOTACION
100
AcDbText
 10
296.20001898871527
 20
125.03333197699654
 30
0.0
 40
1.9908836921056112
  1
(ID-1001)
 50
90.2967924418544
  7
CAD_TEXT
100
AcDbText
  0
TEXT
  5
775
330
17
100
AcDbEntity
  8
ANOTACION
100
AcDbText
 10
266.3000149197049
 20
352.9666476779514
 30
0.0
 40
1.9908678372701007
  1
EX. UTILITY POLE
 50
90.31856762678898
  7
CAD_TEXT
100
AcDbText
  0
TEXT
  5
776
330
17
100
AcDbEntity
  8
ANOTACION
100
AcDbText
 10
496.00002712673614
 20
145.13332790798611
 30
0.0
 40
1.9908817291259764
  1
DIP THE NEXT SD
 50
90.1266234862137
  7
CAD_TEXT
100
AcDbText
1001
PDFCAD
1000
material=DIP
  0
TEXT
  5
777
330
17
100
AcDbEntity
  8
ANOTACION
100
AcDbText
 10
500.23335774739587
 20
141.93333095974393
 30
0.0
 40
1.9908862590789793
  1
MH LOCATED EAST
 50
90.17589749702393
  7
CAD_TEXT
100
AcDbText
  0
TEXT
  5
778
330
17
100
AcDbEntity
  8
ANOTACION
100
AcDbText
 10
504.4333224826389
 20
142.53333197699652
 30
0.0
 40
1.9908862590789793
  1
OF THIS LOCATION
 50
90.17589749702393
  7
CAD_TEXT
100
AcDbText
  0
TEXT
  5
779
330
17
100
AcDbEntity
  8
ANOTACION
100
AcDbText
 10
233.83334689670139
 20
265.0333319769965
 30
0.0
 40
1.9908800681432086
  1
DIP SD MH
 50
0.10427821159592635
  7
CAD_TEXT
100
AcDbText
1001
PDFCAD
1000
material=DIP
  0
TEXT
  5
77A
330
17
100
AcDbEntity
  8
ANOTACION
100
AcDbText
 10
248.00001356336807
 20
352.9333157009549
 30
0.0
 40
1.9908826351165771
  1
EX. OVERHEAD POWER LINE, LADWPPS,
 50
90.13750960655723
  7
CAD_TEXT
100
AcDbText
  0
TEXT
  5
77B
330
17
100
AcDbEntity
  8
ANOTACION
100
AcDbText
 10
252.2333441840278
 20
352.99997965494794
 30
0.0
 40
1.9908850510915121
  1
(ID- W/O CONFLICT 2038,2087, 2088, 2090,
 50
90.16501138957348
  7
CAD_TEXT
100
AcDbText
  0
TEXT
  5
77C
330
17
100
AcDbEntity
  8
ANOTACION
100
AcDbText
 10
256.433342827691
 20
353.1333414713542
 30
0.0
 40
1.9908850510915121
  1
2091, 2092, 2093, 2094, 20995, 2096, 2097)
 50
90.16501138957348
  7
CAD_TEXT
100
AcDbText
  0
TEXT
  5
77D
330
17
100
AcDbEntity
  8
ANOTACION
100
AcDbText
 10
520.1000298394098
 20
176.4333258734809
 30
0.0
 40
1.990705966949463
  1
R/W
  7
CAD_TEXT
100
AcDbText
  0
TEXT
  5
77E
330
17
100
AcDbEntity
  8
ANOTACION
100
AcDbText
 10
483.70001898871527
 20
241.06665717230905
 30
0.0
 40
1.9907086849212647
  1
METRO R/W
 50
0.0933920299573307
  7
CAD_TEXT
100
AcDbText
  0
TEXT
  5
77F
330
17
100
AcDbEntity
  8
ANOTACION
100
AcDbText
 10
485.26665581597223
 20
282.63332790798614
 30
0.0
 40
1.99069660504659
  1
METRO R/W
 50
0.18678543235155862
  7
CAD_TEXT
100
AcDbText
  0
TEXT
  5
780
330
17
100
AcDbEntity
  8
ANOTACION
100
AcDbText
 10
514.6000162760417
 20
350.26665581597223
 30
0.0
 40
1.990709892908732
  1
R/W
 50
0.2801769506363362
  7
CAD_TEXT
100
AcDbText
  0
TEXT
  5
781
330
17
100
AcDbEntity
  8
ANOTACION
100
AcDbText
 10
148.90001085069446
 20
227.13333129882812
 30
0.0
 40
1.99069660504659
  1
METRO R/W
 50
0.18678543235155862
  7
CAD_TEXT
100
AcDbText
  0
TEXT
  5
782
330
17
100
AcDbEntity
  8
ANOTACION
100
AcDbText
 10
148.73331705729169
 20
286.36664496527777
 30
0.0
 40
1.9907086849212647
  1
METRO R/W
 50
0.0933920299573307
  7
CAD_TEXT
100
AcDbText
  0
TEXT
  5
783
330
17
100
AcDbEntity
  8
ANOTACION
100
AcDbText
 10
288.00001356336804
 20
106.16666158040366
 30
0.0
 40
1.990709892908732
  1
R/W
 50
0.2801769506363362
  7
CAD_TEXT
100
AcDbText
  0
TEXT
  5
784
330
17
100
AcDbEntity
  8
ANOTACION
100
AcDbText
 10
362.1000162760417
 20
106.03333367241754
 30
0.0
 40
1.990709892908732
  1
R/W
 50
0.2801769506363362
  7
CAD_TEXT
100
AcDbText
  0
TEXT
  5
785
330
17
100
AcDbEntity
  8
ANOTACION
100
AcDbText
 10
288.43332926432294
 20
419.23333062065973
 30
0.0
 40
1.990705966949463
  1
R/W
  7
CAD_TEXT
100
AcDbText
  0
TEXT
  5
786
330
17
100
AcDbEntity
  8
ANOTACION
100
AcDbText
 10
368.20000542534723
 20
422.63332790798614
 30
0.0
 40
1.990709892908732
  1
R/W
 50
0.2801769506363362
  7
CAD_TEXT
100
AcDbText
  0
TEXT
  5
787
330
17
100
AcDbEntity
  8
ANOTACION
100
AcDbText
 10
143.93337673611111
 20
176.33332994249133
 30
0.0
 40
1.990709892908732
  1
R/W
 50
0.2801769506363362
  7
CAD_TEXT
100
AcDbText
  0
TEXT
  5
788
330
17
100
AcDbEntity
  8
ANOTACION
100
AcDbText
 10
151.20001898871527
 20
352.0999823676215
 30
0.0
 40
1.990705966949463
  1
R/W
  7
CAD_TEXT
100
AcDbText
  0
TEXT
  5
789
330
17
100
AcDbEntity
  8
ANOTACION
100
AcDbText
 10
373.70001898871527
 20
267.66665988498266
 30
0.0
 40
1.9907107988993324
  1
COLA EASEMENT
 50
0.12662347287352133
  7
CAD_TEXT
100
AcDbText
  0
TEXT
  5
78A
330
17
100
AcDbEntity
  8
ANOTACION
100
AcDbText
 10
245.7666693793403
 20
273.0999925401476
 30
0.0
 40
1.9906973600387572
  1
COLA EASEMENT
 50
0.19251502369337456
  7
CAD_TEXT
100
AcDbText
  0
TEXT
  5
78B
330
17
100
AcDbEntity
  8
ANOTACION
100
AcDbText
 10
430.8666653103299
 20
281.4333258734809
 30
0.0
 40
1.9907091379165647
  1
FUTURE LRT TRACK 1
 50
0.10427821159592635
  7
CAD_TEXT
100
AcDbText
  0
TEXT
  5
78C
330
17
100
AcDbEntity
  8
ANOTACION
100
AcDbText
 10
421.933356391059
 20
244.26666259765625
 30
0.0
 40
1.9907091379165647
  1
FUTURE LRT TRACK 2
 50
0.10427821159592635
  7
CAD_TEXT
100
AcDbText
  0
TEXT
  5
78D
330
17
100
AcDbEntity
  8
ANOTACION
100
AcDbText
 10
554.3666585286459
 20
254.13333468967016
 30
0.0
 40
1.990705966949463
  1
60' METRO R/W
 50
90.0
  7
CAD_TEXT
100
AcDbText
  0
TEXT
  5
78E
330
17
100
AcDbEntity
  8
ANOTACION
100
AcDbText
 10
113.33333333333334
 20
256.60000271267364
 30
0.0
 40
1.9907126108805338
  1
67' METRO R/W
 50
89.85160426509815
  7
CAD_TEXT
100
AcDbText
  0
TEXT
  5
78F
330
17
100
AcDbEntity
  8
ANOTACION
100
AcDbText
 10
246.06669108072919
 20
435.70000542534723
 30
0.0
 40
1.9906985680262246
  1
EX. 6" WATER, 11.1' W/ ℄
 50
0.2034012096310627
  7
CAD_TEXT
100
AcDbText
1001
PDFCAD
1000
diametro=6
  0
TEXT
  5
792
330
17
100
AcDbEntity
  8
METADATA
100
AcDbText
 10
0.0
 20
0.0
 30
0.0
 40
2.0
  1
hoja=PS85661000 | escala=1"=20' | fecha=07-22-2025
  7
CAD_TEXT
100
AcDbText
1001
PDFCAD
1000
hoja=PS85661000
1000
escala=1"=20'
1000
fecha=07-22-2025
  0
ENDSEC
  0
SECTION
  2
OBJECTS
  0
DICTIONARY
  5
A
330
0
100
AcDbDictionary
281
1
  3
ACAD_COLOR
350
B
  3
ACAD_GROUP
350
C
  3
ACAD_LAYOUT
350
D
  3
ACAD_MATERIAL
350
E
  3
ACAD_MLEADERSTYLE
350
F
  3
ACAD_MLINESTYLE
350
10
  3
ACAD_PLOTSETTINGS
350
11
  3
ACAD_PLOTSTYLENAME
350
12
  3
ACAD_SCALELIST
350
14
  3
ACAD_TABLESTYLE
350
15
  3
ACAD_VISUALSTYLE
350
16
  3
EZDXF_META
350
2D
  0
DICTIONARY
  5
B
330
A
100
AcDbDictionary
281
1
  0
DICTIONARY
  5
C
330
A
100
AcDbDictionary
281
1
  0
DICTIONARY
  5
D
330
A
100
AcDbDictionary
281
1
  3
Model
350
1A
  3
Layout1
350
1E
  0
DICTIONARY
  5
E
330
A
100
AcDbDictionary
281
1
  3
ByBlock
350
1F
  3
ByLayer
350
20
  3
Global
350
21
  0
DICTIONARY
  5
F
330
A
100
AcDbDictionary
281
1
  3
Standard
350
2C
  0
DICTIONARY
  5
10
330
A
100
AcDbDictionary
281
1
  3
Standard
350
22
  0
DICTIONARY
  5
11
330
A
100
AcDbDictionary
281
1
  0
ACDBDICTIONARYWDFLT
  5
12
330
A
100
AcDbDictionary
281
1
  3
Normal
350
13
100
AcDbDictionaryWithDefault
340
13
  0
ACDBPLACEHOLDER
  5
13
330
12
  0
DICTIONARY
  5
14
330
A
100
AcDbDictionary
281
1
  0
DICTIONARY
  5
15
330
A
100
AcDbDictionary
281
1
  0
DICTIONARY
  5
16
330
A
100
AcDbDictionary
281
1
  3
2dWireframe
350
5A
  3
Basic
350
5B
  3
Brighten
350
5C
  3
ColorChange
350
5D
  3
Conceptual
350
5E
  3
Dim
350
5F
  3
EdgeColorOff
350
60
  3
Facepattern
350
61
  3
Flat
350
62
  3
FlatWithEdges
350
63
  3
Gouraud
350
64
  3
GouraudWithEdges
350
65
  3
Hidden
350
66
  3
JitterOff
350
67
  3
Linepattern
350
68
  3
Modeling
350
69
  3
OverhangOff
350
6A
  3
Realistic
350
6B
  3
Shaded
350
6C
  3
Shaded with edges
350
6D
  3
Shades of Gray
350
6E
  3
Sketchy
350
6F
  3
Thicken
350
70
  3
Wireframe
350
71
  3
X-Ray
350
72
  0
LAYOUT
  5
1A
330
D
100
AcDbPlotSettings
  1

  4
A3
  6

 40
7.5
 41
20.0
 42
7.5
 43
20.0
 44
420.0
 45
297.0
 46
0.0
 47
0.0
 48
0.0
 49
0.0
140
0.0
141
0.0
142
1.0
143
1.0
 70
1024
 72
1
 73
0
 74
5
  7

 75
16
 76
0
 77
2
 78
300
147
1.0
148
0.0
149
0.0
100
AcDbLayout
  1
Model
 70
1
 71
0
 10
0.0
 20
0.0
 11
420.0
 21
297.0
 12
0.0
 22
0.0
 32
0.0
 14
1e+20
 24
1e+20
 34
1e+20
 15
-1e+20
 25
-1e+20
 35
-1e+20
146
0.0
 13
0.0
 23
0.0
 33
0.0
 16
1.0
 26
0.0
 36
0.0
 17
0.0
 27
1.0
 37
0.0
 76
1
330
17
  0
LAYOUT
  5
1E
330
D
100
AcDbPlotSettings
  1

  4
A3
  6

 40
7.5
 41
20.0
 42
7.5
 43
20.0
 44
420.0
 45
297.0
 46
0.0
 47
0.0
 48
0.0
 49
0.0
140
0.0
141
0.0
142
1.0
143
1.0
 70
0
 72
1
 73
0
 74
5
  7

 75
16
 76
0
 77
2
 78
300
147
1.0
148
0.0
149
0.0
100
AcDbLayout
  1
Layout1
 70
1
 71
1
 10
0.0
 20
0.0
 11
420.0
 21
297.0
 12
0.0
 22
0.0
 32
0.0
 14
1e+20
 24
1e+20
 34
1e+20
 15
-1e+20
 25
-1e+20
 35
-1e+20
146
0.0
 13
0.0
 23
0.0
 33
0.0
 16
1.0
 26
0.0
 36
0.0
 17
0.0
 27
1.0
 37
0.0
 76
1
330
1B
  0
MATERIAL
  5
1F
102
{ACAD_REACTORS
330
E
102
}
330
E
100
AcDbMaterial
  1
ByBlock
  2

 70
0
 40
1.0
 71
1
 41
1.0
 91
-1023410177
 42
1.0
 72
1
  3

 73
1
 74
1
 75
1
 44
0.5
 73
0
 45
1.0
 46
1.0
 77
1
  4

 78
1
 79
1
170
1
 48
1.0
171
1
  6

172
1
173
1
174
1
140
1.0
141
1.0
175
1
  7

176
1
177
1
178
1
143
1.0
179
1
  8

270
1
271
1
272
1
145
1.0
146
1.0
273
1
  9

274
1
275
1
276
1
 42
1.0
 72
1
  3

 73
1
 74
1
 75
1
 94
63
  0
MATERIAL
  5
20
102
{ACAD_REACTORS
330
E
102
}
330
E
100
AcDbMaterial
  1
ByLayer
  2

 70
0
 40
1.0
 71
1
 41
1.0
 91
-1023410177
 42
1.0
 72
1
  3

 73
1
 74
1
 75
1
 44
0.5
 73
0
 45
1.0
 46
1.0
 77
1
  4

 78
1
 79
1
170
1
 48
1.0
171
1
  6

172
1
173
1
174
1
140
1.0
141
1.0
175
1
  7

176
1
177
1
178
1
143
1.0
179
1
  8

270
1
271
1
272
1
145
1.0
146
1.0
273
1
  9

274
1
275
1
276
1
 42
1.0
 72
1
  3

 73
1
 74
1
 75
1
 94
63
  0
MATERIAL
  5
21
102
{ACAD_REACTORS
330
E
102
}
330
E
100
AcDbMaterial
  1
Global
  2

 70
0
 40
1.0
 71
1
 41
1.0
 91
-1023410177
 42
1.0
 72
1
  3

 73
1
 74
1
 75
1
 44
0.5
 73
0
 45
1.0
 46
1.0
 77
1
  4

 78
1
 79
1
170
1
 48
1.0
171
1
  6

172
1
173
1
174
1
140
1.0
141
1.0
175
1
  7

176
1
177
1
178
1
143
1.0
179
1
  8

270
1
271
1
272
1
145
1.0
146
1.0
273
1
  9

274
1
275
1
276
1
 42
1.0
 72
1
  3

 73
1
 74
1
 75
1
 94
63
  0
MLINESTYLE
  5
22
102
{ACAD_REACTORS
330
10
102
}
330
10
100
AcDbMlineStyle
  2
Standard
 70
0
  3

 62
256
 51
90.0
 52
90.0
 71
2
 49
0.5
 62
256
  6
BYLAYER
 49
-0.5
 62
256
  6
BYLAYER
  0
MLEADERSTYLE
  5
2C
102
{ACAD_REACTORS
330
F
102
}
330
F
100
AcDbMLeaderStyle
179
2
170
2
171
1
172
0
 90
2
 40
0.0
 41
0.0
173
1
 91
-1056964608
 92
-2
290
1
 42
2.0
291
1
 43
8.0
  3
Standard
 44
4.0
300

342
29
174
1
175
1
176
0
178
1
 93
-1056964608
 45
4.0
292
0
297
0
 46
4.0
 94
-1056964608
 47
1.0
 49
1.0
140
1.0
294
1
141
0.0
177
0
142
1.0
295
0
296
0
143
3.75
271
0
272
9
273
9
  0
DICTIONARY
  5
2D
330
A
100
AcDbDictionary
280
1
281
1
  3
CREATED_BY_EZDXF
350
2E
  3
WRITTEN_BY_EZDXF
350
796
  0
DICTIONARYVAR
  5
2E
330
2D
100
DictionaryVariables
280
0
  1
1.4.4 @ 2026-07-02T22:40:30.971556+00:00
  0
VISUALSTYLE
  5
5A
102
{ACAD_REACTORS
330
16
102
}
330
16
100
AcDbVisualStyle
  2
2dWireframe
 70
4
 90
0
 40
0.6
 62
7
290
0
291
0
  0
VISUALSTYLE
  5
5B
102
{ACAD_REACTORS
330
16
102
}
330
16
100
AcDbVisualStyle
  2
Basic
 70
7
 90
1
 40
0.6
 62
7
290
0
291
1
  0
VISUALSTYLE
  5
5C
102
{ACAD_REACTORS
330
16
102
}
330
16
100
AcDbVisualStyle
  2
Brighten
 70
12
 90
2
 40
0.6
 62
7
290
0
291
1
  0
VISUALSTYLE
  5
5D
102
{ACAD_REACTORS
330
16
102
}
330
16
100
AcDbVisualStyle
  2
ColorChange
 70
16
 90
2
 40
0.6
 62
8
290
0
291
1
  0
VISUALSTYLE
  5
5E
102
{ACAD_REACTORS
330
16
102
}
330
16
100
AcDbVisualStyle
  2
Conceptual
 70
9
 90
3
 40
0.6
 62
7
290
0
291
0
  0
VISUALSTYLE
  5
5F
102
{ACAD_REACTORS
330
16
102
}
330
16
100
AcDbVisualStyle
  2
Dim
 70
11
 90
2
 40
0.6
 62
7
290
0
291
1
  0
VISUALSTYLE
  5
60
102
{ACAD_REACTORS
330
16
102
}
330
16
100
AcDbVisualStyle
  2
EdgeColorOff
 70
22
 90
2
 40
0.6
 62
7
290
0
291
1
  0
VISUALSTYLE
  5
61
102
{ACAD_REACTORS
330
16
102
}
330
16
100
AcDbVisualStyle
  2
Facepattern
 70
15
 90
2
 40
0.6
 62
7
290
0
291
1
  0
VISUALSTYLE
  5
62
102
{ACAD_REACTORS
330
16
102
}
330
16
100
AcDbVisualStyle
  2
Flat
 70
0
 90
2
 40
0.6
 62
7
290
0
291
1
  0
VISUALSTYLE
  5
63
102
{ACAD_REACTORS
330
16
102
}
330
16
100
AcDbVisualStyle
  2
FlatWithEdges
 70
1
 90
2
 40
0.6
 62
7
290
0
291
1
  0
VISUALSTYLE
  5
64
102
{ACAD_REACTORS
330
16
102
}
330
16
100
AcDbVisualStyle
  2
Gouraud
 70
2
 90
2
 40
0.6
 62
7
290
0
291
1
  0
VISUALSTYLE
  5
65
102
{ACAD_REACTORS
330
16
102
}
330
16
100
AcDbVisualStyle
  2
GouraudWithEdges
 70
3
 90
2
 40
0.6
 62
7
290
0
291
1
  0
VISUALSTYLE
  5
66
102
{ACAD_REACTORS
330
16
102
}
330
16
100
AcDbVisualStyle
  2
Hidden
 70
6
 90
1
 40
0.6
 62
7
290
0
291
0
  0
VISUALSTYLE
  5
67
102
{ACAD_REACTORS
330
16
102
}
330
16
100
AcDbVisualStyle
  2
JitterOff
 70
20
 90
2
 40
0.6
 62
7
290
0
291
1
  0
VISUALSTYLE
  5
68
102
{ACAD_REACTORS
330
16
102
}
330
16
100
AcDbVisualStyle
  2
Linepattern
 70
14
 90
2
 40
0.6
 62
7
290
0
291
1
  0
VISUALSTYLE
  5
69
102
{ACAD_REACTORS
330
16
102
}
330
16
100
AcDbVisualStyle
  2
Modeling
 70
10
 90
2
 40
0.6
 62
7
290
0
291
0
  0
VISUALSTYLE
  5
6A
102
{ACAD_REACTORS
330
16
102
}
330
16
100
AcDbVisualStyle
  2
OverhangOff
 70
21
 90
2
 40
0.6
 62
7
290
0
291
1
  0
VISUALSTYLE
  5
6B
102
{ACAD_REACTORS
330
16
102
}
330
16
100
AcDbVisualStyle
  2
Realistic
 70
8
 90
2
 40
0.6
 62
7
290
0
291
0
  0
VISUALSTYLE
  5
6C
102
{ACAD_REACTORS
330
16
102
}
330
16
100
AcDbVisualStyle
  2
Shaded
 70
27
 90
2
 40
0.6
 62
7
290
0
291
0
  0
VISUALSTYLE
  5
6D
102
{ACAD_REACTORS
330
16
102
}
330
16
100
AcDbVisualStyle
  2
Shaded with edges
 70
26
 90
2
 40
0.6
 62
7
290
0
291
0
  0
VISUALSTYLE
  5
6E
102
{ACAD_REACTORS
330
16
102
}
330
16
100
AcDbVisualStyle
  2
Shades of Gray
 70
23
 90
2
 40
0.6
 62
7
290
0
291
0
  0
VISUALSTYLE
  5
6F
102
{ACAD_REACTORS
330
16
102
}
330
16
100
AcDbVisualStyle
  2
Sketchy
 70
24
 90
1
 40
0.6
 62
7
290
0
291
0
  0
VISUALSTYLE
  5
70
102
{ACAD_REACTORS
330
16
102
}
330
16
100
AcDbVisualStyle
  2
Thicken
 70
13
 90
2
 40
0.6
 62
7
290
0
291
1
  0
VISUALSTYLE
  5
71
102
{ACAD_REACTORS
330
16
102
}
330
16
100
AcDbVisualStyle
  2
Wireframe
 70
5
 90
0
 40
0.6
 62
7
290
0
291
0
  0
VISUALSTYLE
  5
72
102
{ACAD_REACTORS
330
16
102
}
330
16
100
AcDbVisualStyle
  2
X-Ray
 70
25
 90
2
 40
0.5
 62
7
290
0
291
0
  0
DICTIONARYVAR
  5
796
330
2D
100
DictionaryVariables
280
0
  1
1.4.4 @ 2026-07-02T22:40:31.773095+00:00
  0
ENDSEC
  0
EOF
