  0
SECTION
  2
HEADER
  9
$ACADVER
  1
AC1024
  9
$ACADMAINTVER
 70
6
  9
$DWGCODEPAGE
  3
ANSI_1252
  9
$LASTSAVEDBY
  1
ezdxf
  9
$INSBASE
 10
0.0
 20
0.0
 30
0.0
  9
$EXTMIN
 10
1e+20
 20
1e+20
 30
1e+20
  9
$EXTMAX
 10
-1e+20
 20
-1e+20
 30
-1e+20
  9
$LIMMIN
 10
0.0
 20
0.0
  9
$LIMMAX
 10
420.0
 20
297.0
  9
$ORTHOMODE
 70
0
  9
$REGENMODE
 70
1
  9
$FILLMODE
 70
1
  9
$QTEXTMODE
 70
0
  9
$MIRRTEXT
 70
1
  9
$LTSCALE
 40
1.0
  9
$ATTMODE
 70
1
  9
$TEXTSIZE
 40
2.5
  9
$TRACEWID
 40
1.0
  9
$TEXTSTYLE
  7
OpenSans
  9
$CLAYER
  8
0
  9
$CELTYPE
  6
ByLayer
  9
$CECOLOR
 62
256
  9
$CELTSCALE
 40
1.0
  9
$DISPSILH
 70
0
  9
$DIMSCALE
 40
1.0
  9
$DIMASZ
 40
0.175
  9
$DIMEXO
 40
0.125
  9
$DIMDLI
 40
3.75
  9
$DIMRND
 40
0.0
  9
$DIMDLE
 40
0.0
  9
$DIMEXE
 40
0.375
  9
$DIMTP
 40
0.0
  9
$DIMTM
 40
0.0
  9
$DIMTXT
 40
0.25
  9
$DIMCEN
 40
2.5
  9
$DIMTSZ
 40
0.0
  9
$DIMTOL
 70
0
  9
$DIMLIM
 70
0
  9
$DIMTIH
 70
0
  9
$DIMTOH
 70
0
  9
$DIMSE1
 70
0
  9
$DIMSE2
 70
0
  9
$DIMTAD
 70
1
  9
$DIMZIN
 70
12
  9
$DIMBLK
  1
ARCHTICK
  9
$DIMASO
 70
1
  9
$DIMSHO
 70
1
  9
$DIMPOST
  1

  9
$DIMAPOST
  1

  9
$DIMALT
 70
0
  9
$DIMALTD
 70
3
  9
$DIMALTF
 40
0.03937007874
  9
$DIMLFAC
 40
100.0
  9
$DIMTOFL
 70
1
  9
$DIMTVP
 40
0.0
  9
$DIMTIX
 70
0
  9
$DIMSOXD
 70
0
  9
$DIMSAH
 70
0
  9
$DIMBLK1
  1

  9
$DIMBLK2
  1

  9
$DIMSTYLE
  2
EZDXF
  9
$DIMCLRD
 70
0
  9
$DIMCLRE
 70
0
  9
$DIMCLRT
 70
0
  9
$DIMTFAC
 40
0.5
  9
$DIMGAP
 40
0.1
  9
$DIMJUST
 70
0
  9
$DIMSD1
 70
0
  9
$DIMSD2
 70
0
  9
$DIMTOLJ
 70
0
  9
$DIMTZIN
 70
8
  9
$DIMALTZ
 70
0
  9
$DIMALTTZ
 70
0
  9
$DIMUPT
 70
1
  9
$DIMDEC
 70
2
  9
$DIMTDEC
 70
2
  9
$DIMALTU
 70
2
  9
$DIMALTTD
 70
3
  9
$DIMTXSTY
  7
OpenSansCondensed-Light
  9
$DIMAUNIT
 70
0
  9
$DIMADEC
 70
2
  9
$DIMALTRND
 40
0.0
  9
$DIMAZIN
 70
3
  9
$DIMDSEP
 70
46
  9
$DIMATFIT
 70
3
  9
$DIMFRAC
 70
0
  9
$DIMLDRBLK
  1

  9
$DIMLUNIT
 70
2
  9
$DIMLWD
 70
-2
  9
$DIMLWE
 70
-2
  9
$DIMTMOVE
 70
2
  9
$DIMFXL
 40
1.0
  9
$DIMFXLON
 70
0
  9
$DIMJOGANG
 40
0.785398163397
  9
$DIMTFILL
 70
0
  9
$DIMTFILLCLR
 70
0
  9
$DIMARCSYM
 70
0
  9
$DIMLTYPE
  6

  9
$DIMLTEX1
  6

  9
$DIMLTEX2
  6

  9
$DIMTXTDIRECTION
 70
0
  9
$LUNITS
 70
2
  9
$LUPREC
 70
4
  9
$SKETCHINC
 40
1.0
  9
$FILLETRAD
 40
10.0
  9
$AUNITS
 70
0
  9
$AUPREC
 70
2
  9
$MENU
  1
.
  9
$ELEVATION
 40
0.0
  9
$PELEVATION
 40
0.0
  9
$THICKNESS
 40
0.0
  9
$LIMCHECK
 70
0
  9
$CHAMFERA
 40
0.0
  9
$CHAMFERB
 40
0.0
  9
$CHAMFERC
 40
0.0
  9
$CHAMFERD
 40
0.0
  9
$SKPOLY
 70
0
  9
$TDCREATE
 40
2461224.731701389
  9
$TDUCREATE
 40
2458532.153996898
  9
$TDUPDATE
 40
2461224.731712963
  9
$TDUUPDATE
 40
2458532.1544311
  9
$TDINDWG
 40
0.0
  9
$TDUSRTIMER
 40
0.0
  9
$USRTIMER
 70
1
  9
$ANGBASE
 50
0.0
  9
$ANGDIR
 70
0
  9
$PDMODE
 70
0
  9
$PDSIZE
 40
0.0
  9
$PLINEWID
 40
0.0
  9
$SPLFRAME
 70
0
  9
$SPLINETYPE
 70
6
  9
$SPLINESEGS
 70
8
  9
$HANDSEED
  5
9DC
  9
$SURFTAB1
 70
6
  9
$SURFTAB2
 70
6
  9
$SURFTYPE
 70
6
  9
$SURFU
 70
6
  9
$SURFV
 70
6
  9
$UCSBASE
  2

  9
$UCSNAME
  2

  9
$UCSORG
 10
0.0
 20
0.0
 30
0.0
  9
$UCSXDIR
 10
1.0
 20
0.0
 30
0.0
  9
$UCSYDIR
 10
0.0
 20
1.0
 30
0.0
  9
$UCSORTHOREF
  2

  9
$UCSORTHOVIEW
 70
0
  9
$UCSORGTOP
 10
0.0
 20
0.0
 30
0.0
  9
$UCSORGBOTTOM
 10
0.0
 20
0.0
 30
0.0
  9
$UCSORGLEFT
 10
0.0
 20
0.0
 30
0.0
  9
$UCSORGRIGHT
 10
0.0
 20
0.0
 30
0.0
  9
$UCSORGFRONT
 10
0.0
 20
0.0
 30
0.0
  9
$UCSORGBACK
 10
0.0
 20
0.0
 30
0.0
  9
$PUCSBASE
  2

  9
$PUCSNAME
  2

  9
$PUCSORG
 10
0.0
 20
0.0
 30
0.0
  9
$PUCSXDIR
 10
1.0
 20
0.0
 30
0.0
  9
$PUCSYDIR
 10
0.0
 20
1.0
 30
0.0
  9
$PUCSORTHOREF
  2

  9
$PUCSORTHOVIEW
 70
0
  9
$PUCSORGTOP
 10
0.0
 20
0.0
 30
0.0
  9
$PUCSORGBOTTOM
 10
0.0
 20
0.0
 30
0.0
  9
$PUCSORGLEFT
 10
0.0
 20
0.0
 30
0.0
  9
$PUCSORGRIGHT
 10
0.0
 20
0.0
 30
0.0
  9
$PUCSORGFRONT
 10
0.0
 20
0.0
 30
0.0
  9
$PUCSORGBACK
 10
0.0
 20
0.0
 30
0.0
  9
$USERI1
 70
0
  9
$USERI2
 70
0
  9
$USERI3
 70
0
  9
$USERI4
 70
0
  9
$USERI5
 70
0
  9
$USERR1
 40
0.0
  9
$USERR2
 40
0.0
  9
$USERR3
 40
0.0
  9
$USERR4
 40
0.0
  9
$USERR5
 40
0.0
  9
$WORLDVIEW
 70
1
  9
$SHADEDGE
 70
3
  9
$SHADEDIF
 70
70
  9
$TILEMODE
 70
1
  9
$MAXACTVP
 70
64
  9
$PINSBASE
 10
0.0
 20
0.0
 30
0.0
  9
$PLIMCHECK
 70
0
  9
$PEXTMIN
 10
1e+20
 20
1e+20
 30
1e+20
  9
$PEXTMAX
 10
-1e+20
 20
-1e+20
 30
-1e+20
  9
$PLIMMIN
 10
0.0
 20
0.0
  9
$PLIMMAX
 10
420.0
 20
297.0
  9
$UNITMODE
 70
0
  9
$VISRETAIN
 70
1
  9
$PLINEGEN
 70
0
  9
$PSLTSCALE
 70
1
  9
$TREEDEPTH
 70
3020
  9
$CMLSTYLE
  2
Standard
  9
$CMLJUST
 70
0
  9
$CMLSCALE
 40
20.0
  9
$PROXYGRAPHICS
 70
1
  9
$MEASUREMENT
 70
1
  9
$CELWEIGHT
370
-1
  9
$ENDCAPS
280
0
  9
$JOINSTYLE
280
0
  9
$LWDISPLAY
290
0
  9
$INSUNITS
 70
2
  9
$HYPERLINKBASE
  1

  9
$STYLESHEET
  1

  9
$XEDIT
290
1
  9
$CEPSNTYPE
380
0
  9
$PSTYLEMODE
290
1
  9
$FINGERPRINTGUID
  2
{2F5B6DD7-B934-4853-B12A-D3A18A7BC569}
  9
$VERSIONGUID
  2
{8304A530-6ADB-4A23-9CD5-F1275F45F9F6}
  9
$EXTNAMES
290
1
  9
$PSVPSCALE
 40
0.0
  9
$OLESTARTUP
290
0
  9
$SORTENTS
280
127
  9
$INDEXCTL
280
0
  9
$HIDETEXT
280
1
  9
$XCLIPFRAME
280
1
  9
$HALOGAP
280
0
  9
$OBSCOLOR
 70
257
  9
$OBSLTYPE
280
0
  9
$INTERSECTIONDISPLAY
280
0
  9
$INTERSECTIONCOLOR
 70
257
  9
$DIMASSOC
280
2
  9
$PROJECTNAME
  1

  9
$CAMERADISPLAY
290
0
  9
$LENSLENGTH
 40
50.0
  9
$CAMERAHEIGHT
 40
0.0
  9
$STEPSPERSEC
 40
24.0
  9
$STEPSIZE
 40
100.0
  9
$3DDWFPREC
 40
2.0
  9
$PSOLWIDTH
 40
0.005
  9
$PSOLHEIGHT
 40
0.08
  9
$LOFTANG1
 40
1.570796326795
  9
$LOFTANG2
 40
1.570796326795
  9
$LOFTMAG1
 40
0.0
  9
$LOFTMAG2
 40
0.0
  9
$LOFTPARAM
 70
7
  9
$LOFTNORMALS
280
1
  9
$LATITUDE
 40
37.795
  9
$LONGITUDE
 40
-122.394
  9
$NORTHDIRECTION
 40
0.0
  9
$TIMEZONE
 70
-8000
  9
$LIGHTGLYPHDISPLAY
280
1
  9
$TILEMODELIGHTSYNCH
280
1
  9
$CMATERIAL
347
20
  9
$SOLIDHIST
280
0
  9
$SHOWHIST
280
1
  9
$DWFFRAME
280
2
  9
$DGNFRAME
280
2
  9
$REALWORLDSCALE
290
1
  9
$INTERFERECOLOR
 62
256
  9
$CSHADOW
280
0
  9
$SHADOWPLANELOCATION
 40
0.0
  0
ENDSEC
  0
SECTION
  2
CLASSES
  0
CLASS
  1
ACDBDICTIONARYWDFLT
  2
AcDbDictionaryWithDefault
  3
ObjectDBX Classes
 90
0
 91
0
280
0
281
0
  0
CLASS
  1
SUN
  2
AcDbSun
  3
SCENEOE
 90
1153
 91
0
280
0
281
0
  0
CLASS
  1
VISUALSTYLE
  2
AcDbVisualStyle
  3
ObjectDBX Classes
 90
4095
 91
0
280
0
281
0
  0
CLASS
  1
MATERIAL
  2
AcDbMaterial
  3
ObjectDBX Classes
 90
1153
 91
0
280
0
281
0
  0
CLASS
  1
SCALE
  2
AcDbScale
  3
ObjectDBX Classes
 90
1153
 91
0
280
0
281
0
  0
CLASS
  1
TABLESTYLE
  2
AcDbTableStyle
  3
ObjectDBX Classes
 90
4095
 91
0
280
0
281
0
  0
CLASS
  1
MLEADERSTYLE
  2
AcDbMLeaderStyle
  3
ACDB_MLEADERSTYLE_CLASS
 90
4095
 91
0
280
0
281
0
  0
CLASS
  1
DICTIONARYVAR
  2
AcDbDictionaryVar
  3
ObjectDBX Classes
 90
0
 91
0
280
0
281
0
  0
CLASS
  1
CELLSTYLEMAP
  2
AcDbCellStyleMap
  3
ObjectDBX Classes
 90
1152
 91
0
280
0
281
0
  0
CLASS
  1
MENTALRAYRENDERSETTINGS
  2
AcDbMentalRayRenderSettings
  3
SCENEOE
 90
1024
 91
0
280
0
281
0
  0
CLASS
  1
ACDBDETAILVIEWSTYLE
  2
AcDbDetailViewStyle
  3
ObjectDBX Classes
 90
1025
 91
0
280
0
281
0
  0
CLASS
  1
ACDBSECTIONVIEWSTYLE
  2
AcDbSectionViewStyle
  3
ObjectDBX Classes
 90
1025
 91
0
280
0
281
0
  0
CLASS
  1
RASTERVARIABLES
  2
AcDbRasterVariables
  3
ISM
 90
0
 91
0
280
0
281
0
  0
CLASS
  1
ACDBPLACEHOLDER
  2
AcDbPlaceHolder
  3
ObjectDBX Classes
 90
0
 91
0
280
0
281
0
  0
CLASS
  1
LAYOUT
  2
AcDbLayout
  3
ObjectDBX Classes
 90
0
 91
0
280
0
281
0
  0
ENDSEC
  0
SECTION
  2
TABLES
  0
TABLE
  2
VPORT
  5
8
330
0
100
AcDbSymbolTable
 70
1
  0
VPORT
  5
23
330
8
100
AcDbSymbolTableRecord
100
AcDbViewportTableRecord
  2
*Active
 70
0
 10
0.0
 20
0.0
 11
1.0
 21
1.0
 12
0.0
 22
0.0
 13
0.0
 23
0.0
 14
0.5
 24
0.5
 15
0.5
 25
0.5
 16
0.0
 26
0.0
 36
1.0
 17
0.0
 27
0.0
 37
0.0
 40
1000.0
 41
1.34
 42
50.0
 43
0.0
 44
0.0
 50
0.0
 51
0.0
 71
0
 72
1000
 73
1
 74
3
 75
0
 76
0
 77
0
 78
0
281
0
 65
0
146
0.0
  0
ENDTAB
  0
TABLE
  2
LTYPE
  5
2
330
0
100
AcDbSymbolTable
 70
29
  0
LTYPE
  5
24
330
2
100
AcDbSymbolTableRecord
100
AcDbLinetypeTableRecord
  2
ByBlock
 70
0
  3

 72
65
 73
0
 40
0.0
  0
LTYPE
  5
25
330
2
100
AcDbSymbolTableRecord
100
AcDbLinetypeTableRecord
  2
ByLayer
 70
0
  3

 72
65
 73
0
 40
0.0
  0
LTYPE
  5
26
330
2
100
AcDbSymbolTableRecord
100
AcDbLinetypeTableRecord
  2
Continuous
 70
0
  3

 72
65
 73
0
 40
0.0
  0
LTYPE
  5
2F
330
2
100
AcDbSymbolTableRecord
100
AcDbLinetypeTableRecord
  2
CENTER
 70
0
  3
Center ____ _ ____ _ ____ _ ____ _ ____ _ ____
 72
65
 73
4
 40
5.08
 49
3.175
 74
0
 49
-0.635
 74
0
 49
0.635
 74
0
 49
-0.635
 74
0
  0
LTYPE
  5
30
330
2
100
AcDbSymbolTableRecord
100
AcDbLinetypeTableRecord
  2
CENTERX2
 70
0
  3
Center (2x) ________  __  ________  __  ________
 72
65
 73
4
 40
8.89
 49
6.35
 74
0
 49
-0.635
 74
0
 49
1.27
 74
0
 49
-0.635
 74
0
  0
LTYPE
  5
31
330
2
100
AcDbSymbolTableRecord
100
AcDbLinetypeTableRecord
  2
CENTER2
 70
0
  3
Center (.5x) ____ _ ____ _ ____ _ ____ _ ____
 72
65
 73
4
 40
2.54
 49
1.587
 74
0
 49
-0.318
 74
0
 49
0.318
 74
0
 49
-0.318
 74
0
  0
LTYPE
  5
32
330
2
100
AcDbSymbolTableRecord
100
AcDbLinetypeTableRecord
  2
DASHED
 70
0
  3
Dashed __ __ __ __ __ __ __ __ __ __ __ __ __ _
 72
65
 73
2
 40
1.524
 49
1.27
 74
0
 49
-0.254
 74
0
  0
LTYPE
  5
33
330
2
100
AcDbSymbolTableRecord
100
AcDbLinetypeTableRecord
  2
DASHEDX2
 70
0
  3
Dashed (2x) ____  ____  ____  ____  ____  ____
 72
65
 73
2
 40
3.048
 49
2.54
 74
0
 49
-0.508
 74
0
  0
LTYPE
  5
34
330
2
100
AcDbSymbolTableRecord
100
AcDbLinetypeTableRecord
  2
DASHED2
 70
0
  3
Dashed (.5x) _ _ _ _ _ _ _ _ _ _ _ _ _ _
 72
65
 73
2
 40
0.762
 49
0.635
 74
0
 49
-0.127
 74
0
  0
LTYPE
  5
35
330
2
100
AcDbSymbolTableRecord
100
AcDbLinetypeTableRecord
  2
PHANTOM
 70
0
  3
Phantom ______  __  __  ______  __  __  ______
 72
65
 73
6
 40
6.35
 49
3.175
 74
0
 49
-0.635
 74
0
 49
0.635
 74
0
 49
-0.635
 74
0
 49
0.635
 74
0
 49
-0.635
 74
0
  0
LTYPE
  5
36
330
2
100
AcDbSymbolTableRecord
100
AcDbLinetypeTableRecord
  2
PHANTOMX2
 70
0
  3
Phantom (2x)____________    ____    ____    ____________
 72
65
 73
6
 40
10.795
 49
6.35
 74
0
 49
-0.635
 74
0
 49
1.27
 74
0
 49
-0.635
 74
0
 49
1.27
 74
0
 49
-0.635
 74
0
  0
LTYPE
  5
37
330
2
100
AcDbSymbolTableRecord
100
AcDbLinetypeTableRecord
  2
PHANTOM2
 70
0
  3
Phantom (.5x) ___ _ _ ___ _ _ ___ _ _ ___ _ _ ___
 72
65
 73
6
 40
3.175
 49
1.587
 74
0
 49
-0.318
 74
0
 49
0.318
 74
0
 49
-0.318
 74
0
 49
0.318
 74
0
 49
-0.318
 74
0
  0
LTYPE
  5
38
330
2
100
AcDbSymbolTableRecord
100
AcDbLinetypeTableRecord
  2
DASHDOT
 70
0
  3
Dash dot __ . __ . __ . __ . __ . __ . __ . __
 72
65
 73
4
 40
3.556
 49
2.54
 74
0
 49
-0.508
 74
0
 49
0.0
 74
0
 49
-0.508
 74
0
  0
LTYPE
  5
39
330
2
100
AcDbSymbolTableRecord
100
AcDbLinetypeTableRecord
  2
DASHDOTX2
 70
0
  3
Dash dot (2x) ____  .  ____  .  ____  .  ____
 72
65
 73
4
 40
6.096
 49
5.08
 74
0
 49
-0.508
 74
0
 49
0.0
 74
0
 49
-0.508
 74
0
  0
LTYPE
  5
3A
330
2
100
AcDbSymbolTableRecord
100
AcDbLinetypeTableRecord
  2
DASHDOT2
 70
0
  3
Dash dot (.5x) _ . _ . _ . _ . _ . _ . _ . _
 72
65
 73
4
 40
1.778
 49
1.27
 74
0
 49
-0.254
 74
0
 49
0.0
 74
0
 49
-0.254
 74
0
  0
LTYPE
  5
3B
330
2
100
AcDbSymbolTableRecord
100
AcDbLinetypeTableRecord
  2
DOT
 70
0
  3
Dot .  .  .  .  .  .  .  .  .  .  .  .  .  .  .  .
 72
65
 73
2
 40
0.508
 49
0.0
 74
0
 49
-0.508
 74
0
  0
LTYPE
  5
3C
330
2
100
AcDbSymbolTableRecord
100
AcDbLinetypeTableRecord
  2
DOTX2
 70
0
  3
Dot (2x) .    .    .    .    .    .    .    . 
 72
65
 73
2
 40
1.016
 49
0.0
 74
0
 49
-1.016
 74
0
  0
LTYPE
  5
3D
330
2
100
AcDbSymbolTableRecord
100
AcDbLinetypeTableRecord
  2
DOT2
 70
0
  3
Dot (.5) . . . . . . . . . . . . . . . . . . . 
 72
65
 73
2
 40
0.254
 49
0.0
 74
0
 49
-0.254
 74
0
  0
LTYPE
  5
3E
330
2
100
AcDbSymbolTableRecord
100
AcDbLinetypeTableRecord
  2
DIVIDE
 70
0
  3
Divide __ . . __ . . __ . . __ . . __ . . __
 72
65
 73
6
 40
4.064
 49
2.54
 74
0
 49
-0.508
 74
0
 49
0.0
 74
0
 49
-0.508
 74
0
 49
0.0
 74
0
 49
-0.508
 74
0
  0
LTYPE
  5
3F
330
2
100
AcDbSymbolTableRecord
100
AcDbLinetypeTableRecord
  2
DIVIDEX2
 70
0
  3
Divide (2x) ____  . .  ____  . .  ____  . .  ____
 72
65
 73
6
 40
6.604
 49
5.08
 74
0
 49
-0.508
 74
0
 49
0.0
 74
0
 49
-0.508
 74
0
 49
0.0
 74
0
 49
-0.508
 74
0
  0
LTYPE
  5
40
330
2
100
AcDbSymbolTableRecord
100
AcDbLinetypeTableRecord
  2
DIVIDE2
 70
0
  3
Divide(.5x) _ . _ . _ . _ . _ . _ . _ . _
 72
65
 73
6
 40
2.032
 49
1.27
 74
0
 49
-0.254
 74
0
 49
0.0
 74
0
 49
-0.254
 74
0
 49
0.0
 74
0
 49
-0.254
 74
0
  0
LTYPE
  5
8B
330
2
100
AcDbSymbolTableRecord
100
AcDbLinetypeTableRecord
  2
UTIL_W
 70
0
  3
Utilidad W ------W------
 72
65
 73
3
 40
10.0
 49
4.0
 74
0
 49
-3.0
 74
2
 75
0
340
8A
 46
1.2
 50
0.0
 44
-1.86
 45
-0.6
  9
W
 49
-3.0
 74
0
  0
LTYPE
  5
8C
330
2
100
AcDbSymbolTableRecord
100
AcDbLinetypeTableRecord
  2
UTIL_SS
 70
0
  3
Utilidad SS ------SS------
 72
65
 73
3
 40
10.0
 49
4.0
 74
0
 49
-3.0
 74
2
 75
0
340
8A
 46
1.2
 50
0.0
 44
-2.22
 45
-0.6
  9
SS
 49
-3.0
 74
0
  0
LTYPE
  5
8D
330
2
100
AcDbSymbolTableRecord
100
AcDbLinetypeTableRecord
  2
UTIL_G
 70
0
  3
Utilidad G ------G------
 72
65
 73
3
 40
10.0
 49
4.0
 74
0
 49
-3.0
 74
2
 75
0
340
8A
 46
1.2
 50
0.0
 44
-1.86
 45
-0.6
  9
G
 49
-3.0
 74
0
  0
LTYPE
  5
8E
330
2
100
AcDbSymbolTableRecord
100
AcDbLinetypeTableRecord
  2
UTIL_E
 70
0
  3
Utilidad E ------E------
 72
65
 73
3
 40
10.0
 49
4.0
 74
0
 49
-3.0
 74
2
 75
0
340
8A
 46
1.2
 50
0.0
 44
-1.86
 45
-0.6
  9
E
 49
-3.0
 74
0
  0
LTYPE
  5
8F
330
2
100
AcDbSymbolTableRecord
100
AcDbLinetypeTableRecord
  2
UTIL_T
 70
0
  3
Utilidad T ------T------
 72
65
 73
3
 40
10.0
 49
4.0
 74
0
 49
-3.0
 74
2
 75
0
340
8A
 46
1.2
 50
0.0
 44
-1.86
 45
-0.6
  9
T
 49
-3.0
 74
0
  0
LTYPE
  5
90
330
2
100
AcDbSymbolTableRecord
100
AcDbLinetypeTableRecord
  2
UTIL_SD
 70
0
  3
Utilidad SD ------SD------
 72
65
 73
3
 40
10.0
 49
4.0
 74
0
 49
-3.0
 74
2
 75
0
340
8A
 46
1.2
 50
0.0
 44
-2.22
 45
-0.6
  9
SD
 49
-3.0
 74
0
  0
LTYPE
  5
91
330
2
100
AcDbSymbolTableRecord
100
AcDbLinetypeTableRecord
  2
UTIL_EOH
 70
0
  3
Utilidad E(OH) ------E(OH)------
 72
65
 73
3
 40
10.0
 49
4.0
 74
0
 49
-3.0
 74
2
 75
0
340
8A
 46
1.2
 50
0.0
 44
-3.3
 45
-0.6
  9
E(OH)
 49
-3.0
 74
0
  0
LTYPE
  5
92
330
2
100
AcDbSymbolTableRecord
100
AcDbLinetypeTableRecord
  2
UTIL_TOH
 70
0
  3
Utilidad T(OH) ------T(OH)------
 72
65
 73
3
 40
10.0
 49
4.0
 74
0
 49
-3.0
 74
2
 75
0
340
8A
 46
1.2
 50
0.0
 44
-3.3
 45
-0.6
  9
T(OH)
 49
-3.0
 74
0
  0
ENDTAB
  0
TABLE
  2
LAYER
  5
1
330
0
100
AcDbSymbolTable
 70
17
  0
LAYER
  5
27
330
1
100
AcDbSymbolTableRecord
100
AcDbLayerTableRecord
  2
0
 70
0
 62
7
  6
Continuous
370
-3
390
13
347
21
  0
LAYER
  5
28
330
1
100
AcDbSymbolTableRecord
100
AcDbLayerTableRecord
  2
Defpoints
 70
0
 62
7
  6
Continuous
290
0
370
-3
390
13
347
21
  0
LAYER
  5
93
330
1
100
AcDbSymbolTableRecord
100
AcDbLayerTableRecord
  2
EJE_VIA
 70
0
 62
7
  6
CONTINUOUS
370
-3
390
13
347
21
  0
LAYER
  5
222
330
1
100
AcDbSymbolTableRecord
100
AcDbLayerTableRecord
  2
TOPO
 70
0
 62
8
  6
CONTINUOUS
370
-3
390
13
347
21
  0
LAYER
  5
2D2
330
1
100
AcDbSymbolTableRecord
100
AcDbLayerTableRecord
  2
ANOTACION
 70
0
 62
8
  6
CONTINUOUS
370
-3
390
13
347
21
  0
LAYER
  5
2F7
330
1
100
AcDbSymbolTableRecord
100
AcDbLayerTableRecord
  2
ELECTRICO_AEREO
 70
0
 62
1
  6
UTIL_EOH
370
-3
390
13
347
21
  0
LAYER
  5
316
330
1
100
AcDbSymbolTableRecord
100
AcDbLayerTableRecord
  2
GAS
 70
0
 62
2
  6
UTIL_G
370
-3
390
13
347
21
  0
LAYER
  5
31D
330
1
100
AcDbSymbolTableRecord
100
AcDbLayerTableRecord
  2
TELECOM_AEREO
 70
0
 62
30
  6
UTIL_TOH
370
-3
390
13
347
21
  0
LAYER
  5
329
330
1
100
AcDbSymbolTableRecord
100
AcDbLayerTableRecord
  2
AGUA
 70
0
 62
5
  6
UTIL_W
370
-3
390
13
347
21
  0
LAYER
  5
34F
330
1
100
AcDbSymbolTableRecord
100
AcDbLayerTableRecord
  2
TELECOM
 70
0
 62
30
  6
UTIL_T
370
-3
390
13
347
21
  0
LAYER
  5
361
330
1
100
AcDbSymbolTableRecord
100
AcDbLayerTableRecord
  2
DRENAJE_PLUVIAL
 70
0
 62
3
  6
UTIL_SD
370
-3
390
13
347
21
  0
LAYER
  5
394
330
1
100
AcDbSymbolTableRecord
100
AcDbLayerTableRecord
  2
ESTRUCTURAS
 70
0
 62
7
  6
CONTINUOUS
370
-3
390
13
347
21
  0
LAYER
  5
795
330
1
100
AcDbSymbolTableRecord
100
AcDbLayerTableRecord
  2
DIGITALIZADO
 70
0
 62
7
  6
CONTINUOUS
370
-3
390
13
347
21
  0
LAYER
  5
882
330
1
100
AcDbSymbolTableRecord
100
AcDbLayerTableRecord
  2
METRO_RW
 70
0
 62
140
  6
CENTER2
370
-3
390
13
347
21
  0
LAYER
  5
94D
330
1
100
AcDbSymbolTableRecord
100
AcDbLayerTableRecord
  2
ALCANTARILLADO
 70
0
 62
3
  6
UTIL_SS
370
-3
390
13
347
21
  0
LAYER
  5
96C
330
1
100
AcDbSymbolTableRecord
100
AcDbLayerTableRecord
  2
ELECTRICO
 70
0
 62
1
  6
UTIL_E
370
-3
390
13
347
21
  0
LAYER
  5
9D5
330
1
100
AcDbSymbolTableRecord
100
AcDbLayerTableRecord
  2
METADATA
 70
0
 62
8
  6
CONTINUOUS
370
-3
390
13
347
21
  0
ENDTAB
  0
TABLE
  2
STYLE
  5
5
330
0
100
AcDbSymbolTable
 70
28
  0
STYLE
  5
29
330
5
100
AcDbSymbolTableRecord
100
AcDbTextStyleTableRecord
  2
Standard
 70
0
 40
0.0
 41
1.0
 50
0.0
 71
0
 42
2.5
  3
txt
  4

  0
STYLE
  5
41
330
5
100
AcDbSymbolTableRecord
100
AcDbTextStyleTableRecord
  2
OpenSans-Light
 70
0
 40
0.0
 41
1.0
 50
0.0
 71
0
 42
2.5
  3
OpenSans-Light.ttf
  4

  0
STYLE
  5
42
330
5
100
AcDbSymbolTableRecord
100
AcDbTextStyleTableRecord
  2
OpenSans-Light-Italic
 70
0
 40
0.0
 41
1.0
 50
0.0
 71
0
 42
2.5
  3
OpenSans-LightItalic.ttf
  4

  0
STYLE
  5
43
330
5
100
AcDbSymbolTableRecord
100
AcDbTextStyleTableRecord
  2
OpenSans
 70
0
 40
0.0
 41
1.0
 50
0.0
 71
0
 42
2.5
  3
OpenSans-Regular.ttf
  4

  0
STYLE
  5
44
330
5
100
AcDbSymbolTableRecord
100
AcDbTextStyleTableRecord
  2
OpenSans-Italic
 70
0
 40
0.0
 41
1.0
 50
0.0
 71
0
 42
2.5
  3
OpenSans-Italic.ttf
  4

  0
STYLE
  5
45
330
5
100
AcDbSymbolTableRecord
100
AcDbTextStyleTableRecord
  2
OpenSans-SemiBold
 70
0
 40
0.0
 41
1.0
 50
0.0
 71
0
 42
2.5
  3
OpenSans-SemiBold.ttf
  4

  0
STYLE
  5
46
330
5
100
AcDbSymbolTableRecord
100
AcDbTextStyleTableRecord
  2
OpenSans-SemiBoldItalic
 70
0
 40
0.0
 41
1.0
 50
0.0
 71
0
 42
2.5
  3
OpenSans-SemiBoldItalic.ttf
  4

  0
STYLE
  5
47
330
5
100
AcDbSymbolTableRecord
100
AcDbTextStyleTableRecord
  2
OpenSans-Bold
 70
0
 40
0.0
 41
1.0
 50
0.0
 71
0
 42
2.5
  3
OpenSans-Bold.ttf
  4

  0
STYLE
  5
48
330
5
100
AcDbSymbolTableRecord
100
AcDbTextStyleTableRecord
  2
OpenSans-BoldItalic
 70
0
 40
0.0
 41
1.0
 50
0.0
 71
0
 42
2.5
  3
OpenSans-BoldItalic.ttf
  4

  0
STYLE
  5
49
330
5
100
AcDbSymbolTableRecord
100
AcDbTextStyleTableRecord
  2
OpenSans-ExtraBold
 70
0
 40
0.0
 41
1.0
 50
0.0
 71
0
 42
2.5
  3
OpenSans-ExtraBold.ttf
  4

  0
STYLE
  5
4A
330
5
100
AcDbSymbolTableRecord
100
AcDbTextStyleTableRecord
  2
OpenSans-ExtraBoldItalic
 70
0
 40
0.0
 41
1.0
 50
0.0
 71
0
 42
2.5
  3
OpenSans-ExtraBoldItalic.ttf
  4

  0
STYLE
  5
4B
330
5
100
AcDbSymbolTableRecord
100
AcDbTextStyleTableRecord
  2
OpenSansCondensed-Bold
 70
0
 40
0.0
 41
1.0
 50
0.0
 71
0
 42
2.5
  3
OpenSansCondensed-Bold.ttf
  4

  0
STYLE
  5
4C
330
5
100
AcDbSymbolTableRecord
100
AcDbTextStyleTableRecord
  2
OpenSansCondensed-Light
 70
0
 40
0.0
 41
1.0
 50
0.0
 71
0
 42
2.5
  3
OpenSansCondensed-Light.ttf
  4

  0
STYLE
  5
4D
330
5
100
AcDbSymbolTableRecord
100
AcDbTextStyleTableRecord
  2
OpenSansCondensed-Italic
 70
0
 40
0.0
 41
1.0
 50
0.0
 71
0
 42
2.5
  3
OpenSansCondensed-LightItalic.ttf
  4

  0
STYLE
  5
4E
330
5
100
AcDbSymbolTableRecord
100
AcDbTextStyleTableRecord
  2
LiberationSans
 70
0
 40
0.0
 41
1.0
 50
0.0
 71
0
 42
2.5
  3
LiberationSans-Regular.ttf
  4

  0
STYLE
  5
4F
330
5
100
AcDbSymbolTableRecord
100
AcDbTextStyleTableRecord
  2
LiberationSans-Bold
 70
0
 40
0.0
 41
1.0
 50
0.0
 71
0
 42
2.5
  3
LiberationSans-Bold.ttf
  4

  0
STYLE
  5
50
330
5
100
AcDbSymbolTableRecord
100
AcDbTextStyleTableRecord
  2
LiberationSans-BoldItalic
 70
0
 40
0.0
 41
1.0
 50
0.0
 71
0
 42
2.5
  3
LiberationSans-BoldItalic.ttf
  4

  0
STYLE
  5
51
330
5
100
AcDbSymbolTableRecord
100
AcDbTextStyleTableRecord
  2
LiberationSans-Italic
 70
0
 40
0.0
 41
1.0
 50
0.0
 71
0
 42
2.5
  3
LiberationSans-Italic.ttf
  4

  0
STYLE
  5
52
330
5
100
AcDbSymbolTableRecord
100
AcDbTextStyleTableRecord
  2
LiberationSerif
 70
0
 40
0.0
 41
1.0
 50
0.0
 71
0
 42
2.5
  3
LiberationSerif-Regular.ttf
  4

  0
STYLE
  5
53
330
5
100
AcDbSymbolTableRecord
100
AcDbTextStyleTableRecord
  2
LiberationSerif-Bold
 70
0
 40
0.0
 41
1.0
 50
0.0
 71
0
 42
2.5
  3
LiberationSerif-Bold.ttf
  4

  0
STYLE
  5
54
330
5
100
AcDbSymbolTableRecord
100
AcDbTextStyleTableRecord
  2
LiberationSerif-BoldItalic
 70
0
 40
0.0
 41
1.0
 50
0.0
 71
0
 42
2.5
  3
LiberationSerif-BoldItalic.ttf
  4

  0
STYLE
  5
55
330
5
100
AcDbSymbolTableRecord
100
AcDbTextStyleTableRecord
  2
LiberationSerif-Italic
 70
0
 40
0.0
 41
1.0
 50
0.0
 71
0
 42
2.5
  3
LiberationSerif-Italic.ttf
  4

  0
STYLE
  5
56
330
5
100
AcDbSymbolTableRecord
100
AcDbTextStyleTableRecord
  2
LiberationMono
 70
0
 40
0.0
 41
1.0
 50
0.0
 71
0
 42
2.5
  3
LiberationMono-Regular.ttf
  4

  0
STYLE
  5
57
330
5
100
AcDbSymbolTableRecord
100
AcDbTextStyleTableRecord
  2
LiberationMono-Bold
 70
0
 40
0.0
 41
1.0
 50
0.0
 71
0
 42
2.5
  3
LiberationMono-Bold.ttf
  4

  0
STYLE
  5
58
330
5
100
AcDbSymbolTableRecord
100
AcDbTextStyleTableRecord
  2
LiberationMono-BoldItalic
 70
0
 40
0.0
 41
1.0
 50
0.0
 71
0
 42
2.5
  3
LiberationMono-BoldItalic.ttf
  4

  0
STYLE
  5
59
330
5
100
AcDbSymbolTableRecord
100
AcDbTextStyleTableRecord
  2
LiberationMono-Italic
 70
0
 40
0.0
 41
1.0
 50
0.0
 71
0
 42
2.5
  3
LiberationMono-Italic.ttf
  4

  0
STYLE
  5
8A
330
5
100
AcDbSymbolTableRecord
100
AcDbTextStyleTableRecord
  2
LTSTD
 70
0
 40
0.0
 41
1.0
 50
0.0
 71
0
 42
2.5
  3
Arial
  4

  0
STYLE
  5
96E
330
5
100
AcDbSymbolTableRecord
100
AcDbTextStyleTableRecord
  2
CAD_TEXT
 70
0
 40
0.0
 41
1.0
 50
0.0
 71
0
 42
2.5
  3
Arial
  4

  0
ENDTAB
  0
TABLE
  2
VIEW
  5
7
330
0
100
AcDbSymbolTable
 70
0
  0
ENDTAB
  0
TABLE
  2
UCS
  5
6
330
0
100
AcDbSymbolTable
 70
0
  0
ENDTAB
  0
TABLE
  2
APPID
  5
3
330
0
100
AcDbSymbolTable
 70
4
  0
APPID
  5
2A
330
3
100
AcDbSymbolTableRecord
100
AcDbRegAppTableRecord
  2
ACAD
 70
0
  0
APPID
  5
9D8
330
3
100
AcDbSymbolTableRecord
100
AcDbRegAppTableRecord
  2
PDFCAD
 70
0
  0
APPID
  5
9D9
330
3
100
AcDbSymbolTableRecord
100
AcDbRegAppTableRecord
  2
HATCHBACKGROUNDCOLOR
 70
0
  0
APPID
  5
9DA
330
3
100
AcDbSymbolTableRecord
100
AcDbRegAppTableRecord
  2
EZDXF
 70
0
  0
ENDTAB
  0
TABLE
  2
DIMSTYLE
  5
4
330
0
100
AcDbSymbolTable
 70
12
100
AcDbDimStyleTable
  0
DIMSTYLE
105
2B
330
4
100
AcDbSymbolTableRecord
100
AcDbDimStyleTableRecord
  2
Standard
 70
0
 40
1.0
 41
2.5
 42
0.625
 43
3.75
 44
1.25
 45
0.0
 46
0.0
 47
0.0
 48
0.0
 49
2.5
140
2.5
141
2.5
142
0.0
143
0.03937007874
144
1.0
145
0.0
146
1.0
147
0.625
148
0.0
 69
0
 70
0
 71
0
 72
0
 73
0
 74
0
 75
0
 76
0
 77
1
 78
8
 79
3
170
0
171
3
172
1
173
0
174
0
175
0
176
0
177
0
178
0
179
2
271
2
272
2
273
2
274
3
275
0
276
0
277
2
278
44
279
0
280
0
281
0
282
0
283
0
284
8
285
0
286
0
288
0
289
3
290
0
371
-2
372
-2
  0
DIMSTYLE
105
73
330
4
100
AcDbSymbolTableRecord
100
AcDbDimStyleTableRecord
  2
EZDXF
 70
0
 40
1.0
 41
0.175
 42
0.125
 43
3.75
 44
0.375
 45
0.0
 46
0.0
 47
0.0
 48
0.0
 49
2.5
140
0.25
141
2.5
142
0.0
143
0.03937007874
144
100.0
145
0.0
146
0.5
147
0.1
148
0.0
 69
0
 70
0
 71
0
 72
0
 73
0
 74
0
 75
0
 76
0
 77
1
 78
12
 79
3
170
0
171
3
172
1
173
0
174
0
175
0
176
0
177
0
178
0
179
2
271
2
272
2
273
2
274
3
275
0
276
0
277
2
278
46
279
2
280
0
281
0
282
0
283
0
284
8
285
0
286
0
288
1
289
3
290
0
340
4C
342
74
371
-2
372
-2
  0
DIMSTYLE
105
7C
330
4
100
AcDbSymbolTableRecord
100
AcDbDimStyleTableRecord
  2
EZ_M_100_H25_CM
 70
0
 40
1.0
 41
0.25
 42
0.125
 43
3.75
 44
0.375
 45
0.0
 46
0.0
 47
0.0
 48
0.0
 49
2.5
140
0.25
141
2.5
142
0.125
143
0.03937007874
144
100.0
145
0.0
146
0.5
147
0.1
148
0.0
 69
0
 70
0
 71
0
 72
0
 73
0
 74
0
 75
0
 76
0
 77
1
 78
12
 79
3
170
0
171
3
172
1
173
0
174
0
175
0
176
0
177
0
178
0
179
2
271
2
272
2
273
2
274
3
275
0
276
0
277
2
278
46
279
2
280
0
281
0
282
0
283
0
284
8
285
0
286
0
288
1
289
3
290
0
340
4C
371
-2
372
-2
  0
DIMSTYLE
105
7D
330
4
100
AcDbSymbolTableRecord
100
AcDbDimStyleTableRecord
  2
EZ_M_50_H25_CM
 70
0
 40
1.0
 41
0.125
 42
0.0625
 43
3.75
 44
0.1875
 45
0.0
 46
0.0
 47
0.0
 48
0.0
 49
2.5
140
0.125
141
2.5
142
0.0625
143
0.03937007874
144
100.0
145
0.0
146
0.5
147
0.05
148
0.0
 69
0
 70
0
 71
0
 72
0
 73
0
 74
0
 75
0
 76
0
 77
1
 78
12
 79
3
170
0
171
3
172
1
173
0
174
0
175
0
176
0
177
0
178
0
179
2
271
2
272
2
273
2
274
3
275
0
276
0
277
2
278
46
279
2
280
0
281
0
282
0
283
0
284
8
285
0
286
0
288
1
289
3
290
0
340
4C
371
-2
372
-2
  0
DIMSTYLE
105
7E
330
4
100
AcDbSymbolTableRecord
100
AcDbDimStyleTableRecord
  2
EZ_M_25_H25_CM
 70
0
 40
1.0
 41
0.0625
 42
0.03125
 43
3.75
 44
0.09375
 45
0.0
 46
0.0
 47
0.0
 48
0.0
 49
2.5
140
0.0625
141
2.5
142
0.03125
143
0.03937007874
144
100.0
145
0.0
146
0.5
147
0.025
148
0.0
 69
0
 70
0
 71
0
 72
0
 73
0
 74
0
 75
0
 76
0
 77
1
 78
12
 79
3
170
0
171
3
172
1
173
0
174
0
175
0
176
0
177
0
178
0
179
2
271
2
272
2
273
2
274
3
275
0
276
0
277
2
278
46
279
2
280
0
281
0
282
0
283
0
284
8
285
0
286
0
288
1
289
3
290
0
340
4C
371
-2
372
-2
  0
DIMSTYLE
105
7F
330
4
100
AcDbSymbolTableRecord
100
AcDbDimStyleTableRecord
  2
EZ_M_20_H25_CM
 70
0
 40
1.0
 41
0.05
 42
0.025
 43
3.75
 44
0.07500000000000001
 45
0.0
 46
0.0
 47
0.0
 48
0.0
 49
2.5
140
0.05
141
2.5
142
0.025
143
0.03937007874
144
100.0
145
0.0
146
0.5
147
0.020000000000000004
148
0.0
 69
0
 70
0
 71
0
 72
0
 73
0
 74
0
 75
0
 76
0
 77
1
 78
12
 79
3
170
0
171
3
172
1
173
0
174
0
175
0
176
0
177
0
178
0
179
2
271
2
272
2
273
2
274
3
275
0
276
0
277
2
278
46
279
2
280
0
281
0
282
0
283
0
284
8
285
0
286
0
288
1
289
3
290
0
340
4C
371
-2
372
-2
  0
DIMSTYLE
105
80
330
4
100
AcDbSymbolTableRecord
100
AcDbDimStyleTableRecord
  2
EZ_M_10_H25_CM
 70
0
 40
1.0
 41
0.025
 42
0.0125
 43
3.75
 44
0.037500000000000006
 45
0.0
 46
0.0
 47
0.0
 48
0.0
 49
2.5
140
0.025
141
2.5
142
0.0125
143
0.03937007874
144
100.0
145
0.0
146
0.5
147
0.010000000000000002
148
0.0
 69
0
 70
0
 71
0
 72
0
 73
0
 74
0
 75
0
 76
0
 77
1
 78
12
 79
3
170
0
171
3
172
1
173
0
174
0
175
0
176
0
177
0
178
0
179
2
271
2
272
2
273
2
274
3
275
0
276
0
277
2
278
46
279
2
280
0
281
0
282
0
283
0
284
8
285
0
286
0
288
1
289
3
290
0
340
4C
371
-2
372
-2
  0
DIMSTYLE
105
81
330
4
100
AcDbSymbolTableRecord
100
AcDbDimStyleTableRecord
  2
EZ_M_5_H25_CM
 70
0
 40
1.0
 41
0.0125
 42
0.00625
 43
3.75
 44
0.018750000000000003
 45
0.0
 46
0.0
 47
0.0
 48
0.0
 49
2.5
140
0.0125
141
2.5
142
0.00625
143
0.03937007874
144
100.0
145
0.0
146
0.5
147
0.005000000000000001
148
0.0
 69
0
 70
0
 71
0
 72
0
 73
0
 74
0
 75
0
 76
0
 77
1
 78
12
 79
3
170
0
171
3
172
1
173
0
174
0
175
0
176
0
177
0
178
0
179
2
271
2
272
2
273
2
274
3
275
0
276
0
277
2
278
46
279
2
280
0
281
0
282
0
283
0
284
8
285
0
286
0
288
1
289
3
290
0
340
4C
371
-2
372
-2
  0
DIMSTYLE
105
82
330
4
100
AcDbSymbolTableRecord
100
AcDbDimStyleTableRecord
  2
EZ_M_1_H25_CM
 70
0
 40
1.0
 41
0.0025
 42
0.00125
 43
3.75
 44
0.00375
 45
0.0
 46
0.0
 47
0.0
 48
0.0
 49
2.5
140
0.0025
141
2.5
142
0.00125
143
0.03937007874
144
100.0
145
0.0
146
0.5
147
0.001
148
0.0
 69
0
 70
0
 71
0
 72
0
 73
0
 74
0
 75
0
 76
0
 77
1
 78
12
 79
3
170
0
171
3
172
1
173
0
174
0
175
0
176
0
177
0
178
0
179
2
271
2
272
2
273
2
274
3
275
0
276
0
277
2
278
46
279
2
280
0
281
0
282
0
283
0
284
8
285
0
286
0
288
1
289
3
290
0
340
4C
371
-2
372
-2
  0
DIMSTYLE
105
83
330
4
100
AcDbSymbolTableRecord
100
AcDbDimStyleTableRecord
  2
EZ_RADIUS
 70
0
 40
1.0
 41
0.25
 42
0.125
 43
3.75
 44
0.375
 45
0.0
 46
0.0
 47
0.0
 48
0.0
 49
2.5
140
0.25
141
0.0
142
0.0
143
0.03937007874
144
100.0
145
0.0
146
0.5
147
0.1
148
0.0
 69
0
 70
0
 71
0
 72
0
 73
0
 74
0
 75
0
 76
0
 77
1
 78
12
 79
3
170
0
171
3
172
0
173
0
174
0
175
0
176
0
177
0
178
0
179
2
271
2
272
2
273
2
274
3
275
0
276
0
277
2
278
46
279
1
280
0
281
0
282
0
283
0
284
8
285
0
286
0
288
1
289
3
290
0
340
4C
342
84
371
-2
372
-2
  0
DIMSTYLE
105
88
330
4
100
AcDbSymbolTableRecord
100
AcDbDimStyleTableRecord
  2
EZ_RADIUS_INSIDE
 70
0
 40
1.0
 41
0.25
 42
0.125
 43
3.75
 44
0.375
 45
0.0
 46
0.0
 47
0.0
 48
0.0
 49
2.5
140
0.25
141
0.0
142
0.0
143
0.03937007874
144
100.0
145
0.0
146
0.5
147
0.1
148
0.0
 69
0
 70
0
 71
0
 72
0
 73
0
 74
0
 75
0
 76
0
 77
0
 78
12
 79
3
170
0
171
3
172
0
173
0
174
1
175
0
176
0
177
0
178
0
179
2
271
2
272
2
273
2
274
3
275
0
276
0
277
2
278
46
279
0
280
0
281
0
282
0
283
0
284
8
285
0
286
0
288
1
289
0
290
0
340
4C
342
84
371
-2
372
-2
  0
DIMSTYLE
105
89
330
4
100
AcDbSymbolTableRecord
100
AcDbDimStyleTableRecord
  2
EZ_CURVED
 70
0
 40
1.0
 41
0.25
 42
0.125
 43
3.75
 44
0.375
 45
0.0
 46
0.0
 47
0.0
 48
0.0
 49
2.5
140
0.25
141
2.5
142
0.0
143
0.03937007874
144
100.0
145
0.0
146
0.5
147
0.1
148
0.0
 69
0
 70
0
 71
0
 72
0
 73
0
 74
0
 75
0
 76
0
 77
1
 78
12
 79
2
 90
2
170
0
171
3
172
1
173
0
174
0
175
0
176
0
177
0
178
0
179
2
271
2
272
2
273
2
274
3
275
0
276
0
277
2
278
46
279
2
280
0
281
0
282
0
283
0
284
8
285
0
286
0
288
1
289
3
290
0
340
4C
371
-2
372
-2
  0
ENDTAB
  0
TABLE
  2
BLOCK_RECORD
  5
9
330
0
100
AcDbSymbolTable
 70
5
  0
BLOCK_RECORD
  5
17
330
9
100
AcDbSymbolTableRecord
100
AcDbBlockTableRecord
  2
*Model_Space
340
1A
 70
0
280
1
281
0
  0
BLOCK_RECORD
  5
1B
330
9
100
AcDbSymbolTableRecord
100
AcDbBlockTableRecord
  2
*Paper_Space
340
1E
 70
0
280
1
281
0
  0
BLOCK_RECORD
  5
74
330
9
100
AcDbSymbolTableRecord
100
AcDbBlockTableRecord
  2
_ARCHTICK
340
0
 70
0
280
1
281
0
  0
BLOCK_RECORD
  5
78
330
9
100
AcDbSymbolTableRecord
100
AcDbBlockTableRecord
  2
_CLOSEDFILLED
340
0
 70
0
280
1
281
0
  0
BLOCK_RECORD
  5
84
330
9
100
AcDbSymbolTableRecord
100
AcDbBlockTableRecord
  2
_CLOSEDBLANK
340
0
 70
0
280
1
281
0
  0
ENDTAB
  0
ENDSEC
  0
SECTION
  2
BLOCKS
  0
BLOCK
  5
18
330
17
100
AcDbEntity
  8
0
100
AcDbBlockBegin
  2
*Model_Space
 70
0
 10
0.0
 20
0.0
 30
0.0
  3
*Model_Space
  1

  0
ENDBLK
  5
19
330
17
100
AcDbEntity
  8
0
100
AcDbBlockEnd
  0
BLOCK
  5
1C
330
1B
100
AcDbEntity
  8
0
100
AcDbBlockBegin
  2
*Paper_Space
 70
0
 10
0.0
 20
0.0
 30
0.0
  3
*Paper_Space
  1

  0
ENDBLK
  5
1D
330
1B
100
AcDbEntity
  8
0
100
AcDbBlockEnd
  0
BLOCK
  5
75
330
74
100
AcDbEntity
  8
0
100
AcDbBlockBegin
  2
_ARCHTICK
 70
0
 10
0.0
 20
0.0
 30
0.0
  3
_ARCHTICK
  1

  0
LWPOLYLINE
  5
77
330
74
100
AcDbEntity
  8
0
  6
BYBLOCK
 62
0
100
AcDbPolyline
 90
2
 70
0
 43
0.15
 10
-0.5
 20
-0.5
 10
0.5
 20
0.5
  0
ENDBLK
  5
76
330
74
100
AcDbEntity
  8
0
100
AcDbBlockEnd
  0
BLOCK
  5
79
330
78
100
AcDbEntity
  8
0
100
AcDbBlockBegin
  2
_CLOSEDFILLED
 70
0
 10
0.0
 20
0.0
 30
0.0
  3
_CLOSEDFILLED
  1

  0
SOLID
  5
7B
330
78
100
AcDbEntity
  8
0
  6
BYBLOCK
 62
0
100
AcDbTrace
 10
-1.0
 20
0.16439898372402537
 30
0.0
 11
0.0
 21
0.0
 31
0.0
 12
-1.0
 22
-0.16439898372402537
 32
0.0
 13
-1.0
 23
-0.16439898372402537
 33
0.0
  0
ENDBLK
  5
7A
330
78
100
AcDbEntity
  8
0
100
AcDbBlockEnd
  0
BLOCK
  5
85
330
84
100
AcDbEntity
  8
0
100
AcDbBlockBegin
  2
_CLOSEDBLANK
 70
0
 10
0.0
 20
0.0
 30
0.0
  3
_CLOSEDBLANK
  1

  0
LWPOLYLINE
  5
87
330
84
100
AcDbEntity
  8
0
  6
BYBLOCK
 62
0
100
AcDbPolyline
 90
3
 70
1
 10
-1.0
 20
0.16439898372402537
 10
0.0
 20
0.0
 10
-1.0
 20
-0.16439898372402537
  0
ENDBLK
  5
86
330
84
100
AcDbEntity
  8
0
100
AcDbBlockEnd
  0
ENDSEC
  0
SECTION
  2
ENTITIES
  0
LINE
  5
94
330
17
100
AcDbEntity
  8
EJE_VIA
100
AcDbLine
 10
144.20003255208334
 20
247.16666327582467
 30
0.0
 11
144.80000813802084
 21
247.16666327582467
 31
0.0
  0
LINE
  5
95
330
17
100
AcDbEntity
  8
EJE_VIA
100
AcDbLine
 10
152.30000813802084
 20
247.13333129882812
 30
0.0
 11
189.80000813802084
 21
247.06666734483508
 31
0.0
  0
LINE
  5
96
330
17
100
AcDbEntity
  8
EJE_VIA
100
AcDbLine
 10
197.30000813802084
 20
247.03333536783856
 30
0.0
 11
234.80000813802084
 21
246.96665445963544
 31
0.0
  0
LINE
  5
97
330
17
100
AcDbEntity
  8
EJE_VIA
100
AcDbLine
 10
242.30000813802084
 20
246.93332248263889
 30
0.0
 11
257.30000813802087
 21
246.89999050564236
 31
0.0
  0
LINE
  5
98
330
17
100
AcDbEntity
  8
EJE_VIA
100
AcDbLine
 10
264.80000813802087
 20
246.86665852864584
 30
0.0
 11
279.80000813802087
 21
246.83332655164932
 31
0.0
  0
LINE
  5
99
330
17
100
AcDbEntity
  8
EJE_VIA
100
AcDbLine
 10
287.30000813802087
 20
246.83332655164932
 30
0.0
 11
302.30000813802087
 21
246.7999945746528
 31
0.0
  0
LINE
  5
9A
330
17
100
AcDbEntity
  8
EJE_VIA
100
AcDbLine
 10
309.80000813802087
 20
246.76666259765625
 30
0.0
 11
324.80000813802087
 21
246.73333062065973
 31
0.0
  0
LINE
  5
9B
330
17
100
AcDbEntity
  8
EJE_VIA
100
AcDbLine
 10
332.30000813802087
 20
246.73333062065973
 30
0.0
 11
347.3333401150174
 21
246.6999986436632
 31
0.0
  0
LINE
  5
9C
330
17
100
AcDbEntity
  8
EJE_VIA
100
AcDbLine
 10
354.8333401150174
 20
246.66666666666669
 30
0.0
 11
369.8333401150174
 21
246.63333468967014
 31
0.0
  0
LINE
  5
9D
330
17
100
AcDbEntity
  8
EJE_VIA
100
AcDbLine
 10
377.3333401150174
 20
246.63333468967014
 30
0.0
 11
392.3333401150174
 21
246.60000271267361
 31
0.0
  0
LINE
  5
9E
330
17
100
AcDbEntity
  8
EJE_VIA
100
AcDbLine
 10
399.8333401150174
 20
246.566653781467
 30
0.0
 11
414.8333401150174
 21
246.5333218044705
 31
0.0
  0
LINE
  5
9F
330
17
100
AcDbEntity
  8
EJE_VIA
100
AcDbLine
 10
422.3333401150174
 20
246.5333218044705
 30
0.0
 11
437.3333401150174
 21
246.49998982747397
 31
0.0
  0
LINE
  5
A0
330
17
100
AcDbEntity
  8
EJE_VIA
100
AcDbLine
 10
444.8333401150174
 20
246.46665785047745
 30
0.0
 11
459.8333401150174
 21
246.43332587348092
 31
0.0
  0
LINE
  5
A1
330
17
100
AcDbEntity
  8
EJE_VIA
100
AcDbLine
 10
467.3333401150174
 20
246.39999389648438
 30
0.0
 11
482.3333401150174
 21
246.36666191948785
 31
0.0
  0
LINE
  5
A2
330
17
100
AcDbEntity
  8
EJE_VIA
100
AcDbLine
 10
489.8333401150174
 20
246.36666191948785
 30
0.0
 11
504.8333401150174
 21
246.33332994249133
 31
0.0
  0
LINE
  5
A3
330
17
100
AcDbEntity
  8
EJE_VIA
100
AcDbLine
 10
147.30000813802084
 20
247.16666327582467
 30
0.0
 11
149.80000813802084
 21
247.13333129882812
 31
0.0
  0
LINE
  5
A4
330
17
100
AcDbEntity
  8
EJE_VIA
100
AcDbLine
 10
192.30000813802084
 20
247.06666734483508
 30
0.0
 11
194.80000813802084
 21
247.03333536783856
 31
0.0
  0
LINE
  5
A5
330
17
100
AcDbEntity
  8
EJE_VIA
100
AcDbLine
 10
237.30000813802084
 20
246.93332248263889
 30
0.0
 11
239.80000813802084
 21
246.93332248263889
 31
0.0
  0
LINE
  5
A6
330
17
100
AcDbEntity
  8
EJE_VIA
100
AcDbLine
 10
259.80000813802087
 20
246.89999050564236
 30
0.0
 11
262.30000813802087
 21
246.89999050564236
 31
0.0
  0
LINE
  5
A7
330
17
100
AcDbEntity
  8
EJE_VIA
100
AcDbLine
 10
282.30000813802087
 20
246.83332655164932
 30
0.0
 11
284.80000813802087
 21
246.83332655164932
 31
0.0
  0
LINE
  5
A8
330
17
100
AcDbEntity
  8
EJE_VIA
100
AcDbLine
 10
304.80000813802087
 20
246.7999945746528
 30
0.0
 11
307.30000813802087
 21
246.7999945746528
 31
0.0
  0
LINE
  5
A9
330
17
100
AcDbEntity
  8
EJE_VIA
100
AcDbLine
 10
327.30000813802087
 20
246.73333062065973
 30
0.0
 11
329.80000813802087
 21
246.73333062065973
 31
0.0
  0
LINE
  5
AA
330
17
100
AcDbEntity
  8
EJE_VIA
100
AcDbLine
 10
372.3333401150174
 20
246.63333468967014
 30
0.0
 11
374.8333401150174
 21
246.63333468967014
 31
0.0
  0
LINE
  5
AB
330
17
100
AcDbEntity
  8
EJE_VIA
100
AcDbLine
 10
394.8333401150174
 20
246.566653781467
 30
0.0
 11
397.3333401150174
 21
246.566653781467
 31
0.0
  0
LINE
  5
AC
330
17
100
AcDbEntity
  8
EJE_VIA
100
AcDbLine
 10
417.3333401150174
 20
246.5333218044705
 30
0.0
 11
419.8333401150174
 21
246.5333218044705
 31
0.0
  0
LINE
  5
AD
330
17
100
AcDbEntity
  8
EJE_VIA
100
AcDbLine
 10
439.8333401150174
 20
246.46665785047745
 30
0.0
 11
442.3333401150174
 21
246.46665785047745
 31
0.0
  0
LINE
  5
AE
330
17
100
AcDbEntity
  8
EJE_VIA
100
AcDbLine
 10
462.3333401150174
 20
246.43332587348092
 30
0.0
 11
464.8333401150174
 21
246.43332587348092
 31
0.0
  0
LINE
  5
AF
330
17
100
AcDbEntity
  8
EJE_VIA
100
AcDbLine
 10
349.8333401150174
 20
246.6999986436632
 30
0.0
 11
352.3333401150174
 21
246.66666666666669
 31
0.0
  0
LINE
  5
B0
330
17
100
AcDbEntity
  8
EJE_VIA
100
AcDbLine
 10
484.8333401150174
 20
246.36666191948785
 30
0.0
 11
487.3333401150174
 21
246.36666191948785
 31
0.0
  0
LINE
  5
B1
330
17
100
AcDbEntity
  8
EJE_VIA
100
AcDbLine
 10
507.3333401150174
 20
246.33332994249133
 30
0.0
 11
509.8333401150174
 21
246.33332994249133
 31
0.0
  0
LINE
  5
B2
330
17
100
AcDbEntity
  8
EJE_VIA
100
AcDbLine
 10
512.3333401150173
 20
246.2999979654948
 30
0.0
 11
524.933336046007
 21
246.26666598849826
 31
0.0
  0
LINE
  5
B3
330
17
100
AcDbEntity
  8
EJE_VIA
100
AcDbLine
 10
348.46666124131946
 20
75.33332824707031
 30
0.0
 11
348.6000230577257
 21
112.83332824707031
 31
0.0
  0
LINE
  5
B4
330
17
100
AcDbEntity
  8
EJE_VIA
100
AcDbLine
 10
348.63335503472223
 20
120.33332824707031
 30
0.0
 11
348.70001898871527
 21
135.3333282470703
 31
0.0
  0
LINE
  5
B5
330
17
100
AcDbEntity
  8
EJE_VIA
100
AcDbLine
 10
348.7333509657118
 20
142.83333672417535
 30
0.0
 11
348.76668294270837
 21
157.83333672417535
 31
0.0
  0
LINE
  5
B6
330
17
100
AcDbEntity
  8
EJE_VIA
100
AcDbLine
 10
348.8000149197049
 20
165.33333672417535
 30
0.0
 11
348.8333468967014
 21
176.6999986436632
 31
0.0
  0
LINE
  5
B7
330
17
100
AcDbEntity
  8
EJE_VIA
100
AcDbLine
 10
348.70001898871527
 20
137.8333282470703
 30
0.0
 11
348.70001898871527
 21
140.3333282470703
 31
0.0
  0
LINE
  5
B8
330
17
100
AcDbEntity
  8
EJE_VIA
100
AcDbLine
 10
348.8000149197049
 20
160.33333672417535
 30
0.0
 11
348.8000149197049
 21
162.83333672417535
 31
0.0
  0
LINE
  5
B9
330
17
100
AcDbEntity
  8
EJE_VIA
100
AcDbLine
 10
348.43332926432294
 20
70.33333248562283
 30
0.0
 11
348.46666124131946
 21
72.83332824707031
 31
0.0
  0
LINE
  5
BA
330
17
100
AcDbEntity
  8
EJE_VIA
100
AcDbLine
 10
348.6000230577257
 20
115.33332824707031
 30
0.0
 11
348.63335503472223
 21
117.83332824707031
 31
0.0
  0
LINE
  5
BB
330
17
100
AcDbEntity
  8
EJE_VIA
100
AcDbLine
 10
144.20003255208334
 20
177.16666327582465
 30
0.0
 11
157.66669379340277
 21
177.13333129882812
 31
0.0
  0
LINE
  5
BC
330
17
100
AcDbEntity
  8
EJE_VIA
100
AcDbLine
 10
160.16669379340277
 20
177.13333129882812
 30
0.0
 11
202.6666937934028
 21
177.03333536783856
 31
0.0
  0
LINE
  5
BD
330
17
100
AcDbEntity
  8
EJE_VIA
100
AcDbLine
 10
210.1666937934028
 20
177.000003390842
 30
0.0
 11
247.6666937934028
 21
176.93332248263889
 31
0.0
  0
LINE
  5
BE
330
17
100
AcDbEntity
  8
EJE_VIA
100
AcDbLine
 10
255.1666937934028
 20
176.89999050564236
 30
0.0
 11
270.16665988498266
 21
176.86665852864584
 31
0.0
  0
LINE
  5
BF
330
17
100
AcDbEntity
  8
EJE_VIA
100
AcDbLine
 10
277.66665988498266
 20
176.86665852864584
 30
0.0
 11
292.7000257703993
 21
176.83332655164932
 31
0.0
  0
LINE
  5
C0
330
17
100
AcDbEntity
  8
EJE_VIA
100
AcDbLine
 10
300.2000257703993
 20
176.79999457465277
 30
0.0
 11
315.2000257703993
 21
176.76666259765625
 31
0.0
  0
LINE
  5
C1
330
17
100
AcDbEntity
  8
EJE_VIA
100
AcDbLine
 10
322.7000257703993
 20
176.73333062065973
 30
0.0
 11
337.6999918619792
 21
176.6999986436632
 31
0.0
  0
LINE
  5
C2
330
17
100
AcDbEntity
  8
EJE_VIA
100
AcDbLine
 10
345.1999918619792
 20
176.6999986436632
 30
0.0
 11
360.1999918619792
 21
176.66666666666669
 31
0.0
  0
LINE
  5
C3
330
17
100
AcDbEntity
  8
EJE_VIA
100
AcDbLine
 10
367.6999918619792
 20
176.63333468967014
 30
0.0
 11
382.6999918619792
 21
176.60000271267361
 31
0.0
  0
LINE
  5
C4
330
17
100
AcDbEntity
  8
EJE_VIA
100
AcDbLine
 10
390.1999918619792
 20
176.60000271267361
 30
0.0
 11
405.1999918619792
 21
176.5666707356771
 31
0.0
  0
LINE
  5
C5
330
17
100
AcDbEntity
  8
EJE_VIA
100
AcDbLine
 10
412.6999918619792
 20
176.5333218044705
 30
0.0
 11
427.6999918619792
 21
176.49998982747397
 31
0.0
  0
LINE
  5
C6
330
17
100
AcDbEntity
  8
EJE_VIA
100
AcDbLine
 10
435.1999918619792
 20
176.49998982747397
 30
0.0
 11
450.1999918619792
 21
176.46665785047745
 31
0.0
  0
LINE
  5
C7
330
17
100
AcDbEntity
  8
EJE_VIA
100
AcDbLine
 10
457.6999918619792
 20
176.4333258734809
 30
0.0
 11
472.6999918619792
 21
176.39999389648438
 31
0.0
  0
LINE
  5
C8
330
17
100
AcDbEntity
  8
EJE_VIA
100
AcDbLine
 10
480.1999918619792
 20
176.39999389648438
 30
0.0
 11
495.1999918619792
 21
176.36666191948785
 31
0.0
  0
LINE
  5
C9
330
17
100
AcDbEntity
  8
EJE_VIA
100
AcDbLine
 10
502.6999918619792
 20
176.33332994249133
 30
0.0
 11
517.6999918619792
 21
176.2999979654948
 31
0.0
  0
LINE
  5
CA
330
17
100
AcDbEntity
  8
EJE_VIA
100
AcDbLine
 10
205.1666937934028
 20
177.03333536783856
 30
0.0
 11
207.6666937934028
 21
177.000003390842
 31
0.0
  0
LINE
  5
CB
330
17
100
AcDbEntity
  8
EJE_VIA
100
AcDbLine
 10
250.1666937934028
 20
176.93332248263889
 30
0.0
 11
252.6666937934028
 21
176.89999050564236
 31
0.0
  0
LINE
  5
CC
330
17
100
AcDbEntity
  8
EJE_VIA
100
AcDbLine
 10
272.66665988498266
 20
176.86665852864584
 30
0.0
 11
275.16665988498266
 21
176.86665852864584
 31
0.0
  0
LINE
  5
CD
330
17
100
AcDbEntity
  8
EJE_VIA
100
AcDbLine
 10
295.2000257703993
 20
176.79999457465277
 30
0.0
 11
297.7000257703993
 21
176.79999457465277
 31
0.0
  0
LINE
  5
CE
330
17
100
AcDbEntity
  8
EJE_VIA
100
AcDbLine
 10
317.7000257703993
 20
176.76666259765625
 30
0.0
 11
320.2000257703993
 21
176.76666259765625
 31
0.0
  0
LINE
  5
CF
330
17
100
AcDbEntity
  8
EJE_VIA
100
AcDbLine
 10
340.1999918619792
 20
176.6999986436632
 30
0.0
 11
342.6999918619792
 21
176.6999986436632
 31
0.0
  0
LINE
  5
D0
330
17
100
AcDbEntity
  8
EJE_VIA
100
AcDbLine
 10
362.6999918619792
 20
176.66666666666669
 30
0.0
 11
365.1999918619792
 21
176.66666666666669
 31
0.0
  0
LINE
  5
D1
330
17
100
AcDbEntity
  8
EJE_VIA
100
AcDbLine
 10
385.1999918619792
 20
176.60000271267361
 30
0.0
 11
387.6999918619792
 21
176.60000271267361
 31
0.0
  0
LINE
  5
D2
330
17
100
AcDbEntity
  8
EJE_VIA
100
AcDbLine
 10
430.1999918619792
 20
176.49998982747397
 30
0.0
 11
432.6999918619792
 21
176.49998982747397
 31
0.0
  0
LINE
  5
D3
330
17
100
AcDbEntity
  8
EJE_VIA
100
AcDbLine
 10
452.6999918619792
 20
176.4333258734809
 30
0.0
 11
455.1999918619792
 21
176.4333258734809
 31
0.0
  0
LINE
  5
D4
330
17
100
AcDbEntity
  8
EJE_VIA
100
AcDbLine
 10
475.1999918619792
 20
176.39999389648438
 30
0.0
 11
477.6999918619792
 21
176.39999389648438
 31
0.0
  0
LINE
  5
D5
330
17
100
AcDbEntity
  8
EJE_VIA
100
AcDbLine
 10
407.6999918619792
 20
176.5666707356771
 30
0.0
 11
410.1999918619792
 21
176.5333218044705
 31
0.0
  0
LINE
  5
D6
330
17
100
AcDbEntity
  8
EJE_VIA
100
AcDbLine
 10
497.6999918619792
 20
176.33332994249133
 30
0.0
 11
500.1999918619792
 21
176.33332994249133
 31
0.0
  0
LINE
  5
D7
330
17
100
AcDbEntity
  8
EJE_VIA
100
AcDbLine
 10
520.1999918619792
 20
176.2999979654948
 30
0.0
 11
522.6999918619792
 21
176.2999979654948
 31
0.0
  0
LINE
  5
D8
330
17
100
AcDbEntity
  8
EJE_VIA
100
AcDbLine
 10
145.433349609375
 20
317.1666463216146
 30
0.0
 11
187.933349609375
 21
317.066650390625
 31
0.0
  0
LINE
  5
D9
330
17
100
AcDbEntity
  8
EJE_VIA
100
AcDbLine
 10
195.433349609375
 20
317.0333184136285
 30
0.0
 11
232.933349609375
 21
316.96665445963544
 31
0.0
  0
LINE
  5
DA
330
17
100
AcDbEntity
  8
EJE_VIA
100
AcDbLine
 10
240.46668158637155
 20
316.9333224826389
 30
0.0
 11
255.46668158637155
 21
316.8999905056424
 31
0.0
  0
LINE
  5
DB
330
17
100
AcDbEntity
  8
EJE_VIA
100
AcDbLine
 10
262.9666815863715
 20
316.8999905056424
 30
0.0
 11
277.9666815863715
 21
316.86665852864587
 31
0.0
  0
LINE
  5
DC
330
17
100
AcDbEntity
  8
EJE_VIA
100
AcDbLine
 10
285.4666815863715
 20
316.8333265516493
 30
0.0
 11
300.4666815863715
 21
316.79999457465277
 31
0.0
  0
LINE
  5
DD
330
17
100
AcDbEntity
  8
EJE_VIA
100
AcDbLine
 10
330.4666815863715
 20
316.73333062065973
 30
0.0
 11
345.4666815863715
 21
316.6999986436632
 31
0.0
  0
LINE
  5
DE
330
17
100
AcDbEntity
  8
EJE_VIA
100
AcDbLine
 10
352.9666815863715
 20
316.6666666666667
 30
0.0
 11
367.9666815863715
 21
316.63333468967016
 31
0.0
  0
LINE
  5
DF
330
17
100
AcDbEntity
  8
EJE_VIA
100
AcDbLine
 10
375.4666815863715
 20
316.63333468967016
 30
0.0
 11
390.4666815863715
 21
316.60000271267364
 31
0.0
  0
LINE
  5
E0
330
17
100
AcDbEntity
  8
EJE_VIA
100
AcDbLine
 10
397.9666815863715
 20
316.5666707356771
 30
0.0
 11
412.9666815863715
 21
316.53333875868054
 31
0.0
  0
LINE
  5
E1
330
17
100
AcDbEntity
  8
EJE_VIA
100
AcDbLine
 10
420.4666815863715
 20
316.53333875868054
 30
0.0
 11
435.4666815863715
 21
316.500006781684
 31
0.0
  0
LINE
  5
E2
330
17
100
AcDbEntity
  8
EJE_VIA
100
AcDbLine
 10
442.9666476779514
 20
316.4666748046875
 30
0.0
 11
457.9666476779514
 21
316.433342827691
 31
0.0
  0
LINE
  5
E3
330
17
100
AcDbEntity
  8
EJE_VIA
100
AcDbLine
 10
465.4666476779514
 20
316.433342827691
 30
0.0
 11
480.4666476779514
 21
316.3999769422743
 31
0.0
  0
LINE
  5
E4
330
17
100
AcDbEntity
  8
EJE_VIA
100
AcDbLine
 10
488.0000135633681
 20
316.36664496527777
 30
0.0
 11
503.0000135633681
 21
316.33331298828125
 31
0.0
  0
LINE
  5
E5
330
17
100
AcDbEntity
  8
EJE_VIA
100
AcDbLine
 10
510.5000135633681
 20
316.29998101128473
 30
0.0
 11
524.933336046007
 21
316.2666490342882
 31
0.0
  0
LINE
  5
E6
330
17
100
AcDbEntity
  8
EJE_VIA
100
AcDbLine
 10
190.433349609375
 20
317.066650390625
 30
0.0
 11
192.933349609375
 21
317.0333184136285
 31
0.0
  0
LINE
  5
E7
330
17
100
AcDbEntity
  8
EJE_VIA
100
AcDbLine
 10
235.433349609375
 20
316.96665445963544
 30
0.0
 11
237.933349609375
 21
316.9333224826389
 31
0.0
  0
LINE
  5
E8
330
17
100
AcDbEntity
  8
EJE_VIA
100
AcDbLine
 10
257.9666815863715
 20
316.8999905056424
 30
0.0
 11
260.4666815863715
 21
316.8999905056424
 31
0.0
  0
LINE
  5
E9
330
17
100
AcDbEntity
  8
EJE_VIA
100
AcDbLine
 10
280.4666815863715
 20
316.8333265516493
 30
0.0
 11
282.9666815863715
 21
316.8333265516493
 31
0.0
  0
LINE
  5
EA
330
17
100
AcDbEntity
  8
EJE_VIA
100
AcDbLine
 10
302.9666815863715
 20
316.79999457465277
 30
0.0
 11
305.4666815863715
 21
316.79999457465277
 31
0.0
  0
LINE
  5
EB
330
17
100
AcDbEntity
  8
EJE_VIA
100
AcDbLine
 10
325.4666815863715
 20
316.73333062065973
 30
0.0
 11
327.9666815863715
 21
316.73333062065973
 31
0.0
  0
LINE
  5
EC
330
17
100
AcDbEntity
  8
EJE_VIA
100
AcDbLine
 10
347.9666815863715
 20
316.6999986436632
 30
0.0
 11
350.4666815863715
 21
316.6999986436632
 31
0.0
  0
LINE
  5
ED
330
17
100
AcDbEntity
  8
EJE_VIA
100
AcDbLine
 10
370.4666815863715
 20
316.63333468967016
 30
0.0
 11
372.9666815863715
 21
316.63333468967016
 31
0.0
  0
LINE
  5
EE
330
17
100
AcDbEntity
  8
EJE_VIA
100
AcDbLine
 10
415.4666815863715
 20
316.53333875868054
 30
0.0
 11
417.9666815863715
 21
316.53333875868054
 31
0.0
  0
LINE
  5
EF
330
17
100
AcDbEntity
  8
EJE_VIA
100
AcDbLine
 10
437.9666476779514
 20
316.4666748046875
 30
0.0
 11
440.4666476779514
 21
316.4666748046875
 31
0.0
  0
LINE
  5
F0
330
17
100
AcDbEntity
  8
EJE_VIA
100
AcDbLine
 10
460.4666476779514
 20
316.433342827691
 30
0.0
 11
462.9666476779514
 21
316.433342827691
 31
0.0
  0
LINE
  5
F1
330
17
100
AcDbEntity
  8
EJE_VIA
100
AcDbLine
 10
307.9666815863715
 20
316.79999457465277
 30
0.0
 11
322.9666815863715
 21
316.73333062065973
 31
0.0
  0
LINE
  5
F2
330
17
100
AcDbEntity
  8
EJE_VIA
100
AcDbLine
 10
392.9666815863715
 20
316.60000271267364
 30
0.0
 11
395.4666815863715
 21
316.5666707356771
 31
0.0
  0
LINE
  5
F3
330
17
100
AcDbEntity
  8
EJE_VIA
100
AcDbLine
 10
482.9666476779514
 20
316.36664496527777
 30
0.0
 11
485.4666476779514
 21
316.36664496527777
 31
0.0
  0
LINE
  5
F4
330
17
100
AcDbEntity
  8
EJE_VIA
100
AcDbLine
 10
505.5000135633681
 20
316.33331298828125
 30
0.0
 11
508.0000135633681
 21
316.33331298828125
 31
0.0
  0
LINE
  5
F5
330
17
100
AcDbEntity
  8
EJE_VIA
100
AcDbLine
 10
348.33333333333337
 20
176.6999986436632
 30
0.0
 11
348.3999972873264
 21
186.6999986436632
 31
0.0
  0
LINE
  5
F6
330
17
100
AcDbEntity
  8
EJE_VIA
100
AcDbLine
 10
348.3999972873264
 20
189.1999986436632
 30
0.0
 11
348.3999972873264
 21
191.6999986436632
 31
0.0
  0
LINE
  5
F7
330
17
100
AcDbEntity
  8
EJE_VIA
100
AcDbLine
 10
348.499993218316
 20
211.6999986436632
 30
0.0
 11
348.499993218316
 21
214.1999986436632
 31
0.0
  0
LINE
  5
F8
330
17
100
AcDbEntity
  8
EJE_VIA
100
AcDbLine
 10
348.6000230577257
 20
234.1999986436632
 30
0.0
 11
348.6000230577257
 21
236.6999986436632
 31
0.0
  0
LINE
  5
F9
330
17
100
AcDbEntity
  8
EJE_VIA
100
AcDbLine
 10
348.43332926432294
 20
194.1999986436632
 30
0.0
 11
348.499993218316
 21
209.1999986436632
 31
0.0
  0
LINE
  5
FA
330
17
100
AcDbEntity
  8
EJE_VIA
100
AcDbLine
 10
348.5333251953125
 20
216.6999986436632
 30
0.0
 11
348.6000230577257
 21
231.6999986436632
 31
0.0
  0
LINE
  5
FB
330
17
100
AcDbEntity
  8
EJE_VIA
100
AcDbLine
 10
348.63335503472223
 20
239.1999986436632
 30
0.0
 11
348.70001898871527
 21
254.1999986436632
 31
0.0
  0
LINE
  5
FC
330
17
100
AcDbEntity
  8
EJE_VIA
100
AcDbLine
 10
348.70001898871527
 20
261.6999986436632
 30
0.0
 11
348.76668294270837
 21
276.6999986436632
 31
0.0
  0
LINE
  5
FD
330
17
100
AcDbEntity
  8
EJE_VIA
100
AcDbLine
 10
348.8000149197049
 20
284.1999986436632
 30
0.0
 11
348.86667887369794
 21
299.23333062065973
 31
0.0
  0
LINE
  5
FE
330
17
100
AcDbEntity
  8
EJE_VIA
100
AcDbLine
 10
349.0666707356771
 20
341.19998508029516
 30
0.0
 11
349.13333468967016
 21
356.19998508029516
 31
0.0
  0
LINE
  5
FF
330
17
100
AcDbEntity
  8
EJE_VIA
100
AcDbLine
 10
349.13333468967016
 20
363.69998508029516
 30
0.0
 11
349.1999986436632
 21
378.69998508029516
 31
0.0
  0
LINE
  5
100
330
17
100
AcDbEntity
  8
EJE_VIA
100
AcDbLine
 10
349.23333062065973
 20
386.19998508029516
 30
0.0
 11
349.29999457465277
 21
401.19998508029516
 31
0.0
  0
LINE
  5
101
330
17
100
AcDbEntity
  8
EJE_VIA
100
AcDbLine
 10
349.3333265516493
 20
408.69998508029516
 30
0.0
 11
349.4000244140625
 21
423.69998508029516
 31
0.0
  0
LINE
  5
102
330
17
100
AcDbEntity
  8
EJE_VIA
100
AcDbLine
 10
348.70001898871527
 20
256.6999986436632
 30
0.0
 11
348.70001898871527
 21
259.1999986436632
 31
0.0
  0
LINE
  5
103
330
17
100
AcDbEntity
  8
EJE_VIA
100
AcDbLine
 10
348.8000149197049
 20
279.1999986436632
 30
0.0
 11
348.8000149197049
 21
281.6999986436632
 31
0.0
  0
LINE
  5
104
330
17
100
AcDbEntity
  8
EJE_VIA
100
AcDbLine
 10
348.90001085069446
 20
301.73333062065973
 30
0.0
 11
348.90001085069446
 21
304.23333062065973
 31
0.0
  0
LINE
  5
105
330
17
100
AcDbEntity
  8
EJE_VIA
100
AcDbLine
 10
349.03333875868054
 20
336.19998508029516
 30
0.0
 11
349.03333875868054
 21
338.69998508029516
 31
0.0
  0
LINE
  5
106
330
17
100
AcDbEntity
  8
EJE_VIA
100
AcDbLine
 10
349.13333468967016
 20
358.69998508029516
 30
0.0
 11
349.13333468967016
 21
361.19998508029516
 31
0.0
  0
LINE
  5
107
330
17
100
AcDbEntity
  8
EJE_VIA
100
AcDbLine
 10
349.23333062065973
 20
381.19998508029516
 30
0.0
 11
349.23333062065973
 21
383.69998508029516
 31
0.0
  0
LINE
  5
108
330
17
100
AcDbEntity
  8
EJE_VIA
100
AcDbLine
 10
349.4000244140625
 20
426.19998508029516
 30
0.0
 11
349.433356391059
 21
432.9666476779514
 31
0.0
  0
LINE
  5
109
330
17
100
AcDbEntity
  8
EJE_VIA
100
AcDbLine
 10
349.29999457465277
 20
403.69998508029516
 30
0.0
 11
349.3333265516493
 21
406.19998508029516
 31
0.0
  0
LINE
  5
10A
330
17
100
AcDbEntity
  8
EJE_VIA
100
AcDbLine
 10
262.8000217013889
 20
188.89999389648438
 30
0.0
 11
294.6000162760417
 21
188.7999979654948
 31
0.0
  0
LINE
  5
10B
330
17
100
AcDbEntity
  8
EJE_VIA
100
AcDbLine
 10
379.80000813802087
 20
281.1333211263021
 30
0.0
 11
379.8666720920139
 21
295.2333238389757
 31
0.0
  0
LINE
  5
10C
330
17
100
AcDbEntity
  8
EJE_VIA
100
AcDbLine
 10
388.30000135633685
 20
281.09998914930554
 30
0.0
 11
388.86667887369794
 21
295.1999918619792
 31
0.0
  0
LINE
  5
10D
330
17
100
AcDbEntity
  8
EJE_VIA
100
AcDbLine
 10
377.5
 20
207.56666395399307
 30
0.0
 11
377.5666639539931
 21
228.6333211263021
 31
0.0
  0
LINE
  5
10E
330
17
100
AcDbEntity
  8
EJE_VIA
100
AcDbLine
 10
377.8000217013889
 20
281.1333211263021
 30
0.0
 11
377.86668565538196
 21
295.2333238389757
 31
0.0
  0
LINE
  5
10F
330
17
100
AcDbEntity
  8
EJE_VIA
100
AcDbLine
 10
409.9666680230035
 20
270.53332858615454
 30
0.0
 11
410.0333319769965
 21
299.0666707356771
 31
0.0
  0
LINE
  5
110
330
17
100
AcDbEntity
  8
EJE_VIA
100
AcDbLine
 10
382.7666897243924
 20
270.5999925401476
 30
0.0
 11
409.9666680230035
 21
270.53332858615454
 31
0.0
  0
LINE
  5
111
330
17
100
AcDbEntity
  8
EJE_VIA
100
AcDbLine
 10
375.80000135633685
 20
277.63332790798614
 30
0.0
 11
382.7666897243924
 21
270.5999925401476
 31
0.0
  0
LINE
  5
112
330
17
100
AcDbEntity
  8
EJE_VIA
100
AcDbLine
 10
375.80000135633685
 20
277.63332790798614
 30
0.0
 11
375.8666653103299
 21
298.7666490342882
 31
0.0
  0
LINE
  5
113
330
17
100
AcDbEntity
  8
EJE_VIA
100
AcDbLine
 10
375.8666653103299
 20
298.7666490342882
 30
0.0
 11
382.7666897243924
 21
305.60000949435766
 31
0.0
  0
LINE
  5
114
330
17
100
AcDbEntity
  8
EJE_VIA
100
AcDbLine
 10
382.7666897243924
 20
305.60000949435766
 30
0.0
 11
409.4666883680556
 21
305.53331163194446
 31
0.0
  0
LINE
  5
115
330
17
100
AcDbEntity
  8
EJE_VIA
100
AcDbLine
 10
379.5000203450521
 20
207.56666395399307
 30
0.0
 11
379.56668429904516
 21
228.6333211263021
 31
0.0
  0
LINE
  5
116
330
17
100
AcDbEntity
  8
EJE_VIA
100
AcDbLine
 10
380.3000217013889
 20
281.1333211263021
 30
0.0
 11
380.36668565538196
 21
295.2333238389757
 31
0.0
  0
LINE
  5
117
330
17
100
AcDbEntity
  8
EJE_VIA
100
AcDbLine
 10
285.8666653103299
 20
259.8333231608073
 30
0.0
 11
311.6999986436632
 21
259.76665920681427
 31
0.0
  0
LINE
  5
118
330
17
100
AcDbEntity
  8
EJE_VIA
100
AcDbLine
 10
285.8666653103299
 20
260.33331976996527
 30
0.0
 11
311.6999986436632
 21
260.26665581597223
 31
0.0
  0
LINE
  5
119
330
17
100
AcDbEntity
  8
EJE_VIA
100
AcDbLine
 10
299.1999986436632
 20
199.89998711480035
 30
0.0
 11
299.1999986436632
 21
203.89999389648438
 31
0.0
  0
LINE
  5
11A
330
17
100
AcDbEntity
  8
EJE_VIA
100
AcDbLine
 10
299.3333265516493
 20
259.7999911838108
 30
0.0
 11
299.3333265516493
 21
260.8000013563368
 31
0.0
  0
LINE
  5
11B
330
17
100
AcDbEntity
  8
EJE_VIA
100
AcDbLine
 10
299.366692437066
 20
268.3000013563368
 30
0.0
 11
299.366692437066
 21
269.9333190917969
 31
0.0
  0
LINE
  5
11C
330
17
100
AcDbEntity
  8
EJE_VIA
100
AcDbLine
 10
299.4000244140625
 20
282.7333238389757
 30
0.0
 11
299.4000244140625
 21
284.36665852864587
 31
0.0
  0
LINE
  5
11D
330
17
100
AcDbEntity
  8
EJE_VIA
100
AcDbLine
 10
299.433356391059
 20
293.3666653103299
 30
0.0
 11
299.433356391059
 21
297.3666720920139
 31
0.0
  0
LINE
  5
11E
330
17
100
AcDbEntity
  8
EJE_VIA
100
AcDbLine
 10
303.20000542534723
 20
202.53333197699655
 30
0.0
 11
303.23333740234375
 21
203.89999389648438
 31
0.0
  0
LINE
  5
11F
330
17
100
AcDbEntity
  8
EJE_VIA
100
AcDbLine
 10
299.3333265516493
 20
260.8000013563368
 30
0.0
 11
299.366692437066
 21
268.3000013563368
 31
0.0
  0
LINE
  5
120
330
17
100
AcDbEntity
  8
EJE_VIA
100
AcDbLine
 10
299.4000244140625
 20
284.36665852864587
 30
0.0
 11
299.433356391059
 21
292.3666720920139
 31
0.0
  0
LINE
  5
121
330
17
100
AcDbEntity
  8
EJE_VIA
100
AcDbLine
 10
298.8333468967014
 20
260.8000013563368
 30
0.0
 11
298.86667887369794
 21
268.3000013563368
 31
0.0
  0
LINE
  5
122
330
17
100
AcDbEntity
  8
EJE_VIA
100
AcDbLine
 10
293.43332926432294
 20
293.3666653103299
 30
0.0
 11
299.4000244140625
 21
284.36665852864587
 31
0.0
  0
LINE
  5
123
330
17
100
AcDbEntity
  8
EJE_VIA
100
AcDbLine
 10
316.73333062065973
 20
264.76665920681427
 30
0.0
 11
316.8333265516493
 21
289.3333265516493
 31
0.0
  0
LINE
  5
124
330
17
100
AcDbEntity
  8
EJE_VIA
100
AcDbLine
 10
316.2333509657118
 20
264.76665920681427
 30
0.0
 11
316.3333468967014
 21
289.3333265516493
 31
0.0
  0
LINE
  5
125
330
17
100
AcDbEntity
  8
EJE_VIA
100
AcDbLine
 10
247.06668429904514
 20
293.499993218316
 30
0.0
 11
312.83335367838544
 21
292.83331976996527
 31
0.0
  0
LINE
  5
126
330
17
100
AcDbEntity
  8
EJE_VIA
100
AcDbLine
 10
303.3666653103299
 20
268.3000013563368
 30
0.0
 11
303.3666653103299
 21
269.9333190917969
 31
0.0
  0
LINE
  5
127
330
17
100
AcDbEntity
  8
EJE_VIA
100
AcDbLine
 10
303.3999972873264
 20
282.7333238389757
 30
0.0
 11
303.3999972873264
 21
284.36665852864587
 31
0.0
  0
LINE
  5
128
330
17
100
AcDbEntity
  8
EJE_VIA
100
AcDbLine
 10
285.8666653103299
 20
257.9333326551649
 30
0.0
 11
311.6999986436632
 21
257.9000006781684
 31
0.0
  0
LINE
  5
129
330
17
100
AcDbEntity
  8
EJE_VIA
100
AcDbLine
 10
318.7333509657118
 20
264.86665513780383
 30
0.0
 11
318.8333468967014
 21
289.29999457465277
 31
0.0
  0
LINE
  5
12A
330
17
100
AcDbEntity
  8
EJE_VIA
100
AcDbLine
 10
247.06668429904514
 20
295.49997965494794
 30
0.0
 11
312.83335367838544
 21
295.33331976996527
 31
0.0
  0
LINE
  5
12B
330
17
100
AcDbEntity
  8
EJE_VIA
100
AcDbLine
 10
316.16668701171875
 20
297.3333401150174
 30
0.0
 11
320.83333333333337
 21
292.63332790798614
 31
0.0
  0
LINE
  5
12C
330
17
100
AcDbEntity
  8
EJE_VIA
100
AcDbLine
 10
247.06668429904514
 20
297.5
 30
0.0
 11
316.16668701171875
 21
297.3333401150174
 31
0.0
  0
LINE
  5
12D
330
17
100
AcDbEntity
  8
EJE_VIA
100
AcDbLine
 10
394.8333401150174
 20
188.49999321831598
 30
0.0
 11
394.8333401150174
 21
192.5
 31
0.0
  0
LINE
  5
12E
330
17
100
AcDbEntity
  8
EJE_VIA
100
AcDbLine
 10
394.8333401150174
 20
192.5
 30
0.0
 11
394.8666720920139
 21
205.0
 31
0.0
  0
LINE
  5
12F
330
17
100
AcDbEntity
  8
EJE_VIA
100
AcDbLine
 10
399.93333604600696
 20
233.56665717230905
 30
0.0
 11
401.4666748046875
 21
233.56665717230905
 31
0.0
  0
LINE
  5
130
330
17
100
AcDbEntity
  8
EJE_VIA
100
AcDbLine
 10
399.8333401150174
 20
192.999996609158
 30
0.0
 11
427.4666680230035
 21
192.93333265516495
 31
0.0
  0
LINE
  5
131
330
17
100
AcDbEntity
  8
EJE_VIA
100
AcDbLine
 10
398.8333468967014
 20
188.49999321831598
 30
0.0
 11
399.3999905056424
 21
218.99998982747397
 31
0.0
  0
LINE
  5
132
330
17
100
AcDbEntity
  8
EJE_VIA
100
AcDbLine
 10
398.90001085069446
 20
225.26665581597223
 30
0.0
 11
398.90001085069446
 21
226.89999050564236
 31
0.0
  0
LINE
  5
133
330
17
100
AcDbEntity
  8
EJE_VIA
100
AcDbLine
 10
398.933342827691
 20
232.56666395399307
 30
0.0
 11
398.933342827691
 21
233.56665717230905
 31
0.0
  0
LINE
  5
134
330
17
100
AcDbEntity
  8
EJE_VIA
100
AcDbLine
 10
218.2666693793403
 20
204.5999993218316
 30
0.0
 11
311.4666748046875
 21
204.36665852864584
 31
0.0
  0
LINE
  5
135
330
17
100
AcDbEntity
  8
EJE_VIA
100
AcDbLine
 10
398.86667887369794
 20
205.0
 30
0.0
 11
399.36665852864587
 21
205.0
 31
0.0
  0
LINE
  5
136
330
17
100
AcDbEntity
  8
EJE_VIA
100
AcDbLine
 10
394.8666720920139
 20
205.0
 30
0.0
 11
394.8666720920139
 21
206.63333468967014
 31
0.0
  0
LINE
  5
137
330
17
100
AcDbEntity
  8
EJE_VIA
100
AcDbLine
 10
394.90000406901044
 20
225.29998779296875
 30
0.0
 11
394.90000406901044
 21
226.89999050564236
 31
0.0
  0
LINE
  5
138
330
17
100
AcDbEntity
  8
EJE_VIA
100
AcDbLine
 10
394.90000406901044
 20
226.566653781467
 30
0.0
 11
394.93333604600696
 21
233.56665717230905
 31
0.0
  0
LINE
  5
139
330
17
100
AcDbEntity
  8
EJE_VIA
100
AcDbLine
 10
399.8333401150174
 20
192.5
 30
0.0
 11
427.4666680230035
 21
192.43333604600696
 31
0.0
  0
LINE
  5
13A
330
17
100
AcDbEntity
  8
EJE_VIA
100
AcDbLine
 10
398.8333468967014
 20
193.49999321831598
 30
0.0
 11
398.86667887369794
 21
205.0
 31
0.0
  0
LINE
  5
13B
330
17
100
AcDbEntity
  8
EJE_VIA
100
AcDbLine
 10
399.3999905056424
 20
226.89999050564236
 30
0.0
 11
399.433356391059
 21
232.56666395399307
 31
0.0
  0
LINE
  5
13C
330
17
100
AcDbEntity
  8
EJE_VIA
100
AcDbLine
 10
398.90001085069446
 20
226.566653781467
 30
0.0
 11
398.933342827691
 21
232.56666395399307
 31
0.0
  0
LINE
  5
13D
330
17
100
AcDbEntity
  8
EJE_VIA
100
AcDbLine
 10
394.4666883680556
 20
192.5
 30
0.0
 11
399.8333401150174
 21
192.5
 31
0.0
  0
LINE
  5
13E
330
17
100
AcDbEntity
  8
EJE_VIA
100
AcDbLine
 10
394.4666883680556
 20
192.999996609158
 30
0.0
 11
398.8333468967014
 21
192.999996609158
 31
0.0
  0
LINE
  5
13F
330
17
100
AcDbEntity
  8
EJE_VIA
100
AcDbLine
 10
380.0
 20
207.56666395399307
 30
0.0
 11
380.0666639539931
 21
228.6333211263021
 31
0.0
  0
LINE
  5
140
330
17
100
AcDbEntity
  8
EJE_VIA
100
AcDbLine
 10
273.7333509657118
 20
233.86666191948785
 30
0.0
 11
311.5666707356771
 21
233.2666693793403
 31
0.0
  0
LINE
  5
141
330
17
100
AcDbEntity
  8
EJE_VIA
100
AcDbLine
 10
384.6000162760417
 20
233.59998914930557
 30
0.0
 11
399.93333604600696
 21
233.56665717230905
 31
0.0
  0
LINE
  5
142
330
17
100
AcDbEntity
  8
EJE_VIA
100
AcDbLine
 10
375.60000949435766
 20
233.83332994249133
 30
0.0
 11
377.26667616102435
 21
233.83332994249133
 31
0.0
  0
LINE
  5
143
330
17
100
AcDbEntity
  8
EJE_VIA
100
AcDbLine
 10
384.6000162760417
 20
233.09999254014758
 30
0.0
 11
398.933342827691
 21
233.06666056315106
 31
0.0
  0
LINE
  5
144
330
17
100
AcDbEntity
  8
EJE_VIA
100
AcDbLine
 10
394.433356391059
 20
190.499996609158
 30
0.0
 11
427.4666680230035
 21
190.43333265516495
 31
0.0
  0
LINE
  5
145
330
17
100
AcDbEntity
  8
EJE_VIA
100
AcDbLine
 10
384.6000162760417
 20
235.59999254014758
 30
0.0
 11
401.500006781684
 21
235.56666056315106
 31
0.0
  0
LINE
  5
146
330
17
100
AcDbEntity
  8
EJE_VIA
100
AcDbLine
 10
386.63333468967016
 20
188.49999321831598
 30
0.0
 11
427.43333604600696
 21
188.43332926432294
 31
0.0
  0
LINE
  5
147
330
17
100
AcDbEntity
  8
EJE_VIA
100
AcDbLine
 10
375.4666815863715
 20
199.76665920681424
 30
0.0
 11
386.63333468967016
 21
188.49999321831598
 31
0.0
  0
LINE
  5
148
330
17
100
AcDbEntity
  8
EJE_VIA
100
AcDbLine
 10
375.4666815863715
 20
199.76665920681424
 30
0.0
 11
375.60000949435766
 21
233.83332994249133
 31
0.0
  0
LINE
  5
149
330
17
100
AcDbEntity
  8
EJE_VIA
100
AcDbLine
 10
273.7333509657118
 20
235.86666531032986
 30
0.0
 11
311.60000271267364
 21
235.7666693793403
 31
0.0
  0
LINE
  5
14A
330
17
100
AcDbEntity
  8
EJE_VIA
100
AcDbLine
 10
377.26667616102435
 20
235.6333245171441
 30
0.0
 11
401.500006781684
 21
235.56666056315106
 31
0.0
  0
LINE
  5
14B
330
17
100
AcDbEntity
  8
EJE_VIA
100
AcDbLine
 10
299.26666259765625
 20
232.79998779296875
 30
0.0
 11
299.29999457465277
 21
233.7999979654948
 31
0.0
  0
LINE
  5
14C
330
17
100
AcDbEntity
  8
EJE_VIA
100
AcDbLine
 10
299.23333062065973
 20
204.89998711480035
 30
0.0
 11
299.23333062065973
 21
215.03333197699655
 31
0.0
  0
LINE
  5
14D
330
17
100
AcDbEntity
  8
EJE_VIA
100
AcDbLine
 10
299.26666259765625
 20
224.500003390842
 30
0.0
 11
299.26666259765625
 21
232.79998779296875
 31
0.0
  0
LINE
  5
14E
330
17
100
AcDbEntity
  8
EJE_VIA
100
AcDbLine
 10
299.433356391059
 20
292.3666720920139
 30
0.0
 11
299.433356391059
 21
293.3666653103299
 31
0.0
  0
LINE
  5
14F
330
17
100
AcDbEntity
  8
EJE_VIA
100
AcDbLine
 10
293.3000013563368
 20
233.7999979654948
 30
0.0
 11
299.26666259765625
 21
226.2999979654948
 31
0.0
  0
LINE
  5
150
330
17
100
AcDbEntity
  8
EJE_VIA
100
AcDbLine
 10
316.4666748046875
 20
208.86666191948785
 30
0.0
 11
316.5666707356771
 21
228.76666598849826
 31
0.0
  0
LINE
  5
151
330
17
100
AcDbEntity
  8
EJE_VIA
100
AcDbLine
 10
315.96666124131946
 20
208.86666191948785
 30
0.0
 11
316.0666910807292
 21
228.76666598849826
 31
0.0
  0
LINE
  5
152
330
17
100
AcDbEntity
  8
EJE_VIA
100
AcDbLine
 10
218.2666693793403
 20
204.10000271267361
 30
0.0
 11
311.4666748046875
 21
203.86666191948785
 31
0.0
  0
LINE
  5
153
330
17
100
AcDbEntity
  8
EJE_VIA
100
AcDbLine
 10
293.20000542534723
 20
203.93332587348092
 30
0.0
 11
299.23333062065973
 21
213.39999728732639
 31
0.0
  0
LINE
  5
154
330
17
100
AcDbEntity
  8
EJE_VIA
100
AcDbLine
 10
303.20000542534723
 20
199.89998711480035
 30
0.0
 11
303.23333740234375
 21
215.03333197699655
 31
0.0
  0
LINE
  5
155
330
17
100
AcDbEntity
  8
EJE_VIA
100
AcDbLine
 10
303.26666937934027
 20
224.500003390842
 30
0.0
 11
303.26666937934027
 21
226.2999979654948
 31
0.0
  0
LINE
  5
156
330
17
100
AcDbEntity
  8
EJE_VIA
100
AcDbLine
 10
303.43332926432294
 20
293.3666653103299
 30
0.0
 11
303.43332926432294
 21
297.3666720920139
 31
0.0
  0
LINE
  5
157
330
17
100
AcDbEntity
  8
EJE_VIA
100
AcDbLine
 10
318.46666124131946
 20
208.83332994249133
 30
0.0
 11
318.5666910807292
 21
228.73333401150174
 31
0.0
  0
LINE
  5
158
330
17
100
AcDbEntity
  8
EJE_VIA
100
AcDbLine
 10
218.2666693793403
 20
202.0999993218316
 30
0.0
 11
311.4666748046875
 21
201.86665852864584
 31
0.0
  0
LINE
  5
159
330
17
100
AcDbEntity
  8
EJE_VIA
100
AcDbLine
 10
316.20001898871527
 20
233.99998982747397
 30
0.0
 11
320.60000949435766
 21
234.0333218044705
 31
0.0
  0
LINE
  5
15A
330
17
100
AcDbEntity
  8
EJE_VIA
100
AcDbLine
 10
320.4666815863715
 20
205.0999959309896
 30
0.0
 11
320.60000949435766
 21
234.0333218044705
 31
0.0
  0
LINE
  5
15B
330
17
100
AcDbEntity
  8
EJE_VIA
100
AcDbLine
 10
315.16665988498266
 20
199.86665513780383
 30
0.0
 11
320.4666815863715
 21
205.0999959309896
 31
0.0
  0
LINE
  5
15C
330
17
100
AcDbEntity
  8
EJE_VIA
100
AcDbLine
 10
218.2666693793403
 20
200.0999959309896
 30
0.0
 11
262.83335367838544
 21
200.0
 31
0.0
  0
LINE
  5
15D
330
17
100
AcDbEntity
  8
EJE_VIA
100
AcDbLine
 10
294.6333482530382
 20
199.89998711480035
 30
0.0
 11
315.16665988498266
 21
199.86665513780383
 31
0.0
  0
LINE
  5
15E
330
17
100
AcDbEntity
  8
EJE_VIA
100
AcDbLine
 10
404.36665852864587
 20
293.3000013563368
 30
0.0
 11
404.36665852864587
 21
294.6666463216146
 31
0.0
  0
LINE
  5
15F
330
17
100
AcDbEntity
  8
EJE_VIA
100
AcDbLine
 10
402.3666720920139
 20
293.3000013563368
 30
0.0
 11
402.3666720920139
 21
294.6666463216146
 31
0.0
  0
LINE
  5
160
330
17
100
AcDbEntity
  8
EJE_VIA
100
AcDbLine
 10
404.8666720920139
 20
293.3000013563368
 30
0.0
 11
404.8666720920139
 21
294.6666463216146
 31
0.0
  0
LINE
  5
161
330
17
100
AcDbEntity
  8
EJE_VIA
100
AcDbLine
 10
404.433356391059
 20
279.76665920681427
 30
0.0
 11
409.9666680230035
 21
279.76665920681427
 31
0.0
  0
LINE
  5
162
330
17
100
AcDbEntity
  8
EJE_VIA
100
AcDbLine
 10
404.433356391059
 20
277.76665581597223
 30
0.0
 11
409.9666680230035
 21
277.76665581597223
 31
0.0
  0
LINE
  5
163
330
17
100
AcDbEntity
  8
EJE_VIA
100
AcDbLine
 10
384.1999986436632
 20
299.69997829861114
 30
0.0
 11
384.1999986436632
 21
301.6999986436632
 31
0.0
  0
LINE
  5
164
330
17
100
AcDbEntity
  8
EJE_VIA
100
AcDbLine
 10
384.13333468967016
 20
274.5999993218316
 30
0.0
 11
384.13333468967016
 21
276.59998575846356
 31
0.0
  0
LINE
  5
165
330
17
100
AcDbEntity
  8
EJE_VIA
100
AcDbLine
 10
427.43333604600696
 20
188.43332926432294
 30
0.0
 11
427.4666680230035
 21
192.999996609158
 31
0.0
  0
LINE
  5
166
330
17
100
AcDbEntity
  8
EJE_VIA
100
AcDbLine
 10
218.2666693793403
 20
200.0999959309896
 30
0.0
 11
218.2666693793403
 21
205.03333197699655
 31
0.0
  0
LINE
  5
167
330
17
100
AcDbEntity
  8
EJE_VIA
100
AcDbLine
 10
294.6000162760417
 20
188.7999979654948
 30
0.0
 11
294.6333482530382
 21
199.89998711480035
 31
0.0
  0
LINE
  5
168
330
17
100
AcDbEntity
  8
EJE_VIA
100
AcDbLine
 10
262.8000217013889
 20
188.89999389648438
 30
0.0
 11
262.83335367838544
 21
200.0
 31
0.0
  0
LINE
  5
169
330
17
100
AcDbEntity
  8
EJE_VIA
100
AcDbLine
 10
303.26666937934027
 20
226.2999979654948
 30
0.0
 11
303.3000013563368
 21
233.7999979654948
 31
0.0
  0
LINE
  5
16A
330
17
100
AcDbEntity
  8
EJE_VIA
100
AcDbLine
 10
303.3999972873264
 20
284.36665852864587
 30
0.0
 11
303.43332926432294
 21
293.3666653103299
 31
0.0
  0
LINE
  5
16B
330
17
100
AcDbEntity
  8
EJE_VIA
100
AcDbLine
 10
401.4666748046875
 20
233.06666056315106
 30
0.0
 11
401.500006781684
 21
235.56666056315106
 31
0.0
  0
LINE
  5
16C
330
17
100
AcDbEntity
  8
EJE_VIA
100
AcDbLine
 10
242.80002170138889
 20
293.3666653103299
 30
0.0
 11
243.56669108072919
 21
297.79998779296875
 31
0.0
  0
LINE
  5
16D
330
17
100
AcDbEntity
  8
EJE_VIA
100
AcDbLine
 10
303.33333333333337
 20
259.7999911838108
 30
0.0
 11
303.3666653103299
 21
268.3000013563368
 31
0.0
  0
LINE
  5
16E
330
17
100
AcDbEntity
  8
EJE_VIA
100
AcDbLine
 10
318.46666124131946
 20
262.999996609158
 30
0.0
 11
320.73333740234375
 21
262.999996609158
 31
0.0
  0
LINE
  5
16F
330
17
100
AcDbEntity
  8
EJE_VIA
100
AcDbLine
 10
320.73333740234375
 20
262.999996609158
 30
0.0
 11
320.83333333333337
 21
292.63332790798614
 31
0.0
  0
LINE
  5
170
330
17
100
AcDbEntity
  8
EJE_VIA
100
AcDbLine
 10
298.86667887369794
 20
268.3000013563368
 30
0.0
 11
299.366692437066
 21
268.3000013563368
 31
0.0
  0
LINE
  5
171
330
17
100
AcDbEntity
  8
EJE_VIA
100
AcDbLine
 10
398.90001085069446
 20
226.566653781467
 30
0.0
 11
399.3999905056424
 21
226.566653781467
 31
0.0
  0
LINE
  5
172
330
17
100
AcDbEntity
  8
EJE_VIA
100
AcDbLine
 10
299.1999986436632
 20
203.89999389648438
 30
0.0
 11
299.23333062065973
 21
204.89998711480035
 31
0.0
  0
LINE
  5
173
330
17
100
AcDbEntity
  8
EJE_VIA
100
AcDbLine
 10
409.4666883680556
 20
299.0666707356771
 30
0.0
 11
409.4666883680556
 21
305.53331163194446
 31
0.0
  0
LINE
  5
174
330
17
100
AcDbEntity
  8
EJE_VIA
100
AcDbLine
 10
285.8666653103299
 20
257.9333326551649
 30
0.0
 11
285.8999972873264
 21
276.59998575846356
 31
0.0
  0
LINE
  5
175
330
17
100
AcDbEntity
  8
EJE_VIA
100
AcDbLine
 10
243.56669108072919
 20
297.79998779296875
 30
0.0
 11
247.06668429904514
 21
297.5
 31
0.0
  0
LINE
  5
176
330
17
100
AcDbEntity
  8
EJE_VIA
100
AcDbLine
 10
409.4666883680556
 20
299.0666707356771
 30
0.0
 11
410.0333319769965
 21
299.0666707356771
 31
0.0
  0
LINE
  5
177
330
17
100
AcDbEntity
  8
EJE_VIA
100
AcDbLine
 10
399.3999905056424
 20
220.83333333333334
 30
0.0
 11
399.3999905056424
 21
226.89999050564236
 31
0.0
  0
LINE
  5
178
330
17
100
AcDbEntity
  8
EJE_VIA
100
AcDbLine
 10
405.0666639539931
 20
288.26666937934027
 30
0.0
 11
405.16665988498266
 21
284.93333604600696
 31
0.0
  0
LINE
  5
179
330
17
100
AcDbEntity
  8
EJE_VIA
100
AcDbLine
 10
318.5666910807292
 20
263.3999972873264
 30
0.0
 11
320.5333455403646
 21
262.999996609158
 31
0.0
  0
LINE
  5
17A
330
17
100
AcDbEntity
  8
EJE_VIA
100
AcDbLine
 10
317.2666761610243
 20
232.86666870117188
 30
0.0
 11
318.86667887369794
 21
234.0333218044705
 31
0.0
  0
LINE
  5
17B
330
17
100
AcDbEntity
  8
EJE_VIA
100
AcDbLine
 10
377.26667616102435
 20
233.83332994249133
 30
0.0
 11
378.86667887369794
 21
232.66665988498264
 31
0.0
  0
LINE
  5
17C
330
17
100
AcDbEntity
  8
EJE_VIA
100
AcDbLine
 10
377.26667616102435
 20
233.83332994249133
 30
0.0
 11
377.26667616102435
 21
235.6333245171441
 31
0.0
  0
LINE
  5
17D
330
17
100
AcDbEntity
  8
EJE_VIA
100
AcDbLine
 10
144.20003255208334
 20
317.1666463216146
 30
0.0
 11
524.933336046007
 21
316.2666490342882
 31
0.0
  0
LINE
  5
17E
330
17
100
AcDbEntity
  8
EJE_VIA
100
AcDbLine
 10
144.20003255208334
 20
177.16666327582465
 30
0.0
 11
524.933336046007
 21
176.26666598849826
 31
0.0
  0
LINE
  5
17F
330
17
100
AcDbEntity
  8
EJE_VIA
100
AcDbLine
 10
437.76665581597223
 20
153.49999321831598
 30
0.0
 11
437.83331976996527
 21
157.9000006781684
 31
0.0
  0
LINE
  5
180
330
17
100
AcDbEntity
  8
EJE_VIA
100
AcDbLine
 10
432.5666639539931
 20
157.69999186197919
 30
0.0
 11
437.76665581597223
 21
153.49999321831598
 31
0.0
  0
LINE
  5
181
330
17
100
AcDbEntity
  8
EJE_VIA
100
AcDbLine
 10
173.26666937934027
 20
334.3333265516493
 30
0.0
 11
173.39999728732639
 21
330.39998372395837
 31
0.0
  0
LINE
  5
182
330
17
100
AcDbEntity
  8
EJE_VIA
100
AcDbLine
 10
217.36667209201389
 20
330.73333740234375
 30
0.0
 11
217.40000406901044
 21
334.566650390625
 31
0.0
  0
LINE
  5
183
330
17
100
AcDbEntity
  8
EJE_VIA
100
AcDbLine
 10
217.43333604600696
 20
330.8999972873264
 30
0.0
 11
217.46666802300348
 21
334.5999823676215
 31
0.0
  0
LINE
  5
184
330
17
100
AcDbEntity
  8
EJE_VIA
100
AcDbLine
 10
442.26667616102435
 20
152.53333197699652
 30
0.0
 11
442.40000406901044
 21
155.5333285861545
 31
0.0
  0
LINE
  5
185
330
17
100
AcDbEntity
  8
EJE_VIA
100
AcDbLine
 10
442.3333401150174
 20
154.0333218044705
 30
0.0
 11
443.46666124131946
 21
153.99998982747397
 31
0.0
  0
LINE
  5
186
330
17
100
AcDbEntity
  8
EJE_VIA
100
AcDbLine
 10
417.30000813802087
 20
285.29998779296875
 30
0.0
 11
418.8000149197049
 21
282.6999918619792
 31
0.0
  0
LINE
  5
187
330
17
100
AcDbEntity
  8
EJE_VIA
100
AcDbLine
 10
418.0333455403646
 20
283.999989827474
 30
0.0
 11
419.0333387586806
 21
284.566650390625
 31
0.0
  0
LINE
  5
188
330
17
100
AcDbEntity
  8
EJE_VIA
100
AcDbLine
 10
412.933349609375
 20
334.1666666666667
 30
0.0
 11
413.0000135633681
 21
337.1666463216146
 31
0.0
  0
LINE
  5
189
330
17
100
AcDbEntity
  8
EJE_VIA
100
AcDbLine
 10
411.83332655164935
 20
335.70000542534723
 30
0.0
 11
412.9666815863715
 21
335.6666734483507
 31
0.0
  0
LINE
  5
18A
330
17
100
AcDbEntity
  8
EJE_VIA
100
AcDbLine
 10
271.26668294270837
 20
196.93332248263889
 30
0.0
 11
271.500006781684
 21
193.93332587348092
 31
0.0
  0
LINE
  5
18B
330
17
100
AcDbEntity
  8
EJE_VIA
100
AcDbLine
 10
271.40001085069446
 20
195.43333265516495
 30
0.0
 11
272.5
 21
195.5333285861545
 31
0.0
  0
LINE
  5
18C
330
17
100
AcDbEntity
  8
EJE_VIA
100
AcDbLine
 10
284.6333482530382
 20
156.49998982747397
 30
0.0
 11
286.866692437066
 21
156.49998982747397
 31
0.0
  0
LINE
  5
18D
330
17
100
AcDbEntity
  8
EJE_VIA
100
AcDbLine
 10
381.933356391059
 20
123.26666090223524
 30
0.0
 11
384.1666666666667
 21
123.26666090223524
 31
0.0
  0
LINE
  5
18E
330
17
100
AcDbEntity
  8
EJE_VIA
100
AcDbLine
 10
399.73334418402777
 20
230.5333285861545
 30
0.0
 11
402.0000203450521
 21
230.5333285861545
 31
0.0
  0
LINE
  5
18F
330
17
100
AcDbEntity
  8
EJE_VIA
100
AcDbLine
 10
405.80000135633685
 20
291.29998101128473
 30
0.0
 11
408.06667751736114
 21
291.29998101128473
 31
0.0
  0
LINE
  5
190
330
17
100
AcDbEntity
  8
EJE_VIA
100
AcDbLine
 10
405.1999918619792
 20
293.79998101128473
 30
0.0
 11
407.43333604600696
 21
293.79998101128473
 31
0.0
  0
LINE
  5
191
330
17
100
AcDbEntity
  8
EJE_VIA
100
AcDbLine
 10
434.33332655164935
 20
336.6999986436632
 30
0.0
 11
436.5666707356771
 21
336.6999986436632
 31
0.0
  0
LINE
  5
192
330
17
100
AcDbEntity
  8
EJE_VIA
100
AcDbLine
 10
412.1333482530382
 20
335.0999959309896
 30
0.0
 11
414.36665852864587
 21
335.0999959309896
 31
0.0
  0
LINE
  5
193
330
17
100
AcDbEntity
  8
EJE_VIA
100
AcDbLine
 10
283.90001085069446
 20
264.23333062065973
 30
0.0
 11
286.13335503472223
 21
264.23333062065973
 31
0.0
  0
LINE
  5
194
330
17
100
AcDbEntity
  8
EJE_VIA
100
AcDbLine
 10
268.86667887369794
 20
229.5999993218316
 30
0.0
 11
271.13335503472223
 21
229.5999993218316
 31
0.0
  0
LINE
  5
195
330
17
100
AcDbEntity
  8
EJE_VIA
100
AcDbLine
 10
280.8666653103299
 20
228.2666693793403
 30
0.0
 11
283.1333414713542
 21
228.2666693793403
 31
0.0
  0
LINE
  5
196
330
17
100
AcDbEntity
  8
EJE_VIA
100
AcDbLine
 10
270.2666897243924
 20
195.29998779296875
 30
0.0
 11
272.5
 21
195.29998779296875
 31
0.0
  0
LINE
  5
197
330
17
100
AcDbEntity
  8
EJE_VIA
100
AcDbLine
 10
452.6999918619792
 20
175.43333265516495
 30
0.0
 11
452.73335774739587
 21
177.43333604600696
 31
0.0
  0
LINE
  5
198
330
17
100
AcDbEntity
  8
EJE_VIA
100
AcDbLine
 10
352.6999918619792
 20
175.66665649414062
 30
0.0
 11
352.6999918619792
 21
177.66665988498264
 31
0.0
  0
LINE
  5
199
330
17
100
AcDbEntity
  8
EJE_VIA
100
AcDbLine
 10
252.70002577039932
 20
175.89999728732639
 30
0.0
 11
252.70002577039932
 21
177.90000067816842
 31
0.0
  0
LINE
  5
19A
330
17
100
AcDbEntity
  8
EJE_VIA
100
AcDbLine
 10
152.66669379340277
 20
176.1333211263021
 30
0.0
 11
152.66669379340277
 21
178.1333245171441
 31
0.0
  0
LWPOLYLINE
  5
19B
330
17
100
AcDbEntity
  8
EJE_VIA
100
AcDbPolyline
 90
3
 70
0
 10
348.90001085069446
 20
306.73333062065973
 10
348.9666748046875
 20
316.73333062065973
 10
349.03333875868054
 20
333.69998508029516
  0
LWPOLYLINE
  5
19C
330
17
100
AcDbEntity
  8
EJE_VIA
100
AcDbPolyline
 90
17
 70
0
 10
384.2729695638021
 20
276.60000271267364
 10
384.734181670679
 20
276.6221977190839
 10
385.18221305476294
 20
276.6894289520052
 10
385.61479461689794
 20
276.7994423127837
 10
386.0296572579278
 20
276.94998370276556
 10
386.42453187869654
 20
277.1387990232971
 10
386.79714938004815
 20
277.3636341757245
 10
387.14524066282644
 20
277.62223506139384
 10
387.4665366278754
 20
277.9123475816515
 10
387.7587681760391
 20
278.2317176378436
 10
388.01966620816125
 20
278.5780911313163
 10
388.24696162508593
 20
278.9492139634159
 10
388.4383853276571
 20
279.3428320354886
 10
388.5916682167186
 20
279.7566912488805
 10
388.7045411931144
 20
280.1885375049379
 10
388.7747351576885
 20
280.63611670500705
 10
388.79998101128473
 20
281.097174750434
  0
LWPOLYLINE
  5
19D
330
17
100
AcDbEntity
  8
EJE_VIA
100
AcDbPolyline
 90
33
 70
0
 10
379.76671006944446
 20
281.13615247938367
 10
379.7713059766425
 20
280.91186619881125
 10
379.7869374354681
 20
280.6890591316753
 10
379.8134518083599
 20
280.4681034344766
 10
379.8506964577569
 20
280.24937126371594
 10
379.8985187460979
 20
280.03323477589424
 10
379.9567660358217
 20
279.8200661275122
 10
380.0252856893672
 20
279.6102374750707
 10
380.1039250691732
 20
279.40412097507055
 10
380.1925315376785
 20
279.2020887840125
 10
380.290952457322
 20
279.0045130583975
 10
380.3990351905426
 20
278.8117659547263
 10
380.51662709977893
 20
278.62421962949963
 10
380.64357554747
 20
278.44224623921843
 10
380.7797278960546
 20
278.2662179403835
 10
380.92493150797156
 20
278.0965068894956
 10
381.07903374565973
 20
277.93348524305554
 10
381.2410325308641
 20
277.77830513815087
 10
381.40978005197314
 20
277.63198024696777
 10
381.584905071391
 20
277.4946654919121
 10
381.76603635152185
 20
277.36651579538983
 10
381.9528026547697
 20
277.2476860798068
 10
382.14483274353876
 20
277.1383312675688
 10
382.34175538023317
 20
277.03860628108185
 10
382.54319932725696
 20
276.94866604275177
 10
382.7487933470143
 20
276.86866547498437
 10
382.9581662019094
 20
276.79875950018567
 10
383.17094665434627
 20
276.73910304076145
 10
383.38676346672906
 20
276.68985101911755
 10
383.60524540146196
 20
276.65115835766
 10
383.826021220949
 20
276.62317997879455
 10
384.0487196875943
 20
276.60607080492707
 10
384.2729695638021
 20
276.59998575846356
  0
LWPOLYLINE
  5
19E
330
17
100
AcDbEntity
  8
EJE_VIA
100
AcDbPolyline
 90
17
 70
0
 10
384.36038547092016
 20
299.73334418402777
 10
383.89917336404324
 20
299.71114917761753
 10
383.4511419799593
 20
299.6439179446962
 10
383.01856041782435
 20
299.5339045839177
 10
382.60369777679443
 20
299.38336319393585
 10
382.2088231560257
 20
299.1945478734043
 10
381.83620565467413
 20
298.96971272097693
 10
381.4881143718958
 20
298.7111118353076
 10
381.1668184068468
 20
298.4209993150499
 10
380.8745868586832
 20
298.1016292588578
 10
380.613688826561
 20
297.75525576538513
 10
380.3863934096363
 20
297.3841329332855
 10
380.1949697070652
 20
296.99051486121283
 10
380.04168681800365
 20
296.5766556478209
 10
379.92881384160785
 20
296.1448093917635
 10
379.8586198770338
 20
295.69723019169436
 10
379.8333740234375
 20
295.2361721462674
  0
LWPOLYLINE
  5
19F
330
17
100
AcDbEntity
  8
EJE_VIA
100
AcDbPolyline
 90
33
 70
0
 10
388.86664496527777
 20
295.19717746310766
 10
388.8620490498013
 20
295.42146373954085
 10
388.8464175330268
 20
295.64427077770233
 10
388.8199030028449
 20
295.86522639625605
 10
388.7826580471463
 20
296.08395841386584
 10
388.7348352538215
 20
296.30009464919567
 10
388.67658721076117
 20
296.5132629209095
 10
388.608066505856
 20
296.7230910476711
 10
388.5294257269965
 20
296.92920684814453
 10
388.4408174620734
 20
297.1312381409937
 10
388.34239429897735
 20
297.3288127448824
 10
388.2343088255988
 20
297.5215584784746
 10
388.11671362982855
 20
297.7091031604343
 10
387.9897612995572
 20
297.89107460942535
 10
387.85360442267523
 20
298.06710064411163
 10
387.7083955870734
 20
298.23680908315714
 10
387.5542873806424
 20
298.3998277452257
 10
387.39229456418093
 20
298.5550080322557
 10
387.2235522667567
 20
298.70133340358734
 10
387.0484317756362
 20
298.83864883747367
 10
386.8673043780857
 20
298.9667993121677
 10
386.6805413613717
 20
299.0856298059225
 10
386.4885140127606
 20
299.19498529699115
 10
386.29159361951884
 20
299.29471076362665
 10
386.0901514689128
 20
299.38465118408203
 10
385.8845588482089
 20
299.4646515366104
 10
385.6751870446735
 20
299.5345567994648
 10
385.4624073455731
 20
299.59421195089817
 10
385.24659103817413
 20
299.6434619691637
 10
385.0281094097429
 20
299.68215183251436
 10
384.8073337475459
 20
299.7101265192032
 10
384.5846353388495
 20
299.7272310074833
 10
384.36038547092016
 20
299.73331027560766
  0
LWPOLYLINE
  5
1A0
330
17
100
AcDbEntity
  8
EJE_VIA
100
AcDbPolyline
 90
17
 70
0
 10
377.7667236328125
 20
281.144782172309
 10
377.79649757676657
 20
280.4890302858419
 10
377.88948721355865
 20
279.85134657886294
 10
378.042611181736
 20
279.23491237478123
 10
378.25278811984595
 20
278.6429089970059
 10
378.5169366664357
 20
278.07851776894597
 10
378.8319754600525
 20
277.54492001401053
 10
379.1948231392437
 20
277.0452970556087
 10
379.60239834255646
 20
276.58283021714954
 10
380.05161970853806
 20
276.1607008220421
 10
380.53940587573584
 20
275.7820901936955
 10
381.062675482697
 20
275.4501796555188
 10
381.61834716796875
 20
275.1681505309211
 10
382.2033395700985
 20
274.9391841433115
 10
382.81457132763336
 20
274.76646181609897
 10
383.44896107912064
 20
274.6531648726927
 10
384.10342746310766
 20
274.60247463650177
  0
LWPOLYLINE
  5
1A1
330
17
100
AcDbEntity
  8
EJE_VIA
100
AcDbPolyline
 90
17
 70
0
 10
384.17134602864587
 20
301.73088921440973
 10
383.52070931759147
 20
301.68079943292673
 10
382.88979881339606
 20
301.5687961710824
 10
382.2816593696674
 20
301.397995410694
 10
381.6993358400133
 20
301.17151313357886
 10
381.14587307804163
 20
300.8924653215541
 10
380.62431593736017
 20
300.563967956437
 10
380.1377092715767
 20
300.1891370200449
 10
379.68909793429907
 20
299.7710884941949
 10
379.2815267791351
 20
299.3129383607043
 10
378.91804065969256
 20
298.81780260139044
 10
378.60168442957934
 20
298.2887971980704
 10
378.3355029424032
 20
297.7290381325616
 10
378.1225410517719
 20
297.14164138668116
 10
377.9658436112934
 20
296.52972294224634
 10
377.8684554745754
 20
295.8963987810744
 10
377.8334214952257
 20
295.24478488498266
  0
LWPOLYLINE
  5
1A2
330
17
100
AcDbEntity
  8
EJE_VIA
100
AcDbPolyline
 90
17
 70
0
 10
384.2740885416667
 20
277.0999993218316
 10
384.6842502305905
 20
277.11973609609737
 10
385.08268892765045
 20
277.17952373954984
 10
385.4673868666093
 20
277.27735767347946
 10
385.8363262812297
 20
277.4112333191766
 10
386.1874894052744
 20
277.5791460979316
 10
386.5188584725062
 20
277.77909143103494
 10
386.82841571668786
 20
278.009064739777
 10
387.11414337158203
 20
278.2670614454481
 10
387.37402367095154
 20
278.5510769693388
 10
387.6060388485591
 20
278.85910673273935
 10
387.8081711381674
 20
279.1891461569402
 10
387.97840277353924
 20
279.53919066323175
 10
388.11471598843735
 20
279.9072356729044
 10
388.21509301662445
 20
280.2912766072485
 10
388.27751609186333
 20
280.68930888755455
 10
388.2999674479167
 20
281.09932793511285
  0
LWPOLYLINE
  5
1A3
330
17
100
AcDbEntity
  8
EJE_VIA
100
AcDbPolyline
 90
33
 70
0
 10
380.2667236328125
 20
281.1339823404948
 10
380.2708105825716
 20
280.93452804618414
 10
380.2847103940116
 20
280.7363886303372
 10
380.3082875162363
 20
280.53989509741467
 10
380.34140639834936
 20
280.3453784518772
 10
380.38393148945437
 20
280.1531696981854
 10
380.4357272386551
 20
279.9635998408
 10
380.4966580950552
 20
279.7769998841816
 10
380.56658850775824
 20
279.59370083279083
 10
380.64538292586803
 20
279.4140336910884
 10
380.7329057984882
 20
279.2383294635349
 10
380.8290215747224
 20
279.06691915459106
 10
380.9335947036743
 20
278.90013376871747
 10
381.04648963444765
 20
278.7383043103748
 10
381.167570816146
 20
278.58176178402374
 10
381.2967026978731
 20
278.4308371941249
 10
381.43374972873266
 20
278.2858615451389
 10
381.57781953612965
 20
278.1478594077958
 10
381.7278900411394
 20
278.01773283216687
 10
381.88363113337095
 20
277.8956195049816
 10
382.0447127024333
 20
277.7816571129693
 10
382.21080463793544
 20
277.67598334285947
 10
382.38157682948645
 20
277.5787358813816
 10
382.5566991666953
 20
277.490052415265
 10
382.735841539171
 20
277.41007063123914
 10
382.91867383652266
 20
277.33892821603354
 10
383.1048659483592
 20
277.2767628563775
 10
383.29408776428966
 20
277.2237122390005
 10
383.4860091739231
 20
277.1799140506321
 10
383.6803000668685
 20
277.1455059780015
 10
383.87663033273486
 20
277.12062570783826
 10
384.07466986113127
 20
277.10541092687185
 10
384.2740885416667
 20
277.0999993218316
  0
LWPOLYLINE
  5
1A4
330
17
100
AcDbEntity
  8
EJE_VIA
100
AcDbPolyline
 90
17
 70
0
 10
384.3592664930556
 20
299.23333062065973
 10
383.94910480413176
 20
299.21359105242624
 10
383.5506661070718
 20
299.1538013352288
 10
383.165968168113
 20
299.05596597327127
 10
382.7970287534926
 20
298.9220894707574
 10
382.44586562944784
 20
298.75417633189096
 10
382.11449656221606
 20
298.5542310608758
 10
381.8049393180344
 20
298.3242581619157
 10
381.5192116631402
 20
298.0662621392144
 10
381.25933136377074
 20
297.7822474969758
 10
381.0273161861632
 20
297.4742187394036
 10
380.82518389655485
 20
297.1441803707017
 10
380.65495226118304
 20
296.7941368950738
 10
380.51863904628493
 20
296.4260928167237
 10
380.4182620180978
 20
296.0420526398553
 10
380.35583894285895
 20
295.64402086867227
 10
380.3333875868056
 20
295.2340020073785
  0
LWPOLYLINE
  5
1A5
330
17
100
AcDbEntity
  8
EJE_VIA
100
AcDbPolyline
 90
33
 70
0
 10
388.36663140190973
 20
295.1993476019965
 10
388.36254444387225
 20
295.3987990982003
 10
388.3486445744833
 20
295.5969364113278
 10
388.3250672949685
 20
295.79342843757735
 10
388.29194810655383
 20
295.9879440731473
 10
388.249422510465
 20
296.18015221423576
 10
388.1976260079278
 20
296.3697217570411
 10
388.13669410016803
 20
296.5563215977616
 10
388.0667622884115
 20
296.7396206325955
 10
387.9879660738839
 20
296.9192877577411
 10
387.90044095781116
 20
297.09499186939667
 10
387.804322441419
 20
297.26640186376045
 10
387.69974602593317
 20
297.4331866370307
 10
387.5868472125795
 20
297.5950150854058
 10
387.46576150258386
 20
297.7515561050839
 10
387.3366243971719
 20
297.9024785922633
 10
387.19957139756946
 20
298.0474514431424
 10
387.0555075589154
 20
298.1854537708892
 10
386.90544227759045
 20
298.3155808846156
 10
386.7497057136562
 20
298.43769504792164
 10
386.58862802717425
 20
298.5516585244073
 10
386.42253937820595
 20
298.65733357767266
 10
386.2517699268129
 20
298.75458247131775
 10
386.0766498330567
 20
298.84326746894254
 10
385.8975092569987
 20
298.92325083414715
 10
385.71467835870055
 20
298.9943948305316
 10
385.52848729822375
 20
299.0565617216958
 10
385.33926623562974
 20
299.10961377123994
 10
385.1473453309801
 20
299.153413242764
 10
384.9530547443364
 20
299.1878223998679
 10
384.75672463576
 20
299.21270350615185
 10
384.55868516531257
 20
299.2279188252158
 10
384.3592664930556
 20
299.23333062065973
  0
LWPOLYLINE
  5
1A6
330
17
100
AcDbEntity
  8
EJE_VIA
100
AcDbPolyline
 90
11
 70
0
 10
298.31434461805554
 20
259.80000813802087
 10
298.4183051106003
 20
259.8050183720059
 10
298.51928651332855
 20
259.82019239001806
 10
298.7102630403307
 20
259.87899250454376
 10
298.88317618105145
 20
259.9723299344381
 10
299.03392791748047
 20
260.09612613254126
 10
299.15842023160724
 20
260.2463025516934
 10
299.25255510542127
 20
260.41878064473474
 10
299.31223452091217
 20
260.60948186450537
 10
299.32787280115815
 20
260.71039160092676
 10
299.33336046006946
 20
260.8143276638455
  0
LWPOLYLINE
  5
1A7
330
17
100
AcDbEntity
  8
EJE_VIA
100
AcDbPolyline
 90
7
 70
0
 10
298.31549750434027
 20
260.30000474717883
 10
298.419646024704
 20
260.3102601899041
 10
298.56191262602806
 20
260.3617925776376
 10
298.6811828613281
 20
260.4504860772027
 10
298.77042666077614
 20
260.56934548748865
 10
298.82261395454407
 20
260.7113756073846
 10
298.8333468967014
 20
260.81548055013025
  0
LWPOLYLINE
  5
1A8
330
17
100
AcDbEntity
  8
EJE_VIA
100
AcDbPolyline
 90
17
 70
0
 10
242.88560655381946
 20
293.8608805338542
 10
243.14445081684326
 20
293.817802593112
 10
243.40368350346884
 20
293.7774525086085
 10
243.66328295734195
 20
293.73983221749467
 10
243.9232275221083
 20
293.7049436569214
 10
244.18349554141363
 20
293.6727887640397
 10
244.44406535890369
 20
293.6433694760005
 10
244.70491531822418
 20
293.6166877299547
 10
244.96602376302084
 20
293.5927454630534
 10
245.22736903693942
 20
293.57154461244744
 10
245.48892948362564
 20
293.5530871152878
 10
245.75068344672522
 20
293.53737490872544
 10
246.0126092698839
 20
293.5244099299113
 10
246.27468529674744
 20
293.51419411599636
 10
246.53688987096152
 20
293.5067294041316
 10
246.7992013361719
 20
293.5020177314679
 10
247.06159803602432
 20
293.50006103515625
  0
LWPOLYLINE
  5
1A9
330
17
100
AcDbEntity
  8
EJE_VIA
100
AcDbPolyline
 90
17
 70
0
 10
242.80093722873264
 20
293.3680894639757
 10
243.06496067179575
 20
293.3241488453415
 10
243.3293800883823
 20
293.2829909192191
 10
243.59417342477374
 20
293.2446176227596
 10
243.85931862725153
 20
293.2090308931139
 10
244.12479364209705
 20
293.1762326674329
 10
244.39057641559177
 20
293.1462248828676
 10
244.65664489401712
 20
293.119009476569
 10
244.9229770236545
 20
293.0945883856879
 10
245.1895507507854
 20
293.0729635473755
 10
245.45634402169122
 20
293.05413689878253
 10
245.72333478265338
 20
293.03811037706004
 10
245.99050097995334
 20
293.024885919359
 10
246.25782055987253
 20
293.01446546283034
 10
246.52527146869235
 20
293.006850944625
 10
246.79283165269428
 20
293.002044301894
 10
247.06047905815973
 20
293.0000474717882
  0
LWPOLYLINE
  5
1AA
330
17
100
AcDbEntity
  8
EJE_VIA
100
AcDbPolyline
 90
17
 70
0
 10
311.7051527235243
 20
259.7666761610243
 10
312.21742083628976
 20
259.79132641520766
 10
312.7150490548876
 20
259.8659986257553
 10
313.19551709625455
 20
259.988189149234
 10
313.6563046773275
 20
260.15539434221057
 10
314.09489151504306
 20
260.36511056125164
 10
314.508757326338
 20
260.614834162924
 10
314.8953818281492
 20
260.90206150379447
 10
315.2522447374132
 20
261.2242889404297
 10
315.57682577106686
 20
261.57901282939645
 10
315.866604646047
 20
261.96372952726153
 10
316.1190610792902
 20
262.3759353905916
 10
316.3316747877333
 20
262.8131267759535
 10
316.5019254883131
 20
263.27280003991393
 10
316.6272928979662
 20
263.7524515390396
 10
316.7052567336294
 20
264.2495776298973
 10
316.7332967122396
 20
264.76167466905383
  0
LWPOLYLINE
  5
1AB
330
17
100
AcDbEntity
  8
EJE_VIA
100
AcDbPolyline
 90
17
 70
0
 10
311.706305609809
 20
260.2666727701823
 10
312.16751771668595
 20
260.2888677765926
 10
312.6155491007699
 20
260.35609900951385
 10
313.04813066290484
 20
260.46611237029236
 10
313.46299330393475
 20
260.6166537602743
 10
313.8578679247035
 20
260.8054690808058
 10
314.23048542605505
 20
261.03030423323315
 10
314.5785767088334
 20
261.28890511890256
 10
314.8998726738824
 20
261.57901763916016
 10
315.192104222046
 20
261.89838769535226
 10
315.4530022541682
 20
262.244761188825
 10
315.6802976710929
 20
262.61588402092457
 10
315.871721373664
 20
263.00950209299725
 10
316.02500426272553
 20
263.4233613063892
 10
316.13787723912134
 20
263.8552075624466
 10
316.2080712036954
 20
264.3027867625157
 10
316.2333170572917
 20
264.76384480794275
  0
LWPOLYLINE
  5
1AC
330
17
100
AcDbEntity
  8
EJE_VIA
100
AcDbPolyline
 90
33
 70
0
 10
316.8332926432292
 20
289.3326822916667
 10
316.82920532094107
 20
289.5321393840843
 10
316.815304491255
 20
289.73028090265063
 10
316.79172585407895
 20
289.92677594224614
 10
316.75860510932074
 20
290.1212935977512
 10
316.7160779568884
 20
290.3135029640463
 10
316.6642800966899
 20
290.5030731360118
 10
316.603347228633
 20
290.6896732085281
 10
316.53341505262586
 20
290.8729722764757
 10
316.4546192685763
 20
291.052639434735
 10
316.3670955763923
 20
291.2283437781864
 10
316.2709796759817
 20
291.3997544017103
 10
316.1664072672526
 20
291.5665404001872
 10
316.0535140501128
 20
291.72837086849745
 10
315.93243572447034
 20
291.8849149015215
 10
315.8033079902331
 20
292.03584159413975
 10
315.666266547309
 20
292.18082004123266
 10
315.52219673991203
 20
292.3188167727656
 10
315.3721262349023
 20
292.44893968105316
 10
315.21638514267073
 20
292.5710508310133
 10
315.0553035736084
 20
292.6850122875638
 10
314.88921163810625
 20
292.7906861156225
 10
314.71843944655524
 20
292.8879343801075
 10
314.5433171093464
 20
292.97661914593647
 10
314.36417473687067
 20
293.05660247802734
 10
314.181342439519
 20
293.1277464412981
 10
313.9951503276825
 20
293.1899131006665
 10
313.80592851175203
 20
293.24296452105045
 10
313.6140071021186
 20
293.2867627673679
 10
313.4197162091732
 20
293.3211699045367
 10
313.2233859433068
 20
293.34604799747467
 10
313.0253464149104
 20
293.3612591110998
 10
312.825927734375
 20
293.3666653103299
  0
LWPOLYLINE
  5
1AD
330
17
100
AcDbEntity
  8
EJE_VIA
100
AcDbPolyline
 90
33
 70
0
 10
316.33331298828125
 20
289.33485243055554
 10
316.3297338700957
 20
289.5094747427437
 10
316.3175625933541
 20
289.68294653627606
 10
316.29691801965237
 20
289.85497798356744
 10
316.26791901058624
 20
290.0252792570326
 10
316.23068442775144
 20
290.1935605290863
 10
316.18533313274384
 20
290.3595319721434
 10
316.13198398715923
 20
290.52290375861855
 10
316.0707558525933
 20
290.68338606092664
 10
316.001767590642
 20
290.8406890514824
 10
315.925138062901
 20
290.9945229027006
 10
315.8409861309661
 20
291.1445977869961
 10
315.7494306564331
 20
291.29062387678357
 10
315.65059050089786
 20
291.43231134447785
 10
315.54458452595605
 20
291.5693703624937
 10
315.43153159320354
 20
291.70151110324593
 10
315.31155056423614
 20
291.8284437391493
 10
315.1854156868325
 20
291.9492625031206
 10
315.054027305709
 20
292.063187095854
 10
314.91767435438106
 20
292.1700968179438
 10
314.7766457663642
 20
292.26987096998425
 10
314.63123047517405
 20
292.3623888525698
 10
314.48171741432617
 20
292.4475297662947
 10
314.328395517336
 20
292.5251730117533
 10
314.1715537177192
 20
292.5951978895399
 10
314.0114809489913
 20
292.6574837002489
 10
313.8484661446677
 20
292.7119097444746
 10
313.6827982382642
 20
292.7583553228113
 10
313.5147661632962
 20
292.7966997358534
 10
313.3446588532792
 20
292.82682228419515
 10
313.1727652417289
 20
292.8486022684309
 10
312.99937426216076
 20
292.861918989155
 10
312.82477484809027
 20
292.8666517469618
  0
LWPOLYLINE
  5
1AE
330
17
100
AcDbEntity
  8
EJE_VIA
100
AcDbPolyline
 90
3
 70
0
 10
299.366692437066
 20
271.16665310329864
 10
299.366692437066
 20
272.2999911838108
 10
300.73333740234375
 20
272.2999911838108
  0
LWPOLYLINE
  5
1AF
330
17
100
AcDbEntity
  8
EJE_VIA
100
AcDbPolyline
 90
3
 70
0
 10
302.0000203450521
 20
272.2999911838108
 10
303.3666653103299
 20
272.2999911838108
 10
303.3666653103299
 20
271.16665310329864
  0
LWPOLYLINE
  5
1B0
330
17
100
AcDbEntity
  8
EJE_VIA
100
AcDbPolyline
 90
3
 70
0
 10
303.3999972873264
 20
281.499989827474
 10
303.3999972873264
 20
280.3666687011719
 10
302.03335232204864
 20
280.3666687011719
  0
LWPOLYLINE
  5
1B1
330
17
100
AcDbEntity
  8
EJE_VIA
100
AcDbPolyline
 90
3
 70
0
 10
300.76666937934027
 20
280.3666687011719
 10
299.4000244140625
 20
280.3666687011719
 10
299.4000244140625
 20
281.499989827474
  0
LWPOLYLINE
  5
1B2
330
17
100
AcDbEntity
  8
EJE_VIA
100
AcDbPolyline
 90
17
 70
0
 10
311.70054117838544
 20
257.9000006781684
 10
312.41703966425524
 20
257.9344808806976
 10
313.1130615207884
 20
258.0389248662525
 10
313.78508167962235
 20
258.2098309116231
 10
314.42957507239447
 20
258.4436972935995
 10
315.0430166307423
 20
258.7370222889715
 10
315.6218812863032
 20
259.0863041745292
 10
316.16264397071467
 20
259.4880412270626
 10
316.66177961561414
 20
259.93873172336157
 10
317.1157631526391
 20
260.43487394021616
 10
317.5210695134269
 20
260.97296615441644
 10
317.87417362961503
 20
261.54950664275225
 10
318.171550432841
 20
262.1609936820136
 10
318.40967485474215
 20
262.8039255489906
 10
318.585021826956
 20
263.4748005204731
 10
318.69406628112
 20
264.17011687325106
 10
318.7332831488715
 20
264.8863728841146
  0
LWPOLYLINE
  5
1B3
330
17
100
AcDbEntity
  8
EJE_VIA
100
AcDbPolyline
 90
33
 70
0
 10
318.83327907986114
 20
289.32403564453125
 10
318.82715259989106
 20
289.622803537382
 10
318.8063273164961
 20
289.91960214243994
 10
318.771006382174
 20
290.21393559873104
 10
318.72139294942224
 20
290.5053080452813
 10
318.6576901707384
 20
290.79322362111674
 10
318.5801011986203
 20
291.07718646526337
 10
318.48882918556535
 20
291.3567007167472
 10
318.38407728407117
 20
291.6312705145942
 10
318.2660486466355
 20
291.9003999978304
 10
318.13494642575586
 20
292.1635933054818
 10
317.9909737739298
 20
292.4203545765744
 10
317.8343338436551
 20
292.6701879501343
 10
317.6652297874292
 20
292.91259756518735
 10
317.48386475774976
 20
293.14708756075964
 10
317.2904419071145
 20
293.3731620758772
 10
317.08516438802087
 20
293.590325249566
 10
316.86936154961586
 20
293.7970386776659
 10
316.64456963539124
 20
293.9919568432702
 10
316.4112830658754
 20
294.17487321628465
 10
316.1699962615967
 20
294.3455812666151
 10
315.9212036430836
 20
294.5038744641675
 10
315.6653996308645
 20
294.6495462788476
 10
315.40307864546776
 20
294.78239018056126
 10
315.1347351074219
 20
294.9021996392144
 10
314.86086343725526
 20
295.00876812471284
 10
314.5819580554962
 20
295.1018891069624
 10
314.29851338267326
 20
295.181356055869
 10
314.0110238393148
 20
295.24696244133844
 10
313.7199838459492
 20
295.29850173327657
 10
313.42588782310486
 20
295.3357674015893
 10
313.1292301913103
 20
295.3585529161824
 10
312.83050537109375
 20
295.3666517469618
  0
LWPOLYLINE
  5
1B4
330
17
100
AcDbEntity
  8
EJE_VIA
100
AcDbPolyline
 90
17
 70
0
 10
243.22431776258682
 20
295.83197699652777
 10
243.4624385750956
 20
295.7923445519474
 10
243.70091696580252
 20
295.7552227046755
 10
243.9397330168221
 20
295.72061309383975
 10
244.17886681026883
 20
295.688517358568
 10
244.41829842825732
 20
295.6589371379879
 10
244.65800795290207
 20
295.6318740712272
 10
244.8979754663176
 20
295.6073297974136
 10
245.1381810506185
 20
295.5853059556749
 10
245.37860478791927
 20
295.5658041851388
 10
245.61922676033444
 20
295.54882612493304
 10
245.86002704997858
 20
295.5343734141853
 10
246.10098573896622
 20
295.5224476920234
 10
246.34208290941186
 20
295.513050597575
 10
246.58329864343008
 20
295.50618376996783
 10
246.8246130231354
 20
295.50184884832964
 10
247.06600613064236
 20
295.5000474717882
  0
LWPOLYLINE
  5
1B5
330
17
100
AcDbEntity
  8
EJE_VIA
100
AcDbPolyline
 90
3
 70
0
 10
388.8333468967014
 20
193.59998914930557
 10
394.8666720920139
 20
205.0
 10
398.86667887369794
 20
205.0
  0
LWPOLYLINE
  5
1B6
330
17
100
AcDbEntity
  8
EJE_VIA
100
AcDbPolyline
 90
3
 70
0
 10
388.86667887369794
 20
194.13333468967014
 10
394.73334418402777
 20
205.19999186197919
 10
398.86667887369794
 20
205.19999186197919
  0
LWPOLYLINE
  5
1B7
330
17
100
AcDbEntity
  8
EJE_VIA
100
AcDbPolyline
 90
3
 70
0
 10
388.70001898871527
 20
194.1999986436632
 10
394.6000162760417
 20
205.40000067816842
 10
398.86667887369794
 20
205.40000067816842
  0
LWPOLYLINE
  5
1B8
330
17
100
AcDbEntity
  8
EJE_VIA
100
AcDbPolyline
 90
3
 70
0
 10
388.499993218316
 20
194.2999945746528
 10
394.5000203450521
 20
205.59999254014758
 10
398.86667887369794
 20
205.59999254014758
  0
LWPOLYLINE
  5
1B9
330
17
100
AcDbEntity
  8
EJE_VIA
100
AcDbPolyline
 90
3
 70
0
 10
388.33333333333337
 20
194.36665852864584
 10
394.36665852864587
 20
205.80000135633682
 10
398.86667887369794
 20
205.80000135633682
  0
LWPOLYLINE
  5
1BA
330
17
100
AcDbEntity
  8
EJE_VIA
100
AcDbPolyline
 90
3
 70
0
 10
388.1333414713542
 20
194.46665445963544
 10
394.26666259765625
 20
205.99999321831598
 10
398.86667887369794
 20
205.99999321831598
  0
LWPOLYLINE
  5
1BB
330
17
100
AcDbEntity
  8
EJE_VIA
100
AcDbPolyline
 90
11
 70
0
 10
399.91902669270837
 20
233.59998914930557
 10
399.81506620016364
 20
233.59497891532052
 10
399.71408479743536
 20
233.57980489730835
 10
399.5231082704332
 20
233.52100478278268
 10
399.35019512971246
 20
233.42766735288834
 10
399.19944339328345
 20
233.30387115478516
 10
399.0749510791567
 20
233.15369473563302
 10
398.98081620534265
 20
232.9812166425917
 10
398.92113678985174
 20
232.79051542282104
 10
398.90549850960576
 20
232.6896056863997
 10
398.90001085069446
 20
232.58566962348092
  0
LWPOLYLINE
  5
1BC
330
17
100
AcDbEntity
  8
EJE_VIA
100
AcDbPolyline
 90
7
 70
0
 10
399.91787380642364
 20
233.09999254014758
 10
399.8137252198325
 20
233.0897370974223
 10
399.67145764993296
 20
233.03820470968884
 10
399.55218421088324
 20
232.94951121012372
 10
399.4629336314069
 20
232.83065179983777
 10
399.4107346402274
 20
232.68862167994183
 10
399.3999905056424
 20
232.5845167371962
  0
LWPOLYLINE
  5
1BD
330
17
100
AcDbEntity
  8
EJE_VIA
100
AcDbPolyline
 90
7
 70
0
 10
399.29999457465277
 20
193.5178460015191
 10
399.31025558047827
 20
193.41369817654294
 10
399.36179333262976
 20
193.27143429468077
 10
399.4504886203342
 20
193.15216700236004
 10
399.56934624248083
 20
193.06292435775202
 10
399.71137099795874
 20
193.01073441902798
 10
399.8154703776042
 20
192.999996609158
  0
LINE
  5
1BE
330
17
100
AcDbEntity
  8
EJE_VIA
100
AcDbLine
 10
398.8333468967014
 20
195.99999321831598
 30
0.0
 11
394.8333401150174
 21
195.99999321831598
 31
0.0
  0
LWPOLYLINE
  5
1BF
330
17
100
AcDbEntity
  8
EJE_VIA
100
AcDbPolyline
 90
3
 70
0
 10
398.86667887369794
 20
207.86666870117188
 10
398.86667887369794
 20
208.99998982747397
 10
397.5
 20
208.99998982747397
  0
LWPOLYLINE
  5
1C0
330
17
100
AcDbEntity
  8
EJE_VIA
100
AcDbPolyline
 90
3
 70
0
 10
396.23335096571185
 20
208.99998982747397
 10
394.8666720920139
 20
208.99998982747397
 10
394.8666720920139
 20
207.86666870117188
  0
LWPOLYLINE
  5
1C1
330
17
100
AcDbEntity
  8
EJE_VIA
100
AcDbPolyline
 90
3
 70
0
 10
394.90000406901044
 20
224.0333218044705
 10
394.90000406901044
 20
222.90000067816842
 10
396.26668294270837
 20
222.90000067816842
  0
LWPOLYLINE
  5
1C2
330
17
100
AcDbEntity
  8
EJE_VIA
100
AcDbPolyline
 90
3
 70
0
 10
397.5333319769965
 20
222.90000067816842
 10
398.90001085069446
 20
222.90000067816842
 10
398.90001085069446
 20
224.0333218044705
  0
LWPOLYLINE
  5
1C3
330
17
100
AcDbEntity
  8
EJE_VIA
100
AcDbPolyline
 90
11
 70
0
 10
398.79998101128473
 20
193.51899888780383
 10
398.8049914356735
 20
193.41503858566284
 10
398.82016599178314
 20
193.31405772103204
 10
398.87896802690295
 20
193.12308311462402
 10
398.97230817212
 20
192.95017268922595
 10
399.09610748291016
 20
192.79942406548395
 10
399.2462870147493
 20
192.6749348640442
 10
399.41876782311334
 20
192.58080270555286
 10
399.6094709634781
 20
192.52112521065607
 10
399.71038123799696
 20
192.50548746850757
 10
399.81431749131946
 20
192.5
  0
LWPOLYLINE
  5
1C4
330
17
100
AcDbEntity
  8
EJE_VIA
100
AcDbPolyline
 90
33
 70
0
 10
379.466790093316
 20
207.58144802517361
 10
379.48208479417696
 20
206.83576811518935
 10
379.5340650611454
 20
206.09500375058917
 10
379.6222239567174
 20
205.36039247281022
 10
379.7460545433892
 20
204.63317182328967
 10
379.90504988365706
 20
203.91457934346465
 10
380.098703040017
 20
203.2058525747723
 10
380.3265070749654
 20
202.50822905864982
 10
380.5879550509983
 20
201.8229463365343
 10
380.8825400306119
 20
201.1512419498629
 10
381.20975507630243
 20
200.4943534400728
 10
381.5690932505661
 20
199.85351834860114
 10
381.960047615899
 20
199.22997421688504
 10
382.3821112347974
 20
198.62495858636169
 10
382.83477716975744
 20
198.0397089984682
 10
383.3175384832753
 20
197.47546299464173
 10
383.82988823784723
 20
196.93345811631946
 10
384.36849265462826
 20
196.417534471386
 10
384.92953320344293
 20
195.93105067809424
 10
385.5117758197917
 20
195.47452204343347
 10
386.1139864391751
 20
195.04846387439304
 10
386.73493099709356
 20
194.65339147796234
 10
387.3733754290475
 20
194.2898201611307
 10
388.02808567053745
 20
193.95826523088746
 10
388.69782765706384
 20
193.65924199422201
 10
389.3813673241271
 20
193.39326575812368
 10
390.0774706072278
 20
193.1608518295818
 10
390.7849034418663
 20
192.96251551558575
 10
391.50243176354303
 20
192.79877212312488
 10
392.2288215077586
 20
192.6701369591885
 10
392.96283861001336
 20
192.57712533076605
 10
393.7032490058078
 20
192.5202525448468
 10
394.4488186306424
 20
192.50003390842014
  0
LWPOLYLINE
  5
1C5
330
17
100
AcDbEntity
  8
EJE_VIA
100
AcDbPolyline
 90
33
 70
0
 10
379.966803656684
 20
207.5792948404948
 10
379.98157859676417
 20
206.85844132469762
 10
380.03181993961334
 20
206.14234043492212
 10
380.1170373873578
 20
205.43218838671845
 10
380.2367406421238
 20
204.7291813956367
 10
380.39043940603733
 20
204.03451567722692
 10
380.57764338122473
 20
203.3493874470393
 10
380.7978622698122
 20
202.6749929206239
 10
381.0506057739258
 20
202.01252831353082
 10
381.3353835956918
 20
201.3631898413102
 10
381.6517054372364
 20
200.7281737195121
 10
381.9990810006857
 20
200.10867616368665
 10
382.37701998816596
 20
199.50589338938397
 10
382.7850321018034
 20
198.92102161215414
 10
383.22262704372406
 20
198.35525704754724
 10
383.68931451605425
 20
197.80979591111344
 10
384.18460422092016
 20
197.2858344184028
 10
384.7052796598938
 20
196.78709134459496
 10
385.2476431926092
 20
196.31680740250482
 10
385.81050188177164
 20
195.87548078762163
 10
386.39266279008655
 20
195.46360969543457
 10
386.9929329802593
 20
195.08169232143297
 10
387.6101195149952
 20
194.73022686110605
 10
388.2430294569996
 20
194.409711509943
 10
388.8904698689779
 20
194.12064446343317
 10
389.5512478136354
 20
193.86352391706575
 10
390.22417035367755
 20
193.63884806632996
 10
390.90804455180967
 20
193.4471151067151
 10
391.60167747073706
 20
193.28882323371042
 10
392.3038761731651
 20
193.1644706428051
 10
393.01344772179925
 20
193.07455552948846
 10
393.72919917934473
 20
193.01957608924974
 10
394.44993760850696
 20
193.00003051757812
  0
LWPOLYLINE
  5
1C6
330
17
100
AcDbEntity
  8
EJE_VIA
100
AcDbPolyline
 90
17
 70
0
 10
384.561530219184
 20
233.633304172092
 10
384.0492621064186
 20
233.60865391790867
 10
383.5516338878208
 20
233.53398170736102
 10
383.07116584645377
 20
233.4117911838823
 10
382.61037826538086
 20
233.24458599090576
 10
382.1717914276653
 20
233.0348697718647
 10
381.7579256163703
 20
232.7851461701923
 10
381.3713011145592
 20
232.49791882932186
 10
381.01443820529516
 20
232.17569139268664
 10
380.68985717164145
 20
231.82096750371986
 10
380.4000782966614
 20
231.4362508058548
 10
380.1476218634182
 20
231.0240449425247
 10
379.93500815497504
 20
230.5868535571628
 10
379.7647574543953
 20
230.1271802932024
 10
379.6393900447422
 20
229.64752879407672
 10
379.5614262090789
 20
229.150402703219
 10
379.53338623046875
 20
228.6383056640625
  0
LWPOLYLINE
  5
1C7
330
17
100
AcDbEntity
  8
EJE_VIA
100
AcDbPolyline
 90
17
 70
0
 10
384.56037733289935
 20
233.13330756293405
 10
384.0991652260224
 20
233.11111255652375
 10
383.6511338419385
 20
233.04388132360248
 10
383.21855227980353
 20
232.933867962824
 10
382.8036896387736
 20
232.78332657284207
 10
382.4088150180049
 20
232.59451125231055
 10
382.0361975166533
 20
232.3696760998832
 10
381.688106233875
 20
232.1110752142138
 10
381.366810268826
 20
231.82096269395618
 10
381.0745787206624
 20
231.5015926377641
 10
380.81368068854016
 20
231.15521914429135
 10
380.5863852716155
 20
230.78409631219176
 10
380.39496156904437
 20
230.3904782401191
 10
380.24167867998284
 20
229.97661902672715
 10
380.12880570358703
 20
229.54477277066974
 10
380.058611739013
 20
229.09719357060064
 10
380.0333658854167
 20
228.63613552517361
  0
LWPOLYLINE
  5
1C8
330
17
100
AcDbEntity
  8
EJE_VIA
100
AcDbPolyline
 90
7
 70
0
 10
399.91787380642364
 20
233.09999254014758
 10
399.81372528605993
 20
233.0897370974223
 10
399.67145868473585
 20
233.03820470968884
 10
399.5521884494358
 20
232.94951121012372
 10
399.4629446499878
 20
232.83065179983777
 10
399.41075735621985
 20
232.68862167994183
 10
399.4000244140625
 20
232.5845167371962
  0
LWPOLYLINE
  5
1C9
330
17
100
AcDbEntity
  8
EJE_VIA
100
AcDbPolyline
 90
33
 70
0
 10
377.4668375651042
 20
207.59007771809897
 10
377.48415987524726
 20
206.74508439583911
 10
377.54305528269873
 20
205.90566135115094
 10
377.64294924835366
 20
205.07321090747914
 10
377.78326723310687
 20
204.24913538826837
 10
377.9634346978532
 20
203.43483711696334
 10
378.18287710348767
 20
202.63171841700873
 10
378.44101991090514
 20
201.8411816118492
 10
378.7372885810004
 20
201.06462902492947
 10
379.0711085746686
 20
200.30346297969422
 10
379.44190535280444
 20
199.5590857995881
 10
379.8491043763028
 20
198.83289980805583
 10
380.2921311060588
 20
198.12630732854208
 10
380.77041100296714
 20
197.44071068449153
 10
381.28336952792273
 20
196.77751219934888
 10
381.8304321418206
 20
196.1381141965588
 10
382.4110243055556
 20
195.52391899956598
 10
383.0213617285093
 20
194.93928183284072
 10
383.65712351269195
 20
194.38800593217215
 10
384.316911134455
 20
193.8706751747264
 10
384.9993260701498
 20
193.38787343766955
 10
385.7029697961278
 20
192.94018459816775
 10
386.4264437887404
 20
192.52819253338708
 10
387.1683495243391
 20
192.1524811204937
 10
387.9272884792752
 20
191.81363423665366
 10
388.70186212990023
 20
191.5122357590331
 10
389.49067195256555
 20
191.24886956479816
 10
390.2923194236226
 20
191.0241195311149
 10
391.1054060194228
 20
190.83856953514947
 10
391.92853321631753
 20
190.69280345406798
 10
392.76030249065826
 20
190.58740516503653
 10
393.5993153187964
 20
190.52295854522123
 10
394.44417317708337
 20
190.5000474717882
  0
LWPOLYLINE
  5
1CA
330
17
100
AcDbEntity
  8
EJE_VIA
100
AcDbPolyline
 90
17
 70
0
 10
384.56614176432294
 20
235.63330756293405
 10
383.84969207975604
 20
235.59883199218248
 10
383.15371460384796
 20
235.49440135558447
 10
382.48173395792645
 20
235.3235165567862
 10
381.8372747633193
 20
235.08967849943375
 10
381.22386164135406
 20
234.7963880871733
 10
380.6450192133586
 20
234.44714622365106
 10
380.1042721006606
 20
234.0454538125131
 10
379.6051449245877
 20
233.5948117574056
 10
379.1511623064677
 20
233.09872096197475
 10
378.74584886762835
 20
232.56068232986664
 10
378.3927292293973
 20
231.98419676472744
 10
378.09532801310223
 20
231.37276517020334
 10
377.857169840071
 20
230.72988844994043
 10
377.68177933163116
 20
230.0590675075849
 10
377.57268110911053
 20
229.3638032467829
 10
377.53339979383685
 20
228.64759657118057
  0
LWPOLYLINE
  5
1CB
330
17
100
AcDbEntity
  8
EJE_VIA
100
AcDbPolyline
 90
33
 70
0
 10
316.56663682725696
 20
228.76168145073785
 10
316.5615327159564
 20
229.01079412963657
 10
316.54417170418634
 20
229.25826470057171
 10
316.51472326782016
 20
229.5036797059907
 10
316.47335688273114
 20
229.74662568834094
 10
316.42024202479257
 20
229.98668919006985
 10
316.3555481698778
 20
230.22345675362482
 10
316.27944479386014
 20
230.45651492145328
 10
316.19210137261285
 20
230.68545023600262
 10
316.0936873820093
 20
230.90984923972024
 10
315.9843722979228
 20
231.1292984750536
 10
315.8643255962266
 20
231.34338448445004
 10
315.73371675279407
 20
231.551693810357
 10
315.5927152434985
 20
231.7538129952219
 10
315.4414905442132
 20
231.94932858149213
 10
315.2802121308115
 20
232.13782711161508
 10
315.1090494791667
 20
232.3188951280382
 10
314.92911613649795
 20
232.49125281555786
 10
314.74168750974866
 20
232.6537749171257
 10
314.54717586437863
 20
232.80628934916524
 10
314.34599346584747
 20
232.9486240280999
 10
314.13855257961484
 20
233.08060687035322
 10
313.92526547114056
 20
233.20206579234866
 10
313.70654440588424
 20
233.31282871050968
 10
313.48280164930554
 20
233.41272354125977
 10
313.2544494668643
 20
233.50157820102243
 10
313.0219001240201
 20
233.5792206062211
 10
312.7855658862326
 20
233.64547867327929
 10
312.5458590189616
 20
233.70018031862048
 10
312.3031917876668
 20
233.74315345866813
 10
312.05797645780774
 20
233.77422600984573
 10
311.81062529484433
 20
233.79322588857679
 10
311.56155056423614
 20
233.79998101128473
  0
LWPOLYLINE
  5
1CC
330
17
100
AcDbEntity
  8
EJE_VIA
100
AcDbPolyline
 90
33
 70
0
 10
316.066657172309
 20
228.76385158962674
 10
316.0620556771755
 20
228.98813507623143
 10
316.0464200708601
 20
229.21094006962247
 10
316.01990284191237
 20
229.43189433879323
 10
315.98265647888184
 20
229.6506256527371
 10
315.93483347031804
 20
229.86676178044743
 10
315.87658630477057
 20
230.07993049091763
 10
315.80806747078896
 20
230.28975955314107
 10
315.72942945692273
 20
230.49587673611111
 10
315.6408247517215
 20
230.69790980882115
 10
315.54240584373474
 20
230.89548654026456
 10
315.43432522151204
 20
231.0882346994347
 10
315.31673537360297
 20
231.27578205532498
 10
315.18978878855705
 20
231.45775637692876
 10
315.05363795492383
 20
231.6337854332394
 10
314.9084353612529
 20
231.80349699325032
 10
314.75433349609375
 20
231.96651882595486
 10
314.5923347108894
 20
232.1216959423489
 10
314.42358718978033
 20
232.26801819271512
 10
314.2484621703625
 20
232.40533060497708
 10
314.0673308902317
 20
232.53347820705838
 10
313.8805645869838
 20
232.6523060268826
 10
313.6885344982147
 20
232.76165909237332
 10
313.49161186152037
 20
232.86138243145413
 10
313.2901679144965
 20
232.95132107204861
 10
313.08457389473915
 20
233.03132004208035
 10
312.8752010398441
 20
233.10122436947293
 10
312.6624205874072
 20
233.16087908214993
 10
312.4466037750244
 20
233.21012920803494
 10
312.2281218402916
 20
233.24881977505154
 10
312.0073460208045
 20
233.27679581112332
 10
311.78464755415916
 20
233.29390234417386
 10
311.5603976779514
 20
233.29998440212674
  0
LWPOLYLINE
  5
1CD
330
17
100
AcDbEntity
  8
EJE_VIA
100
AcDbPolyline
 90
17
 70
0
 10
311.4384969075521
 20
203.86667887369794
 10
311.95076502031753
 20
203.89132912788128
 10
312.44839323891534
 20
203.96600133842892
 10
312.9288612802824
 20
204.08819186190766
 10
313.3896488613553
 20
204.25539705488418
 10
313.82823569907083
 20
204.46511327392525
 10
314.24210151036584
 20
204.71483687559765
 10
314.62872601217697
 20
205.00206421646809
 10
314.985588921441
 20
205.3242916531033
 10
315.3101699550947
 20
205.6790155420701
 10
315.59994883007477
 20
206.06373223993515
 10
315.85240526331796
 20
206.47593810326524
 10
316.0650189717611
 20
206.91312948862713
 10
316.23526967234085
 20
207.37280275258755
 10
316.36063708199396
 20
207.85245425171323
 10
316.43860091765725
 20
208.34958034257096
 10
316.4666408962674
 20
208.86167738172745
  0
LWPOLYLINE
  5
1CE
330
17
100
AcDbEntity
  8
EJE_VIA
100
AcDbPolyline
 90
17
 70
0
 10
311.4396497938368
 20
204.36667548285592
 10
311.9008619007137
 20
204.3888704892662
 10
312.34889328479767
 20
204.45610172218747
 10
312.7814748469326
 20
204.56611508296598
 10
313.1963374879625
 20
204.71665647294788
 10
313.59121210873127
 20
204.9054717934794
 10
313.9638296100828
 20
205.13030694590677
 10
314.31192089286117
 20
205.38890783157615
 10
314.63321685791016
 20
205.67902035183377
 10
314.92544840607377
 20
205.99839040802587
 10
315.186346438196
 20
206.3447639014986
 10
315.41364185512066
 20
206.71588673359818
 10
315.6050655576918
 20
207.10950480567087
 10
315.7583484467533
 20
207.5233640190628
 10
315.8712214231491
 20
207.9552102751202
 10
315.94141538772317
 20
208.40278947518934
 10
315.96666124131946
 20
208.86384752061633
  0
LWPOLYLINE
  5
1CF
330
17
100
AcDbEntity
  8
EJE_VIA
100
AcDbPolyline
 90
3
 70
0
 10
273.7333509657118
 20
235.86666531032986
 10
273.7333509657118
 20
233.36666531032986
 10
276.6999986436632
 20
233.36666531032986
  0
LWPOLYLINE
  5
1D0
330
17
100
AcDbEntity
  8
EJE_VIA
100
AcDbPolyline
 90
3
 70
0
 10
299.26666259765625
 20
223.2666693793403
 10
299.26666259765625
 20
222.13333129882812
 10
300.6333414713542
 20
222.13333129882812
  0
LWPOLYLINE
  5
1D1
330
17
100
AcDbEntity
  8
EJE_VIA
100
AcDbPolyline
 90
3
 70
0
 10
301.9000244140625
 20
222.13333129882812
 10
303.26666937934027
 20
222.13333129882812
 10
303.26666937934027
 20
223.2333204481337
  0
LINE
  5
1D2
330
17
100
AcDbEntity
  8
EJE_VIA
100
AcDbLine
 10
303.23333740234375
 20
207.39998711480035
 30
0.0
 11
299.23333062065973
 21
207.39998711480035
 31
0.0
  0
LWPOLYLINE
  5
1D3
330
17
100
AcDbEntity
  8
EJE_VIA
100
AcDbPolyline
 90
3
 70
0
 10
303.23333740234375
 20
216.26666598849826
 10
303.23333740234375
 20
217.39998711480035
 10
301.866692437066
 20
217.39998711480035
  0
LWPOLYLINE
  5
1D4
330
17
100
AcDbEntity
  8
EJE_VIA
100
AcDbPolyline
 90
3
 70
0
 10
300.6333414713542
 20
217.39998711480035
 10
299.23333062065973
 20
217.39998711480035
 10
299.23333062065973
 20
216.26666598849826
  0
LWPOLYLINE
  5
1D5
330
17
100
AcDbEntity
  8
EJE_VIA
100
AcDbPolyline
 90
33
 70
0
 10
318.5666232638889
 20
228.7530517578125
 10
318.5594796223773
 20
229.1014778489868
 10
318.5351931386524
 20
229.44760710000992
 10
318.4940008901888
 20
229.79086127132177
 10
318.436139954461
 20
230.13066212336224
 10
318.36184740894373
 20
230.46643141657114
 10
318.2713603311115
 20
230.7975909113884
 10
318.1649157984389
 20
231.12356236825389
 10
318.04275088840063
 20
231.44376754760742
 10
317.90510267847117
 20
231.75762820988894
 10
317.7522082461251
 20
232.0645661155383
 10
317.58430466883715
 20
232.36400302499533
 10
317.4016290240818
 20
232.65536069869995
 10
317.2044183893336
 20
232.93806089709204
 10
316.9929098420673
 20
233.21152538061142
 10
316.7673404597574
 20
233.475175909698
 10
316.5279473198785
 20
233.72843424479169
 10
316.2762749940157
 20
233.96950266427464
 10
316.01411985026465
 20
234.19681482844882
 10
315.742058513893
 20
234.41013003389043
 10
315.46066761016846
 20
234.60920757717557
 10
315.1705237643586
 20
234.79380675488048
 10
314.8722036017312
 20
234.96368686358136
 10
314.5662837475538
 20
235.11860719985432
 10
314.2533408270942
 20
235.2583270602756
 10
313.93395146561994
 20
235.3826057414214
 10
313.60869228839874
 20
235.49120253986783
 10
313.27813992069827
 20
235.58387675219112
 10
312.9428709877862
 20
235.66038767496747
 10
312.60346211493015
 20
235.720494604773
 10
312.2604899273978
 20
235.76395683818393
 10
311.9145310504569
 20
235.79053367177647
 10
311.566162109375
 20
235.79998440212674
  0
LWPOLYLINE
  5
1D6
330
17
100
AcDbEntity
  8
EJE_VIA
100
AcDbPolyline
 90
17
 70
0
 10
311.43385145399304
 20
201.86667548285592
 10
312.1503499481413
 20
201.90115568538508
 10
312.8463718626234
 20
202.00559967093997
 10
313.5183921787474
 20
202.17650571631063
 10
314.16288587782117
 20
202.41037209828696
 10
314.7763279411528
 20
202.70369709365897
 10
315.3551933500502
 20
203.0529789792167
 10
315.89595708582135
 20
203.45471603175005
 10
316.3950941297743
 20
203.90540652804904
 10
316.849079463217
 20
204.4015487449037
 10
317.2543880674574
 20
204.9396409591039
 10
317.60749492380353
 20
205.51618144743972
 10
317.90487501356336
 20
206.12766848670114
 10
318.14300331804486
 20
206.77060035367808
 10
318.31835481855603
 20
207.44147532516055
 10
318.42740449640485
 20
208.1367916779386
 10
318.4666273328993
 20
208.8530476888021
  0
LWPOLYLINE
  5
1D7
330
17
100
AcDbEntity
  8
EJE_VIA
100
AcDbPolyline
 90
33
 70
0
 10
409.43657769097223
 20
299.6659003363715
 10
409.1856535772483
 20
299.66396187742555
 10
408.93624610371063
 20
299.6495740943485
 10
408.6887791587247
 20
299.6229055689441
 10
408.44367663065594
 20
299.584124883016
 10
408.2013624078698
 20
299.53340061836775
 10
407.9622603787316
 20
299.47090135680304
 10
407.72679443160695
 20
299.3967956801256
 10
407.49538845486114
 20
299.3112521701389
 10
407.2684663368596
 20
299.2144394086467
 10
407.04645196596783
 20
299.10652597745263
 10
406.8297692305512
 20
298.9876804583603
 10
406.61884201897516
 20
298.8580714331733
 10
406.41409421960515
 20
298.7178674836954
 10
406.2159497208066
 20
298.5672371917301
 10
406.02483241094484
 20
298.4063491390811
 10
405.84116617838544
 20
298.2353719075521
 10
405.6662644942602
 20
298.05543310940266
 10
405.5012893676758
 20
297.86782801151276
 10
405.34641842047375
 20
297.6729766776165
 10
405.2018292744955
 20
297.47129917144775
 10
405.06769955158234
 20
297.26321555674076
 10
404.94420687357587
 20
297.04914589722955
 10
404.83152886231744
 20
296.82951025664806
 10
404.72984313964844
 20
296.60472869873047
 10
404.6393273274104
 20
296.3752212872108
 10
404.5601590474447
 20
296.14140808582306
 10
404.4925159215927
 20
295.90370915830135
 10
404.436575571696
 20
295.66254456837976
 10
404.3925156195959
 20
295.4183343797922
 10
404.3605136871338
 20
295.1714986562729
 10
404.34074739615124
 20
294.92245746155584
 10
404.3333943684896
 20
294.671630859375
  0
LWPOLYLINE
  5
1D8
330
17
100
AcDbEntity
  8
EJE_VIA
100
AcDbPolyline
 90
33
 70
0
 10
409.47109646267364
 20
301.6656155056424
 10
409.1201362344954
 20
301.6629022690985
 10
408.77129713694256
 20
301.64277633031213
 10
408.4251720375485
 20
301.60547352499435
 10
408.0823538038466
 20
301.5512296888563
 10
407.7434353033702
 20
301.48028065760934
 10
407.40900940365265
 20
301.3928622669644
 10
407.07966897222735
 20
301.2892103526327
 10
406.7560068766276
 20
301.16956075032556
 10
406.4386159843869
 20
301.03414929575393
 10
406.1280891630385
 20
300.88321182462903
 10
405.8250192801158
 20
300.71698417266214
 10
405.52999920315216
 20
300.53570217556427
 10
405.24362179968097
 20
300.3396016690466
 10
404.96647993723553
 20
300.12891848882043
 10
404.6991664833493
 20
299.90388847059677
 10
404.4422743055556
 20
299.6647474500868
 10
404.1976489954525
 20
299.4130725661914
 10
403.9669066005283
 20
299.15067540274725
 10
403.7502956721518
 20
298.87814346286984
 10
403.54806476169165
 20
298.5960642496745
 10
403.36046242051657
 20
298.30502526627646
 10
403.1877371999953
 20
298.00561401579114
 10
403.0301376514965
 20
297.6984180013339
 10
402.8879123263889
 20
297.38402472601996
 10
402.7613097760413
 20
297.06302169296475
 10
402.65057855182226
 20
296.73599640528363
 10
402.5559672051006
 20
296.4035363660918
 10
402.47772428724505
 20
296.06622907850476
 10
402.41609834962424
 20
295.7246620456378
 10
402.37133794360693
 20
295.37942277060614
 10
402.34369162056186
 20
295.03109875652524
 10
402.33340793185766
 20
294.68027750651044
  0
LWPOLYLINE
  5
1D9
330
17
100
AcDbEntity
  8
EJE_VIA
100
AcDbPolyline
 90
33
 70
0
 10
409.42796495225696
 20
299.1659884982639
 10
409.20204827355013
 20
299.16424353917444
 10
408.9774970875846
 20
299.15128972795276
 10
408.7546930130985
 20
299.127278857761
 10
408.53401766883
 20
299.0923627217611
 10
408.3158526735173
 20
299.0466931131151
 10
408.1005796458986
 20
298.9904218249851
 10
407.888580204712
 20
298.9237006505331
 10
407.68023596869574
 20
298.846681382921
 10
407.475928556588
 20
298.75951581531103
 10
407.27603958712683
 20
298.6623557408651
 10
407.08095067905055
 20
298.55535295274524
 10
406.8910434510973
 20
298.4386592441135
 10
406.7066995220052
 20
298.31242640813196
 10
406.52830051051245
 20
298.1768062379625
 10
406.3562280353573
 20
298.03195052676733
 10
406.19086371527777
 20
297.87801106770837
 10
406.033401414752
 20
297.71600909531116
 10
405.88487459553613
 20
297.54710415999097
 10
405.7454433457719
 20
297.3716746022304
 10
405.6152677536011
 20
297.1900987625122
 10
405.4945079071654
 20
297.00275498131913
 10
405.3833238946067
 20
296.81002159913385
 10
405.28187580406666
 20
296.612276956439
 10
405.1903237236871
 20
296.40989939371747
 10
405.1088277416097
 20
296.20326725145185
 10
405.03754794597626
 20
295.9927588701248
 10
404.97664442492857
 20
295.7787525902192
 10
404.92627726660834
 20
295.56162675221765
 10
404.88660655915737
 20
295.3417596966028
 10
404.8577923907174
 20
295.11952976385754
 10
404.8399948494302
 20
294.89531529446447
 10
404.8333740234375
 20
294.66949462890625
  0
LWPOLYLINE
  5
1DA
330
17
100
AcDbEntity
  8
EJE_VIA
100
AcDbPolyline
 90
17
 70
0
 10
401.6642252604167
 20
287.81636555989587
 10
401.97413180437354
 20
288.07256073587473
 10
402.26719174120166
 20
288.3444381422467
 10
402.54298629860085
 20
288.63114488621557
 10
402.8010967042711
 20
288.9318280749851
 10
403.0411041859124
 20
289.24563481575916
 10
403.2625899712245
 20
289.5717122157415
 10
403.4651352879074
 20
289.90920738213595
 10
403.64832136366107
 20
290.2572674221463
 10
403.8117294261853
 20
290.61503944297635
 10
403.9549407031801
 20
290.9816705518299
 10
404.0775364223454
 20
291.35630785591076
 10
404.17909781138104
 20
291.7380984624227
 10
404.259206097987
 20
292.1261894785696
 10
404.31744250986316
 20
292.5197280115552
 10
404.3533882747094
 20
292.9178611685833
 10
404.3666246202257
 20
293.31973605685766
  0
LWPOLYLINE
  5
1DB
330
17
100
AcDbEntity
  8
EJE_VIA
100
AcDbPolyline
 90
17
 70
0
 10
400.43450249565973
 20
289.3936496310764
 10
400.6560757756233
 20
289.5768227676551
 10
400.8656043476529
 20
289.77120704121063
 10
401.0627887977494
 20
289.97619279556807
 10
401.24732971191406
 20
290.1911703745524
 10
401.4189276761479
 20
290.41553012198875
 10
401.57728327645196
 20
290.648662381702
 10
401.72209709882736
 20
290.8899574975173
 10
401.8530697292752
 20
291.1388058132596
 10
401.9699017537965
 20
291.3945976727539
 10
402.07229375839233
 20
291.65672341982525
 10
402.15994632906387
 20
291.9245733982987
 10
402.2325600518121
 20
292.19753795199927
 10
402.2898355126381
 20
292.47500742475194
 10
402.331473297543
 20
292.7563721603818
 10
402.35717399252786
 20
293.04102250271376
 10
402.36663818359375
 20
293.32834879557294
  0
LWPOLYLINE
  5
1DC
330
17
100
AcDbEntity
  8
EJE_VIA
100
AcDbPolyline
 90
17
 70
0
 10
401.97163899739587
 20
287.4220445421007
 10
402.3036328620381
 20
287.69649401307106
 10
402.61757824156024
 20
287.9877441459232
 10
402.91302671035135
 20
288.2948811021116
 10
403.1895298428006
 20
288.6169910430908
 10
403.44663921329715
 20
288.9531601303154
 10
403.6839063962301
 20
289.30247452523975
 10
403.9008829659886
 20
289.66402038931847
 10
404.09712049696185
 20
290.0368838840061
 10
404.2721705635389
 20
290.4201511707571
 10
404.42558474010895
 20
290.812908411026
 10
404.5569146010611
 20
291.2142417662674
 10
404.66571172078454
 20
291.62323739793567
 10
404.75152767366836
 20
292.0389814674854
 10
404.81391403410174
 20
292.4605601363712
 10
404.8524223764738
 20
292.88705956604747
 10
404.86660427517364
 20
293.31756591796875
  0
LWPOLYLINE
  5
1DD
330
17
100
AcDbEntity
  8
EJE_VIA
100
AcDbPolyline
 90
5
 70
0
 10
388.8000149197049
 20
282.7333238389757
 10
388.8000149197049
 20
279.73332722981775
 10
397.30000813802087
 20
279.73332722981775
 10
397.30000813802087
 20
282.7333238389757
 10
388.8000149197049
 20
282.7333238389757
  0
LWPOLYLINE
  5
1DE
330
17
100
AcDbEntity
  8
EJE_VIA
100
AcDbPolyline
 90
5
 70
0
 10
388.76668294270837
 20
296.19998508029516
 10
388.76668294270837
 20
299.1999986436632
 10
402.5333319769965
 20
299.1999986436632
 10
402.5333319769965
 20
296.19998508029516
 10
388.76668294270837
 20
296.19998508029516
  0
LWPOLYLINE
  5
1DF
330
17
100
AcDbEntity
  8
EJE_VIA
100
AcDbPolyline
 90
3
 70
0
 10
309.23333062065973
 20
203.86666191948785
 10
303.23333740234375
 20
213.39999728732639
 10
299.23333062065973
 20
213.39999728732639
  0
LWPOLYLINE
  5
1E0
330
17
100
AcDbEntity
  8
EJE_VIA
100
AcDbPolyline
 90
4
 70
0
 10
309.13333468967016
 20
204.36665852864584
 10
303.33333333333337
 20
213.59998914930557
 10
299.13333468967016
 20
213.59998914930557
 10
293.3000013563368
 20
204.43332248263889
  0
LWPOLYLINE
  5
1E1
330
17
100
AcDbEntity
  8
EJE_VIA
100
AcDbPolyline
 90
4
 70
0
 10
309.366692437066
 20
204.36665852864584
 10
303.46666124131946
 20
213.7999979654948
 10
299.03333875868054
 20
213.7999979654948
 10
293.06667751736114
 20
204.43332248263889
  0
LWPOLYLINE
  5
1E2
330
17
100
AcDbEntity
  8
EJE_VIA
100
AcDbPolyline
 90
4
 70
0
 10
309.6000162760417
 20
204.36665852864584
 10
303.5666910807292
 20
213.99998982747397
 10
298.90001085069446
 20
213.99998982747397
 10
292.83335367838544
 20
204.43332248263889
  0
LWPOLYLINE
  5
1E3
330
17
100
AcDbEntity
  8
EJE_VIA
100
AcDbPolyline
 90
4
 70
0
 10
309.8333401150174
 20
204.36665852864584
 10
303.66668701171875
 20
214.1999986436632
 10
298.8000149197049
 20
214.1999986436632
 10
292.5999959309896
 20
204.43332248263889
  0
LWPOLYLINE
  5
1E4
330
17
100
AcDbEntity
  8
EJE_VIA
100
AcDbPolyline
 90
4
 70
0
 10
310.0999959309896
 20
204.36665852864584
 10
303.8000149197049
 20
214.39999050564236
 10
298.70001898871527
 20
214.39999050564236
 10
292.3333401150174
 20
204.43332248263889
  0
LWPOLYLINE
  5
1E5
330
17
100
AcDbEntity
  8
EJE_VIA
100
AcDbPolyline
 90
3
 70
0
 10
309.29999457465277
 20
233.76666598849826
 10
303.26666937934027
 20
226.2999979654948
 10
299.26666259765625
 20
226.2999979654948
  0
LWPOLYLINE
  5
1E6
330
17
100
AcDbEntity
  8
EJE_VIA
100
AcDbPolyline
 90
4
 70
0
 10
309.13333468967016
 20
233.2666693793403
 10
303.3666653103299
 20
226.09998914930557
 10
299.1666666666667
 20
226.09998914930557
 10
293.43332926432294
 20
233.30000135633682
  0
LWPOLYLINE
  5
1E7
330
17
100
AcDbEntity
  8
EJE_VIA
100
AcDbPolyline
 90
4
 70
0
 10
310.16665988498266
 20
233.2666693793403
 10
303.7333509657118
 20
225.29998779296875
 10
298.8000149197049
 20
225.29998779296875
 10
292.40000406901044
 20
233.33333333333334
  0
LWPOLYLINE
  5
1E8
330
17
100
AcDbEntity
  8
EJE_VIA
100
AcDbPolyline
 90
4
 70
0
 10
309.90000406901044
 20
233.2666693793403
 10
303.66668701171875
 20
225.499996609158
 10
298.86667887369794
 20
225.499996609158
 10
292.66665988498266
 20
233.33333333333334
  0
LWPOLYLINE
  5
1E9
330
17
100
AcDbEntity
  8
EJE_VIA
100
AcDbPolyline
 90
4
 70
0
 10
309.66668023003473
 20
233.2666693793403
 10
303.5666910807292
 20
225.69998847113717
 10
298.9666748046875
 20
225.69998847113717
 10
292.9000176323785
 20
233.33333333333334
  0
LWPOLYLINE
  5
1EA
330
17
100
AcDbEntity
  8
EJE_VIA
100
AcDbPolyline
 90
4
 70
0
 10
309.4000244140625
 20
233.2666693793403
 10
303.46666124131946
 20
225.89999728732639
 10
299.0666707356771
 20
225.89999728732639
 10
293.1666734483507
 20
233.30000135633682
  0
LWPOLYLINE
  5
1EB
330
17
100
AcDbEntity
  8
EJE_VIA
100
AcDbPolyline
 90
17
 70
0
 10
311.70054117838544
 20
257.9000006781684
 10
312.2866814914677
 20
257.92299672133396
 10
312.8616170750724
 20
257.99357023504047
 10
313.42309581736725
 20
258.1100175695287
 10
313.9688656065199
 20
258.27063507503937
 10
314.4966743306981
 20
258.4737191018131
 10
315.0042698780696
 20
258.7175660000907
 10
315.4894001368019
 20
259.0004721201129
 10
315.9498129950629
 20
259.32073381212024
 10
316.3832563410203
 20
259.67664742635355
 10
316.7874780628416
 20
260.0665093130536
 10
317.1602260486947
 20
260.48861582246093
 10
317.49924818674725
 20
260.94126330481635
 10
317.80229236516686
 20
261.4227481103606
 10
318.06710647212134
 20
261.9313665893343
 10
318.29143839577836
 20
262.4654150919782
 10
318.47303602430554
 20
263.023189968533
  0
LWPOLYLINE
  5
1EC
330
17
100
AcDbEntity
  8
EJE_VIA
100
AcDbPolyline
 90
3
 70
0
 10
309.3333265516493
 20
259.76665920681427
 10
303.3666653103299
 20
268.3000013563368
 10
299.366692437066
 20
268.3000013563368
  0
LWPOLYLINE
  5
1ED
330
17
100
AcDbEntity
  8
EJE_VIA
100
AcDbPolyline
 90
3
 70
0
 10
310.23335774739587
 20
260.26665581597223
 10
303.90001085069446
 20
269.29999457465277
 10
299.366692437066
 20
269.29999457465277
  0
LWPOLYLINE
  5
1EE
330
17
100
AcDbEntity
  8
EJE_VIA
100
AcDbPolyline
 90
3
 70
0
 10
309.9666680230035
 20
260.26665581597223
 10
303.76668294270837
 20
269.09998575846356
 10
299.366692437066
 20
269.09998575846356
  0
LWPOLYLINE
  5
1EF
330
17
100
AcDbEntity
  8
EJE_VIA
100
AcDbPolyline
 90
3
 70
0
 10
309.73334418402777
 20
260.26665581597223
 10
303.66668701171875
 20
268.8999938964844
 10
299.366692437066
 20
268.8999938964844
  0
LWPOLYLINE
  5
1F0
330
17
100
AcDbEntity
  8
EJE_VIA
100
AcDbPolyline
 90
3
 70
0
 10
309.5000203450521
 20
260.26665581597223
 10
303.5666910807292
 20
268.70000203450525
 10
299.366692437066
 20
268.70000203450525
  0
LWPOLYLINE
  5
1F1
330
17
100
AcDbEntity
  8
EJE_VIA
100
AcDbPolyline
 90
3
 70
0
 10
309.23333062065973
 20
260.26665581597223
 10
303.46666124131946
 20
268.499993218316
 10
299.366692437066
 20
268.499993218316
  0
LWPOLYLINE
  5
1F2
330
17
100
AcDbEntity
  8
EJE_VIA
100
AcDbPolyline
 90
3
 70
0
 10
309.433356391059
 20
293.33333333333337
 10
303.3999972873264
 20
284.36665852864587
 10
299.4000244140625
 20
284.36665852864587
  0
LWPOLYLINE
  5
1F3
330
17
100
AcDbEntity
  8
EJE_VIA
100
AcDbPolyline
 90
4
 70
0
 10
309.3333265516493
 20
292.83331976996527
 10
303.499993218316
 20
284.1666666666667
 10
299.29999457465277
 20
284.1666666666667
 10
293.499993218316
 20
292.8666517469618
  0
LWPOLYLINE
  5
1F4
330
17
100
AcDbEntity
  8
EJE_VIA
100
AcDbPolyline
 90
4
 70
0
 10
309.56668429904516
 20
292.83331976996527
 10
303.6000230577257
 20
283.9666578504774
 10
299.1999986436632
 20
283.9666578504774
 10
293.26666937934027
 20
292.8666517469618
  0
LWPOLYLINE
  5
1F5
330
17
100
AcDbEntity
  8
EJE_VIA
100
AcDbPolyline
 90
4
 70
0
 10
309.80000813802087
 20
292.83331976996527
 10
303.7333509657118
 20
283.7666659884983
 10
299.0666707356771
 20
283.7666659884983
 10
293.0333455403646
 20
292.8666517469618
  0
LWPOLYLINE
  5
1F6
330
17
100
AcDbEntity
  8
EJE_VIA
100
AcDbPolyline
 90
4
 70
0
 10
310.06666395399304
 20
292.83331976996527
 10
303.8333468967014
 20
283.566657172309
 10
298.9666748046875
 20
283.566657172309
 10
292.8000217013889
 20
292.89998372395837
  0
LWPOLYLINE
  5
1F7
330
17
100
AcDbEntity
  8
EJE_VIA
100
AcDbPolyline
 90
4
 70
0
 10
310.3000217013889
 20
292.83331976996527
 10
303.933342827691
 20
283.3666653103299
 10
298.86667887369794
 20
283.3666653103299
 10
292.56666395399304
 20
292.89998372395837
  0
LWPOLYLINE
  5
1F8
330
17
100
AcDbEntity
  8
EJE_VIA
100
AcDbPolyline
 90
3
 70
0
 10
388.933342827691
 20
233.59998914930557
 10
394.90000406901044
 20
226.566653781467
 10
398.90001085069446
 20
226.566653781467
  0
LWPOLYLINE
  5
1F9
330
17
100
AcDbEntity
  8
EJE_VIA
100
AcDbPolyline
 90
3
 70
0
 10
389.10000271267364
 20
233.09999254014758
 10
394.80000813802087
 20
226.36666191948785
 10
398.90001085069446
 20
226.36666191948785
  0
LWPOLYLINE
  5
1FA
330
17
100
AcDbEntity
  8
EJE_VIA
100
AcDbPolyline
 90
3
 70
0
 10
388.8333468967014
 20
233.09999254014758
 10
394.73334418402777
 20
226.1666700575087
 10
398.90001085069446
 20
226.1666700575087
  0
LWPOLYLINE
  5
1FB
330
17
100
AcDbEntity
  8
EJE_VIA
100
AcDbPolyline
 90
3
 70
0
 10
388.566657172309
 20
233.09999254014758
 10
394.6333482530382
 20
225.96666124131946
 10
398.90001085069446
 20
225.96666124131946
  0
LWPOLYLINE
  5
1FC
330
17
100
AcDbEntity
  8
EJE_VIA
100
AcDbPolyline
 90
3
 70
0
 10
388.30000135633685
 20
233.09999254014758
 10
394.53335232204864
 20
225.7666693793403
 10
398.90001085069446
 20
225.7666693793403
  0
LWPOLYLINE
  5
1FD
330
17
100
AcDbEntity
  8
EJE_VIA
100
AcDbPolyline
 90
3
 70
0
 10
388.0333455403646
 20
233.09999254014758
 10
394.433356391059
 20
225.56666056315106
 10
398.90001085069446
 20
225.56666056315106
  0
LWPOLYLINE
  5
1FE
330
17
100
AcDbEntity
  8
EJE_VIA
100
AcDbPolyline
 90
5
 70
0
 10
299.366692437066
 20
273.43332926432294
 10
299.366692437066
 20
276.4333258734809
 10
311.03335910373266
 20
276.4333258734809
 10
311.03335910373266
 20
273.43332926432294
 10
299.366692437066
 20
273.43332926432294
  0
LWPOLYLINE
  5
1FF
330
17
100
AcDbEntity
  8
EJE_VIA
100
AcDbPolyline
 90
5
 70
0
 10
303.3999972873264
 20
289.8666720920139
 10
303.43332926432294
 20
292.8666517469618
 10
299.433356391059
 20
292.8666517469618
 10
299.4000244140625
 20
289.8666720920139
 10
303.3999972873264
 20
289.8666720920139
  0
LWPOLYLINE
  5
200
330
17
100
AcDbEntity
  8
EJE_VIA
100
AcDbPolyline
 90
5
 70
0
 10
303.33333333333337
 20
260.29998779296875
 10
303.3666653103299
 20
263.3000013563368
 10
299.366692437066
 20
263.3000013563368
 10
299.3333265516493
 20
260.29998779296875
 10
303.33333333333337
 20
260.29998779296875
  0
LWPOLYLINE
  5
201
330
17
100
AcDbEntity
  8
EJE_VIA
100
AcDbPolyline
 90
5
 70
0
 10
303.23333740234375
 20
204.39999050564236
 10
303.23333740234375
 20
207.39998711480035
 10
299.23333062065973
 20
207.39998711480035
 10
299.23333062065973
 20
204.39999050564236
 10
303.23333740234375
 20
204.39999050564236
  0
LWPOLYLINE
  5
202
330
17
100
AcDbEntity
  8
EJE_VIA
100
AcDbPolyline
 90
5
 70
0
 10
303.26666937934027
 20
230.29998779296875
 10
303.3000013563368
 20
233.30000135633682
 10
299.29999457465277
 20
233.30000135633682
 10
299.26666259765625
 20
230.29998779296875
 10
303.26666937934027
 20
230.29998779296875
  0
LWPOLYLINE
  5
203
330
17
100
AcDbEntity
  8
EJE_VIA
100
AcDbPolyline
 90
5
 70
0
 10
398.933342827691
 20
221.7999945746528
 10
398.90001085069446
 20
218.7999979654948
 10
388.1333414713542
 20
218.89999389648438
 10
388.1333414713542
 20
221.89999050564236
 10
398.933342827691
 20
221.7999945746528
  0
LWPOLYLINE
  5
204
330
17
100
AcDbEntity
  8
EJE_VIA
100
AcDbPolyline
 90
5
 70
0
 10
398.90001085069446
 20
230.06666395399307
 10
398.933342827691
 20
233.06666056315106
 10
394.93333604600696
 20
233.06666056315106
 10
394.90000406901044
 20
230.06666395399307
 10
398.90001085069446
 20
230.06666395399307
  0
LWPOLYLINE
  5
205
330
17
100
AcDbEntity
  8
EJE_VIA
100
AcDbPolyline
 90
5
 70
0
 10
398.8333468967014
 20
192.999996609158
 10
398.8333468967014
 20
195.99999321831598
 10
394.8333401150174
 20
195.99999321831598
 10
394.8333401150174
 20
192.999996609158
 10
398.8333468967014
 20
192.999996609158
  0
LWPOLYLINE
  5
206
330
17
100
AcDbEntity
  8
EJE_VIA
100
AcDbPolyline
 90
27
 70
0
 10
242.80002170138889
 20
293.3666653103299
 10
244.2999945746528
 20
293.066643608941
 10
245.73333740234375
 20
292.66665988498266
 10
248.1666734483507
 20
291.99998643663196
 10
250.5333455403646
 20
291.2666490342882
 10
252.933349609375
 20
290.53331163194446
 10
255.33335367838544
 20
289.7666761610243
 10
258.86667887369794
 20
288.59998914930554
 10
260.6666734483507
 20
287.99997965494794
 10
262.43333604600696
 20
287.40000406901044
 10
264.1999986436632
 20
286.76666259765625
 10
265.93332926432294
 20
286.1333211263021
 10
267.7000257703993
 20
285.4666476779514
 10
269.433356391059
 20
284.7666761610243
 10
272.1000162760417
 20
283.66665310329864
 10
273.3999972873264
 20
283.0999925401476
 10
274.70001220703125
 20
282.5
 10
276.03335910373266
 20
281.8999905056424
 10
277.3333401150174
 20
281.2999979654948
 10
278.6000230577257
 20
280.6666564941406
 10
279.90000406901044
 20
280.0333319769965
 10
280.999993218316
 20
279.46665445963544
 10
282.06668429904516
 20
278.8999938964844
 10
283.0333455403646
 20
278.3666653103299
 10
284.000006781684
 20
277.79998779296875
 10
284.9666680230035
 20
277.19999525282117
 10
285.8999972873264
 20
276.59998575846356
  0
LWPOLYLINE
  5
207
330
17
100
AcDbEntity
  8
EJE_VIA
100
AcDbPolyline
 90
78
 70
0
 10
276.6999986436632
 20
233.36666531032986
 10
277.9666815863715
 20
233.36666531032986
 10
278.20000542534723
 20
233.2666693793403
 10
278.70001898871527
 20
233.09999254014758
 10
279.1666666666667
 20
232.86666870117188
 10
279.6000162760417
 20
232.63332790798611
 10
280.0333319769965
 20
232.36665513780383
 10
280.4666815863715
 20
232.06666734483508
 10
280.83333333333337
 20
231.76666259765625
 10
281.20001898871527
 20
231.43332587348092
 10
281.5666707356771
 20
231.06665717230905
 10
281.866692437066
 20
230.66665649414062
 10
282.20001220703125
 20
230.2333238389757
 10
282.4666680230035
 20
229.79999118381076
 10
282.73335774739587
 20
229.33332655164932
 10
282.9666815863715
 20
228.83332994249133
 10
283.20000542534723
 20
228.33333333333334
 10
283.3666653103299
 20
227.8333197699653
 10
283.499993218316
 20
227.29999118381076
 10
283.63335503472223
 20
226.7999945746528
 10
283.70001898871527
 20
226.26666598849826
 10
283.7333509657118
 20
225.7666693793403
 10
283.70001898871527
 20
225.2333238389757
 10
283.66668701171875
 20
224.73332722981772
 10
283.53335910373266
 20
224.26666259765625
 10
283.46666124131946
 20
224.0333218044705
 10
283.3999972873264
 20
223.7999979654948
 10
283.26666937934027
 20
223.5333251953125
 10
283.1333414713542
 20
223.2666693793403
 10
282.9666815863715
 20
222.999996609158
 10
282.8000217013889
 20
222.76665581597223
 10
282.63332790798614
 20
222.53333197699655
 10
282.43333604600696
 20
222.29999118381076
 10
282.0000203450521
 20
221.86665852864584
 10
281.53333875868054
 20
221.43332587348092
 10
281.0666910807292
 20
221.06665717230905
 10
280.0999959309896
 20
220.33333672417535
 10
279.6000162760417
 20
220.0
 10
279.10000271267364
 20
219.6999952528212
 10
278.6000230577257
 20
219.46665445963544
 10
278.0333455403646
 20
219.23333062065973
 10
276.96668836805554
 20
218.76666598849826
 10
276.433342827691
 20
218.5333251953125
 10
275.8999972873264
 20
218.30000135633682
 10
273.3999972873264
 20
217.06666734483508
 10
272.0000203450521
 20
216.39999389648438
 10
270.60000949435766
 20
215.7666693793403
 10
269.1999986436632
 20
215.16665988498264
 10
267.8000217013889
 20
214.56666734483508
 10
266.36667887369794
 20
213.99998982747397
 10
264.93333604600696
 20
213.43332926432294
 10
263.50002712673614
 20
212.86666870117188
 10
262.06668429904516
 20
212.36665513780383
 10
260.6333414713542
 20
211.83332655164932
 10
259.1666666666667
 20
211.36666191948785
 10
257.73335774739587
 20
210.86666531032986
 10
256.26668294270837
 20
210.43333265516495
 10
254.80000813802084
 20
209.96666802300348
 10
253.33333333333334
 20
209.56666734483508
 10
251.83336046006946
 20
209.13333468967014
 10
250.36668565538196
 20
208.76666598849826
 10
249.00000678168405
 20
208.43332926432294
 10
247.6666937934028
 20
208.09999254014758
 10
246.30001491970486
 20
207.79998779296875
 10
244.93333604600696
 20
207.5
 10
243.56669108072919
 20
207.1999952528212
 10
242.16668023003473
 20
206.93332248263889
 10
240.80000135633682
 20
206.6999986436632
 10
239.43335639105905
 20
206.46665785047745
 10
238.0333455403646
 20
206.23333401150174
 10
236.66666666666669
 20
206.0333251953125
 10
235.26668972439236
 20
205.83333333333334
 10
233.90001085069446
 20
205.66665649414062
 10
232.5
 20
205.499996609158
 10
231.13335503472223
 20
205.36666870117188
 10
229.7333441840278
 20
205.2333238389757
 10
228.33333333333334
 20
205.0999959309896
 10
218.2666693793403
 20
205.03333197699655
  0
LWPOLYLINE
  5
208
330
17
100
AcDbEntity
  8
EJE_VIA
100
AcDbPolyline
 90
31
 70
0
 10
399.36665852864587
 20
202.69999186197919
 10
399.8333401150174
 20
202.29999118381076
 10
400.83333333333337
 20
201.566653781467
 10
401.86665852864587
 20
200.86666531032986
 10
402.9000176323785
 20
200.19999186197919
 10
403.9666748046875
 20
199.53333536783856
 10
405.0666639539931
 20
198.89999389648438
 10
406.13335503472223
 20
198.30000135633682
 10
407.26667616102435
 20
197.7333238389757
 10
408.30000135633685
 20
197.23332722981772
 10
409.33332655164935
 20
196.76666259765625
 10
410.4000176323785
 20
196.33332994249133
 10
411.4666748046875
 20
195.89999728732639
 10
412.5666639539931
 20
195.499996609158
 10
413.66668701171875
 20
195.13332790798611
 10
414.76667616102435
 20
194.76665920681424
 10
415.8666653103299
 20
194.46665445963544
 10
416.6999986436632
 20
194.26666259765625
 10
417.5333319769965
 20
194.0666707356771
 10
418.3999972873264
 20
193.86666191948785
 10
419.23333062065973
 20
193.70000203450522
 10
420.0999959309896
 20
193.56665717230905
 10
420.96666124131946
 20
193.43332926432294
 10
421.79999457465277
 20
193.33333333333334
 10
422.66665988498266
 20
193.23333740234375
 10
423.5333251953125
 20
193.1333245171441
 10
424.3999905056424
 20
193.06666056315106
 10
425.2666897243924
 20
193.0333285861545
 10
426.13335503472223
 20
192.999996609158
 10
427.0000203450521
 20
192.999996609158
 10
427.4666680230035
 20
192.999996609158
  0
LWPOLYLINE
  5
209
330
17
100
AcDbEntity
  8
EJE_VIA
100
AcDbPolyline
 90
33
 70
0
 10
401.6395738389757
 20
287.8453572591146
 10
401.3652054468791
 20
287.61343769315215
 10
401.1128748787774
 20
287.3634554611312
 10
400.883031156328
 20
287.09692285706603
 10
400.67612330118817
 20
286.8153521749708
 10
400.4926003350152
 20
286.52025570886
 10
400.33291127946643
 20
286.2131457527479
 10
400.19750515619916
 20
285.8955346006486
 10
400.08683098687067
 20
285.5689345465766
 10
400.0013377931383
 20
285.23485788454616
 10
399.94147459665936
 20
284.89481690857144
 10
399.9076904190911
 20
284.5503239126669
 10
399.90043428209094
 20
284.2028911908468
 10
399.9201552073161
 20
283.8540310371253
 10
399.9673022164239
 20
283.5052557455169
 10
400.04232433107165
 20
283.1580776100358
 10
400.1456705729167
 20
282.81400892469617
 10
400.2758782108625
 20
282.47918109512995
 10
400.4303288459778
 20
282.159327963988
 10
400.6077379981677
 20
281.8553654808137
 10
400.8068211873373
 20
281.56820959515045
 10
401.02629393339157
 20
281.29877625654143
 10
401.2648717562358
 20
281.04798141453
 10
401.52127017577493
 20
280.81674101865957
 10
401.79420471191406
 20
280.6059710184733
 10
402.0823908845584
 20
280.4165873635146
 10
402.3845442136129
 20
280.24950600332687
 10
402.6993802189827
 20
280.10564288745326
 10
403.02561442057294
 20
279.98591396543713
 10
403.36196233828866
 20
279.8912351868219
 10
403.7071394920349
 20
279.8225225011508
 10
404.0598614017169
 20
279.7806918579671
 10
404.4188435872396
 20
279.76665920681427
  0
LWPOLYLINE
  5
20A
330
17
100
AcDbEntity
  8
EJE_VIA
100
AcDbPolyline
 90
33
 70
0
 10
400.4098849826389
 20
289.42264133029516
 10
400.01402461694346
 20
289.08802926540375
 10
399.64996000130975
 20
288.72735606299506
 10
399.3183390878969
 20
288.3428036504322
 10
399.0198098288642
 20
287.9365539550781
 10
398.755020176371
 20
287.510788904296
 10
398.52461808257635
 20
287.067690425449
 10
398.3292514996396
 20
286.60944044589996
 10
398.1695683797201
 20
286.13822089301215
 10
398.0462166749769
 20
285.6562136941486
 10
397.95984433756934
 20
285.16560077667236
 10
397.9110993196567
 20
284.66856406794653
 10
397.9006295733982
 20
284.1672854953342
 10
397.929083050953
 20
283.6639469861984
 10
397.9971077044805
 20
283.1607304679023
 10
398.10535148613985
 20
282.6598178678089
 10
398.25446234809027
 20
282.16339111328125
 10
398.44232892824544
 20
281.68029995842113
 10
398.665172457695
 20
281.2188142206934
 10
398.9211397783624
 20
280.780255459249
 10
399.20837773217096
 20
280.3659452332391
 10
399.5250331610441
 20
279.97720510181455
 10
399.8692529069053
 20
279.61535662412643
 10
400.23918381167783
 20
279.2817213593258
 10
400.63297271728516
 20
278.9776208665636
 10
401.04876646565066
 20
278.70437670499086
 10
401.48471189869775
 20
278.46331043375864
 10
401.9389558583498
 20
278.2557436120179
 10
402.4096451865302
 20
278.0829977989197
 10
402.8949267251624
 20
277.946394553615
 10
403.39294731616974
 20
277.84725543525485
 10
403.9018538014756
 20
277.78690200299025
 10
404.4197930230035
 20
277.76665581597223
  0
LWPOLYLINE
  5
20B
330
17
100
AcDbEntity
  8
EJE_VIA
100
AcDbPolyline
 90
33
 70
0
 10
401.947021484375
 20
287.45103624131946
 10
401.70302291711175
 20
287.2447898942563
 10
401.4786227544149
 20
287.0224806666374
 10
401.2742203474045
 20
286.78545341309575
 10
401.09021504720056
 20
286.5350529882643
 10
400.92700620492303
 20
286.2726242467761
 10
400.7849931716919
 20
285.9995120432642
 10
400.66457529862726
 20
285.7170612323615
 10
400.566151936849
 20
285.4266166687012
 10
400.4901224374771
 20
285.12952320691613
 10
400.4368861516317
 20
284.8271257016394
 10
400.4068424304327
 20
284.520769007504
 10
400.400390625
 20
284.21179797914294
 10
400.4179300864538
 20
283.9015574711892
 10
400.45986016591394
 20
283.5913923382759
 10
400.5265802145004
 20
283.282647435036
 10
400.61848958333337
 20
282.9766676161024
 10
400.73428071207474
 20
282.6789055226578
 10
400.8716310395135
 20
282.39446027411356
 10
401.02939834197366
 20
282.12414644244643
 10
401.2064403957791
 20
281.8687785996331
 10
401.4016149772538
 20
281.6291713176502
 10
401.6137798627218
 20
281.4061391684744
 10
401.8417928285069
 20
281.20049672408237
 10
402.08451165093317
 20
281.01305855645074
 10
402.34079410632455
 20
280.8446392375562
 10
402.60949797100494
 20
280.6960533393754
 10
402.8894810212983
 20
280.568115433885
 10
403.1796010335287
 20
280.46164009306165
 10
403.4787157840199
 20
280.37744188888206
 10
403.785683049096
 20
280.31633539332284
 10
404.09936060508096
 20
280.27913517836066
 10
404.41860622829864
 20
280.26665581597223
  0
LWPOLYLINE
  5
20C
330
17
100
AcDbEntity
  8
EJE_VIA
100
AcDbPolyline
 90
3
 70
0
 10
405.0333319769965
 20
289.26666259765625
 10
404.9666680230035
 20
291.63333468967016
 10
401.500006781684
 20
291.63333468967016
  0
LWPOLYLINE
  5
20D
330
17
100
AcDbEntity
  8
EJE_VIA
100
AcDbPolyline
 90
17
 70
0
 10
316.20347764756946
 20
234.03486463758682
 10
315.9593712538481
 20
234.24144624835915
 10
315.707052482499
 20
234.4359980026881
 10
315.44697467651633
 20
234.61834739479755
 10
315.17959117889404
 20
234.7883219189114
 10
314.90535533262624
 20
234.94574906925362
 10
314.62472048070697
 20
235.09045634004806
 10
314.33813996613026
 20
235.22227122551865
 10
314.0460671318902
 20
235.34102121988934
 10
313.7489553209808
 20
235.446533817384
 10
313.4472578763962
 20
235.53863651222653
 10
313.14142814113035
 20
235.6171567986409
 10
312.83191945817737
 20
235.68192217085098
 10
312.5191851705313
 20
235.73276012308068
 10
312.20367862118616
 20
235.76949814955395
 10
311.88585315313605
 20
235.79196374449467
 10
311.566162109375
 20
235.79998440212674
  0
LWPOLYLINE
  5
20E
330
17
100
AcDbEntity
  8
EJE_VIA
100
AcDbPolyline
 90
3
 70
0
 10
315.06666395399304
 20
404.8333401150174
 10
309.93333604600696
 20
404.90000406901044
 10
314.8666720920139
 20
401.0999891493056
  0
LWPOLYLINE
  5
20F
330
17
100
AcDbEntity
  8
EJE_VIA
100
AcDbPolyline
 90
3
 70
0
 10
314.9666680230035
 20
421.60000271267364
 10
309.9666680230035
 20
418.66665310329864
 10
315.06666395399304
 20
418.566657172309
  0
LWPOLYLINE
  5
210
330
17
100
AcDbEntity
  8
EJE_VIA
100
AcDbPolyline
 90
3
 70
0
 10
253.6000230577257
 20
158.56665717230902
 10
253.8333468967014
 20
154.5999993218316
 10
256.53333875868054
 20
158.46666124131946
  0
LWPOLYLINE
  5
211
330
17
100
AcDbEntity
  8
EJE_VIA
100
AcDbPolyline
 90
3
 70
0
 10
238.93334282769098
 20
158.63333808051215
 10
240.6666734483507
 20
155.66665649414062
 10
240.80000135633682
 20
158.49999321831598
  0
LWPOLYLINE
  5
212
330
17
100
AcDbEntity
  8
EJE_VIA
100
AcDbPolyline
 90
3
 70
0
 10
226.30001491970486
 20
158.5333251953125
 10
226.30001491970486
 20
155.80000135633682
 10
230.03333197699655
 20
158.63333808051215
  0
LWPOLYLINE
  5
213
330
17
100
AcDbEntity
  8
EJE_VIA
100
AcDbPolyline
 90
3
 70
0
 10
187.10001627604169
 20
158.6666700575087
 10
187.03335232204861
 20
156.1666700575087
 10
189.03333875868057
 20
158.70000203450522
  0
LWPOLYLINE
  5
214
330
17
100
AcDbEntity
  8
EJE_VIA
100
AcDbPolyline
 90
4
 70
0
 10
174.5000203450521
 20
158.70000203450522
 10
174.16666666666669
 20
155.89999728732639
 10
177.96668158637155
 20
155.86666531032986
 10
177.90001763237848
 20
158.73333401150174
  0
LWPOLYLINE
  5
215
330
17
100
AcDbEntity
  8
EJE_VIA
100
AcDbPolyline
 90
3
 70
0
 10
407.5333319769965
 20
157.93333265516495
 10
407.8000217013889
 20
153.63333808051215
 10
412.66665988498266
 20
157.96666463216147
  0
LWPOLYLINE
  5
216
330
17
100
AcDbEntity
  8
EJE_VIA
100
AcDbPolyline
 90
5
 70
0
 10
393.8000149197049
 20
124.43333095974393
 10
393.8000149197049
 20
125.86666531032986
 10
403.933342827691
 20
125.93332926432292
 10
403.9666748046875
 20
124.49999491373698
 10
393.8000149197049
 20
124.43333095974393
  0
LWPOLYLINE
  5
217
330
17
100
AcDbEntity
  8
EJE_VIA
100
AcDbPolyline
 90
22
 70
0
 10
285.2666897243924
 20
156.04999118381076
 10
285.2884200877614
 20
155.90626050614648
 10
285.3492373890347
 20
155.77975296311908
 10
285.442580944962
 20
155.67702722632222
 10
285.5618900722928
 20
155.60464196734958
 10
285.70060408777664
 20
155.5691558577948
 10
285.847425725725
 20
155.57647979921765
 10
285.9804004099634
 20
155.62499436653323
 10
286.09178331163196
 20
155.70822185940213
 10
286.1750137474802
 20
155.8196036062307
 10
286.2235310342577
 20
155.95258093542523
 10
286.23085548480356
 20
156.09941023505397
 10
286.1953671773275
 20
156.23812860912747
 10
286.1229788263639
 20
156.35743762469954
 10
286.0202511151632
 20
156.4507786101765
 10
285.8937447269758
 20
156.51159289396472
 10
285.7500203450521
 20
156.5333218044705
 10
285.60629596312845
 20
156.51159289396472
 10
285.47978957494104
 20
156.4507786101765
 10
285.3770618637403
 20
156.35743762469954
 10
285.30467351277673
 20
156.23812860912747
 10
285.2691852053007
 20
156.09941023505397
  0
LWPOLYLINE
  5
218
330
17
100
AcDbEntity
  8
EJE_VIA
100
AcDbPolyline
 90
22
 70
0
 10
383.499993218316
 20
123.75
 10
383.478262854947
 20
123.89372831210494
 10
383.41744555367364
 20
124.0202371776104
 10
383.32410199774637
 20
124.12296624854207
 10
383.2047928704156
 20
124.19535517692566
 10
383.06607885493173
 20
124.23084361478686
 10
382.9192572169834
 20
124.22351914975378
 10
382.78628253274496
 20
124.17500162083242
 10
382.6748996310764
 20
124.09177038404677
 10
382.5916691952282
 20
123.98038578737113
 10
382.5431519084507
 20
123.84740817877982
 10
382.5358274579048
 20
123.7005822505388
 10
382.57131576538086
 20
123.56186482641432
 10
382.64370411634445
 20
123.44255363154743
 10
382.74643182754517
 20
123.34920901391241
 10
382.8729382157326
 20
123.28839132148359
 10
383.01666259765625
 20
123.26666090223524
 10
383.1603869795799
 20
123.28839132148359
 10
383.28689336776733
 20
123.34920901391241
 10
383.38962107896805
 20
123.44255363154743
 10
383.46200942993164
 20
123.56186482641432
 10
383.4974977374077
 20
123.7005822505388
  0
LWPOLYLINE
  5
219
330
17
100
AcDbEntity
  8
EJE_VIA
100
AcDbPolyline
 90
22
 70
0
 10
401.3333468967014
 20
231.01665920681424
 10
401.3116165333324
 20
231.16038988447852
 10
401.2507992320591
 20
231.28689742750592
 10
401.1574556761318
 20
231.38962316430278
 10
401.038146548801
 20
231.46200842327542
 10
400.89943253331717
 20
231.4974945328302
 10
400.75261089536883
 20
231.49017059140735
 10
400.6196362111304
 20
231.44165602409177
 10
400.50825330946185
 20
231.35842853122287
 10
400.4250228736136
 20
231.2470467843943
 10
400.3765055868361
 20
231.11406945519977
 10
400.36918113629025
 20
230.96724015557103
 10
400.4046694437663
 20
230.82852178149753
 10
400.4770577947299
 20
230.70921276592546
 10
400.5797855059306
 20
230.6158717804485
 10
400.706291894118
 20
230.55505749666028
 10
400.8500162760417
 20
230.5333285861545
 10
400.99374065796536
 20
230.55505749666028
 10
401.12024704615277
 20
230.6158717804485
 10
401.2229747573535
 20
230.70921276592546
 10
401.2953631083171
 20
230.82852178149753
 10
401.3308514157931
 20
230.96724015557103
  0
LWPOLYLINE
  5
21A
330
17
100
AcDbEntity
  8
EJE_VIA
100
AcDbPolyline
 90
22
 70
0
 10
407.40000406901044
 20
291.78331163194446
 10
407.37827370564145
 20
291.92703601386813
 10
407.3174564043681
 20
292.05354240205554
 10
407.2241128484408
 20
292.15627011325626
 10
407.10480372111004
 20
292.22865846421985
 10
406.9660897056262
 20
292.2641467716959
 10
406.81926806767785
 20
292.25682232115
 10
406.6862933834394
 20
292.20830503437253
 10
406.57491048177087
 20
292.1250745985243
 10
406.49168004592264
 20
292.01369169685574
 10
406.44316275914514
 20
291.8807170126173
 10
406.4358383085993
 20
291.733895374669
 10
406.4713266160753
 20
291.5951813591851
 10
406.5437149670389
 20
291.47587223185434
 10
406.6464426782396
 20
291.38252867592706
 10
406.77294906642703
 20
291.3217113746537
 10
406.9166734483507
 20
291.29998101128473
 10
407.0603978302744
 20
291.3217113746537
 10
407.1869042184618
 20
291.38252867592706
 10
407.2896319296625
 20
291.47587223185434
 10
407.3620202806261
 20
291.5951813591851
 10
407.39750858810214
 20
291.733895374669
  0
LWPOLYLINE
  5
21B
330
17
100
AcDbEntity
  8
EJE_VIA
100
AcDbPolyline
 90
22
 70
0
 10
406.79999457465277
 20
294.28331163194446
 10
406.7782642112838
 20
294.42703601386813
 10
406.71744691001044
 20
294.55354240205554
 10
406.62410335408316
 20
294.65627011325626
 10
406.5047942267524
 20
294.72865846421985
 10
406.3660802112685
 20
294.7641467716959
 10
406.2192585733202
 20
294.75682232115
 10
406.08628388908176
 20
294.70830503437253
 10
405.9749009874132
 20
294.6250745985243
 10
405.89167055156497
 20
294.51369169685574
 10
405.8431532647875
 20
294.3807170126173
 10
405.83582881424167
 20
294.233895374669
 10
405.8713171217177
 20
294.0951813591851
 10
405.9437054726813
 20
293.97587223185434
 10
406.046433183882
 20
293.88252867592706
 10
406.1729395720694
 20
293.8217113746537
 10
406.3166639539931
 20
293.79998101128473
 10
406.4603883359168
 20
293.8217113746537
 10
406.5868947241042
 20
293.88252867592706
 10
406.6896224353049
 20
293.97587223185434
 10
406.7620107862685
 20
294.0951813591851
 10
406.79749909374453
 20
294.233895374669
  0
LWPOLYLINE
  5
21C
330
17
100
AcDbEntity
  8
EJE_VIA
100
AcDbPolyline
 90
22
 70
0
 10
435.8999972873264
 20
337.18332926432294
 10
435.8782669239574
 20
337.3270536462466
 10
435.8174496226841
 20
337.453560034434
 10
435.7241060667568
 20
337.55628774563473
 10
435.604796939426
 20
337.6286760965983
 10
435.46608292394217
 20
337.66416440407437
 10
435.31926128599383
 20
337.6568399535285
 10
435.1862866017554
 20
337.608322666751
 10
435.07490370008685
 20
337.52509223090277
 10
434.9916732642386
 20
337.4137093292342
 10
434.9431559774611
 20
337.2807346449958
 10
434.93583152691525
 20
337.13391300704745
 10
434.9713198343913
 20
336.9951989915636
 10
435.0437081853549
 20
336.8758898642328
 10
435.1464358965556
 20
336.78254630830554
 10
435.272942284743
 20
336.7217290070322
 10
435.4166666666667
 20
336.6999986436632
 10
435.56039104859036
 20
336.7217290070322
 10
435.68689743677777
 20
336.78254630830554
 10
435.7896251479785
 20
336.8758898642328
 10
435.8620134989421
 20
336.9951989915636
 10
435.8975018064181
 20
337.13391300704745
  0
LWPOLYLINE
  5
21D
330
17
100
AcDbEntity
  8
EJE_VIA
100
AcDbPolyline
 90
22
 70
0
 10
413.70001898871527
 20
335.5833265516493
 10
413.6782886253463
 20
335.72705093357297
 10
413.61747132407294
 20
335.8535573217604
 10
413.52412776814566
 20
335.9562850329611
 10
413.4048186408149
 20
336.0286733839247
 10
413.266104625331
 20
336.0641616914007
 10
413.1192829873827
 20
336.0568372408549
 10
412.98630830314426
 20
336.0083199540774
 10
412.8749254014757
 20
335.9250895182292
 10
412.79169496562747
 20
335.81370661656064
 10
412.74317767885
 20
335.6807319323222
 10
412.73585322830417
 20
335.53391029437387
 10
412.7713415357802
 20
335.39519627889
 10
412.8437298867438
 20
335.27588715155923
 10
412.9464575979445
 20
335.18254359563196
 10
413.0729639861319
 20
335.1217262943586
 10
413.2166883680556
 20
335.0999959309896
 10
413.3604127499793
 20
335.1217262943586
 10
413.4869191381667
 20
335.18254359563196
 10
413.5896468493674
 20
335.27588715155923
 10
413.662035200331
 20
335.39519627889
 10
413.69752350780703
 20
335.53391029437387
  0
LWPOLYLINE
  5
21E
330
17
100
AcDbEntity
  8
EJE_VIA
100
AcDbPolyline
 90
22
 70
0
 10
285.50001356336804
 20
264.71666124131946
 10
285.47828319999905
 20
264.86039191898374
 10
285.4174658987257
 20
264.98689946201114
 10
285.32412234279843
 20
265.089625198808
 10
285.20481321546765
 20
265.16201045778064
 10
285.0660991999838
 20
265.1974965673354
 10
284.91927756203546
 20
265.19017262591257
 10
284.786302877797
 20
265.141658058597
 10
284.6749199761285
 20
265.0584305657281
 10
284.59168954028024
 20
264.94704881889953
 10
284.54317225350275
 20
264.814071489705
 10
284.53584780295694
 20
264.66724219007625
 10
284.571336110433
 20
264.52852381600275
 10
284.6437244613966
 20
264.4092148004307
 10
284.7464521725973
 20
264.3158738149537
 10
284.8729585607847
 20
264.2550595311655
 10
285.01668294270837
 20
264.23333062065973
 10
285.16040732463205
 20
264.2550595311655
 10
285.28691371281946
 20
264.3158738149537
 10
285.38964142402017
 20
264.4092148004307
 10
285.46202977498376
 20
264.52852381600275
 10
285.4975180824598
 20
264.66724219007625
  0
LWPOLYLINE
  5
21F
330
17
100
AcDbEntity
  8
EJE_VIA
100
AcDbPolyline
 90
22
 70
0
 10
270.4666815863715
 20
230.08332994249133
 10
270.44495267586575
 20
230.2270606201556
 10
270.38413839207755
 20
230.353568163183
 10
270.2907974066006
 20
230.45629389997987
 10
270.1714883910285
 20
230.5286791589525
 10
270.032770016955
 20
230.56416526850728
 10
269.88594071732626
 20
230.55684132708444
 10
269.7529633881317
 20
230.50832675976886
 10
269.64158164130316
 20
230.42509926689996
 10
269.55835414843426
 20
230.3137175200714
 10
269.5098395811187
 20
230.18074019087686
 10
269.50251563969584
 20
230.03391089124813
 10
269.5380017492506
 20
229.89519251717462
 10
269.61038700822326
 20
229.77588350160255
 10
269.7131127450201
 20
229.68254251612558
 10
269.8396202880475
 20
229.62172823233738
 10
269.9833509657118
 20
229.5999993218316
 10
270.1270816433761
 20
229.62172823233738
 10
270.2535891864035
 20
229.68254251612558
 10
270.35631492320033
 20
229.77588350160255
 10
270.428700182173
 20
229.89519251717462
 10
270.46418629172774
 20
230.03391089124813
  0
LWPOLYLINE
  5
220
330
17
100
AcDbEntity
  8
EJE_VIA
100
AcDbPolyline
 90
22
 70
0
 10
282.4666680230035
 20
228.75
 10
282.4449391124977
 20
228.89373067766428
 10
282.3841248287095
 20
229.02023822069168
 10
282.29078384323253
 20
229.12296395748854
 10
282.17147482766046
 20
229.19534921646118
 10
282.03275645358696
 20
229.23083532601595
 10
281.8859271539582
 20
229.22351138459314
 10
281.7529498247637
 20
229.17499681727756
 10
281.6415680779351
 20
229.09176932440866
 10
281.5583405850662
 20
228.9803875775801
 10
281.50982601775064
 20
228.84741024838556
 10
281.5025020763278
 20
228.70058094875682
 10
281.53798818588257
 20
228.56186257468332
 10
281.6103734448552
 20
228.44255355911125
 10
281.71309918165207
 20
228.34921257363428
 10
281.83960672467947
 20
228.28839828984607
 10
281.98333740234375
 20
228.2666693793403
 10
282.12706808000803
 20
228.28839828984607
 10
282.25357562303543
 20
228.34921257363428
 10
282.3563013598323
 20
228.44255355911125
 10
282.42868661880493
 20
228.56186257468332
 10
282.4641727283597
 20
228.70058094875682
  0
LWPOLYLINE
  5
221
330
17
100
AcDbEntity
  8
EJE_VIA
100
AcDbPolyline
 90
22
 70
0
 10
271.8333265516493
 20
195.78333536783856
 10
271.8115976411435
 20
195.92706604550284
 10
271.7507833573553
 20
196.05357358853024
 10
271.65744237187835
 20
196.1562993253271
 10
271.5381333563063
 20
196.22868458429974
 10
271.39941498223277
 20
196.2641706938545
 10
271.25258568260404
 20
196.25684675243167
 10
271.1196083534095
 20
196.2083321851161
 10
271.00822660658093
 20
196.1251046922472
 10
270.92499911371203
 20
196.01372294541864
 10
270.87648454639645
 20
195.8807456162241
 10
270.8691606049737
 20
195.73391631659536
 10
270.90464671452844
 20
195.59519794252185
 10
270.9770319735011
 20
195.47588892694978
 10
271.07975771029794
 20
195.3825479414728
 10
271.20626525332534
 20
195.3217336576846
 10
271.3499959309896
 20
195.30000474717883
 10
271.4937266086539
 20
195.3217336576846
 10
271.6202341516813
 20
195.3825479414728
 10
271.72295988847816
 20
195.47588892694978
 10
271.7953451474508
 20
195.59519794252185
 10
271.83083125700557
 20
195.73391631659536
  0
LINE
  5
223
330
17
100
AcDbEntity
  8
TOPO
100
AcDbLine
 10
304.93333604600696
 20
420.80000135633685
 30
0.0
 11
305.0
 21
432.9666476779514
 31
0.0
  0
LINE
  5
224
330
17
100
AcDbEntity
  8
TOPO
100
AcDbLine
 10
253.43332926432294
 20
290.93332926432294
 30
0.0
 11
269.66668023003473
 21
285.4333157009549
 31
0.0
  0
LINE
  5
225
330
17
100
AcDbEntity
  8
TOPO
100
AcDbLine
 10
242.933349609375
 20
294.1666666666667
 30
0.0
 11
253.43332926432294
 21
290.93332926432294
 31
0.0
  0
LINE
  5
226
330
17
100
AcDbEntity
  8
TOPO
100
AcDbLine
 10
144.20003255208334
 20
329.5333184136285
 30
0.0
 11
146.16665310329861
 21
329.5333184136285
 31
0.0
  0
LINE
  5
227
330
17
100
AcDbEntity
  8
TOPO
100
AcDbLine
 10
144.20003255208334
 20
234.53333536783856
 30
0.0
 11
150.86669921875
 21
234.53333536783856
 31
0.0
  0
LINE
  5
228
330
17
100
AcDbEntity
  8
TOPO
100
AcDbLine
 10
144.20003255208334
 20
260.3666687011719
 30
0.0
 11
148.30003526475696
 21
260.3666687011719
 31
0.0
  0
LINE
  5
229
330
17
100
AcDbEntity
  8
TOPO
100
AcDbLine
 10
144.20003255208334
 20
327.63332790798614
 30
0.0
 11
151.50000678168402
 21
327.6999918619792
 31
0.0
  0
LINE
  5
22A
330
17
100
AcDbEntity
  8
TOPO
100
AcDbLine
 10
144.20003255208334
 20
236.43332587348092
 30
0.0
 11
150.89999728732639
 21
236.39999389648438
 31
0.0
  0
LINE
  5
22B
330
17
100
AcDbEntity
  8
TOPO
100
AcDbLine
 10
144.20003255208334
 20
258.3999972873264
 30
0.0
 11
148.43336317274307
 21
258.3999972873264
 31
0.0
  0
LINE
  5
22C
330
17
100
AcDbEntity
  8
TOPO
100
AcDbLine
 10
269.66668023003473
 20
285.4333157009549
 30
0.0
 11
280.3000217013889
 21
280.56666056315106
 31
0.0
  0
LINE
  5
22D
330
17
100
AcDbEntity
  8
TOPO
100
AcDbLine
 10
144.20003255208334
 20
155.86666531032986
 30
0.0
 11
151.53333875868057
 21
155.83333333333334
 31
0.0
  0
LINE
  5
22E
330
17
100
AcDbEntity
  8
TOPO
100
AcDbLine
 10
209.10000271267361
 20
155.26665581597223
 30
0.0
 11
226.16668701171875
 21
155.13332790798611
 31
0.0
  0
LINE
  5
22F
330
17
100
AcDbEntity
  8
TOPO
100
AcDbLine
 10
240.7666693793403
 20
154.76665920681424
 30
0.0
 11
248.2666693793403
 21
154.6999952528212
 31
0.0
  0
LINE
  5
230
330
17
100
AcDbEntity
  8
TOPO
100
AcDbLine
 10
144.20003255208334
 20
155.26665581597223
 30
0.0
 11
151.53333875868057
 21
155.2333238389757
 31
0.0
  0
LINE
  5
231
330
17
100
AcDbEntity
  8
TOPO
100
AcDbLine
 10
155.33335367838544
 20
155.76666937934027
 30
0.0
 11
173.0333455403646
 21
155.76666937934027
 31
0.0
  0
LINE
  5
232
330
17
100
AcDbEntity
  8
TOPO
100
AcDbLine
 10
155.33335367838544
 20
155.16665988498264
 30
0.0
 11
173.0333455403646
 21
155.16665988498264
 31
0.0
  0
LINE
  5
233
330
17
100
AcDbEntity
  8
TOPO
100
AcDbLine
 10
187.0000203450521
 20
156.0333251953125
 30
0.0
 11
205.03333197699655
 21
155.83333333333334
 31
0.0
  0
LINE
  5
234
330
17
100
AcDbEntity
  8
TOPO
100
AcDbLine
 10
187.0000203450521
 20
155.43333265516495
 30
0.0
 11
205.03333197699655
 21
155.2333238389757
 31
0.0
  0
LINE
  5
235
330
17
100
AcDbEntity
  8
TOPO
100
AcDbLine
 10
248.2666693793403
 20
153.59998914930557
 30
0.0
 11
248.2666693793403
 21
154.6999952528212
 31
0.0
  0
LINE
  5
236
330
17
100
AcDbEntity
  8
TOPO
100
AcDbLine
 10
274.66668023003473
 20
154.33332655164932
 30
0.0
 11
274.70001220703125
 21
154.86665513780383
 31
0.0
  0
LINE
  5
237
330
17
100
AcDbEntity
  8
TOPO
100
AcDbLine
 10
151.53333875868057
 20
155.2333238389757
 30
0.0
 11
151.53333875868057
 21
155.83333333333334
 31
0.0
  0
LINE
  5
238
330
17
100
AcDbEntity
  8
TOPO
100
AcDbLine
 10
155.33335367838544
 20
155.16665988498264
 30
0.0
 11
155.33335367838544
 21
155.76666937934027
 31
0.0
  0
LINE
  5
239
330
17
100
AcDbEntity
  8
TOPO
100
AcDbLine
 10
173.0333455403646
 20
155.16665988498264
 30
0.0
 11
173.0333455403646
 21
155.76666937934027
 31
0.0
  0
LINE
  5
23A
330
17
100
AcDbEntity
  8
TOPO
100
AcDbLine
 10
187.0000203450521
 20
155.43333265516495
 30
0.0
 11
187.0000203450521
 21
156.0333251953125
 31
0.0
  0
LINE
  5
23B
330
17
100
AcDbEntity
  8
TOPO
100
AcDbLine
 10
205.03333197699655
 20
155.2333238389757
 30
0.0
 11
205.03333197699655
 21
155.83333333333334
 31
0.0
  0
LINE
  5
23C
330
17
100
AcDbEntity
  8
TOPO
100
AcDbLine
 10
248.2666693793403
 20
153.59998914930557
 30
0.0
 11
248.86667887369794
 21
153.59998914930557
 31
0.0
  0
LINE
  5
23D
330
17
100
AcDbEntity
  8
TOPO
100
AcDbLine
 10
272.7666897243924
 20
154.36665852864584
 30
0.0
 11
274.66668023003473
 21
154.33332655164932
 31
0.0
  0
LINE
  5
23E
330
17
100
AcDbEntity
  8
TOPO
100
AcDbLine
 10
433.66668701171875
 20
263.5333251953125
 30
0.0
 11
433.8000149197049
 21
277.7333238389757
 31
0.0
  0
LINE
  5
23F
330
17
100
AcDbEntity
  8
TOPO
100
AcDbLine
 10
469.4333224826389
 20
404.1666666666667
 30
0.0
 11
493.20000542534723
 21
404.10000271267364
 31
0.0
  0
LINE
  5
240
330
17
100
AcDbEntity
  8
TOPO
100
AcDbLine
 10
469.4333224826389
 20
403.566657172309
 30
0.0
 11
493.20000542534723
 21
403.499993218316
 31
0.0
  0
LINE
  5
241
330
17
100
AcDbEntity
  8
TOPO
100
AcDbLine
 10
437.83331976996527
 20
153.06666056315106
 30
0.0
 11
437.83331976996527
 21
153.83332994249133
 31
0.0
  0
LINE
  5
242
330
17
100
AcDbEntity
  8
TOPO
100
AcDbLine
 10
433.66668701171875
 20
261.499989827474
 30
0.0
 11
433.8333468967014
 21
231.63333468967014
 31
0.0
  0
LWPOLYLINE
  5
243
330
17
100
AcDbEntity
  8
TOPO
100
AcDbPolyline
 90
13
 70
0
 10
402.40000406901044
 20
293.83331298828125
 10
402.9000176323785
 20
284.29999457465277
 10
403.0333455403646
 20
282.6999918619792
 10
403.566657172309
 20
281.16665310329864
 10
404.5000203450521
 20
279.8333231608073
 10
405.5000135633681
 20
278.8999938964844
 10
406.6999986436632
 20
278.19998847113715
 10
408.0333455403646
 20
277.79998779296875
 10
409.3999905056424
 20
277.6999918619792
 10
426.066657172309
 20
277.7333238389757
 10
433.8000149197049
 20
277.7333238389757
 10
433.8333468967014
 20
279.5999993218316
 10
433.90001085069446
 20
280.29998779296875
  0
LWPOLYLINE
  5
244
330
17
100
AcDbEntity
  8
TOPO
100
AcDbPolyline
 90
83
 70
0
 10
291.500006781684
 20
196.63333468967014
 10
291.53333875868054
 20
195.40000067816842
 10
291.16668701171875
 20
194.1999986436632
 10
290.4666815863715
 20
193.16665649414062
 10
289.6000162760417
 20
192.46666802300348
 10
288.5666910807292
 20
192.06666734483508
 10
287.43333604600696
 20
191.93332248263889
 10
268.6000230577257
 20
191.96665445963544
 10
268.3666653103299
 20
192.03333536783856
 10
268.10000949435766
 20
192.0999993218316
 10
267.86668565538196
 20
192.1999952528212
 10
267.63332790798614
 20
192.3333231608073
 10
267.40000406901044
 20
192.46666802300348
 10
267.20001220703125
 20
192.63332790798611
 10
266.96668836805554
 20
192.79998779296875
 10
266.79999457465277
 20
192.96666463216147
 10
266.60000271267364
 20
193.16665649414062
 10
266.433342827691
 20
193.39999728732639
 10
266.26668294270837
 20
193.6333211263021
 10
266.13335503472223
 20
193.86666191948785
 10
266.03335910373266
 20
194.10000271267361
 10
265.93332926432294
 20
194.33332655164932
 10
265.8666653103299
 20
194.56666734483508
 10
265.83333333333337
 20
194.8333231608073
 10
265.83333333333337
 20
195.06666395399307
 10
265.83333333333337
 20
195.33333672417535
 10
265.8999972873264
 20
195.59999254014758
 10
265.999993218316
 20
195.83333333333334
 10
266.1000230577257
 20
196.06665717230905
 10
266.26668294270837
 20
196.2999979654948
 10
266.40001085069446
 20
196.5333218044705
 10
266.60000271267364
 20
196.73333062065973
 10
267.0000203450521
 20
197.16666327582467
 10
267.40000406901044
 20
197.5999959309896
 10
268.23333740234375
 20
198.36666531032986
 10
268.43332926432294
 20
198.56665717230905
 10
268.66668701171875
 20
198.76666598849826
 10
268.86667887369794
 20
198.93332587348092
 10
269.10000271267364
 20
199.10000271267361
 10
269.6000162760417
 20
199.39999050564236
 10
270.0999959309896
 20
199.66666327582467
 10
270.6333414713542
 20
199.89998711480035
 10
271.16668701171875
 20
200.13332790798611
 10
271.73333062065973
 20
200.29998779296875
 10
272.30000813802087
 20
200.46666463216147
 10
274.6333482530382
 20
201.09998914930557
 10
275.23335774739587
 20
201.26666598849826
 10
275.8000013563368
 20
201.43332587348092
 10
276.3333468967014
 20
201.63333468967014
 10
276.9000244140625
 20
201.86665852864584
 10
277.43333604600696
 20
202.13333129882812
 10
277.933349609375
 20
202.39998711480035
 10
278.46666124131946
 20
202.69999186197919
 10
278.9666748046875
 20
202.999996609158
 10
280.999993218316
 20
204.26666259765625
 10
281.500006781684
 20
204.56666734483508
 10
282.03335232204864
 20
204.86665513780383
 10
282.5333319769965
 20
205.13332790798611
 10
283.06667751736114
 20
205.40000067816842
 10
283.6000230577257
 20
205.59999254014758
 10
284.1666666666667
 20
205.7666693793403
 10
284.73334418402777
 20
205.93332926432294
 10
285.3000217013889
 20
206.0333251953125
 10
286.0666910807292
 20
206.1333211263021
 10
286.4666748046875
 20
206.20000203450522
 10
286.866692437066
 20
206.26666598849826
 10
287.2666761610243
 20
206.2999979654948
 10
287.63332790798614
 20
206.26666598849826
 10
287.83335367838544
 20
206.26666598849826
 10
288.0333455403646
 20
206.20000203450522
 10
288.20000542534723
 20
206.1666700575087
 10
288.3666653103299
 20
206.06665717230905
 10
288.5666910807292
 20
205.99999321831598
 10
288.7333509657118
 20
205.86666531032986
 10
289.0666707356771
 20
205.6333245171441
 10
289.366692437066
 20
205.33333672417535
 10
289.6333482530382
 20
205.0
 10
289.8666720920139
 20
204.63333129882812
 10
290.06666395399304
 20
204.26666259765625
 10
290.2000257703993
 20
203.86666191948785
 10
290.2666897243924
 20
203.6666700575087
 10
290.3000217013889
 20
203.46666124131946
 10
291.500006781684
 20
196.63333468967014
  0
LWPOLYLINE
  5
245
330
17
100
AcDbEntity
  8
TOPO
100
AcDbPolyline
 90
74
 70
0
 10
290.6333414713542
 20
196.43332587348092
 10
290.56667751736114
 20
195.5333285861545
 10
290.2666897243924
 20
194.6999952528212
 10
289.7666761610243
 20
193.99998982747397
 10
289.0666707356771
 20
193.39999728732639
 10
288.26666937934027
 20
193.0333285861545
 10
287.3666720920139
 20
192.90000067816842
 10
268.70001898871527
 20
192.999996609158
 10
268.53335910373266
 20
193.0333285861545
 10
268.3666653103299
 20
193.09999254014758
 10
268.23333740234375
 20
193.16665649414062
 10
268.06667751736114
 20
193.23333740234375
 10
267.7666897243924
 20
193.43332926432294
 10
267.5
 20
193.70000203450522
 10
267.2666761610243
 20
193.96665785047745
 10
267.06668429904516
 20
194.26666259765625
 10
266.96668836805554
 20
194.43332248263889
 10
266.9000244140625
 20
194.56666734483508
 10
266.866692437066
 20
194.73332722981772
 10
266.8333265516493
 20
194.90000406901044
 10
266.79999457465277
 20
195.0999959309896
 10
266.8333265516493
 20
195.29998779296875
 10
266.866692437066
 20
195.46666463216147
 10
266.933356391059
 20
195.66665649414062
 10
267.0000203450521
 20
195.83333333333334
 10
267.1333482530382
 20
195.99999321831598
 10
267.3666720920139
 20
196.33332994249133
 10
267.66665988498266
 20
196.63333468967014
 10
268.00001356336804
 20
196.96665445963544
 10
268.3000013563368
 20
197.26665920681424
 10
268.6000230577257
 20
197.53333197699655
 10
268.8000149197049
 20
197.76665581597223
 10
269.000006781684
 20
197.96666463216147
 10
269.1999986436632
 20
198.1333245171441
 10
269.433356391059
 20
198.30000135633682
 10
269.93333604600696
 20
198.59998914930557
 10
270.433349609375
 20
198.86666191948785
 10
270.96666124131946
 20
199.10000271267361
 10
271.500006781684
 20
199.33332655164932
 10
272.06668429904516
 20
199.500003390842
 10
272.63332790798614
 20
199.66666327582467
 10
275.0
 20
200.26665581597223
 10
275.60000949435766
 20
200.40000067816842
 10
276.16668701171875
 20
200.59999254014758
 10
276.73333062065973
 20
200.7666693793403
 10
277.2666761610243
 20
200.99999321831598
 10
277.8000217013889
 20
201.26666598849826
 10
278.33333333333337
 20
201.5333218044705
 10
278.8333468967014
 20
201.83332655164932
 10
279.366692437066
 20
202.13333129882812
 10
281.40001085069446
 20
203.39999728732639
 10
281.9000244140625
 20
203.70000203450522
 10
282.40000406901044
 20
203.99998982747397
 10
282.933349609375
 20
204.26666259765625
 10
283.46666124131946
 20
204.53333536783856
 10
284.000006781684
 20
204.73332722981772
 10
284.56668429904516
 20
204.89998711480035
 10
285.0999959309896
 20
205.03333197699655
 10
285.70000542534723
 20
205.13332790798611
 10
286.9000244140625
 20
205.33333672417535
 10
287.16668023003473
 20
205.36666870117188
 10
287.4666680230035
 20
205.33333672417535
 10
287.7666897243924
 20
205.29998779296875
 10
287.9000176323785
 20
205.2333238389757
 10
288.0333455403646
 20
205.19999186197919
 10
288.26666937934027
 20
205.03333197699655
 10
288.46666124131946
 20
204.86665513780383
 10
288.66668701171875
 20
204.66666327582467
 10
288.86667887369794
 20
204.43332248263889
 10
289.03333875868054
 20
204.1999986436632
 10
289.13333468967016
 20
203.93332587348092
 10
289.23333062065973
 20
203.6666700575087
 10
289.29999457465277
 20
203.39999728732639
 10
290.6333414713542
 20
196.43332587348092
  0
LWPOLYLINE
  5
246
330
17
100
AcDbEntity
  8
TOPO
100
AcDbPolyline
 90
9
 70
0
 10
398.23333740234375
 20
235.80000135633682
 10
391.3000149197049
 20
235.7666693793403
 10
389.70001220703125
 20
235.499996609158
 10
388.20000542534723
 20
234.86665513780383
 10
386.86665852864587
 20
233.93332587348092
 10
385.6666734483507
 20
232.53333197699655
 10
384.8666720920139
 20
230.83333333333334
 10
384.5000203450521
 20
228.99998982747397
 10
384.4666883680556
 20
221.76666259765625
  0
LWPOLYLINE
  5
247
330
17
100
AcDbEntity
  8
TOPO
100
AcDbPolyline
 90
15
 70
0
 10
402.40000406901044
 20
293.83331298828125
 10
402.4666680230035
 20
295.33331976996527
 10
402.83335367838544
 20
296.76666259765625
 10
403.46666124131946
 20
298.1333414713542
 10
404.36665852864587
 20
299.29999457465277
 10
405.83333333333337
 20
300.53331163194446
 10
407.5999959309896
 20
301.33331298828125
 10
409.5000203450521
 20
301.63333468967016
 10
419.4666883680556
 20
301.63333468967016
 10
419.4666883680556
 20
300.49997965494794
 10
438.7333170572917
 20
300.53331163194446
 10
464.0333387586806
 20
300.3666517469618
 10
486.433342827691
 20
300.39998372395837
 10
505.60000949435766
 20
300.33331976996527
 10
524.933336046007
 20
300.26665581597223
  0
LWPOLYLINE
  5
248
330
17
100
AcDbEntity
  8
TOPO
100
AcDbPolyline
 90
6
 70
0
 10
144.20003255208334
 20
295.93332926432294
 10
189.60001627604169
 20
296.16665310329864
 10
209.96666802300348
 20
296.36664496527777
 10
218.66668701171875
 20
296.3999769422743
 10
227.40000406901044
 20
296.066657172309
 10
235.06666395399307
 20
295.4333157009549
  0
LWPOLYLINE
  5
249
330
17
100
AcDbEntity
  8
TOPO
100
AcDbPolyline
 90
9
 70
0
 10
398.86667887369794
 20
233.89999389648438
 10
391.26668294270837
 20
233.83332994249133
 10
390.13332790798614
 20
233.66665310329861
 10
389.0666707356771
 20
233.2666693793403
 10
388.1333414713542
 20
232.5999959309896
 10
387.23334418402777
 20
231.60000271267361
 10
386.6666666666667
 20
230.36666870117188
 10
386.4666748046875
 20
229.0333218044705
 10
386.36667887369794
 20
221.76666259765625
  0
LWPOLYLINE
  5
24A
330
17
100
AcDbEntity
  8
TOPO
100
AcDbPolyline
 90
10
 70
0
 10
404.36665852864587
 20
293.83331298828125
 10
404.8666720920139
 20
284.36665852864587
 10
404.90000406901044
 20
283.1666564941406
 10
405.3000217013889
 20
281.99998643663196
 10
405.96666124131946
 20
280.999993218316
 10
406.9666883680556
 20
280.1999918619792
 10
408.1666734483507
 20
279.73332722981775
 10
409.433356391059
 20
279.6333312988281
 10
426.3333468967014
 20
279.53333536783856
 10
433.8333468967014
 20
279.5999993218316
  0
LWPOLYLINE
  5
24B
330
17
100
AcDbEntity
  8
TOPO
100
AcDbPolyline
 90
13
 70
0
 10
404.36665852864587
 20
293.83331298828125
 10
404.3999905056424
 20
295.39998372395837
 10
404.90000406901044
 20
296.8999905056424
 10
405.83333333333337
 20
298.1333414713542
 10
406.8999905056424
 20
298.933342827691
 10
408.10000949435766
 20
299.46665445963544
 10
409.433356391059
 20
299.63331434461804
 10
419.29999457465277
 20
299.6666463216146
 10
438.66665310329864
 20
299.69997829861114
 10
464.13333468967016
 20
299.63331434461804
 10
486.433342827691
 20
299.5333184136285
 10
505.56667751736114
 20
299.49998643663196
 10
524.933336046007
 20
299.46665445963544
  0
LWPOLYLINE
  5
24C
330
17
100
AcDbEntity
  8
TOPO
100
AcDbPolyline
 90
3
 70
0
 10
304.8333401150174
 20
406.33331298828125
 10
304.7666761610243
 20
384.49998643663196
 10
304.26666259765625
 20
353.1333414713542
  0
LWPOLYLINE
  5
24D
330
17
100
AcDbEntity
  8
TOPO
100
AcDbPolyline
 90
6
 70
0
 10
217.40000406901044
 20
334.566650390625
 10
173.26666937934027
 20
334.3333265516493
 10
167.36667209201389
 20
334.36665852864587
 10
167.30000813802084
 20
334.80000813802087
 10
166.30001491970486
 20
334.8666720920139
 10
144.20003255208334
 20
334.6666463216146
  0
LWPOLYLINE
  5
24E
330
17
100
AcDbEntity
  8
TOPO
100
AcDbPolyline
 90
4
 70
0
 10
144.20003255208334
 20
155.93332926432294
 10
174.16666666666669
 20
155.89999728732639
 10
177.96668158637155
 20
155.86666531032986
 10
187.03335232204861
 20
156.1666700575087
  0
LWPOLYLINE
  5
24F
330
17
100
AcDbEntity
  8
TOPO
100
AcDbPolyline
 90
68
 70
0
 10
437.76665581597223
 20
153.49999321831598
 10
427.03335232204864
 20
153.49999321831598
 10
427.30000813802087
 20
146.5666707356771
 10
417.7666897243924
 20
146.49998982747397
 10
417.1333482530382
 20
146.5666707356771
 10
416.5333387586806
 20
146.63333468967014
 10
415.8999972873264
 20
146.6999986436632
 10
415.2666897243924
 20
146.73333062065973
 10
414.6333482530382
 20
146.76666259765625
 10
414.000006781684
 20
146.76666259765625
 10
413.3666653103299
 20
146.76666259765625
 10
412.7333238389757
 20
146.76666259765625
 10
412.1333482530382
 20
146.73333062065973
 10
411.500006781684
 20
146.6999986436632
 10
410.8666653103299
 20
146.63333468967014
 10
410.2333238389757
 20
146.5666707356771
 10
409.6000162760417
 20
146.49998982747397
 10
409.000006781684
 20
146.39999389648438
 10
408.3666653103299
 20
146.2999979654948
 10
407.7666897243924
 20
146.20000203450522
 10
406.60000271267364
 20
145.96666124131946
 10
405.4666815863715
 20
145.69998847113715
 10
404.33332655164935
 20
145.36666870117188
 10
403.76668294270837
 20
145.19999186197919
 10
403.20000542534723
 20
145.03333197699652
 10
402.66665988498266
 20
144.8333231608073
 10
402.1000162760417
 20
144.5999993218316
 10
401.5666707356771
 20
144.36665852864584
 10
401.0333251953125
 20
144.13333468967014
 10
400.5333455403646
 20
143.86666191948785
 10
400.0
 20
143.59998914930557
 10
399.53335232204864
 20
143.30000135633682
 10
399.0333387586806
 20
142.96666463216147
 10
398.43332926432294
 20
142.53333197699652
 10
397.86668565538196
 20
142.0999993218316
 10
397.30000813802087
 20
141.59999423556857
 10
396.76666259765625
 20
141.09999762641058
 10
396.26668294270837
 20
140.56666056315106
 10
395.76666937934027
 20
140.03333197699652
 10
395.3000217013889
 20
139.46666293674045
 10
394.8333401150174
 20
138.86666191948785
 10
394.3999905056424
 20
138.26666090223526
 10
393.9666748046875
 20
137.66665988498264
 10
393.6000230577257
 20
137.03332689073352
 10
393.23333740234375
 20
136.39999389648438
 10
392.86668565538196
 20
135.7333289252387
 10
392.5333319769965
 20
135.06666395399307
 10
392.23334418402777
 20
134.3999989827474
 10
391.9666883680556
 20
133.73333401150174
 10
391.76666259765625
 20
133.13333299424914
 10
391.5666707356771
 20
132.56666395399307
 10
391.40001085069446
 20
131.96666293674045
 10
391.23335096571185
 20
131.36666191948785
 10
391.066657172309
 20
130.76666090223526
 10
390.96666124131946
 20
130.16665988498264
 10
390.83333333333337
 20
129.56666734483508
 10
390.76666937934027
 20
128.93333435058594
 10
390.70000542534723
 20
128.33333333333334
 10
390.6333414713542
 20
127.70000033908421
 10
390.60000949435766
 20
127.0999993218316
 10
390.56667751736114
 20
126.46666632758247
 10
390.56667751736114
 20
125.86666531032986
 10
390.60000949435766
 20
125.23333231608073
 10
390.6333414713542
 20
124.63333129882812
 10
390.6666734483507
 20
123.999998304579
 10
390.76666937934027
 20
103.46666124131944
 10
390.56667751736114
 20
80.36666870117188
 10
390.5333455403646
 20
67.76666429307726
  0
LWPOLYLINE
  5
250
330
17
100
AcDbEntity
  8
TOPO
100
AcDbPolyline
 90
3
 70
0
 10
416.76666259765625
 20
338.9666748046875
 10
399.93333604600696
 20
338.83331298828125
 10
399.93333604600696
 20
339.29999457465277
  0
LWPOLYLINE
  5
251
330
17
100
AcDbEntity
  8
TOPO
100
AcDbPolyline
 90
5
 70
0
 10
310.0333319769965
 20
432.9666476779514
 10
309.9666680230035
 20
418.66665310329864
 10
309.93333604600696
 20
404.90000406901044
 10
309.8333401150174
 20
385.36665174696185
 10
314.8333401150174
 20
385.26665581597223
  0
LWPOLYLINE
  5
252
330
17
100
AcDbEntity
  8
TOPO
100
AcDbPolyline
 90
54
 70
0
 10
317.5
 20
432.9666476779514
 10
317.43333604600696
 20
418.33333333333337
 10
317.3666720920139
 20
404.1999986436632
 10
317.43333604600696
 20
398.3999972873264
 10
317.3333401150174
 20
384.9666680230035
 10
317.3666720920139
 20
373.499993218316
 10
317.30000813802087
 20
369.5999823676215
 10
317.16668023003473
 20
359.49998643663196
 10
317.23334418402777
 20
351.96665445963544
 10
317.20001220703125
 20
345.33331976996527
 10
317.16668023003473
 20
344.6666463216146
 10
317.1000162760417
 20
344.03333875868054
 10
317.0000203450521
 20
343.3999972873264
 10
316.866692437066
 20
342.7333238389757
 10
316.73333062065973
 20
342.0999823676215
 10
316.5666707356771
 20
341.4666748046875
 10
316.36667887369794
 20
340.83333333333337
 10
316.16668701171875
 20
340.1999918619792
 10
315.8999972873264
 20
339.5999823676215
 10
315.6666734483507
 20
339.000006781684
 10
315.36668565538196
 20
338.3999972873264
 10
315.0999959309896
 20
337.79998779296875
 10
314.7666761610243
 20
337.23331027560766
 10
314.433356391059
 20
336.6666666666667
 10
314.0666707356771
 20
336.1333211263021
 10
313.70001898871527
 20
335.5999755859375
 10
313.3666653103299
 20
335.16665988498266
 10
313.00001356336804
 20
334.73331027560766
 10
312.63332790798614
 20
334.29999457465277
 10
312.2666761610243
 20
333.86664496527777
 10
311.866692437066
 20
333.46666124131946
 10
311.433342827691
 20
333.066643608941
 10
311.03335910373266
 20
332.6999918619792
 10
310.60000949435766
 20
332.3333401150174
 10
310.06666395399304
 20
331.9333224826389
 10
309.5000203450521
 20
331.5666707356771
 10
308.933342827691
 20
331.19998508029516
 10
308.33333333333337
 20
330.8666653103299
 10
307.73335774739587
 20
330.566643608941
 10
307.1000162760417
 20
330.29998779296875
 10
306.4666748046875
 20
330.0333319769965
 10
305.83333333333337
 20
329.80000813802087
 10
305.2000257703993
 20
329.5999823676215
 10
304.53335232204864
 20
329.3999905056424
 10
303.86667887369794
 20
329.26666259765625
 10
303.20000542534723
 20
329.13333468967016
 10
302.5333319769965
 20
329.03333875868054
 10
301.866692437066
 20
328.9666748046875
 10
301.20001898871527
 20
328.933342827691
 10
300.5333455403646
 20
328.933342827691
 10
260.93332926432294
 20
328.566657172309
 10
217.26667616102432
 20
328.1333414713542
 10
173.20000542534723
 20
327.79998779296875
 10
151.50000678168402
 20
327.6999918619792
  0
LWPOLYLINE
  5
253
330
17
100
AcDbEntity
  8
TOPO
100
AcDbPolyline
 90
56
 70
0
 10
524.933336046007
 20
331.29998101128473
 10
480.1999918619792
 20
331.500006781684
 10
464.6333143446181
 20
331.60000271267364
 10
431.5666707356771
 20
331.63333468967016
 10
404.10000271267364
 20
331.63333468967016
 10
403.33333333333337
 20
331.63333468967016
 10
402.5666639539931
 20
331.63333468967016
 10
401.79999457465277
 20
331.6666666666667
 10
401.0333251953125
 20
331.73333062065973
 10
400.2666897243924
 20
331.79999457465277
 10
399.5000203450521
 20
331.9333224826389
 10
398.73335096571185
 20
332.0333184136285
 10
398.0000135633681
 20
332.19997829861114
 10
397.23334418402777
 20
332.3666720920139
 10
396.500006781684
 20
332.56666395399304
 10
395.76666937934027
 20
332.79998779296875
 10
395.0333319769965
 20
333.03331163194446
 10
394.29999457465277
 20
333.3000013563368
 10
393.6000230577257
 20
333.59998914930554
 10
392.9000176323785
 20
333.8999769422743
 10
392.23334418402777
 20
334.23333062065973
 10
391.500006781684
 20
334.5999823676215
 10
390.83333333333337
 20
335.0333319769965
 10
390.13332790798614
 20
335.4333157009549
 10
389.4666883680556
 20
335.8999972873264
 10
388.8000149197049
 20
336.36664496527777
 10
388.1666734483507
 20
336.86665852864587
 10
387.5333319769965
 20
337.3666720920139
 10
386.8999905056424
 20
337.8666517469618
 10
386.0666910807292
 20
338.566657172309
 10
385.2666897243924
 20
339.29999457465277
 10
384.4666883680556
 20
340.0333319769965
 10
384.10000271267364
 20
340.4333157009549
 10
383.73335096571185
 20
340.83333333333337
 10
383.1666734483507
 20
341.500006781684
 10
382.63332790798614
 20
342.19997829861114
 10
382.1000162760417
 20
342.89998372395837
 10
381.60000271267364
 20
343.59998914930554
 10
381.13335503472223
 20
344.36665852864587
 10
380.70000542534723
 20
345.0999959309896
 10
380.3000217013889
 20
345.8666653103299
 10
379.90000406901044
 20
346.6666666666667
 10
379.5000203450521
 20
347.5333319769965
 10
379.1666666666667
 20
348.43332926432294
 10
378.8333468967014
 20
349.36665852864587
 10
378.5666910807292
 20
350.26665581597223
 10
378.33333333333337
 20
351.19998508029516
 10
378.10000949435766
 20
352.1666463216146
 10
377.933349609375
 20
353.0999755859375
 10
377.8000217013889
 20
354.0666707356771
 10
377.66665988498266
 20
355.0999959309896
 10
377.5999959309896
 20
356.1333211263021
 10
377.5666639539931
 20
357.19997829861114
 10
377.5666639539931
 20
358.23333740234375
 10
377.3333401150174
 20
400.26665581597223
 10
377.5999959309896
 20
432.9666476779514
  0
LWPOLYLINE
  5
254
330
17
100
AcDbEntity
  8
TOPO
100
AcDbPolyline
 90
6
 70
0
 10
315.6666734483507
 20
432.9666476779514
 10
315.60000949435766
 20
418.46666124131946
 10
315.56667751736114
 20
404.7999742296007
 10
315.5333455403646
 20
400.999993218316
 10
315.433349609375
 20
385.26665581597223
 10
315.433349609375
 20
372.40000406901044
  0
LWPOLYLINE
  5
255
330
17
100
AcDbEntity
  8
TOPO
100
AcDbPolyline
 90
55
 70
0
 10
524.933336046007
 20
333.03331163194446
 10
480.10002983940973
 20
332.99997965494794
 10
464.73334418402777
 20
333.23333740234375
 10
431.6999986436632
 20
333.33333333333337
 10
404.26666259765625
 20
333.499993218316
 10
403.5333251953125
 20
333.499993218316
 10
402.83335367838544
 20
333.499993218316
 10
402.1000162760417
 20
333.5333251953125
 10
401.36667887369794
 20
333.59998914930554
 10
400.6666734483507
 20
333.69998508029516
 10
399.93333604600696
 20
333.79998101128473
 10
399.23333062065973
 20
333.8999769422743
 10
398.499993218316
 20
334.0666707356771
 10
397.8000217013889
 20
334.1999986436632
 10
397.1000162760417
 20
334.3999905056424
 10
396.40001085069446
 20
334.5999823676215
 10
395.70000542534723
 20
334.8333401150174
 10
395.0333319769965
 20
335.06666395399304
 10
394.33332655164935
 20
335.33331976996527
 10
393.70001898871527
 20
335.5999755859375
 10
393.0333455403646
 20
335.8999972873264
 10
392.3666720920139
 20
336.2333170572917
 10
391.6999986436632
 20
336.60000271267364
 10
391.066657172309
 20
336.96665445963544
 10
390.433349609375
 20
337.3333401150174
 10
389.80000813802087
 20
337.7333238389757
 10
389.1999986436632
 20
338.1666734483507
 10
388.6000230577257
 20
338.59998914930554
 10
388.0333455403646
 20
339.0666707356771
 10
387.26667616102435
 20
339.73331027560766
 10
386.5333387586806
 20
340.4333157009549
 10
385.83333333333337
 20
341.16665310329864
 10
385.16665988498266
 20
341.9333224826389
 10
384.66668023003473
 20
342.56666395399304
 10
384.1666666666667
 20
343.20000542534723
 10
383.73335096571185
 20
343.83331298828125
 10
383.30000135633685
 20
344.49998643663196
 10
382.86668565538196
 20
345.16665988498266
 10
382.4666680230035
 20
345.8666653103299
 10
382.1000162760417
 20
346.5666707356771
 10
381.76666259765625
 20
347.2666422526042
 10
381.36667887369794
 20
348.1333414713542
 10
381.0333251953125
 20
349.000006781684
 10
380.70000542534723
 20
349.8666720920139
 10
380.4000176323785
 20
350.76666937934027
 10
380.16665988498266
 20
351.6666666666667
 10
379.93333604600696
 20
352.56666395399304
 10
379.73334418402777
 20
353.499993218316
 10
379.53335232204864
 20
354.3999905056424
 10
379.36665852864587
 20
355.39998372395837
 10
379.23333062065973
 20
356.36664496527777
 10
379.13333468967016
 20
357.3666720920139
 10
379.0666707356771
 20
358.33333333333337
 10
379.26666259765625
 20
400.1999918619792
 10
379.4000244140625
 20
432.9666476779514
  0
LWPOLYLINE
  5
256
330
17
100
AcDbEntity
  8
TOPO
100
AcDbPolyline
 90
6
 70
0
 10
524.933336046007
 20
297.66665988498266
 10
508.86667887369794
 20
297.66665988498266
 10
486.3333468967014
 20
297.76665581597223
 10
464.0666707356771
 20
297.79998779296875
 10
438.70001898871527
 20
297.8666517469618
 10
421.1000230577257
 20
297.7333238389757
  0
LWPOLYLINE
  5
257
330
17
100
AcDbEntity
  8
TOPO
100
AcDbPolyline
 90
4
 70
0
 10
242.933349609375
 20
294.1666666666667
 10
242.10001627604169
 20
294.1999986436632
 10
235.83333333333334
 20
295.0333319769965
 10
235.06666395399307
 20
295.4333157009549
  0
LWPOLYLINE
  5
258
330
17
100
AcDbEntity
  8
TOPO
100
AcDbPolyline
 90
17
 70
0
 10
524.933336046007
 20
279.29999457465277
 10
511.5000067816841
 20
279.3999905056424
 10
492.5333319769965
 20
279.3999905056424
 10
473.3666653103299
 20
279.49998643663196
 10
454.73334418402777
 20
279.5999993218316
 10
434.1999986436632
 20
280.06666395399304
 10
433.90001085069446
 20
280.29998779296875
 10
433.76668294270837
 20
280.4333326551649
 10
426.40001085069446
 20
280.4000006781684
 10
425.60000949435766
 20
280.4666646321615
 10
425.4000176323785
 20
296.1333211263021
 10
420.76666937934027
 20
296.19998508029516
 10
421.1000230577257
 20
296.6666666666667
 10
438.4333631727431
 20
296.6999986436632
 10
463.46666124131946
 20
296.60000271267364
 10
486.0666910807292
 20
296.53333875868054
 10
524.933336046007
 20
296.4666748046875
  0
LWPOLYLINE
  5
259
330
17
100
AcDbEntity
  8
TOPO
100
AcDbPolyline
 90
6
 70
0
 10
427.66665988498266
 20
195.40000067816842
 10
452.73335774739587
 20
195.40000067816842
 10
473.79998101128473
 20
195.33333672417535
 10
496.16665310329864
 20
195.29998779296875
 10
515.933363172743
 20
195.26665581597223
 10
524.933336046007
 20
195.26665581597223
  0
LWPOLYLINE
  5
25A
330
17
100
AcDbEntity
  8
TOPO
100
AcDbPolyline
 90
7
 70
0
 10
427.66665988498266
 20
195.0
 10
427.66665988498266
 20
194.79999118381076
 10
431.16668701171875
 20
195.0
 10
427.66665988498266
 20
195.0
 10
431.16668701171875
 20
195.0
 10
431.16668701171875
 20
194.79999118381076
 10
427.66665988498266
 20
194.79999118381076
  0
LWPOLYLINE
  5
25B
330
17
100
AcDbEntity
  8
TOPO
100
AcDbPolyline
 90
7
 70
0
 10
433.66668701171875
 20
195.0
 10
433.66668701171875
 20
194.79999118381076
 10
438.66665310329864
 20
195.0
 10
433.66668701171875
 20
195.0
 10
438.66665310329864
 20
195.0
 10
438.66665310329864
 20
194.79999118381076
 10
433.66668701171875
 20
194.79999118381076
  0
LWPOLYLINE
  5
25C
330
17
100
AcDbEntity
  8
TOPO
100
AcDbPolyline
 90
7
 70
0
 10
441.16665310329864
 20
195.0
 10
441.16665310329864
 20
194.79999118381076
 10
446.16665310329864
 20
195.0
 10
441.16665310329864
 20
195.0
 10
446.16665310329864
 20
195.0
 10
446.16665310329864
 20
194.79999118381076
 10
441.16665310329864
 20
194.79999118381076
  0
LWPOLYLINE
  5
25D
330
17
100
AcDbEntity
  8
TOPO
100
AcDbPolyline
 90
13
 70
0
 10
448.66665310329864
 20
195.0
 10
448.66665310329864
 20
194.79999118381076
 10
452.73335774739587
 20
195.0
 10
448.66665310329864
 20
195.0
 10
452.73335774739587
 20
195.0
 10
452.73335774739587
 20
194.79999118381076
 10
448.66665310329864
 20
194.79999118381076
 10
452.73335774739587
 20
194.79999118381076
 10
453.66665310329864
 20
194.96666802300348
 10
452.73335774739587
 20
195.0
 10
453.66665310329864
 20
194.96666802300348
 10
453.66665310329864
 20
194.76665920681424
 10
452.73335774739587
 20
194.79999118381076
  0
LWPOLYLINE
  5
25E
330
17
100
AcDbEntity
  8
TOPO
100
AcDbPolyline
 90
7
 70
0
 10
456.16665310329864
 20
194.96666802300348
 10
456.16665310329864
 20
194.76665920681424
 10
461.20001898871527
 20
194.96666802300348
 10
456.16665310329864
 20
194.96666802300348
 10
461.20001898871527
 20
194.96666802300348
 10
461.16665310329864
 20
194.76665920681424
 10
456.16665310329864
 20
194.76665920681424
  0
LWPOLYLINE
  5
25F
330
17
100
AcDbEntity
  8
TOPO
100
AcDbPolyline
 90
7
 70
0
 10
463.70001898871527
 20
194.96666802300348
 10
463.70001898871527
 20
194.76665920681424
 10
468.70001898871527
 20
194.96666802300348
 10
463.70001898871527
 20
194.96666802300348
 10
468.70001898871527
 20
194.96666802300348
 10
468.70001898871527
 20
194.76665920681424
 10
463.70001898871527
 20
194.76665920681424
  0
LWPOLYLINE
  5
260
330
17
100
AcDbEntity
  8
TOPO
100
AcDbPolyline
 90
13
 70
0
 10
471.20001898871527
 20
194.93333604600696
 10
471.20001898871527
 20
194.73332722981772
 10
473.79998101128473
 20
194.93333604600696
 10
471.20001898871527
 20
194.93333604600696
 10
473.79998101128473
 20
194.93333604600696
 10
473.79998101128473
 20
194.73332722981772
 10
471.20001898871527
 20
194.73332722981772
 10
473.79998101128473
 20
194.73332722981772
 10
476.20001898871527
 20
194.93333604600696
 10
473.79998101128473
 20
194.93333604600696
 10
476.20001898871527
 20
194.93333604600696
 10
476.20001898871527
 20
194.73332722981772
 10
473.79998101128473
 20
194.73332722981772
  0
LWPOLYLINE
  5
261
330
17
100
AcDbEntity
  8
TOPO
100
AcDbPolyline
 90
7
 70
0
 10
478.70001898871527
 20
194.93333604600696
 10
478.70001898871527
 20
194.73332722981772
 10
483.70001898871527
 20
194.93333604600696
 10
478.70001898871527
 20
194.93333604600696
 10
483.70001898871527
 20
194.93333604600696
 10
483.70001898871527
 20
194.73332722981772
 10
478.70001898871527
 20
194.73332722981772
  0
LWPOLYLINE
  5
262
330
17
100
AcDbEntity
  8
TOPO
100
AcDbPolyline
 90
7
 70
0
 10
486.20001898871527
 20
194.93333604600696
 10
486.20001898871527
 20
194.73332722981772
 10
491.20001898871527
 20
194.90000406901044
 10
486.20001898871527
 20
194.93333604600696
 10
491.20001898871527
 20
194.90000406901044
 10
491.20001898871527
 20
194.6999952528212
 10
486.20001898871527
 20
194.73332722981772
  0
LWPOLYLINE
  5
263
330
17
100
AcDbEntity
  8
TOPO
100
AcDbPolyline
 90
13
 70
0
 10
493.70001898871527
 20
194.90000406901044
 10
493.70001898871527
 20
194.6999952528212
 10
496.16665310329864
 20
194.90000406901044
 10
493.70001898871527
 20
194.90000406901044
 10
496.16665310329864
 20
194.90000406901044
 10
496.16665310329864
 20
194.6999952528212
 10
493.70001898871527
 20
194.6999952528212
 10
496.16665310329864
 20
194.6999952528212
 10
498.7000189887153
 20
194.90000406901044
 10
496.16665310329864
 20
194.90000406901044
 10
498.7000189887153
 20
194.90000406901044
 10
498.7000189887153
 20
194.6999952528212
 10
496.16665310329864
 20
194.6999952528212
  0
LWPOLYLINE
  5
264
330
17
100
AcDbEntity
  8
TOPO
100
AcDbPolyline
 90
7
 70
0
 10
501.2000189887153
 20
194.90000406901044
 10
501.2000189887153
 20
194.6999952528212
 10
506.2000189887153
 20
194.90000406901044
 10
501.2000189887153
 20
194.90000406901044
 10
506.2000189887153
 20
194.90000406901044
 10
506.2000189887153
 20
194.6999952528212
 10
501.2000189887153
 20
194.6999952528212
  0
LWPOLYLINE
  5
265
330
17
100
AcDbEntity
  8
TOPO
100
AcDbPolyline
 90
7
 70
0
 10
508.7000189887153
 20
194.90000406901044
 10
508.7000189887153
 20
194.6999952528212
 10
513.7000189887153
 20
194.86665513780383
 10
508.7000189887153
 20
194.90000406901044
 10
513.7000189887153
 20
194.86665513780383
 10
513.7000189887153
 20
194.66666327582467
 10
508.7000189887153
 20
194.6999952528212
  0
LWPOLYLINE
  5
266
330
17
100
AcDbEntity
  8
TOPO
100
AcDbPolyline
 90
7
 70
0
 10
516.2000189887153
 20
194.86665513780383
 10
516.2000189887153
 20
194.66666327582467
 10
521.2000189887153
 20
194.86665513780383
 10
516.2000189887153
 20
194.86665513780383
 10
521.2000189887153
 20
194.86665513780383
 10
521.2000189887153
 20
194.66666327582467
 10
516.2000189887153
 20
194.66666327582467
  0
LWPOLYLINE
  5
267
330
17
100
AcDbEntity
  8
TOPO
100
AcDbPolyline
 90
7
 70
0
 10
524.933336046007
 20
194.63333129882812
 10
524.933336046007
 20
194.8333231608073
 10
523.7000189887153
 20
194.66666327582467
 10
524.933336046007
 20
194.63333129882812
 10
523.7000189887153
 20
194.66666327582467
 10
523.7000189887153
 20
194.86665513780383
 10
524.933336046007
 20
194.8333231608073
  0
LWPOLYLINE
  5
268
330
17
100
AcDbEntity
  8
TOPO
100
AcDbPolyline
 90
6
 70
0
 10
433.8333468967014
 20
231.63333468967014
 10
455.36668565538196
 20
231.1333211263021
 10
471.4666748046875
 20
231.09998914930557
 10
491.6666666666667
 20
230.99999321831598
 10
510.3333197699653
 20
230.96666124131946
 10
524.933336046007
 20
230.89999728732639
  0
LWPOLYLINE
  5
269
330
17
100
AcDbEntity
  8
TOPO
100
AcDbPolyline
 90
6
 70
0
 10
524.933336046007
 20
338.93330891927087
 10
486.20001898871527
 20
339.03333875868054
 10
464.90000406901044
 20
339.10000271267364
 10
464.76667616102435
 20
339.03333875868054
 10
424.80000813802087
 20
339.13333468967016
 10
424.6333482530382
 20
339.13333468967016
  0
LWPOLYLINE
  5
26A
330
17
100
AcDbEntity
  8
TOPO
100
AcDbPolyline
 90
6
 70
0
 10
524.933336046007
 20
337.83331976996527
 10
480.9333631727431
 20
337.9333157009549
 10
464.90000406901044
 20
338.03331163194446
 10
431.8999905056424
 20
338.066643608941
 10
417.0000203450521
 20
337.99997965494794
 10
416.8999905056424
 20
339.13333468967016
  0
LWPOLYLINE
  5
26B
330
17
100
AcDbEntity
  8
TOPO
100
AcDbPolyline
 90
53
 70
0
 10
144.20003255208334
 20
160.33333672417535
 10
177.96668158637155
 20
160.36666870117188
 10
187.16668023003473
 20
160.26665581597223
 10
189.1999986436632
 20
160.36666870117188
 10
191.43334282769098
 20
160.2333238389757
 10
212.80002170138889
 20
160.19999186197919
 10
239.33336046006946
 20
160.06666395399307
 10
256.6666666666667
 20
160.0
 10
272.1000162760417
 20
160.03333197699652
 10
274.9666680230035
 20
160.0
 10
292.86668565538196
 20
160.0999959309896
 10
304.10000271267364
 20
159.90000406901044
 10
304.66668023003473
 20
159.90000406901044
 10
305.23335774739587
 20
159.86665513780383
 10
305.8000013563368
 20
159.79999118381076
 10
306.40001085069446
 20
159.73332722981772
 10
306.96668836805554
 20
159.5999993218316
 10
307.5333319769965
 20
159.4666714138455
 10
308.10000949435766
 20
159.33332655164932
 10
308.66668701171875
 20
159.13333468967014
 10
309.1999986436632
 20
158.9333258734809
 10
309.73334418402777
 20
158.70000203450522
 10
310.2666897243924
 20
158.46666124131946
 10
310.8000013563368
 20
158.16665649414062
 10
311.3000149197049
 20
157.86666870117188
 10
311.76666259765625
 20
157.56666395399307
 10
312.23334418402777
 20
157.23332722981772
 10
312.66665988498266
 20
156.86665852864584
 10
313.10000949435766
 20
156.49998982747397
 10
313.46666124131946
 20
156.13333808051215
 10
313.8333468967014
 20
155.73333740234375
 10
314.1999986436632
 20
155.33333672417535
 10
314.53335232204864
 20
154.93333604600696
 10
314.8666720920139
 20
154.500003390842
 10
315.16665988498266
 20
154.0333218044705
 10
315.4666815863715
 20
153.59998914930557
 10
315.6666734483507
 20
153.23333740234375
 10
315.8666653103299
 20
152.86666870117188
 10
316.03335910373266
 20
152.5
 10
316.20001898871527
 20
152.0999993218316
 10
316.500006781684
 20
151.33332994249133
 10
316.73333062065973
 20
150.5333285861545
 10
316.96668836805554
 20
149.6999952528212
 10
317.1333482530382
 20
148.89999389648438
 10
317.4666680230035
 20
147.23332722981772
 10
317.7000257703993
 20
146.06665717230902
 10
317.86668565538196
 20
144.90000406901044
 10
317.9666815863715
 20
143.70000203450522
 10
318.0333455403646
 20
142.5
 10
318.06667751736114
 20
141.2999979654948
 10
318.0333455403646
 20
140.0999959309896
 10
317.9666815863715
 20
138.93333435058594
 10
317.83335367838544
 20
137.73333231608075
  0
LWPOLYLINE
  5
26C
330
17
100
AcDbEntity
  8
TOPO
100
AcDbPolyline
 90
94
 70
0
 10
150.89999728732639
 20
236.39999389648438
 10
189.00000678168405
 20
236.39999389648438
 10
229.93333604600696
 20
236.2999979654948
 10
273.70001898871527
 20
236.20000203450522
 10
274.3333265516493
 20
236.2999979654948
 10
275.0
 20
236.33332994249133
 10
275.6666734483507
 20
236.33332994249133
 10
276.36667887369794
 20
236.2999979654948
 10
277.03335232204864
 20
236.20000203450522
 10
277.73335774739587
 20
236.06665717230905
 10
278.3999972873264
 20
235.89999728732639
 10
279.0666707356771
 20
235.66665649414062
 10
279.73334418402777
 20
235.43333265516495
 10
280.36668565538196
 20
235.13332790798611
 10
280.96666124131946
 20
234.79999118381076
 10
281.5666707356771
 20
234.43332248263889
 10
282.1000162760417
 20
234.066653781467
 10
282.63332790798614
 20
233.6333211263021
 10
283.1333414713542
 20
233.16665649414062
 10
283.5666910807292
 20
232.66665988498264
 10
283.933342827691
 20
232.1999952528212
 10
284.29999457465277
 20
231.6999986436632
 10
284.6333482530382
 20
231.20000203450522
 10
284.93333604600696
 20
230.6333245171441
 10
285.2000257703993
 20
230.06666395399307
 10
285.433349609375
 20
229.46665445963544
 10
285.6333414713542
 20
228.86666191948785
 10
285.8000013563368
 20
228.2666693793403
 10
285.93332926432294
 20
227.66665988498264
 10
286.03335910373266
 20
227.03333536783856
 10
286.1000230577257
 20
226.39999389648438
 10
286.13335503472223
 20
225.80000135633682
 10
286.1000230577257
 20
225.16665988498264
 10
286.03335910373266
 20
224.56666734483508
 10
285.93332926432294
 20
223.99998982747397
 10
285.76666937934027
 20
223.39999728732639
 10
285.60000949435766
 20
222.999996609158
 10
285.433349609375
 20
222.5999959309896
 10
285.23335774739587
 20
222.1999952528212
 10
285.0
 20
221.83332655164932
 10
284.73334418402777
 20
221.46665785047745
 10
284.46668836805554
 20
221.09998914930557
 10
284.1666666666667
 20
220.7666693793403
 10
283.8333468967014
 20
220.43333265516495
 10
283.53335910373266
 20
220.0999959309896
 10
283.20000542534723
 20
219.79999118381076
 10
282.5
 20
219.1999986436632
 10
281.79999457465277
 20
218.59998914930557
 10
281.1000230577257
 20
218.0333285861545
 10
280.70000542534723
 20
217.7333238389757
 10
280.3000217013889
 20
217.46666802300348
 10
279.8666720920139
 20
217.1999952528212
 10
279.46668836805554
 20
216.96665445963544
 10
278.6000230577257
 20
216.49998982747397
 10
277.7000257703993
 20
216.06665717230905
 10
276.79999457465277
 20
215.66665649414062
 10
275.8999972873264
 20
215.29998779296875
 10
274.9666680230035
 20
214.89998711480035
 10
274.10000271267364
 20
214.500003390842
 10
272.7000257703993
 20
213.83332994249133
 10
271.26668294270837
 20
213.19998847113717
 10
269.8666720920139
 20
212.5999959309896
 10
268.43332926432294
 20
212.000003390842
 10
267.0000203450521
 20
211.43332587348092
 10
265.56667751736114
 20
210.86666531032986
 10
264.13333468967016
 20
210.33333672417535
 10
262.66669379340277
 20
209.79999118381076
 10
261.20001898871527
 20
209.2999945746528
 10
259.7666761610243
 20
208.7999979654948
 10
258.26666937934027
 20
208.33333333333334
 10
256.79999457465277
 20
207.86666870117188
 10
255.33335367838544
 20
207.43333604600696
 10
253.8333468967014
 20
207.000003390842
 10
252.3666720920139
 20
206.60000271267361
 10
250.86666531032986
 20
206.23333401150174
 10
249.5000203450521
 20
205.86666531032986
 10
248.10000949435764
 20
205.56666056315106
 10
246.73333062065973
 20
205.26665581597223
 10
245.36668565538196
 20
204.96666802300348
 10
243.9666748046875
 20
204.6999952528212
 10
242.56666395399307
 20
204.43332248263889
 10
241.2000189887153
 20
204.16666666666669
 10
239.80000813802084
 20
203.93332587348092
 10
238.39999728732639
 20
203.73333401150174
 10
237.0000203450521
 20
203.5333251953125
 10
235.60000949435764
 20
203.33333333333334
 10
234.1999986436632
 20
203.16665649414062
 10
232.76668972439236
 20
202.999996609158
 10
231.36667887369794
 20
202.86666870117188
 10
229.96666802300348
 20
202.7333238389757
 10
228.56669108072919
 20
202.63332790798611
 10
188.30000135633682
 20
202.29999118381076
 10
147.40003797743057
 20
202.3333231608073
 10
144.20003255208334
 20
202.26665920681424
  0
LWPOLYLINE
  5
26D
330
17
100
AcDbEntity
  8
TOPO
100
AcDbPolyline
 90
99
 70
0
 10
144.20003255208334
 20
297.89998372395837
 10
189.36669243706598
 20
298.20000542534723
 10
205.89999728732639
 20
298.33333333333337
 10
207.40000406901044
 20
298.3999972873264
 10
208.90001085069446
 20
298.43332926432294
 10
210.433349609375
 20
298.46666124131946
 10
211.93335639105905
 20
298.46666124131946
 10
214.5000203450521
 20
298.46666124131946
 10
217.06668429904514
 20
298.43332926432294
 10
219.6333482530382
 20
298.3666653103299
 10
222.2333441840278
 20
298.23333740234375
 10
226.2000189887153
 20
298.03331163194446
 10
228.20000542534723
 20
297.89998372395837
 10
230.20002577039932
 20
297.76665581597223
 10
232.16668023003473
 20
297.5999959309896
 10
234.16666666666669
 20
297.40000406901044
 10
236.13335503472223
 20
297.13331434461804
 10
238.13334147135419
 20
296.86665852864587
 10
240.20002577039932
 20
296.53333875868054
 10
242.26667616102432
 20
296.1333211263021
 10
244.33336046006946
 20
295.70000542534723
 10
246.36667887369794
 20
295.2333238389757
 10
248.43332926432294
 20
294.73331027560766
 10
250.46668158637155
 20
294.1999986436632
 10
252.5
 20
293.6333211263021
 10
254.5000203450521
 20
293.03331163194446
 10
256.500006781684
 20
292.3666720920139
 10
258.53335910373266
 20
291.73333062065973
 10
260.50001356336804
 20
291.0333251953125
 10
262.5
 20
290.29998779296875
 10
264.46668836805554
 20
289.566650390625
 10
266.433342827691
 20
288.83331298828125
 10
268.3999972873264
 20
288.03331163194446
 10
270.36668565538196
 20
287.2666761610243
 10
273.1666734483507
 20
286.09998914930554
 10
274.56668429904516
 20
285.49997965494794
 10
275.96666124131946
 20
284.90000406901044
 10
277.3333401150174
 20
284.29999457465277
 10
278.70001898871527
 20
283.6333211263021
 10
280.06666395399304
 20
282.9666646321615
 10
281.40001085069446
 20
282.26665920681427
 10
283.46666124131946
 20
281.09998914930554
 10
285.50001356336804
 20
279.89998711480035
 10
287.5333319769965
 20
278.70000203450525
 10
296.3000149197049
 20
272.9333326551649
 10
299.29999457465277
 20
270.6333245171441
 10
299.56668429904516
 20
270.4000006781684
 10
299.8333401150174
 20
270.16665988498266
 10
300.0999959309896
 20
269.89998711480035
 10
300.33335367838544
 20
269.6333312988281
 10
300.56667751736114
 20
269.3333265516493
 10
300.8000013563368
 20
269.06665378146704
 10
300.999993218316
 20
268.73333401150177
 10
301.16668701171875
 20
268.43332926432294
 10
301.36667887369794
 20
268.0999925401476
 10
301.500006781684
 20
267.79998779296875
 10
301.6666666666667
 20
267.4333190917969
 10
301.79999457465277
 20
267.0999993218316
 10
301.9000244140625
 20
266.76666259765625
 10
302.0000203450521
 20
266.3999938964844
 10
302.06668429904516
 20
266.066657172309
 10
302.1333482530382
 20
265.69998847113715
 10
302.20001220703125
 20
265.2333238389757
 10
302.23334418402777
 20
264.76665920681427
 10
302.23334418402777
 20
264.29999457465277
 10
302.16668023003473
 20
263.7999979654948
 10
302.1333482530382
 20
263.5333251953125
 10
302.06668429904516
 20
263.26665242513025
 10
302.0000203450521
 20
262.9666646321615
 10
301.9000244140625
 20
262.6999918619792
 10
301.79999457465277
 20
262.4333190917969
 10
301.6666666666667
 20
262.16666327582465
 10
301.53333875868054
 20
261.8999905056424
 10
301.36667887369794
 20
261.63333468967016
 10
301.20001898871527
 20
261.36666191948785
 10
301.03335910373266
 20
261.1333211263021
 10
300.6333414713542
 20
260.6333245171441
 10
300.2000257703993
 20
260.16665988498266
 10
299.70001220703125
 20
259.73332722981775
 10
299.1999986436632
 20
259.3333265516493
 10
298.70001898871527
 20
258.999989827474
 10
298.1333414713542
 20
258.70000203450525
 10
297.86668565538196
 20
258.566657172309
 10
297.56666395399304
 20
258.43332926432294
 10
297.30000813802087
 20
258.33333333333337
 10
297.0000203450521
 20
258.23332044813367
 10
296.6999986436632
 20
258.1666564941406
 10
296.433342827691
 20
258.0999925401476
 10
296.13335503472223
 20
258.06666056315106
 10
295.83333333333337
 20
258.03332858615454
 10
295.56667751736114
 20
257.999996609158
 10
295.2666897243924
 20
257.999996609158
 10
290.8666653103299
 20
257.999996609158
 10
287.0000203450521
 20
258.03332858615454
 10
278.933342827691
 20
258.06666056315106
 10
273.5666910807292
 20
258.1333245171441
 10
231.36667887369794
 20
258.23332044813367
 10
190.13336181640625
 20
258.3000013563368
 10
148.43336317274307
 20
258.3999972873264
  0
LWPOLYLINE
  5
26E
330
17
100
AcDbEntity
  8
TOPO
100
AcDbPolyline
 90
5
 70
0
 10
318.53335910373266
 20
67.76666429307726
 10
318.5666910807292
 20
77.93333265516493
 10
318.6000230577257
 20
104.03333028157553
 10
318.8000149197049
 20
134.83333163791232
 10
317.83335367838544
 20
137.73333231608075
  0
LWPOLYLINE
  5
26F
330
17
100
AcDbEntity
  8
TOPO
100
AcDbPolyline
 90
64
 70
0
 10
374.29999457465277
 20
67.76666429307726
 10
374.5000203450521
 20
82.36666361490886
 10
374.6000162760417
 20
104.76666768391928
 10
374.76667616102435
 20
133.76666598849826
 10
378.73335096571185
 20
133.76666598849826
 10
378.8000149197049
 20
134.93332756890192
 10
378.90001085069446
 20
136.09999762641058
 10
379.0333387586806
 20
137.26666768391928
 10
379.23333062065973
 20
138.43332926432294
 10
379.4666883680556
 20
139.5999993218316
 10
379.73334418402777
 20
140.7333289252387
 10
380.0666639539931
 20
141.83332655164932
 10
380.4666815863715
 20
142.96666463216147
 10
380.83333333333337
 20
143.99998982747397
 10
381.26668294270837
 20
145.03333197699652
 10
381.76666259765625
 20
146.06665717230902
 10
382.26667616102435
 20
147.06666734483508
 10
382.8000217013889
 20
148.06666056315106
 10
383.3999972873264
 20
148.99998982747397
 10
383.73335096571185
 20
149.4666714138455
 10
384.0333387586806
 20
149.93333604600696
 10
384.36665852864587
 20
150.4000006781684
 10
384.73334418402777
 20
150.83333333333334
 10
385.23335774739587
 20
151.4333258734809
 10
385.76666937934027
 20
152.000003390842
 10
386.3000149197049
 20
152.56666395399307
 10
386.86665852864587
 20
153.09999254014758
 10
387.43333604600696
 20
153.63333808051215
 10
388.0333455403646
 20
154.13333468967014
 10
388.63335503472223
 20
154.63333129882812
 10
389.26666259765625
 20
155.0999959309896
 10
390.33335367838544
 20
155.89999728732639
 10
390.8999972873264
 20
156.2999979654948
 10
391.4666748046875
 20
156.66666666666669
 10
392.03335232204864
 20
157.000003390842
 10
392.5999959309896
 20
157.36665513780383
 10
393.1666734483507
 20
157.69999186197919
 10
393.76668294270837
 20
157.999996609158
 10
394.36665852864587
 20
158.30000135633682
 10
394.9666680230035
 20
158.59998914930557
 10
395.60000949435766
 20
158.86666191948785
 10
396.20001898871527
 20
159.13333468967014
 10
396.83332655164935
 20
159.36665852864584
 10
397.4666680230035
 20
159.56666734483508
 10
398.10000949435766
 20
159.76665920681424
 10
398.76668294270837
 20
159.93333604600696
 10
399.36665852864587
 20
160.06666395399307
 10
399.9666680230035
 20
160.19999186197919
 10
400.56667751736114
 20
160.33333672417535
 10
401.20001898871527
 20
160.43333265516495
 10
401.79999457465277
 20
160.499996609158
 10
402.43333604600696
 20
160.56666056315106
 10
403.0333455403646
 20
160.59999254014758
 10
403.66668701171875
 20
160.6333245171441
 10
404.29999457465277
 20
160.66665649414062
 10
404.93333604600696
 20
160.66665649414062
 10
405.5333455403646
 20
160.66665649414062
 10
406.16668701171875
 20
160.6333245171441
 10
406.79999457465277
 20
160.56666056315106
 10
407.40000406901044
 20
160.5333285861545
 10
408.0333455403646
 20
160.43333265516495
 10
408.63335503472223
 20
160.33333672417535
 10
437.26667616102435
 20
160.19999186197919
 10
437.26667616102435
 20
158.49999321831598
  0
LWPOLYLINE
  5
270
330
17
100
AcDbEntity
  8
TOPO
100
AcDbPolyline
 90
53
 70
0
 10
384.4666883680556
 20
221.76666259765625
 10
384.53335232204864
 20
220.83333333333334
 10
384.66668023003473
 20
219.93333604600696
 10
384.80000813802087
 20
218.99998982747397
 10
385.0
 20
218.09999254014758
 10
385.1999918619792
 20
217.1999952528212
 10
385.4666815863715
 20
216.2999979654948
 10
385.76666937934027
 20
215.43333265516495
 10
386.13335503472223
 20
214.56666734483508
 10
386.4666748046875
 20
213.7999979654948
 10
386.83332655164935
 20
213.06666056315106
 10
387.26667616102435
 20
212.3333231608073
 10
387.6999918619792
 20
211.63333468967014
 10
388.1666734483507
 20
210.89999728732639
 10
388.63335503472223
 20
210.2333238389757
 10
389.13333468967016
 20
209.53333536783856
 10
389.66668023003473
 20
208.86666191948785
 10
390.33335367838544
 20
208.0333285861545
 10
390.999993218316
 20
207.23332722981772
 10
391.73333062065973
 20
206.43332587348092
 10
392.4666680230035
 20
205.66665649414062
 10
393.63335503472223
 20
204.46665445963544
 10
394.23333062065973
 20
203.89999389648438
 10
394.8333401150174
 20
203.30000135633682
 10
395.4666815863715
 20
202.7333238389757
 10
396.1000230577257
 20
202.1999952528212
 10
396.73333062065973
 20
201.63333468967014
 10
397.3666720920139
 20
201.09998914930557
 10
398.3999972873264
 20
200.29998779296875
 10
399.433356391059
 20
199.53333536783856
 10
400.5000135633681
 20
198.76666598849826
 10
401.60000271267364
 20
198.0333285861545
 10
402.6999918619792
 20
197.36665513780383
 10
403.8333468967014
 20
196.6999986436632
 10
404.9666680230035
 20
196.06665717230905
 10
406.13335503472223
 20
195.46666463216147
 10
407.20001220703125
 20
194.93333604600696
 10
408.30000135633685
 20
194.46665445963544
 10
409.3999905056424
 20
193.99998982747397
 10
410.5333455403646
 20
193.56665717230905
 10
411.6666666666667
 20
193.1333245171441
 10
412.8000217013889
 20
192.76665581597223
 10
413.933342827691
 20
192.43333604600696
 10
415.0999959309896
 20
192.0999993218316
 10
416.5666707356771
 20
191.73333062065973
 10
418.06667751736114
 20
191.39999389648438
 10
419.56668429904516
 20
191.1333211263021
 10
421.1000230577257
 20
190.89999728732639
 10
422.63332790798614
 20
190.69998847113717
 10
424.1666666666667
 20
190.56666056315106
 10
425.70000542534723
 20
190.499996609158
 10
427.23334418402777
 20
190.46666463216147
 10
427.3666720920139
 20
192.43333604600696
  0
LWPOLYLINE
  5
271
330
17
100
AcDbEntity
  8
TOPO
100
AcDbPolyline
 90
47
 70
0
 10
315.433349609375
 20
369.69997829861114
 10
315.3000217013889
 20
359.6333143446181
 10
315.33335367838544
 20
351.9333224826389
 10
315.2000257703993
 20
345.39998372395837
 10
315.16665988498266
 20
344.8333401150174
 10
315.0999959309896
 20
344.26666259765625
 10
315.0
 20
343.69998508029516
 10
314.90000406901044
 20
343.1333414713542
 10
314.80000813802087
 20
342.5999959309896
 10
314.66668023003473
 20
342.0333184136285
 10
314.5000203450521
 20
341.4666748046875
 10
314.29999457465277
 20
340.93332926432294
 10
314.10000271267364
 20
340.39998372395837
 10
313.90001085069446
 20
339.8666720920139
 10
313.66668701171875
 20
339.3333265516493
 10
313.3999972873264
 20
338.79998101128473
 10
313.1333414713542
 20
338.3000013563368
 10
312.86668565538196
 20
337.83331976996527
 10
312.56666395399304
 20
337.3333401150174
 10
312.23334418402777
 20
336.86665852864587
 10
311.933356391059
 20
336.43330891927087
 10
311.60000271267364
 20
335.999993218316
 10
311.26668294270837
 20
335.5999755859375
 10
310.8999972873264
 20
335.1999918619792
 10
310.5333455403646
 20
334.80000813802087
 10
310.16665988498266
 20
334.4333224826389
 10
309.7666761610243
 20
334.10000271267364
 10
309.3333265516493
 20
333.7333170572917
 10
308.933342827691
 20
333.43332926432294
 10
308.499993218316
 20
333.1666734483507
 10
308.0333455403646
 20
332.89998372395837
 10
307.56666395399304
 20
332.63332790798614
 10
307.1000162760417
 20
332.43333604600696
 10
306.63333468967016
 20
332.19997829861114
 10
306.13335503472223
 20
332.0333184136285
 10
305.6333414713542
 20
331.8333265516493
 10
305.13332790798614
 20
331.6999986436632
 10
304.6000162760417
 20
331.53333875868054
 10
303.5666910807292
 20
331.29998101128473
 10
302.5333319769965
 20
331.09998914930554
 10
301.500006781684
 20
330.93332926432294
 10
300.4666815863715
 20
330.8000013563368
 10
260.6666734483507
 20
330.4333157009549
 10
225.33335367838544
 20
330.13332790798614
 10
217.36667209201389
 20
330.0999959309896
 10
173.30000135633682
 20
329.7666761610243
 10
146.16665310329861
 20
329.5333184136285
  0
LWPOLYLINE
  5
272
330
17
100
AcDbEntity
  8
TOPO
100
AcDbPolyline
 90
55
 70
0
 10
144.20003255208334
 20
159.43332248263889
 10
177.86668565538196
 20
159.33332655164932
 10
187.16668023003473
 20
159.29999457465277
 10
189.1999986436632
 20
159.33332655164932
 10
191.5666707356771
 20
159.33332655164932
 10
209.10000271267361
 20
159.29999457465277
 10
226.33334689670139
 20
159.16666666666669
 10
229.83334011501736
 20
159.13333468967014
 10
238.9666748046875
 20
159.13333468967014
 10
256.433342827691
 20
159.0666707356771
 10
272.0000203450521
 20
158.96665785047745
 10
274.9666680230035
 20
159.0666707356771
 10
277.83335367838544
 20
159.10000271267361
 10
304.0666707356771
 20
158.96665785047745
 10
304.6000162760417
 20
158.96665785047745
 10
305.13332790798614
 20
158.9333258734809
 10
305.6666734483507
 20
158.86666191948785
 10
306.2333509657118
 20
158.7999979654948
 10
306.76666259765625
 20
158.70000203450522
 10
307.2666761610243
 20
158.56665717230902
 10
307.8000217013889
 20
158.43332926432294
 10
308.33333333333337
 20
158.23333740234375
 10
308.8333468967014
 20
158.06666056315106
 10
309.3333265516493
 20
157.83333672417535
 10
309.8333401150174
 20
157.5999959309896
 10
310.3000217013889
 20
157.36665513780383
 10
310.76666937934027
 20
157.06666734483508
 10
311.2333509657118
 20
156.76666259765625
 10
311.6666666666667
 20
156.46665785047745
 10
312.06668429904516
 20
156.13333808051215
 10
312.4666680230035
 20
155.80000135633682
 10
312.86668565538196
 20
155.43333265516495
 10
313.23333740234375
 20
155.03333197699652
 10
313.5666910807292
 20
154.63333129882812
 10
313.90001085069446
 20
154.23333062065973
 10
314.1999986436632
 20
153.7999979654948
 10
314.5000203450521
 20
153.36666531032986
 10
314.7666761610243
 20
152.93333265516495
 10
314.9666680230035
 20
152.5999959309896
 10
315.13332790798614
 20
152.26665920681424
 10
315.3000217013889
 20
151.89999050564236
 10
315.4666815863715
 20
151.5666707356771
 10
315.73333740234375
 20
150.83333333333334
 10
315.96666124131946
 20
150.0999959309896
 10
316.16668701171875
 20
149.33332655164932
 10
316.3333468967014
 20
148.59998914930557
 10
316.63333468967016
 20
147.06666734483508
 10
316.8333265516493
 20
145.93332926432294
 10
317.0000203450521
 20
144.76665920681424
 10
317.1000162760417
 20
143.59998914930557
 10
317.16668023003473
 20
142.43333604600696
 10
317.16668023003473
 20
141.26666598849826
 10
317.1333482530382
 20
140.0999959309896
 10
317.03335232204864
 20
138.93333435058594
 10
316.9000244140625
 20
137.76666429307727
  0
LWPOLYLINE
  5
273
330
17
100
AcDbEntity
  8
TOPO
100
AcDbPolyline
 90
91
 70
0
 10
150.86669921875
 20
234.53333536783856
 10
188.93334282769098
 20
234.49998643663196
 10
229.96666802300348
 20
234.36665852864584
 10
273.66668701171875
 20
234.1999986436632
 10
274.1666666666667
 20
234.2999945746528
 10
274.70001220703125
 20
234.33332655164932
 10
275.23335774739587
 20
234.36665852864584
 10
275.76666937934027
 20
234.36665852864584
 10
276.3333468967014
 20
234.2999945746528
 10
276.866692437066
 20
234.23333062065973
 10
277.40000406901044
 20
234.13333468967014
 10
277.933349609375
 20
233.99998982747397
 10
278.46666124131946
 20
233.83332994249133
 10
278.9666748046875
 20
233.6333211263021
 10
279.46668836805554
 20
233.39999728732639
 10
279.93333604600696
 20
233.1333245171441
 10
280.4000176323785
 20
232.86666870117188
 10
280.83333333333337
 20
232.56666395399307
 10
281.26668294270837
 20
232.23332722981772
 10
281.63333468967016
 20
231.86665852864584
 10
282.0000203450521
 20
231.46665785047745
 10
282.3333401150174
 20
231.06665717230905
 10
282.66665988498266
 20
230.59999254014758
 10
282.9666815863715
 20
230.13332790798611
 10
283.23333740234375
 20
229.63333129882812
 10
283.46666124131946
 20
229.13333468967014
 10
283.66668701171875
 20
228.59998914930557
 10
283.86667887369794
 20
228.06666056315106
 10
284.000006781684
 20
227.5
 10
284.10000271267364
 20
226.96665445963544
 10
284.1666666666667
 20
226.39999389648438
 10
284.1999986436632
 20
225.86666531032986
 10
284.1999986436632
 20
225.33333672417535
 10
284.13333468967016
 20
224.79999118381076
 10
284.03333875868054
 20
224.26666259765625
 10
283.9666748046875
 20
224.0333218044705
 10
283.90001085069446
 20
223.76666598849826
 10
283.76668294270837
 20
223.46666124131946
 10
283.6000230577257
 20
223.16665649414062
 10
283.43332926432294
 20
222.86666870117188
 10
283.26666937934027
 20
222.5999959309896
 10
283.06667751736114
 20
222.29999118381076
 10
282.86668565538196
 20
222.03333536783856
 10
282.40000406901044
 20
221.5333218044705
 10
281.9000244140625
 20
221.06665717230905
 10
281.36667887369794
 20
220.59999254014758
 10
280.3000217013889
 20
219.73332722981772
 10
279.93333604600696
 20
219.43332248263889
 10
279.53335232204864
 20
219.16666666666669
 10
279.13333468967016
 20
218.93332587348092
 10
278.7333509657118
 20
218.70000203450522
 10
278.33333333333337
 20
218.46666124131946
 10
277.9000176323785
 20
218.2666693793403
 10
277.06668429904516
 20
217.90000067816842
 10
275.3000217013889
 20
217.16666327582467
 10
274.433356391059
 20
216.7999945746528
 10
273.5666910807292
 20
216.43332587348092
 10
272.16668023003473
 20
215.80000135633682
 10
270.76666937934027
 20
215.19999186197919
 10
269.3333265516493
 20
214.5999993218316
 10
267.933349609375
 20
213.99998982747397
 10
266.500006781684
 20
213.43332926432294
 10
265.06666395399304
 20
212.90000067816842
 10
263.63335503472223
 20
212.3333231608073
 10
262.20001220703125
 20
211.83332655164932
 10
260.73333740234375
 20
211.2999979654948
 10
259.26666259765625
 20
210.83333333333334
 10
257.83335367838544
 20
210.33333672417535
 10
256.36667887369794
 20
209.89998711480035
 10
254.8666720920139
 20
209.43332248263889
 10
253.3999972873264
 20
209.0333218044705
 10
251.93335639105905
 20
208.6333211263021
 10
250.433349609375
 20
208.2333204481337
 10
249.10000271267361
 20
207.90000067816842
 10
247.73335774739584
 20
207.56666395399307
 10
246.36667887369794
 20
207.26665920681424
 10
245.0
 20
206.96665445963544
 10
243.63335503472223
 20
206.66666666666669
 10
242.26667616102432
 20
206.39999389648438
 10
240.89999728732639
 20
206.1666700575087
 10
239.53335232204861
 20
205.93332926432294
 10
238.1666734483507
 20
205.69998847113717
 10
236.76666259765625
 20
205.46666463216147
 10
235.40001763237848
 20
205.26665581597223
 10
234.00000678168405
 20
205.0999959309896
 10
232.63332790798611
 20
204.93333604600696
 10
231.23335096571182
 20
204.76665920681424
 10
229.86667209201389
 20
204.63333129882812
 10
228.46666124131946
 20
204.500003390842
 10
188.43332926432294
 20
204.23333062065973
 10
147.3333740234375
 20
204.26666259765625
  0
LWPOLYLINE
  5
274
330
17
100
AcDbEntity
  8
TOPO
100
AcDbPolyline
 90
47
 70
0
 10
282.3666720920139
 20
279.3999905056424
 10
286.40001085069446
 20
277.0999993218316
 10
290.73333740234375
 20
274.36665852864587
 10
295.2000257703993
 20
271.23333401150177
 10
298.1666734483507
 20
269.0333218044705
 10
298.3999972873264
 20
268.86666191948785
 10
298.6000230577257
 20
268.70000203450525
 10
298.8000149197049
 20
268.499993218316
 10
299.000006781684
 20
268.26665242513025
 10
299.1666666666667
 20
268.06666056315106
 10
299.3333265516493
 20
267.79998779296875
 10
299.5000203450521
 20
267.56666395399304
 10
299.6333482530382
 20
267.3333231608073
 10
299.7666761610243
 20
267.0666673448351
 10
299.90000406901044
 20
266.79999457465277
 10
300.0
 20
266.5333218044705
 10
300.06666395399304
 20
266.23333401150177
 10
300.13332790798614
 20
265.96666124131946
 10
300.2000257703993
 20
265.69998847113715
 10
300.23335774739587
 20
265.4000006781684
 10
300.23335774739587
 20
265.13332790798614
 10
300.23335774739587
 20
264.76665920681427
 10
300.2000257703993
 20
264.36665852864587
 10
300.13332790798614
 20
263.999989827474
 10
300.0
 20
263.59998914930554
 10
299.8666720920139
 20
263.23332044813367
 10
299.70001220703125
 20
262.8666687011719
 10
299.5000203450521
 20
262.5
 10
299.26666259765625
 20
262.16666327582465
 10
299.000006781684
 20
261.8333265516493
 10
298.7333509657118
 20
261.5333218044705
 10
298.46666124131946
 20
261.23333401150177
 10
298.1333414713542
 20
260.96666124131946
 10
297.83335367838544
 20
260.73332044813367
 10
297.5
 20
260.53332858615454
 10
297.16668023003473
 20
260.33331976996527
 10
296.79999457465277
 20
260.1999918619792
 10
296.433342827691
 20
260.06666395399304
 10
296.03335910373266
 20
259.9666680230035
 10
295.6333414713542
 20
259.89998711480035
 10
295.23335774739587
 20
259.86665513780383
 10
290.93332926432294
 20
260.16665988498266
 10
287.0000203450521
 20
260.0
 10
278.90001085069446
 20
260.0333319769965
 10
231.00002712673611
 20
260.16665988498266
 10
190.23335774739584
 20
260.2333238389757
 10
148.30003526475696
 20
260.3666687011719
  0
LWPOLYLINE
  5
275
330
17
100
AcDbEntity
  8
TOPO
100
AcDbPolyline
 90
5
 70
0
 10
316.60000271267364
 20
67.76666429307726
 10
316.63333468967016
 20
77.93333265516493
 10
316.79999457465277
 20
104.03333028157553
 10
316.9000244140625
 20
134.76666768391928
 10
316.9000244140625
 20
137.76666429307727
  0
LWPOLYLINE
  5
276
330
17
100
AcDbEntity
  8
TOPO
100
AcDbPolyline
 90
4
 70
0
 10
380.6333414713542
 20
133.7999979654948
 10
380.56667751736114
 20
104.13333468967015
 10
380.4000176323785
 20
82.13333129882812
 10
380.33335367838544
 20
67.76666429307726
  0
LWPOLYLINE
  5
277
330
17
100
AcDbEntity
  8
TOPO
100
AcDbPolyline
 90
51
 70
0
 10
386.36667887369794
 20
221.76666259765625
 10
386.40001085069446
 20
220.93332926432294
 10
386.4666748046875
 20
220.0999959309896
 10
386.60000271267364
 20
219.26666259765625
 10
386.76666259765625
 20
218.43332926432294
 10
386.9666883680556
 20
217.63332790798611
 10
387.20001220703125
 20
216.7999945746528
 10
387.4666680230035
 20
216.0333251953125
 10
387.7666897243924
 20
215.2333238389757
 10
388.10000949435766
 20
214.53333536783856
 10
388.46666124131946
 20
213.86666191948785
 10
388.90001085069446
 20
213.19998847113717
 10
389.33332655164935
 20
212.56666395399307
 10
389.76667616102435
 20
211.93332248263889
 10
390.2333238389757
 20
211.2999979654948
 10
391.20001898871527
 20
210.0999959309896
 10
391.83332655164935
 20
209.2999945746528
 10
392.4666680230035
 20
208.5333251953125
 10
393.1333414713542
 20
207.76665581597223
 10
393.8000149197049
 20
207.03333536783856
 10
394.93333604600696
 20
205.86666531032986
 10
395.5333455403646
 20
205.29998779296875
 10
396.1000230577257
 20
204.73332722981772
 10
396.6999986436632
 20
204.16666666666669
 10
397.30000813802087
 20
203.6333211263021
 10
397.933349609375
 20
203.09999254014758
 10
398.566657172309
 20
202.5999959309896
 10
399.53335232204864
 20
201.83332655164932
 10
400.56667751736114
 20
201.06665717230905
 10
401.60000271267364
 20
200.36666870117188
 10
402.63332790798614
 20
199.6999952528212
 10
403.73335096571185
 20
199.0333218044705
 10
404.80000813802087
 20
198.39999728732639
 10
405.8999972873264
 20
197.79998779296875
 10
407.03335232204864
 20
197.23332722981772
 10
408.06667751736114
 20
196.73333062065973
 10
409.10000271267364
 20
196.26666598849826
 10
410.16665988498266
 20
195.80000135633682
 10
411.23335096571185
 20
195.36666870117188
 10
412.3333401150174
 20
194.96666802300348
 10
413.3999972873264
 20
194.56666734483508
 10
414.5000203450521
 20
194.23333062065973
 10
415.6333414713542
 20
193.93332587348092
 10
417.06668429904516
 20
193.56665717230905
 10
418.499993218316
 20
193.23333740234375
 10
419.9666680230035
 20
192.999996609158
 10
421.4666748046875
 20
192.76665581597223
 10
422.933349609375
 20
192.5999959309896
 10
424.3999905056424
 20
192.5
 10
425.8999972873264
 20
192.43333604600696
 10
427.3666720920139
 20
192.43333604600696
  0
LWPOLYLINE
  5
278
330
17
100
AcDbEntity
  8
TOPO
100
AcDbPolyline
 90
6
 70
0
 10
427.6999918619792
 20
194.39999050564236
 10
452.43333604600696
 20
194.2999945746528
 10
473.90001085069446
 20
194.2999945746528
 10
496.0999891493056
 20
194.23333062065973
 10
515.500013563368
 20
194.23333062065973
 10
524.933336046007
 20
194.1999986436632
  0
LWPOLYLINE
  5
279
330
17
100
AcDbEntity
  8
TOPO
100
AcDbPolyline
 90
6
 70
0
 10
433.566657172309
 20
230.83333333333334
 10
455.36668565538196
 20
230.3333197699653
 10
471.5333387586806
 20
230.26665581597223
 10
491.60000271267364
 20
230.2333238389757
 10
510.39998372395837
 20
230.16665988498264
 10
524.933336046007
 20
230.13332790798611
  0
LWPOLYLINE
  5
27A
330
17
100
AcDbEntity
  8
TOPO
100
AcDbPolyline
 90
4
 70
0
 10
394.36665852864587
 20
70.46666463216147
 10
394.53335232204864
 20
85.06666395399306
 10
394.66668023003473
 20
101.13332960340712
 10
394.56668429904516
 20
113.500001695421
  0
LWPOLYLINE
  5
27B
330
17
100
AcDbEntity
  8
TOPO
100
AcDbPolyline
 90
4
 70
0
 10
394.9666680230035
 20
70.43333265516493
 10
395.13332790798614
 20
85.03333197699654
 10
395.2666897243924
 20
101.13332960340712
 10
395.16665988498266
 20
113.53333367241754
  0
LWPOLYLINE
  5
27C
330
17
100
AcDbEntity
  8
TOPO
100
AcDbPolyline
 90
7
 70
0
 10
394.56668429904516
 20
70.43333265516493
 10
394.76667616102435
 20
70.43333265516493
 10
394.6333482530382
 20
75.73332892523872
 10
394.56668429904516
 20
70.43333265516493
 10
394.6333482530382
 20
75.73332892523872
 10
394.8333401150174
 20
75.73332892523872
 10
394.76667616102435
 20
70.43333265516493
  0
LWPOLYLINE
  5
27D
330
17
100
AcDbEntity
  8
TOPO
100
AcDbPolyline
 90
7
 70
0
 10
394.66668023003473
 20
78.23332892523872
 10
394.8666720920139
 20
78.23332892523872
 10
394.70001220703125
 20
83.23332892523872
 10
394.66668023003473
 20
78.23332892523872
 10
394.70001220703125
 20
83.23332892523872
 10
394.90000406901044
 20
83.23332892523872
 10
394.8666720920139
 20
78.23332892523872
  0
LWPOLYLINE
  5
27E
330
17
100
AcDbEntity
  8
TOPO
100
AcDbPolyline
 90
7
 70
0
 10
394.73334418402777
 20
85.73332892523872
 10
394.93333604600696
 20
85.73332892523872
 10
394.76667616102435
 20
90.73332892523872
 10
394.73334418402777
 20
85.73332892523872
 10
394.76667616102435
 20
90.73332892523872
 10
394.9666680230035
 20
90.73332892523872
 10
394.93333604600696
 20
85.73332892523872
  0
LWPOLYLINE
  5
27F
330
17
100
AcDbEntity
  8
TOPO
100
AcDbPolyline
 90
7
 70
0
 10
394.80000813802087
 20
93.23332892523872
 10
395.0
 20
93.23332892523872
 10
394.8333401150174
 20
98.23332892523872
 10
394.80000813802087
 20
93.23332892523872
 10
394.8333401150174
 20
98.23332892523872
 10
395.0333319769965
 20
98.23332892523872
 10
395.0
 20
93.23332892523872
  0
LWPOLYLINE
  5
280
330
17
100
AcDbEntity
  8
TOPO
100
AcDbPolyline
 90
13
 70
0
 10
394.8333401150174
 20
100.73332892523872
 10
395.0333319769965
 20
100.73332892523872
 10
394.8666720920139
 20
101.13332960340712
 10
394.8333401150174
 20
100.73332892523872
 10
394.8666720920139
 20
101.13332960340712
 10
395.0666639539931
 20
101.13332960340712
 10
395.0333319769965
 20
100.73332892523872
 10
395.0666639539931
 20
101.13332960340712
 10
394.8333401150174
 20
105.73332892523872
 10
394.8666720920139
 20
101.13332960340712
 10
394.8333401150174
 20
105.73332892523872
 10
395.0333319769965
 20
105.73332892523872
 10
395.0666639539931
 20
101.13332960340712
  0
LWPOLYLINE
  5
281
330
17
100
AcDbEntity
  8
TOPO
100
AcDbPolyline
 90
7
 70
0
 10
394.80000813802087
 20
108.23332892523872
 10
395.0
 20
108.23332892523872
 10
394.76667616102435
 20
113.500001695421
 10
394.80000813802087
 20
108.23332892523872
 10
394.76667616102435
 20
113.500001695421
 10
394.9666680230035
 20
113.500001695421
 10
395.0
 20
108.23332892523872
  0
LWPOLYLINE
  5
282
330
17
100
AcDbEntity
  8
TOPO
100
AcDbPolyline
 90
57
 70
0
 10
437.26667616102435
 20
158.49999321831598
 10
412.63332790798614
 20
158.46666124131946
 10
407.5
 20
158.59998914930557
 10
406.4666748046875
 20
158.70000203450522
 10
405.433349609375
 20
158.73333401150174
 10
404.36665852864587
 20
158.73333401150174
 10
403.33333333333337
 20
158.6666700575087
 10
402.30000813802087
 20
158.56665717230902
 10
401.26668294270837
 20
158.39999728732639
 10
400.2333238389757
 20
158.23333740234375
 10
399.1999986436632
 20
157.999996609158
 10
398.43332926432294
 20
157.76665581597223
 10
397.6999918619792
 20
157.53333197699652
 10
396.933356391059
 20
157.26665920681424
 10
396.20001898871527
 20
156.9666714138455
 10
395.4666815863715
 20
156.66666666666669
 10
394.73334418402777
 20
156.33332994249133
 10
394.0333387586806
 20
155.96666124131946
 10
393.33333333333337
 20
155.59999254014758
 10
392.8000217013889
 20
155.30000474717883
 10
392.30000813802087
 20
154.96666802300348
 10
391.79999457465277
 20
154.66666327582465
 10
391.3000149197049
 20
154.33332655164932
 10
390.83333333333337
 20
153.96665785047745
 10
390.36668565538196
 20
153.63333808051215
 10
389.90000406901044
 20
153.23333740234375
 10
389.433356391059
 20
152.86666870117188
 10
389.000006781684
 20
152.5
 10
388.6000230577257
 20
152.0999993218316
 10
388.20000542534723
 20
151.6999986436632
 10
387.8000217013889
 20
151.26666598849826
 10
387.03335232204864
 20
150.43333265516495
 10
386.3000149197049
 20
149.53333536783856
 10
385.70000542534723
 20
148.76666598849826
 10
385.13332790798614
 20
147.999996609158
 10
384.6000162760417
 20
147.1999952528212
 10
384.10000271267364
 20
146.36666191948785
 10
383.6000230577257
 20
145.5333285861545
 10
383.1666734483507
 20
144.66666327582465
 10
382.7666897243924
 20
143.7999979654948
 10
382.3666720920139
 20
142.93333265516495
 10
382.16668023003473
 20
142.40000406901044
 10
381.9666883680556
 20
141.83332655164932
 10
381.79999457465277
 20
141.26666598849826
 10
381.63333468967016
 20
140.7333289252387
 10
381.4666748046875
 20
140.16665988498264
 10
381.3333468967014
 20
139.5999993218316
 10
381.20001898871527
 20
139.03333028157553
 10
381.0666910807292
 20
138.46666124131946
 10
380.96666124131946
 20
137.86666022406683
 10
380.8999972873264
 20
137.2999996609158
 10
380.80000135633685
 20
136.73333062065973
 10
380.76666937934027
 20
136.13332960340713
 10
380.70000542534723
 20
135.56666056315106
 10
380.6666734483507
 20
134.96665954589844
 10
380.6333414713542
 20
134.3999989827474
 10
380.6333414713542
 20
133.7999979654948
  0
LWPOLYLINE
  5
283
330
17
100
AcDbEntity
  8
TOPO
100
AcDbPolyline
 90
7
 70
0
 10
151.53333875868057
 20
155.43333265516495
 10
151.53333875868057
 20
155.6333245171441
 10
146.93332248263889
 20
155.43333265516495
 10
151.53333875868057
 20
155.43333265516495
 10
146.93332248263889
 20
155.43333265516495
 10
146.93332248263889
 20
155.6333245171441
 10
151.53333875868057
 20
155.6333245171441
  0
LWPOLYLINE
  5
284
330
17
100
AcDbEntity
  8
TOPO
100
AcDbPolyline
 90
7
 70
0
 10
144.20003255208334
 20
155.66665649414062
 10
144.20003255208334
 20
155.46666463216147
 10
144.43332248263889
 20
155.66665649414062
 10
144.20003255208334
 20
155.66665649414062
 10
144.43332248263889
 20
155.66665649414062
 10
144.43332248263889
 20
155.46666463216147
 10
144.20003255208334
 20
155.46666463216147
  0
LWPOLYLINE
  5
285
330
17
100
AcDbEntity
  8
TOPO
100
AcDbPolyline
 90
7
 70
0
 10
173.0333455403646
 20
155.36666870117188
 10
173.0333455403646
 20
155.56666056315106
 10
169.16666666666669
 20
155.36666870117188
 10
173.0333455403646
 20
155.36666870117188
 10
169.16666666666669
 20
155.36666870117188
 10
169.16666666666669
 20
155.56666056315106
 10
173.0333455403646
 20
155.56666056315106
  0
LWPOLYLINE
  5
286
330
17
100
AcDbEntity
  8
TOPO
100
AcDbPolyline
 90
7
 70
0
 10
166.66666666666669
 20
155.36666870117188
 10
166.66666666666669
 20
155.56666056315106
 10
161.66666666666669
 20
155.36666870117188
 10
166.66666666666669
 20
155.36666870117188
 10
161.66666666666669
 20
155.36666870117188
 10
161.66666666666669
 20
155.56666056315106
 10
166.66666666666669
 20
155.56666056315106
  0
LWPOLYLINE
  5
287
330
17
100
AcDbEntity
  8
TOPO
100
AcDbPolyline
 90
7
 70
0
 10
159.16666666666669
 20
155.36666870117188
 10
159.16666666666669
 20
155.56666056315106
 10
155.33335367838544
 20
155.36666870117188
 10
159.16666666666669
 20
155.36666870117188
 10
155.33335367838544
 20
155.36666870117188
 10
155.33335367838544
 20
155.56666056315106
 10
159.16666666666669
 20
155.56666056315106
  0
LWPOLYLINE
  5
288
330
17
100
AcDbEntity
  8
TOPO
100
AcDbPolyline
 90
7
 70
0
 10
205.03333197699655
 20
155.43333265516495
 10
205.03333197699655
 20
155.6333245171441
 10
201.03335910373264
 20
155.46666463216147
 10
205.03333197699655
 20
155.43333265516495
 10
201.03335910373264
 20
155.46666463216147
 10
201.03335910373264
 20
155.66665649414062
 10
205.03333197699655
 20
155.6333245171441
  0
LWPOLYLINE
  5
289
330
17
100
AcDbEntity
  8
TOPO
100
AcDbPolyline
 90
7
 70
0
 10
198.53335910373264
 20
155.499996609158
 10
198.53335910373264
 20
155.69998847113715
 10
193.53335910373264
 20
155.56666056315106
 10
198.53335910373264
 20
155.499996609158
 10
193.53335910373264
 20
155.56666056315106
 10
193.53335910373264
 20
155.76666937934027
 10
198.53335910373264
 20
155.69998847113715
  0
LWPOLYLINE
  5
28A
330
17
100
AcDbEntity
  8
TOPO
100
AcDbPolyline
 90
7
 70
0
 10
191.03335910373264
 20
155.56666056315106
 10
191.03335910373264
 20
155.76666937934027
 10
187.0000203450521
 20
155.6333245171441
 10
191.03335910373264
 20
155.56666056315106
 10
187.0000203450521
 20
155.6333245171441
 10
187.0000203450521
 20
155.83333333333334
 10
191.03335910373264
 20
155.76666937934027
  0
LWPOLYLINE
  5
28B
330
17
100
AcDbEntity
  8
TOPO
100
AcDbPolyline
 90
4
 70
0
 10
226.16668701171875
 20
155.13332790798611
 10
226.2000189887153
 20
155.69998847113715
 10
209.10000271267361
 20
155.89999728732639
 10
209.10000271267361
 20
155.26665581597223
  0
LWPOLYLINE
  5
28C
330
17
100
AcDbEntity
  8
TOPO
100
AcDbPolyline
 90
7
 70
0
 10
226.16668701171875
 20
155.33333672417535
 10
226.16668701171875
 20
155.5333285861545
 10
222.63332790798611
 20
155.36666870117188
 10
226.16668701171875
 20
155.33333672417535
 10
222.63332790798611
 20
155.36666870117188
 10
222.63332790798611
 20
155.56666056315106
 10
226.16668701171875
 20
155.5333285861545
  0
LWPOLYLINE
  5
28D
330
17
100
AcDbEntity
  8
TOPO
100
AcDbPolyline
 90
7
 70
0
 10
220.13332790798611
 20
155.36666870117188
 10
220.13332790798611
 20
155.56666056315106
 10
215.13332790798611
 20
155.4000006781684
 10
220.13332790798611
 20
155.36666870117188
 10
215.13332790798611
 20
155.4000006781684
 10
215.13332790798611
 20
155.59999254014758
 10
220.13332790798611
 20
155.56666056315106
  0
LWPOLYLINE
  5
28E
330
17
100
AcDbEntity
  8
TOPO
100
AcDbPolyline
 90
7
 70
0
 10
212.63332790798611
 20
155.43333265516495
 10
212.63332790798611
 20
155.6333245171441
 10
209.10000271267361
 20
155.46666463216147
 10
212.63332790798611
 20
155.43333265516495
 10
209.10000271267361
 20
155.46666463216147
 10
209.10000271267361
 20
155.66665649414062
 10
212.63332790798611
 20
155.6333245171441
  0
LWPOLYLINE
  5
28F
330
17
100
AcDbEntity
  8
TOPO
100
AcDbPolyline
 90
4
 70
0
 10
248.86667887369794
 20
153.59998914930557
 10
248.86667887369794
 20
155.56666056315106
 10
240.80000135633682
 20
155.6333245171441
 10
240.7666693793403
 20
154.76665920681424
  0
LWPOLYLINE
  5
290
330
17
100
AcDbEntity
  8
TOPO
100
AcDbPolyline
 90
7
 70
0
 10
306.53333875868054
 20
67.76666429307726
 10
306.9000244140625
 20
150.30000474717883
 10
302.933349609375
 20
150.26665581597223
 10
302.933349609375
 20
153.73333401150174
 10
302.83335367838544
 20
155.33333672417535
 10
293.499993218316
 20
155.43333265516495
 10
274.70001220703125
 20
155.46666463216147
  0
LWPOLYLINE
  5
291
330
17
100
AcDbEntity
  8
TOPO
100
AcDbPolyline
 90
7
 70
0
 10
305.93332926432294
 20
67.76666429307726
 10
306.3000149197049
 20
149.6999952528212
 10
302.3333401150174
 20
149.66666327582465
 10
302.3333401150174
 20
153.70000203450522
 10
302.2666761610243
 20
154.76665920681424
 10
293.499993218316
 20
154.8333231608073
 10
274.70001220703125
 20
154.86665513780383
  0
LWPOLYLINE
  5
292
330
17
100
AcDbEntity
  8
TOPO
100
AcDbPolyline
 90
7
 70
0
 10
306.4666748046875
 20
70.36666446261935
 10
305.96666124131946
 20
70.36666446261935
 10
306.4666748046875
 20
67.76666429307726
 10
306.4666748046875
 20
70.36666446261935
 10
306.4666748046875
 20
67.76666429307726
 10
305.96666124131946
 20
67.76666429307726
 10
305.96666124131946
 20
70.36666446261935
  0
LWPOLYLINE
  5
293
330
17
100
AcDbEntity
  8
TOPO
100
AcDbPolyline
 90
7
 70
0
 10
305.999993218316
 20
72.86666870117188
 10
306.500006781684
 20
72.86666870117188
 10
305.999993218316
 20
77.86666870117188
 10
305.999993218316
 20
72.86666870117188
 10
305.999993218316
 20
77.86666870117188
 10
306.500006781684
 20
77.86666870117188
 10
306.500006781684
 20
72.86666870117188
  0
LWPOLYLINE
  5
294
330
17
100
AcDbEntity
  8
TOPO
100
AcDbPolyline
 90
7
 70
0
 10
306.03335910373266
 20
80.36666870117188
 10
306.53333875868054
 20
80.36666870117188
 10
306.03335910373266
 20
85.36666870117188
 10
306.03335910373266
 20
80.36666870117188
 10
306.03335910373266
 20
85.36666870117188
 10
306.53333875868054
 20
85.36666870117188
 10
306.53333875868054
 20
80.36666870117188
  0
LWPOLYLINE
  5
295
330
17
100
AcDbEntity
  8
TOPO
100
AcDbPolyline
 90
7
 70
0
 10
306.0666910807292
 20
87.86666870117188
 10
306.5666707356771
 20
87.86666870117188
 10
306.0666910807292
 20
92.86666870117188
 10
306.0666910807292
 20
87.86666870117188
 10
306.0666910807292
 20
92.86666870117188
 10
306.5666707356771
 20
92.86666870117188
 10
306.5666707356771
 20
87.86666870117188
  0
LWPOLYLINE
  5
296
330
17
100
AcDbEntity
  8
TOPO
100
AcDbPolyline
 90
7
 70
0
 10
306.1000230577257
 20
95.36666870117188
 10
306.60000271267364
 20
95.36666870117188
 10
306.13335503472223
 20
100.36666022406685
 10
306.1000230577257
 20
95.36666870117188
 10
306.13335503472223
 20
100.36666022406685
 10
306.63333468967016
 20
100.36666022406685
 10
306.60000271267364
 20
95.36666870117188
  0
LWPOLYLINE
  5
297
330
17
100
AcDbEntity
  8
TOPO
100
AcDbPolyline
 90
7
 70
0
 10
306.13335503472223
 20
102.86666022406685
 10
306.63333468967016
 20
102.86666022406685
 10
306.16668701171875
 20
107.86666022406685
 10
306.13335503472223
 20
102.86666022406685
 10
306.16668701171875
 20
107.86666022406685
 10
306.6666666666667
 20
107.86666022406685
 10
306.63333468967016
 20
102.86666022406685
  0
LWPOLYLINE
  5
298
330
17
100
AcDbEntity
  8
TOPO
100
AcDbPolyline
 90
7
 70
0
 10
306.16668701171875
 20
110.36666022406685
 10
306.6666666666667
 20
110.36666022406685
 10
306.20001898871527
 20
115.36666022406685
 10
306.16668701171875
 20
110.36666022406685
 10
306.20001898871527
 20
115.36666022406685
 10
306.6999986436632
 20
115.36666022406685
 10
306.6666666666667
 20
110.36666022406685
  0
LWPOLYLINE
  5
299
330
17
100
AcDbEntity
  8
TOPO
100
AcDbPolyline
 90
7
 70
0
 10
306.20001898871527
 20
117.86666022406685
 10
306.6999986436632
 20
117.86666022406685
 10
306.2333509657118
 20
122.86666022406685
 10
306.20001898871527
 20
117.86666022406685
 10
306.2333509657118
 20
122.86666022406685
 10
306.73333062065973
 20
122.86666022406685
 10
306.6999986436632
 20
117.86666022406685
  0
LWPOLYLINE
  5
29A
330
17
100
AcDbEntity
  8
TOPO
100
AcDbPolyline
 90
7
 70
0
 10
306.2333509657118
 20
125.36666022406685
 10
306.73333062065973
 20
125.36666022406685
 10
306.26668294270837
 20
130.36666022406683
 10
306.2333509657118
 20
125.36666022406685
 10
306.26668294270837
 20
130.36666022406683
 10
306.76666259765625
 20
130.36666022406683
 10
306.73333062065973
 20
125.36666022406685
  0
LWPOLYLINE
  5
29B
330
17
100
AcDbEntity
  8
TOPO
100
AcDbPolyline
 90
7
 70
0
 10
306.26668294270837
 20
132.86666022406683
 10
306.76666259765625
 20
132.86666022406683
 10
306.3000149197049
 20
137.86666022406683
 10
306.26668294270837
 20
132.86666022406683
 10
306.3000149197049
 20
137.86666022406683
 10
306.79999457465277
 20
137.86666022406683
 10
306.76666259765625
 20
132.86666022406683
  0
LWPOLYLINE
  5
29C
330
17
100
AcDbEntity
  8
TOPO
100
AcDbPolyline
 90
7
 70
0
 10
306.3000149197049
 20
140.36666022406683
 10
306.79999457465277
 20
140.36666022406683
 10
306.3333468967014
 20
145.36666870117188
 10
306.3000149197049
 20
140.36666022406683
 10
306.3333468967014
 20
145.36666870117188
 10
306.8333265516493
 20
145.36666870117188
 10
306.79999457465277
 20
140.36666022406683
  0
LWPOLYLINE
  5
29D
330
17
100
AcDbEntity
  8
TOPO
100
AcDbPolyline
 90
7
 70
0
 10
306.3333468967014
 20
147.86666870117188
 10
306.8333265516493
 20
147.86666870117188
 10
306.3333468967014
 20
150.0
 10
306.3333468967014
 20
147.86666870117188
 10
306.3333468967014
 20
150.0
 10
306.8333265516493
 20
150.0
 10
306.8333265516493
 20
147.86666870117188
  0
LWPOLYLINE
  5
29E
330
17
100
AcDbEntity
  8
TOPO
100
AcDbPolyline
 90
7
 70
0
 10
306.60000271267364
 20
149.76665920681424
 10
306.60000271267364
 20
150.26665581597223
 10
303.7333509657118
 20
149.73332722981772
 10
306.60000271267364
 20
149.76665920681424
 10
303.7333509657118
 20
149.73332722981772
 10
303.7333509657118
 20
150.2333238389757
 10
306.60000271267364
 20
150.26665581597223
  0
LWPOLYLINE
  5
29F
330
17
100
AcDbEntity
  8
TOPO
100
AcDbPolyline
 90
7
 70
0
 10
302.3666720920139
 20
151.36666191948785
 10
302.86668565538196
 20
151.36666191948785
 10
302.3666720920139
 20
153.73333401150174
 10
302.3666720920139
 20
151.36666191948785
 10
302.3666720920139
 20
153.73333401150174
 10
302.86668565538196
 20
153.73333401150174
 10
302.86668565538196
 20
151.36666191948785
  0
LWPOLYLINE
  5
2A0
330
17
100
AcDbEntity
  8
TOPO
100
AcDbPolyline
 90
7
 70
0
 10
302.3666720920139
 20
153.70000203450522
 10
302.86668565538196
 20
153.73333401150174
 10
302.30000813802087
 20
155.03333197699652
 10
302.3666720920139
 20
153.70000203450522
 10
302.30000813802087
 20
155.03333197699652
 10
302.8000217013889
 20
155.06666395399307
 10
302.86668565538196
 20
153.73333401150174
  0
LWPOLYLINE
  5
2A1
330
17
100
AcDbEntity
  8
TOPO
100
AcDbPolyline
 90
7
 70
0
 10
302.56666395399304
 20
154.79999118381076
 10
302.56666395399304
 20
155.30000474717883
 10
301.2333509657118
 20
154.79999118381076
 10
302.56666395399304
 20
154.79999118381076
 10
301.2333509657118
 20
154.79999118381076
 10
301.2333509657118
 20
155.30000474717883
 10
302.56666395399304
 20
155.30000474717883
  0
LWPOLYLINE
  5
2A2
330
17
100
AcDbEntity
  8
TOPO
100
AcDbPolyline
 90
7
 70
0
 10
298.7333509657118
 20
154.8333231608073
 10
298.7333509657118
 20
155.33333672417535
 10
293.7333509657118
 20
154.86665513780383
 10
298.7333509657118
 20
154.8333231608073
 10
293.7333509657118
 20
154.86665513780383
 10
293.7333509657118
 20
155.36666870117188
 10
298.7333509657118
 20
155.33333672417535
  0
LWPOLYLINE
  5
2A3
330
17
100
AcDbEntity
  8
TOPO
100
AcDbPolyline
 90
7
 70
0
 10
291.2333509657118
 20
154.90000406901044
 10
291.2333509657118
 20
155.4000006781684
 10
286.2333509657118
 20
154.90000406901044
 10
291.2333509657118
 20
154.90000406901044
 10
286.2333509657118
 20
154.90000406901044
 10
286.2333509657118
 20
155.4000006781684
 10
291.2333509657118
 20
155.4000006781684
  0
LWPOLYLINE
  5
2A4
330
17
100
AcDbEntity
  8
TOPO
100
AcDbPolyline
 90
7
 70
0
 10
283.7333509657118
 20
154.90000406901044
 10
283.7333509657118
 20
155.4000006781684
 10
278.7333509657118
 20
154.93333604600696
 10
283.7333509657118
 20
154.90000406901044
 10
278.7333509657118
 20
154.93333604600696
 10
278.7333509657118
 20
155.43333265516495
 10
283.7333509657118
 20
155.4000006781684
  0
LWPOLYLINE
  5
2A5
330
17
100
AcDbEntity
  8
TOPO
100
AcDbPolyline
 90
7
 70
0
 10
276.2333509657118
 20
154.93333604600696
 10
276.2333509657118
 20
155.43333265516495
 10
272.7666897243924
 20
154.93333604600696
 10
276.2333509657118
 20
154.93333604600696
 10
272.7666897243924
 20
154.93333604600696
 10
272.7666897243924
 20
155.43333265516495
 10
276.2333509657118
 20
155.43333265516495
  0
LWPOLYLINE
  5
2A6
330
17
100
AcDbEntity
  8
TOPO
100
AcDbPolyline
 90
7
 70
0
 10
248.86667887369794
 20
154.90000406901044
 10
248.86667887369794
 20
155.4000006781684
 10
246.06669108072919
 20
154.90000406901044
 10
248.86667887369794
 20
154.90000406901044
 10
246.06669108072919
 20
154.90000406901044
 10
246.06669108072919
 20
155.4000006781684
 10
248.86667887369794
 20
155.4000006781684
  0
LWPOLYLINE
  5
2A7
330
17
100
AcDbEntity
  8
TOPO
100
AcDbPolyline
 90
7
 70
0
 10
243.56669108072919
 20
154.93333604600696
 10
243.56669108072919
 20
155.43333265516495
 10
240.80000135633682
 20
154.96666802300348
 10
243.56669108072919
 20
154.93333604600696
 10
240.80000135633682
 20
154.96666802300348
 10
240.80000135633682
 20
155.46666463216147
 10
243.56669108072919
 20
155.43333265516495
  0
LWPOLYLINE
  5
2A8
330
17
100
AcDbEntity
  8
TOPO
100
AcDbPolyline
 90
7
 70
0
 10
433.70001898871527
 20
231.33332994249133
 10
433.70001898871527
 20
231.1333211263021
 10
438.70001898871527
 20
231.23333401150174
 10
433.70001898871527
 20
231.33332994249133
 10
438.70001898871527
 20
231.23333401150174
 10
438.70001898871527
 20
231.0333251953125
 10
433.70001898871527
 20
231.1333211263021
  0
LWPOLYLINE
  5
2A9
330
17
100
AcDbEntity
  8
TOPO
100
AcDbPolyline
 90
7
 70
0
 10
441.20001898871527
 20
231.16665310329861
 10
441.20001898871527
 20
230.96666124131946
 10
446.20001898871527
 20
231.0333251953125
 10
441.20001898871527
 20
231.16665310329861
 10
446.20001898871527
 20
231.0333251953125
 10
446.20001898871527
 20
230.83333333333334
 10
441.20001898871527
 20
230.96666124131946
  0
LWPOLYLINE
  5
2AA
330
17
100
AcDbEntity
  8
TOPO
100
AcDbPolyline
 90
7
 70
0
 10
448.70001898871527
 20
230.99999321831598
 10
448.70001898871527
 20
230.80000135633682
 10
453.70001898871527
 20
230.86666531032986
 10
448.70001898871527
 20
230.99999321831598
 10
453.70001898871527
 20
230.86666531032986
 10
453.70001898871527
 20
230.66665649414062
 10
448.70001898871527
 20
230.80000135633682
  0
LWPOLYLINE
  5
2AB
330
17
100
AcDbEntity
  8
TOPO
100
AcDbPolyline
 90
7
 70
0
 10
456.20001898871527
 20
230.83333333333334
 10
456.20001898871527
 20
230.6333245171441
 10
461.20001898871527
 20
230.83333333333334
 10
456.20001898871527
 20
230.83333333333334
 10
461.20001898871527
 20
230.83333333333334
 10
461.20001898871527
 20
230.6333245171441
 10
456.20001898871527
 20
230.6333245171441
  0
LWPOLYLINE
  5
2AC
330
17
100
AcDbEntity
  8
TOPO
100
AcDbPolyline
 90
7
 70
0
 10
463.70001898871527
 20
230.80000135633682
 10
463.70001898871527
 20
230.59999254014758
 10
468.70001898871527
 20
230.80000135633682
 10
463.70001898871527
 20
230.80000135633682
 10
468.70001898871527
 20
230.80000135633682
 10
468.70001898871527
 20
230.59999254014758
 10
463.70001898871527
 20
230.59999254014758
  0
LWPOLYLINE
  5
2AD
330
17
100
AcDbEntity
  8
TOPO
100
AcDbPolyline
 90
13
 70
0
 10
471.20001898871527
 20
230.80000135633682
 10
471.20001898871527
 20
230.59999254014758
 10
471.4666748046875
 20
230.80000135633682
 10
471.20001898871527
 20
230.80000135633682
 10
471.4666748046875
 20
230.80000135633682
 10
471.4666748046875
 20
230.59999254014758
 10
471.20001898871527
 20
230.59999254014758
 10
471.4666748046875
 20
230.59999254014758
 10
476.20001898871527
 20
230.7666693793403
 10
471.4666748046875
 20
230.80000135633682
 10
476.20001898871527
 20
230.7666693793403
 10
476.20001898871527
 20
230.56666056315106
 10
471.4666748046875
 20
230.59999254014758
  0
LWPOLYLINE
  5
2AE
330
17
100
AcDbEntity
  8
TOPO
100
AcDbPolyline
 90
7
 70
0
 10
478.70001898871527
 20
230.7666693793403
 10
478.70001898871527
 20
230.56666056315106
 10
483.70001898871527
 20
230.7333204481337
 10
478.70001898871527
 20
230.7666693793403
 10
483.70001898871527
 20
230.7333204481337
 10
483.70001898871527
 20
230.5333285861545
 10
478.70001898871527
 20
230.56666056315106
  0
LWPOLYLINE
  5
2AF
330
17
100
AcDbEntity
  8
TOPO
100
AcDbPolyline
 90
7
 70
0
 10
486.20001898871527
 20
230.7333204481337
 10
486.20001898871527
 20
230.5333285861545
 10
491.20001898871527
 20
230.69998847113717
 10
486.20001898871527
 20
230.7333204481337
 10
491.20001898871527
 20
230.69998847113717
 10
491.20001898871527
 20
230.499996609158
 10
486.20001898871527
 20
230.5333285861545
  0
LWPOLYLINE
  5
2B0
330
17
100
AcDbEntity
  8
TOPO
100
AcDbPolyline
 90
7
 70
0
 10
493.70001898871527
 20
230.69998847113717
 10
493.70001898871527
 20
230.499996609158
 10
498.7000189887153
 20
230.69998847113717
 10
493.70001898871527
 20
230.69998847113717
 10
498.7000189887153
 20
230.69998847113717
 10
498.7000189887153
 20
230.499996609158
 10
493.70001898871527
 20
230.499996609158
  0
LWPOLYLINE
  5
2B1
330
17
100
AcDbEntity
  8
TOPO
100
AcDbPolyline
 90
7
 70
0
 10
501.2000189887153
 20
230.69998847113717
 10
501.2000189887153
 20
230.499996609158
 10
506.2000189887153
 20
230.66665649414062
 10
501.2000189887153
 20
230.69998847113717
 10
506.2000189887153
 20
230.66665649414062
 10
506.2000189887153
 20
230.46666463216147
 10
501.2000189887153
 20
230.499996609158
  0
LWPOLYLINE
  5
2B2
330
17
100
AcDbEntity
  8
TOPO
100
AcDbPolyline
 90
13
 70
0
 10
508.7000189887153
 20
230.66665649414062
 10
508.7000189887153
 20
230.46666463216147
 10
510.3333197699653
 20
230.66665649414062
 10
508.7000189887153
 20
230.66665649414062
 10
510.3333197699653
 20
230.66665649414062
 10
510.3333197699653
 20
230.46666463216147
 10
508.7000189887153
 20
230.46666463216147
 10
510.3333197699653
 20
230.46666463216147
 10
513.7000189887153
 20
230.66665649414062
 10
510.3333197699653
 20
230.66665649414062
 10
513.7000189887153
 20
230.66665649414062
 10
513.7000189887153
 20
230.46666463216147
 10
510.3333197699653
 20
230.46666463216147
  0
LWPOLYLINE
  5
2B3
330
17
100
AcDbEntity
  8
TOPO
100
AcDbPolyline
 90
7
 70
0
 10
516.2000189887153
 20
230.66665649414062
 10
516.2000189887153
 20
230.46666463216147
 10
521.2333170572917
 20
230.6333245171441
 10
516.2000189887153
 20
230.66665649414062
 10
521.2333170572917
 20
230.6333245171441
 10
521.2000189887153
 20
230.43333265516495
 10
516.2000189887153
 20
230.46666463216147
  0
LWPOLYLINE
  5
2B4
330
17
100
AcDbEntity
  8
TOPO
100
AcDbPolyline
 90
7
 70
0
 10
524.933336046007
 20
230.43333265516495
 10
524.933336046007
 20
230.6333245171441
 10
523.7000189887153
 20
230.43333265516495
 10
524.933336046007
 20
230.43333265516495
 10
523.7000189887153
 20
230.43333265516495
 10
523.7333170572917
 20
230.6333245171441
 10
524.933336046007
 20
230.6333245171441
  0
LWPOLYLINE
  5
2B5
330
17
100
AcDbEntity
  8
TOPO
100
AcDbPolyline
 90
7
 70
0
 10
434.1999986436632
 20
280.96666124131946
 10
434.1999986436632
 20
280.4666646321615
 10
437.83331976996527
 20
280.96666124131946
 10
434.1999986436632
 20
280.96666124131946
 10
437.83331976996527
 20
280.96666124131946
 10
437.83331976996527
 20
280.4666646321615
 10
434.1999986436632
 20
280.4666646321615
  0
LWPOLYLINE
  5
2B6
330
17
100
AcDbEntity
  8
TOPO
100
AcDbPolyline
 90
7
 70
0
 10
440.33331976996527
 20
280.93332926432294
 10
440.33331976996527
 20
280.4333326551649
 10
445.33331976996527
 20
280.93332926432294
 10
440.33331976996527
 20
280.93332926432294
 10
445.33331976996527
 20
280.93332926432294
 10
445.33331976996527
 20
280.4333326551649
 10
440.33331976996527
 20
280.4333326551649
  0
LWPOLYLINE
  5
2B7
330
17
100
AcDbEntity
  8
TOPO
100
AcDbPolyline
 90
7
 70
0
 10
447.83331976996527
 20
280.93332926432294
 10
447.83331976996527
 20
280.4333326551649
 10
452.83331976996527
 20
280.8999972873264
 10
447.83331976996527
 20
280.93332926432294
 10
452.83331976996527
 20
280.8999972873264
 10
452.83331976996527
 20
280.4000006781684
 10
447.83331976996527
 20
280.4333326551649
  0
LWPOLYLINE
  5
2B8
330
17
100
AcDbEntity
  8
TOPO
100
AcDbPolyline
 90
7
 70
0
 10
455.33331976996527
 20
280.8999972873264
 10
455.33331976996527
 20
280.4000006781684
 10
460.33331976996527
 20
280.8666653103299
 10
455.33331976996527
 20
280.8999972873264
 10
460.33331976996527
 20
280.8666653103299
 10
460.33331976996527
 20
280.3666687011719
 10
455.33331976996527
 20
280.4000006781684
  0
LWPOLYLINE
  5
2B9
330
17
100
AcDbEntity
  8
TOPO
100
AcDbPolyline
 90
7
 70
0
 10
462.83331976996527
 20
280.8666653103299
 10
462.83331976996527
 20
280.3666687011719
 10
467.83331976996527
 20
280.83333333333337
 10
462.83331976996527
 20
280.8666653103299
 10
467.83331976996527
 20
280.83333333333337
 10
467.83331976996527
 20
280.33331976996527
 10
462.83331976996527
 20
280.3666687011719
  0
LWPOLYLINE
  5
2BA
330
17
100
AcDbEntity
  8
TOPO
100
AcDbPolyline
 90
7
 70
0
 10
470.33331976996527
 20
280.83333333333337
 10
470.33331976996527
 20
280.33331976996527
 10
475.33331976996527
 20
280.8000013563368
 10
470.33331976996527
 20
280.83333333333337
 10
475.33331976996527
 20
280.8000013563368
 10
475.33331976996527
 20
280.29998779296875
 10
470.33331976996527
 20
280.33331976996527
  0
LWPOLYLINE
  5
2BB
330
17
100
AcDbEntity
  8
TOPO
100
AcDbPolyline
 90
7
 70
0
 10
477.83331976996527
 20
280.8000013563368
 10
477.83331976996527
 20
280.29998779296875
 10
482.83331976996527
 20
280.76665242513025
 10
477.83331976996527
 20
280.8000013563368
 10
482.83331976996527
 20
280.76665242513025
 10
482.83331976996527
 20
280.26665581597223
 10
477.83331976996527
 20
280.29998779296875
  0
LWPOLYLINE
  5
2BC
330
17
100
AcDbEntity
  8
TOPO
100
AcDbPolyline
 90
7
 70
0
 10
485.33331976996527
 20
280.76665242513025
 10
485.33331976996527
 20
280.26665581597223
 10
490.33331976996527
 20
280.73332044813367
 10
485.33331976996527
 20
280.76665242513025
 10
490.33331976996527
 20
280.73332044813367
 10
490.33331976996527
 20
280.2333238389757
 10
485.33331976996527
 20
280.26665581597223
  0
LWPOLYLINE
  5
2BD
330
17
100
AcDbEntity
  8
TOPO
100
AcDbPolyline
 90
7
 70
0
 10
492.83331976996527
 20
280.73332044813367
 10
492.83331976996527
 20
280.2333238389757
 10
497.8333197699653
 20
280.69998847113715
 10
492.83331976996527
 20
280.73332044813367
 10
497.8333197699653
 20
280.69998847113715
 10
497.8333197699653
 20
280.1999918619792
 10
492.83331976996527
 20
280.2333238389757
  0
LWPOLYLINE
  5
2BE
330
17
100
AcDbEntity
  8
TOPO
100
AcDbPolyline
 90
7
 70
0
 10
500.3333197699653
 20
280.69998847113715
 10
500.3333197699653
 20
280.1999918619792
 10
505.3333197699653
 20
280.6666564941406
 10
500.3333197699653
 20
280.69998847113715
 10
505.3333197699653
 20
280.6666564941406
 10
505.3333197699653
 20
280.16665988498266
 10
500.3333197699653
 20
280.1999918619792
  0
LWPOLYLINE
  5
2BF
330
17
100
AcDbEntity
  8
TOPO
100
AcDbPolyline
 90
7
 70
0
 10
507.8333197699653
 20
280.6666564941406
 10
507.8333197699653
 20
280.16665988498266
 10
512.8333197699653
 20
280.6666564941406
 10
507.8333197699653
 20
280.6666564941406
 10
512.8333197699653
 20
280.6666564941406
 10
512.8333197699653
 20
280.16665988498266
 10
507.8333197699653
 20
280.16665988498266
  0
LWPOLYLINE
  5
2C0
330
17
100
AcDbEntity
  8
TOPO
100
AcDbPolyline
 90
7
 70
0
 10
515.3333197699653
 20
280.6333245171441
 10
515.3333197699653
 20
280.13332790798614
 10
520.3333197699653
 20
280.6333245171441
 10
515.3333197699653
 20
280.6333245171441
 10
520.3333197699653
 20
280.6333245171441
 10
520.3333197699653
 20
280.13332790798614
 10
515.3333197699653
 20
280.13332790798614
  0
LWPOLYLINE
  5
2C1
330
17
100
AcDbEntity
  8
TOPO
100
AcDbPolyline
 90
7
 70
0
 10
524.933336046007
 20
280.0999959309896
 10
524.933336046007
 20
280.5999925401476
 10
522.8333197699653
 20
280.0999959309896
 10
524.933336046007
 20
280.0999959309896
 10
522.8333197699653
 20
280.0999959309896
 10
522.8333197699653
 20
280.5999925401476
 10
524.933336046007
 20
280.5999925401476
  0
LWPOLYLINE
  5
2C2
330
17
100
AcDbEntity
  8
TOPO
100
AcDbPolyline
 90
7
 70
0
 10
493.20000542534723
 20
403.69998508029516
 10
493.20000542534723
 20
403.89997694227435
 10
490.0666639539931
 20
403.69998508029516
 10
493.20000542534723
 20
403.69998508029516
 10
490.0666639539931
 20
403.69998508029516
 10
490.0666639539931
 20
403.89997694227435
 10
493.20000542534723
 20
403.89997694227435
  0
LWPOLYLINE
  5
2C3
330
17
100
AcDbEntity
  8
TOPO
100
AcDbPolyline
 90
7
 70
0
 10
487.5666639539931
 20
403.69998508029516
 10
487.5666639539931
 20
403.89997694227435
 10
482.5666639539931
 20
403.69998508029516
 10
487.5666639539931
 20
403.69998508029516
 10
482.5666639539931
 20
403.69998508029516
 10
482.5666639539931
 20
403.89997694227435
 10
487.5666639539931
 20
403.89997694227435
  0
LWPOLYLINE
  5
2C4
330
17
100
AcDbEntity
  8
TOPO
100
AcDbPolyline
 90
7
 70
0
 10
480.0666639539931
 20
403.7333170572917
 10
480.0666639539931
 20
403.93330891927087
 10
475.0666639539931
 20
403.7333170572917
 10
480.0666639539931
 20
403.7333170572917
 10
475.0666639539931
 20
403.7333170572917
 10
475.0666639539931
 20
403.93330891927087
 10
480.0666639539931
 20
403.93330891927087
  0
LWPOLYLINE
  5
2C5
330
17
100
AcDbEntity
  8
TOPO
100
AcDbPolyline
 90
7
 70
0
 10
472.5666639539931
 20
403.7333170572917
 10
472.5666639539931
 20
403.93330891927087
 10
469.4333224826389
 20
403.7666490342882
 10
472.5666639539931
 20
403.7333170572917
 10
469.4333224826389
 20
403.7666490342882
 10
469.4333224826389
 20
403.9666408962674
 10
472.5666639539931
 20
403.93330891927087
  0
LWPOLYLINE
  5
2C6
330
17
100
AcDbEntity
  8
TOPO
100
AcDbPolyline
 90
7
 70
0
 10
523.6666531032986
 20
152.86666870117188
 10
523.6666531032986
 20
153.63333808051215
 10
518.6666531032986
 20
152.9000006781684
 10
523.6666531032986
 20
152.86666870117188
 10
518.6666531032986
 20
152.9000006781684
 10
518.6666531032986
 20
153.63333808051215
 10
523.6666531032986
 20
153.63333808051215
  0
LWPOLYLINE
  5
2C7
330
17
100
AcDbEntity
  8
TOPO
100
AcDbPolyline
 90
7
 70
0
 10
516.1666531032986
 20
152.9000006781684
 10
516.1666531032986
 20
153.63333808051215
 10
511.16665310329864
 20
152.9000006781684
 10
516.1666531032986
 20
152.9000006781684
 10
511.16665310329864
 20
152.9000006781684
 10
511.16665310329864
 20
153.6666700575087
 10
516.1666531032986
 20
153.63333808051215
  0
LWPOLYLINE
  5
2C8
330
17
100
AcDbEntity
  8
TOPO
100
AcDbPolyline
 90
7
 70
0
 10
508.66665310329864
 20
152.9000006781684
 10
508.66665310329864
 20
153.6666700575087
 10
503.66665310329864
 20
152.93333265516495
 10
508.66665310329864
 20
152.9000006781684
 10
503.66665310329864
 20
152.93333265516495
 10
503.66665310329864
 20
153.6666700575087
 10
508.66665310329864
 20
153.6666700575087
  0
LWPOLYLINE
  5
2C9
330
17
100
AcDbEntity
  8
TOPO
100
AcDbPolyline
 90
7
 70
0
 10
501.16665310329864
 20
152.93333265516495
 10
501.16665310329864
 20
153.6666700575087
 10
496.16665310329864
 20
152.93333265516495
 10
501.16665310329864
 20
152.93333265516495
 10
496.16665310329864
 20
152.93333265516495
 10
496.16665310329864
 20
153.70000203450522
 10
501.16665310329864
 20
153.6666700575087
  0
LWPOLYLINE
  5
2CA
330
17
100
AcDbEntity
  8
TOPO
100
AcDbPolyline
 90
7
 70
0
 10
493.66665310329864
 20
152.93333265516495
 10
493.66665310329864
 20
153.70000203450522
 10
488.66665310329864
 20
152.96666463216147
 10
493.66665310329864
 20
152.93333265516495
 10
488.66665310329864
 20
152.96666463216147
 10
488.66665310329864
 20
153.70000203450522
 10
493.66665310329864
 20
153.70000203450522
  0
LWPOLYLINE
  5
2CB
330
17
100
AcDbEntity
  8
TOPO
100
AcDbPolyline
 90
7
 70
0
 10
486.16665310329864
 20
152.96666463216147
 10
486.16665310329864
 20
153.70000203450522
 10
481.16665310329864
 20
152.96666463216147
 10
486.16665310329864
 20
152.96666463216147
 10
481.16665310329864
 20
152.96666463216147
 10
481.16665310329864
 20
153.73333401150174
 10
486.16665310329864
 20
153.70000203450522
  0
LWPOLYLINE
  5
2CC
330
17
100
AcDbEntity
  8
TOPO
100
AcDbPolyline
 90
7
 70
0
 10
478.66665310329864
 20
152.96666463216147
 10
478.66665310329864
 20
153.73333401150174
 10
473.66665310329864
 20
152.999996609158
 10
478.66665310329864
 20
152.96666463216147
 10
473.66665310329864
 20
152.999996609158
 10
473.66665310329864
 20
153.73333401150174
 10
478.66665310329864
 20
153.73333401150174
  0
LWPOLYLINE
  5
2CD
330
17
100
AcDbEntity
  8
TOPO
100
AcDbPolyline
 90
7
 70
0
 10
471.16665310329864
 20
152.999996609158
 10
471.16665310329864
 20
153.73333401150174
 10
466.16665310329864
 20
152.999996609158
 10
471.16665310329864
 20
152.999996609158
 10
466.16665310329864
 20
152.999996609158
 10
466.16665310329864
 20
153.76666598849826
 10
471.16665310329864
 20
153.73333401150174
  0
LWPOLYLINE
  5
2CE
330
17
100
AcDbEntity
  8
TOPO
100
AcDbPolyline
 90
7
 70
0
 10
463.66665310329864
 20
152.999996609158
 10
463.66665310329864
 20
153.76666598849826
 10
458.66665310329864
 20
153.0333285861545
 10
463.66665310329864
 20
152.999996609158
 10
458.66665310329864
 20
153.0333285861545
 10
458.66665310329864
 20
153.76666598849826
 10
463.66665310329864
 20
153.76666598849826
  0
LWPOLYLINE
  5
2CF
330
17
100
AcDbEntity
  8
TOPO
100
AcDbPolyline
 90
7
 70
0
 10
456.16665310329864
 20
153.0333285861545
 10
456.16665310329864
 20
153.76666598849826
 10
451.16665310329864
 20
153.0333285861545
 10
456.16665310329864
 20
153.0333285861545
 10
451.16665310329864
 20
153.0333285861545
 10
451.16665310329864
 20
153.7999979654948
 10
456.16665310329864
 20
153.76666598849826
  0
LWPOLYLINE
  5
2D0
330
17
100
AcDbEntity
  8
TOPO
100
AcDbPolyline
 90
7
 70
0
 10
448.66665310329864
 20
153.0333285861545
 10
448.66665310329864
 20
153.7999979654948
 10
443.66665310329864
 20
153.06666056315106
 10
448.66665310329864
 20
153.0333285861545
 10
443.66665310329864
 20
153.06666056315106
 10
443.66665310329864
 20
153.7999979654948
 10
448.66665310329864
 20
153.7999979654948
  0
LWPOLYLINE
  5
2D1
330
17
100
AcDbEntity
  8
TOPO
100
AcDbPolyline
 90
7
 70
0
 10
441.16665310329864
 20
153.06666056315106
 10
441.16665310329864
 20
153.7999979654948
 10
437.83331976996527
 20
153.06666056315106
 10
441.16665310329864
 20
153.06666056315106
 10
437.83331976996527
 20
153.06666056315106
 10
437.83331976996527
 20
153.83332994249133
 10
441.16665310329864
 20
153.7999979654948
  0
LWPOLYLINE
  5
2D3
330
17
100
AcDbEntity
  8
ANOTACION
100
AcDbPolyline
 90
4
 70
0
 10
275.36668565538196
 20
244.43332248263889
 10
273.00001356336804
 20
241.66666666666669
 10
274.366692437066
 20
245.03333197699655
 10
275.36668565538196
 20
244.43332248263889
  0
LWPOLYLINE
  5
2D4
330
17
100
AcDbEntity
  8
ANOTACION
100
AcDbPolyline
 90
3
 70
0
 10
274.8666720920139
 20
244.73332722981772
 10
279.13333468967016
 20
251.6999986436632
 10
280.8000013563368
 20
251.6999986436632
  0
LWPOLYLINE
  5
2D5
330
17
100
AcDbEntity
  8
ANOTACION
100
AcDbPolyline
 90
4
 70
0
 10
485.9333631727431
 20
212.76665581597223
 10
483.5666910807292
 20
210.0
 10
484.93333604600696
 20
213.39999728732639
 10
485.9333631727431
 20
212.76665581597223
  0
LWPOLYLINE
  5
2D6
330
17
100
AcDbEntity
  8
ANOTACION
100
AcDbPolyline
 90
3
 70
0
 10
485.433349609375
 20
213.09999254014758
 10
489.70001220703125
 20
220.06666395399307
 10
491.36667887369794
 20
220.06666395399307
  0
LWPOLYLINE
  5
2D7
330
17
100
AcDbEntity
  8
ANOTACION
100
AcDbPolyline
 90
4
 70
0
 10
334.23333062065973
 20
413.93330891927087
 10
336.73333062065973
 20
413.499993218316
 10
334.23333062065973
 20
413.0999755859375
 10
334.23333062065973
 20
413.93330891927087
  0
LWPOLYLINE
  5
2D8
330
17
100
AcDbEntity
  8
ANOTACION
100
AcDbPolyline
 90
3
 70
0
 10
334.23333062065973
 20
413.499993218316
 10
298.86667887369794
 20
413.5333251953125
 10
295.36668565538196
 20
413.5333251953125
  0
LWPOLYLINE
  5
2D9
330
17
100
AcDbEntity
  8
ANOTACION
100
AcDbPolyline
 90
4
 70
0
 10
497.66669379340277
 20
143.36666531032986
 10
495.56667751736114
 20
146.36666191948785
 10
498.50002712673614
 20
144.1999986436632
 10
497.66669379340277
 20
143.36666531032986
  0
LWPOLYLINE
  5
2DA
330
17
100
AcDbEntity
  8
ANOTACION
100
AcDbPolyline
 90
3
 70
0
 10
498.06667751736114
 20
143.7999979654948
 10
502.5666639539931
 20
139.23333062065973
 10
504.2666965060764
 20
139.23333062065973
  0
LWPOLYLINE
  5
2DB
330
17
100
AcDbEntity
  8
ANOTACION
100
AcDbPolyline
 90
4
 70
0
 10
501.16665310329864
 20
199.63333129882812
 10
499.6000162760417
 20
196.33332994249133
 10
500.0
 20
199.96666802300348
 10
501.16665310329864
 20
199.63333129882812
  0
LWPOLYLINE
  5
2DC
330
17
100
AcDbEntity
  8
ANOTACION
100
AcDbPolyline
 90
3
 70
0
 10
500.56667751736114
 20
199.79999118381076
 10
501.9000244140625
 20
204.53333536783856
 10
503.5999891493056
 20
204.53333536783856
  0
LWPOLYLINE
  5
2DD
330
17
100
AcDbEntity
  8
ANOTACION
100
AcDbPolyline
 90
4
 70
0
 10
493.50002712673614
 20
292.76665581597223
 10
492.6999918619792
 20
296.33331298828125
 10
494.6333143446181
 20
293.23333740234375
 10
493.50002712673614
 20
292.76665581597223
  0
LWPOLYLINE
  5
2DE
330
17
100
AcDbEntity
  8
ANOTACION
100
AcDbPolyline
 90
3
 70
0
 10
494.0666707356771
 20
292.99997965494794
 10
495.76666937934027
 20
288.86664496527777
 10
497.4666680230035
 20
288.86664496527777
  0
LWPOLYLINE
  5
2DF
330
17
100
AcDbEntity
  8
ANOTACION
100
AcDbPolyline
 90
4
 70
0
 10
502.16668023003473
 20
339.566650390625
 10
500.5333455403646
 20
336.33331298828125
 10
501.0333251953125
 20
339.93333604600696
 10
502.16668023003473
 20
339.566650390625
  0
LWPOLYLINE
  5
2E0
330
17
100
AcDbEntity
  8
ANOTACION
100
AcDbPolyline
 90
3
 70
0
 10
501.60000271267364
 20
339.7666422526042
 10
502.6666937934028
 20
343.20000542534723
 10
504.36665852864587
 20
343.20000542534723
  0
LWPOLYLINE
  5
2E1
330
17
100
AcDbEntity
  8
ANOTACION
100
AcDbPolyline
 90
4
 70
0
 10
159.00000678168402
 20
340.73333740234375
 10
159.5000203450521
 20
337.0999823676215
 10
157.86668565538196
 20
340.3666517469618
 10
159.00000678168402
 20
340.73333740234375
  0
LWPOLYLINE
  5
2E2
330
17
100
AcDbEntity
  8
ANOTACION
100
AcDbPolyline
 90
3
 70
0
 10
158.43332926432294
 20
340.53331163194446
 10
157.36667209201389
 20
344.0666707356771
 10
155.6666734483507
 20
344.0666707356771
  0
LWPOLYLINE
  5
2E3
330
17
100
AcDbEntity
  8
ANOTACION
100
AcDbPolyline
 90
4
 70
0
 10
302.7666897243924
 20
85.93332926432292
 10
306.36667887369794
 20
85.33332824707031
 10
302.7666897243924
 20
84.73332722981772
 10
302.7666897243924
 20
85.93332926432292
  0
LWPOLYLINE
  5
2E4
330
17
100
AcDbEntity
  8
ANOTACION
100
AcDbPolyline
 90
3
 70
0
 10
302.7666897243924
 20
85.33332824707031
 10
292.06668429904516
 20
85.29999627007379
 10
290.4000176323785
 20
85.29999627007379
  0
LWPOLYLINE
  5
2E5
330
17
100
AcDbEntity
  8
ANOTACION
100
AcDbPolyline
 90
4
 70
0
 10
394.10000271267364
 20
84.46666293674045
 10
390.5000135633681
 20
85.03333197699654
 10
394.10000271267364
 20
85.66666497124567
 10
394.10000271267364
 20
84.46666293674045
  0
LWPOLYLINE
  5
2E6
330
17
100
AcDbEntity
  8
ANOTACION
100
AcDbPolyline
 90
3
 70
0
 10
394.10000271267364
 20
85.06666395399306
 10
400.0666639539931
 20
85.13332790798611
 10
401.73333062065973
 20
85.13332790798611
  0
LWPOLYLINE
  5
2E7
330
17
100
AcDbEntity
  8
ANOTACION
100
AcDbPolyline
 90
4
 70
0
 10
160.86666531032986
 20
154.500003390842
 10
163.39999728732639
 20
157.13333129882812
 10
161.86669243706598
 20
153.7999979654948
 10
160.86666531032986
 20
154.500003390842
  0
LWPOLYLINE
  5
2E8
330
17
100
AcDbEntity
  8
ANOTACION
100
AcDbPolyline
 90
3
 70
0
 10
161.36667887369794
 20
154.16666666666669
 10
156.6999986436632
 20
147.36665513780383
 10
155.0
 20
147.36665513780383
  0
LWPOLYLINE
  5
2E9
330
17
100
AcDbEntity
  8
ANOTACION
100
AcDbPolyline
 90
4
 70
0
 10
302.73335774739587
 20
426.33331298828125
 10
304.4000244140625
 20
423.0999755859375
 10
301.76666259765625
 20
425.633307562934
 10
302.73335774739587
 20
426.33331298828125
  0
LWPOLYLINE
  5
2EA
330
17
100
AcDbEntity
  8
ANOTACION
100
AcDbPolyline
 90
3
 70
0
 10
302.23334418402777
 20
425.96666124131946
 10
299.46668836805554
 20
429.69997829861114
 10
297.8000217013889
 20
429.69997829861114
  0
LWPOLYLINE
  5
2EB
330
17
100
AcDbEntity
  8
ANOTACION
100
AcDbPolyline
 90
4
 70
0
 10
385.999993218316
 20
423.1666734483507
 10
383.3666653103299
 20
420.633307562934
 10
385.0333319769965
 20
423.86664496527777
 10
385.999993218316
 20
423.1666734483507
  0
LWPOLYLINE
  5
2EC
330
17
100
AcDbEntity
  8
ANOTACION
100
AcDbPolyline
 90
3
 70
0
 10
385.5333455403646
 20
423.499993218316
 10
388.26666937934027
 20
427.19997829861114
 10
389.9666680230035
 20
427.19997829861114
  0
LWPOLYLINE
  5
2ED
330
17
100
AcDbEntity
  8
ANOTACION
100
AcDbPolyline
 90
4
 70
0
 10
150.46664767795139
 20
200.5333285861545
 10
147.933349609375
 20
197.90000067816842
 10
149.46668836805557
 20
201.20000203450522
 10
150.46664767795139
 20
200.5333285861545
  0
LWPOLYLINE
  5
2EE
330
17
100
AcDbEntity
  8
ANOTACION
100
AcDbPolyline
 90
3
 70
0
 10
149.96670193142361
 20
200.86666531032986
 10
154.00000678168402
 20
206.7999945746528
 10
155.70000542534723
 20
206.7999945746528
  0
LWPOLYLINE
  5
2EF
330
17
100
AcDbEntity
  8
ANOTACION
100
AcDbPolyline
 90
4
 70
0
 10
304.29999457465277
 20
286.4666748046875
 10
306.79999457465277
 20
283.83332994249133
 10
303.5666910807292
 20
285.49997965494794
 10
304.29999457465277
 20
286.4666748046875
  0
LWPOLYLINE
  5
2F0
330
17
100
AcDbEntity
  8
ANOTACION
100
AcDbPolyline
 90
3
 70
0
 10
303.933342827691
 20
285.999993218316
 10
278.70001898871527
 20
305.0333319769965
 10
277.03335232204864
 20
305.0333319769965
  0
LWPOLYLINE
  5
2F1
330
17
100
AcDbEntity
  8
ANOTACION
100
AcDbPolyline
 90
4
 70
0
 10
394.23333062065973
 20
256.8333265516493
 10
390.70000542534723
 20
255.93332926432294
 10
393.73335096571185
 20
257.9333326551649
 10
394.23333062065973
 20
256.8333265516493
  0
LWPOLYLINE
  5
2F2
330
17
100
AcDbEntity
  8
ANOTACION
100
AcDbPolyline
 90
3
 70
0
 10
393.9666748046875
 20
257.39998711480035
 10
425.6333414713542
 20
271.4333258734809
 10
427.3333401150174
 20
271.4333258734809
  0
LWPOLYLINE
  5
2F3
330
17
100
AcDbEntity
  8
ANOTACION
100
AcDbPolyline
 90
4
 70
0
 10
192.36667209201389
 20
257.5
 10
193.50002712673611
 20
254.0333218044705
 10
191.30001491970486
 20
256.96665445963544
 10
192.36667209201389
 20
257.5
  0
LWPOLYLINE
  5
2F4
330
17
100
AcDbEntity
  8
ANOTACION
100
AcDbPolyline
 90
3
 70
0
 10
191.83336046006946
 20
257.23332722981775
 10
187.70002577039932
 20
265.16665988498266
 10
186.03335910373264
 20
265.16665988498266
  0
LWPOLYLINE
  5
2F5
330
17
100
AcDbEntity
  8
ANOTACION
100
AcDbPolyline
 90
4
 70
0
 10
205.06666395399307
 20
238.56665717230905
 10
208.39999728732639
 20
240.0
 10
205.70000542534723
 20
237.53333197699655
 10
205.06666395399307
 20
238.56665717230905
  0
LWPOLYLINE
  5
2F6
330
17
100
AcDbEntity
  8
ANOTACION
100
AcDbPolyline
 90
3
 70
0
 10
205.36668565538196
 20
238.06666056315106
 10
190.20002577039932
 20
228.2333204481337
 10
188.50002712673611
 20
228.2333204481337
  0
LWPOLYLINE
  5
2F8
330
17
100
AcDbEntity
  8
ELECTRICO_AEREO
100
AcDbPolyline
 90
3
 70
0
 10
399.1666666666667
 20
336.500006781684
 10
404.6333482530382
 20
336.6666666666667
 10
405.16665988498266
 20
336.6666666666667
  0
LWPOLYLINE
  5
2F9
330
17
100
AcDbEntity
  8
ELECTRICO_AEREO
100
AcDbPolyline
 90
3
 70
0
 10
270.2000257703993
 20
332.43333604600696
 10
271.9000244140625
 20
332.40000406901044
 10
272.20001220703125
 20
332.40000406901044
  0
LINE
  5
2FA
330
17
100
AcDbEntity
  8
ELECTRICO_AEREO
100
AcDbLine
 10
412.06668429904516
 20
327.9333157009549
 30
0.0
 11
432.86668565538196
 21
327.9333157009549
 31
0.0
  0
LINE
  5
2FB
330
17
100
AcDbEntity
  8
ELECTRICO_AEREO
100
AcDbLine
 10
464.76667616102435
 20
336.1333211263021
 30
0.0
 11
480.76666937934027
 21
335.96666124131946
 31
0.0
  0
LINE
  5
2FC
330
17
100
AcDbEntity
  8
ELECTRICO_AEREO
100
AcDbLine
 10
439.566650390625
 20
336.36664496527777
 30
0.0
 11
455.56667751736114
 21
336.19998508029516
 31
0.0
  0
LINE
  5
2FD
330
17
100
AcDbEntity
  8
ELECTRICO_AEREO
100
AcDbLine
 10
414.36665852864587
 20
336.60000271267364
 30
0.0
 11
430.36668565538196
 21
336.43330891927087
 31
0.0
  0
LINE
  5
2FE
330
17
100
AcDbEntity
  8
ELECTRICO_AEREO
100
AcDbLine
 10
389.1666666666667
 20
336.16665310329864
 30
0.0
 11
398.1666734483507
 21
336.4666748046875
 31
0.0
  0
LINE
  5
2FF
330
17
100
AcDbEntity
  8
ELECTRICO_AEREO
100
AcDbLine
 10
363.9666748046875
 20
335.3666517469618
 30
0.0
 11
379.9666680230035
 21
335.8999972873264
 31
0.0
  0
LINE
  5
300
330
17
100
AcDbEntity
  8
ELECTRICO_AEREO
100
AcDbLine
 10
338.76668294270837
 20
334.566650390625
 30
0.0
 11
354.7666761610243
 21
335.06666395399304
 31
0.0
  0
LINE
  5
301
330
17
100
AcDbEntity
  8
ELECTRICO_AEREO
100
AcDbLine
 10
320.56667751736114
 20
333.9666748046875
 30
0.0
 11
329.56668429904516
 21
334.26666259765625
 31
0.0
  0
LINE
  5
302
330
17
100
AcDbEntity
  8
ELECTRICO_AEREO
100
AcDbLine
 10
288.3999972873264
 20
332.9333157009549
 30
0.0
 11
297.40000406901044
 21
333.23333740234375
 31
0.0
  0
LINE
  5
303
330
17
100
AcDbEntity
  8
ELECTRICO_AEREO
100
AcDbLine
 10
238.00001356336807
 20
332.83331976996527
 30
0.0
 11
254.00000678168405
 21
332.63332790798614
 31
0.0
  0
LINE
  5
304
330
17
100
AcDbEntity
  8
ELECTRICO_AEREO
100
AcDbLine
 10
212.80002170138889
 20
333.20000542534723
 30
0.0
 11
228.80001491970486
 21
332.9666476779514
 31
0.0
  0
LINE
  5
305
330
17
100
AcDbEntity
  8
ELECTRICO_AEREO
100
AcDbLine
 10
187.5999959309896
 20
333.5333251953125
 30
0.0
 11
203.6000230577257
 21
333.3000013563368
 31
0.0
  0
LINE
  5
306
330
17
100
AcDbEntity
  8
ELECTRICO_AEREO
100
AcDbLine
 10
162.40000406901044
 20
333.86664496527777
 30
0.0
 11
178.39999728732639
 21
333.6333211263021
 31
0.0
  0
LINE
  5
307
330
17
100
AcDbEntity
  8
ELECTRICO_AEREO
100
AcDbLine
 10
144.20003255208334
 20
334.10000271267364
 30
0.0
 11
153.20000542534723
 21
333.9666748046875
 31
0.0
  0
LINE
  5
308
330
17
100
AcDbEntity
  8
ELECTRICO_AEREO
100
AcDbLine
 10
315.13332790798614
 20
156.46665785047745
 30
0.0
 11
331.13335503472223
 21
156.4333258734809
 31
0.0
  0
LINE
  5
309
330
17
100
AcDbEntity
  8
ELECTRICO_AEREO
100
AcDbLine
 10
198.6000230577257
 20
156.39999389648438
 30
0.0
 11
214.60001627604169
 21
156.39999389648438
 31
0.0
  0
LINE
  5
30A
330
17
100
AcDbEntity
  8
ELECTRICO_AEREO
100
AcDbLine
 10
180.40001763237848
 20
156.4333258734809
 30
0.0
 11
189.4000244140625
 21
156.4333258734809
 31
0.0
  0
LINE
  5
30B
330
17
100
AcDbEntity
  8
ELECTRICO_AEREO
100
AcDbLine
 10
148.20000542534723
 20
156.49998982747397
 30
0.0
 11
164.1999986436632
 21
156.46665785047745
 31
0.0
  0
LINE
  5
30C
330
17
100
AcDbEntity
  8
ELECTRICO_AEREO
100
AcDbLine
 10
506.4666748046875
 20
155.46666463216147
 30
0.0
 11
522.4666680230035
 21
155.36666870117188
 31
0.0
  0
LINE
  5
30D
330
17
100
AcDbEntity
  8
ELECTRICO_AEREO
100
AcDbLine
 10
481.26668294270837
 20
155.6333245171441
 30
0.0
 11
497.26667616102435
 21
155.5333285861545
 31
0.0
  0
LINE
  5
30E
330
17
100
AcDbEntity
  8
ELECTRICO_AEREO
100
AcDbLine
 10
456.0666910807292
 20
155.80000135633682
 30
0.0
 11
472.066650390625
 21
155.69998847113715
 31
0.0
  0
LINE
  5
30F
330
17
100
AcDbEntity
  8
ELECTRICO_AEREO
100
AcDbLine
 10
365.5333455403646
 20
156.2999979654948
 30
0.0
 11
381.5333387586806
 21
156.23333401150174
 31
0.0
  0
LINE
  5
310
330
17
100
AcDbEntity
  8
ELECTRICO_AEREO
100
AcDbLine
 10
340.33335367838544
 20
156.39999389648438
 30
0.0
 11
356.3333468967014
 21
156.33332994249133
 31
0.0
  0
LINE
  5
311
330
17
100
AcDbEntity
  8
ELECTRICO_AEREO
100
AcDbLine
 10
289.93333604600696
 20
156.5666707356771
 30
0.0
 11
305.93332926432294
 21
156.49998982747397
 31
0.0
  0
LINE
  5
312
330
17
100
AcDbEntity
  8
ELECTRICO_AEREO
100
AcDbLine
 10
264.70001220703125
 20
156.66666666666669
 30
0.0
 11
280.73333740234375
 21
156.60000271267361
 31
0.0
  0
LWPOLYLINE
  5
313
330
17
100
AcDbEntity
  8
ELECTRICO_AEREO
100
AcDbPolyline
 90
3
 70
0
 10
390.73333740234375
 20
156.20000203450522
 10
406.1000230577257
 20
156.1666700575087
 10
421.6666666666667
 20
156.0333251953125
  0
LINE
  5
314
330
17
100
AcDbEntity
  8
ELECTRICO_AEREO
100
AcDbLine
 10
223.80001491970486
 20
156.36666191948785
 30
0.0
 11
232.80002170138889
 21
156.36666191948785
 31
0.0
  0
LINE
  5
315
330
17
100
AcDbEntity
  8
ELECTRICO_AEREO
100
AcDbLine
 10
430.8666653103299
 20
155.99999321831598
 30
0.0
 11
446.86665852864587
 21
155.86666531032986
 31
0.0
  0
LINE
  5
317
330
17
100
AcDbEntity
  8
GAS
100
AcDbLine
 10
325.23335774739587
 20
431.96665445963544
 30
0.0
 11
326.73333062065973
 21
340.76666937934027
 31
0.0
  0
LWPOLYLINE
  5
318
330
17
100
AcDbEntity
  8
GAS
100
AcDbPolyline
 90
3
 70
0
 10
409.6000162760417
 20
333.1333414713542
 10
419.6000162760417
 20
333.1666734483507
 10
519.633314344618
 20
333.66665310329864
1001
PDFCAD
1000
nota=EX. 2" GAS LINE,(Subs136c),
1000
diametro=2
1000
EX=Existing (existente)
  0
LWPOLYLINE
  5
319
330
17
100
AcDbEntity
  8
GAS
100
AcDbPolyline
 90
3
 70
0
 10
146.36671278211807
 20
331.76666259765625
 10
341.40001085069446
 20
332.76665581597223
 10
350.4000176323785
 20
332.79998779296875
1001
PDFCAD
1000
nota=EX. 4" STL, GAS LINE,; SHELL GAS ABAND., 14.6' N/ ℄; EX. 2" GAS LINE, SOCAL, 22' W/ ℄
1000
diametro=2
1000
STL=Steel (acero)
1000
EX=Existing (existente)
1000
ABAND=Abandoned (abandonado)
  0
LINE
  5
31A
330
17
100
AcDbEntity
  8
GAS
100
AcDbLine
 10
353.20000542534723
 20
332.83331976996527
 30
0.0
 11
396.79999457465277
 21
333.066643608941
 31
0.0
  0
LINE
  5
31B
330
17
100
AcDbEntity
  8
GAS
100
AcDbLine
 10
226.16668701171875
 20
162.5
 30
0.0
 11
290.50001356336804
 21
162.5
 31
0.0
  0
LINE
  5
31C
330
17
100
AcDbEntity
  8
GAS
100
AcDbLine
 10
150.96666124131946
 20
162.53333197699652
 30
0.0
 11
216.36667887369794
 21
162.53333197699652
 31
0.0
1001
PDFCAD
1000
nota=EX. 2" GAS LINE, (Subs136c),
1000
diametro=2
1000
EX=Existing (existente)
  0
LWPOLYLINE
  5
31E
330
17
100
AcDbEntity
  8
TELECOM_AEREO
100
AcDbPolyline
 90
23
 70
0
 10
385.76666937934027
 20
150.69998847113715
 10
400.5333455403646
 20
150.66665649414062
 10
401.40001085069446
 20
150.73333740234375
 10
402.23334418402777
 20
150.96666124131946
 10
403.0000135633681
 20
151.2999979654948
 10
403.73335096571185
 20
151.76666259765625
 10
404.3999905056424
 20
152.29999118381076
 10
404.9666680230035
 20
152.96666463216147
 10
405.433349609375
 20
153.70000203450522
 10
405.76666937934027
 20
154.4666714138455
 10
405.999993218316
 20
155.30000474717883
 10
406.1000230577257
 20
156.1666700575087
 10
406.066657172309
 20
155.4000006781684
 10
406.16668701171875
 20
154.63333129882812
 10
406.36667887369794
 20
153.86666191948785
 10
406.6999986436632
 20
153.16665649414062
 10
407.1333482530382
 20
152.53333197699652
 10
407.63332790798614
 20
151.9666714138455
 10
408.26666937934027
 20
151.49998982747397
 10
408.933342827691
 20
151.09998914930557
 10
409.6333482530382
 20
150.83333333333334
 10
410.4000176323785
 20
150.69998847113715
 10
411.16668701171875
 20
150.66665649414062
  0
LWPOLYLINE
  5
31F
330
17
100
AcDbEntity
  8
TELECOM_AEREO
100
AcDbPolyline
 90
23
 70
0
 10
223.80001491970486
 20
151.23333401150174
 10
240.33335367838544
 20
151.23333401150174
 10
241.16668701171875
 20
151.2999979654948
 10
241.96668836805557
 20
151.46665785047745
 10
242.73335774739584
 20
151.79999457465277
 10
243.43332926432294
 20
152.23332722981772
 10
244.0666707356771
 20
152.76665581597223
 10
244.6333482530382
 20
153.39999728732639
 10
245.06666395399307
 20
154.10000271267361
 10
245.36668565538196
 20
154.90000406901044
 10
245.56667751736111
 20
155.69998847113715
 10
245.63334147135419
 20
156.5333218044705
 10
245.70000542534723
 20
155.69998847113715
 10
245.89999728732639
 20
154.90000406901044
 10
246.23335096571182
 20
154.10000271267361
 10
246.66666666666669
 20
153.39999728732639
 10
247.20001220703125
 20
152.76665581597223
 10
247.83335367838544
 20
152.23332722981772
 10
248.53335910373264
 20
151.79999457465277
 10
249.2999945746528
 20
151.46665785047745
 10
250.13332790798611
 20
151.2999979654948
 10
250.96666124131946
 20
151.23333401150174
 10
265.73333740234375
 20
151.1666700575087
1001
PDFCAD
1000
nota=EX. STL FIBER OPTIC
1000
STL=Steel (acero)
1000
EX=Existing (existente)
  0
LINE
  5
320
330
17
100
AcDbEntity
  8
TELECOM_AEREO
100
AcDbLine
 10
508.5666910807292
 20
149.93333604600696
 30
0.0
 11
524.566650390625
 21
149.8333231608073
 31
0.0
  0
LINE
  5
321
330
17
100
AcDbEntity
  8
TELECOM_AEREO
100
AcDbLine
 10
458.1666734483507
 20
150.30000474717883
 30
0.0
 11
474.1666666666667
 21
150.19999186197919
 31
0.0
  0
LINE
  5
322
330
17
100
AcDbEntity
  8
TELECOM_AEREO
100
AcDbLine
 10
325.33335367838544
 20
150.93332926432294
 30
0.0
 11
341.3333468967014
 21
150.86666531032986
 31
0.0
  0
LINE
  5
323
330
17
100
AcDbEntity
  8
TELECOM_AEREO
100
AcDbLine
 10
300.13332790798614
 20
151.0333251953125
 30
0.0
 11
316.13335503472223
 21
150.96666124131946
 31
0.0
  0
LINE
  5
324
330
17
100
AcDbEntity
  8
TELECOM_AEREO
100
AcDbLine
 10
274.93333604600696
 20
151.13333808051215
 30
0.0
 11
290.93332926432294
 21
151.06665717230902
 31
0.0
1001
PDFCAD
1000
nota=EX.32" CONCRETE FIBER
1000
diametro=32
1000
EX=Existing (existente)
  0
LINE
  5
325
330
17
100
AcDbEntity
  8
TELECOM_AEREO
100
AcDbLine
 10
432.9666815863715
 20
150.499996609158
 30
0.0
 11
448.9666748046875
 21
150.36666870117188
 31
0.0
  0
LINE
  5
326
330
17
100
AcDbEntity
  8
TELECOM_AEREO
100
AcDbLine
 10
198.6000230577257
 20
151.23333401150174
 30
0.0
 11
214.60001627604169
 21
151.23333401150174
 31
0.0
  0
LINE
  5
327
330
17
100
AcDbEntity
  8
TELECOM_AEREO
100
AcDbLine
 10
173.39999728732639
 20
151.23333401150174
 30
0.0
 11
189.4000244140625
 21
151.23333401150174
 31
0.0
  0
LINE
  5
328
330
17
100
AcDbEntity
  8
TELECOM_AEREO
100
AcDbLine
 10
148.20000542534723
 20
151.23333401150174
 30
0.0
 11
164.1999986436632
 21
151.23333401150174
 31
0.0
  0
LWPOLYLINE
  5
32A
330
17
100
AcDbEntity
  8
AGUA
100
AcDbPolyline
 90
5
 70
0
 10
432.933349609375
 20
231.86665852864584
 10
432.9000176323785
 20
229.066653781467
 10
420.1999918619792
 20
229.10000271267361
 10
420.1999918619792
 20
231.89999050564236
 10
432.933349609375
 20
231.86665852864584
  0
LWPOLYLINE
  5
32B
330
17
100
AcDbEntity
  8
AGUA
100
AcDbPolyline
 90
5
 70
0
 10
357.03335232204864
 20
320.0333319769965
 10
378.70001898871527
 20
334.03333875868054
 10
381.6999986436632
 20
334.10000271267364
 10
385.16665988498266
 20
334.10000271267364
 10
387.6999918619792
 20
334.10000271267364
  0
LWPOLYLINE
  5
32C
330
17
100
AcDbEntity
  8
AGUA
100
AcDbPolyline
 90
4
 70
0
 10
282.66665988498266
 20
319.10000271267364
 10
282.0000203450521
 20
333.03331163194446
 10
280.999993218316
 20
333.5333251953125
 10
280.8666653103299
 20
333.3000013563368
  0
LWPOLYLINE
  5
32D
330
17
100
AcDbEntity
  8
AGUA
100
AcDbPolyline
 90
3
 70
0
 10
313.53335910373266
 20
131.13332960340713
 10
312.5333319769965
 20
131.63332621256512
 10
312.40000406901044
 20
131.36666191948785
  0
LWPOLYLINE
  5
32E
330
17
100
AcDbEntity
  8
AGUA
100
AcDbPolyline
 90
3
 70
0
 10
402.30000813802087
 20
157.13333129882812
 10
401.26668294270837
 20
157.63332790798611
 10
401.16668701171875
 20
157.36665513780383
  0
LWPOLYLINE
  5
32F
330
17
100
AcDbEntity
  8
AGUA
100
AcDbPolyline
 90
3
 70
0
 10
321.60000271267364
 20
363.6333211263021
 10
321.73333062065973
 20
385.70000542534723
 10
321.76666259765625
 20
432.9666476779514
1001
PDFCAD
1000
nota=6" WATER LINE,
1000
diametro=6
1000
WATER=Water (agua)
  0
LINE
  5
330
330
17
100
AcDbEntity
  8
AGUA
100
AcDbLine
 10
418.26666937934027
 20
152.80000474717883
 30
0.0
 11
418.20000542534723
 21
337.89998372395837
 31
0.0
1001
PDFCAD
1000
nota=EX. 64" RIVETED STL WATER LINE,
1000
diametro=64
1000
STL=Steel (acero)
1000
EX=Existing (existente)
1000
WATER=Water (agua)
  0
LINE
  5
331
330
17
100
AcDbEntity
  8
AGUA
100
AcDbLine
 10
411.9666883680556
 20
145.99999321831598
 30
0.0
 11
412.03335232204864
 21
338.79998101128473
 31
0.0
1001
PDFCAD
1000
nota=EX. WATER LINE,
1000
EX=Existing (existente)
1000
WATER=Water (agua)
  0
LINE
  5
332
330
17
100
AcDbEntity
  8
AGUA
100
AcDbLine
 10
314.6000162760417
 20
130.13332790798611
 30
0.0
 11
336.73333062065973
 21
130.06666395399307
 31
0.0
  0
LINE
  5
333
330
17
100
AcDbEntity
  8
AGUA
100
AcDbLine
 10
374.0333387586806
 20
296.96665445963544
 30
0.0
 11
383.0333455403646
 21
296.96665445963544
 31
0.0
  0
LINE
  5
334
330
17
100
AcDbEntity
  8
AGUA
100
AcDbLine
 10
362.23334418402777
 20
296.9333224826389
 30
0.0
 11
371.23335096571185
 21
296.9333224826389
 31
0.0
  0
LINE
  5
335
330
17
100
AcDbEntity
  8
AGUA
100
AcDbLine
 10
305.83333333333337
 20
296.76666259765625
 30
0.0
 11
352.43333604600696
 21
296.8999905056424
 31
0.0
  0
LINE
  5
336
330
17
100
AcDbEntity
  8
AGUA
100
AcDbLine
 10
280.0333319769965
 20
296.6999986436632
 30
0.0
 11
296.03335910373266
 21
296.73333062065973
 31
0.0
  0
LINE
  5
337
330
17
100
AcDbEntity
  8
AGUA
100
AcDbLine
 10
268.23333740234375
 20
296.6666666666667
 30
0.0
 11
274.23333062065973
 21
296.6666666666667
 31
0.0
  0
LINE
  5
338
330
17
100
AcDbEntity
  8
AGUA
100
AcDbLine
 10
242.43333604600696
 20
296.60000271267364
 30
0.0
 11
258.43332926432294
 21
296.63333468967016
 31
0.0
  0
LINE
  5
339
330
17
100
AcDbEntity
  8
AGUA
100
AcDbLine
 10
230.63334147135419
 20
296.5666707356771
 30
0.0
 11
236.63333468967014
 21
296.5666707356771
 31
0.0
  0
LINE
  5
33A
330
17
100
AcDbEntity
  8
AGUA
100
AcDbLine
 10
193.00001356336807
 20
296.4666748046875
 30
0.0
 11
220.83333333333334
 21
296.53333875868054
 31
0.0
  0
LINE
  5
33B
330
17
100
AcDbEntity
  8
AGUA
100
AcDbLine
 10
167.20001220703125
 20
296.3999769422743
 30
0.0
 11
183.20000542534723
 21
296.433342827691
 31
0.0
  0
LINE
  5
33C
330
17
100
AcDbEntity
  8
AGUA
100
AcDbLine
 10
144.20003255208334
 20
296.33331298828125
 30
0.0
 11
164.4000244140625
 21
296.36664496527777
 31
0.0
  0
LINE
  5
33D
330
17
100
AcDbEntity
  8
AGUA
100
AcDbLine
 10
475.6666734483507
 20
334.13333468967016
 30
0.0
 11
490.4666476779514
 21
334.000006781684
 31
0.0
  0
LINE
  5
33E
330
17
100
AcDbEntity
  8
AGUA
100
AcDbLine
 10
438.06667751736114
 20
334.4333224826389
 30
0.0
 11
452.86668565538196
 21
334.29999457465277
 31
0.0
  0
LINE
  5
33F
330
17
100
AcDbEntity
  8
AGUA
100
AcDbLine
 10
494.4666883680556
 20
333.9666748046875
 30
0.0
 11
509.2999945746528
 21
333.86664496527777
 31
0.0
  0
LINE
  5
340
330
17
100
AcDbEntity
  8
AGUA
100
AcDbLine
 10
456.86665852864587
 20
334.26666259765625
 30
0.0
 11
471.6666666666667
 21
334.1666666666667
 31
0.0
  0
LINE
  5
341
330
17
100
AcDbEntity
  8
AGUA
100
AcDbLine
 10
419.26666259765625
 20
334.566650390625
 30
0.0
 11
434.0666707356771
 21
334.46665445963544
 31
0.0
  0
LINE
  5
342
330
17
100
AcDbEntity
  8
AGUA
100
AcDbLine
 10
380.0
 20
334.0666707356771
 30
0.0
 11
406.500006781684
 21
334.10000271267364
 31
0.0
  0
LINE
  5
343
330
17
100
AcDbEntity
  8
AGUA
100
AcDbLine
 10
144.20003255208334
 20
319.10000271267364
 30
0.0
 11
354.5000203450521
 21
319.10000271267364
 31
0.0
1001
PDFCAD
1000
nota=EX. 8" WATER LINE, LADWPWS,
1000
diametro=8
1000
EX=Existing (existente)
1000
WATER=Water (agua)
  0
LINE
  5
344
330
17
100
AcDbEntity
  8
AGUA
100
AcDbLine
 10
337.0000203450521
 20
337.9333157009549
 30
0.0
 11
337.0000203450521
 21
432.9666476779514
 31
0.0
  0
LINE
  5
345
330
17
100
AcDbEntity
  8
AGUA
100
AcDbLine
 10
508.5999891493056
 20
156.66666666666669
 30
0.0
 11
523.3999972873264
 21
156.5666707356771
 31
0.0
  0
LINE
  5
346
330
17
100
AcDbEntity
  8
AGUA
100
AcDbLine
 10
442.20001220703125
 20
157.03333536783856
 30
0.0
 11
495.80000135633685
 21
156.73333062065973
 31
0.0
  0
LWPOLYLINE
  5
347
330
17
100
AcDbEntity
  8
AGUA
100
AcDbPolyline
 90
3
 70
0
 10
336.500006781684
 20
69.46666717529297
 10
336.76666259765625
 20
140.66666497124567
 10
336.86665852864587
 20
170.69998847113715
  0
LWPOLYLINE
  5
348
330
17
100
AcDbEntity
  8
AGUA
100
AcDbPolyline
 90
3
 70
0
 10
300.36668565538196
 20
160.86666531032986
 10
310.8999972873264
 20
159.33332655164932
 10
310.8666653103299
 20
166.5333218044705
  0
LINE
  5
349
330
17
100
AcDbEntity
  8
AGUA
100
AcDbLine
 10
144.20003255208334
 20
165.06666395399307
 30
0.0
 11
310.8666653103299
 21
165.06666395399307
 31
0.0
  0
LINE
  5
34A
330
17
100
AcDbEntity
  8
AGUA
100
AcDbLine
 10
404.8333401150174
 20
162.40000406901044
 30
0.0
 11
418.73335096571185
 21
162.43333604600696
 31
0.0
  0
LINE
  5
34B
330
17
100
AcDbEntity
  8
AGUA
100
AcDbLine
 10
144.20003255208334
 20
161.0333251953125
 30
0.0
 11
290.56667751736114
 21
160.89999728732639
 31
0.0
1001
PDFCAD
1000
nota=EX. 8" WATER LINE, (Subs136c), LADWPWS,; EX. 4" WATER LINE (ABAND), (Subs136c); EX. 12" WATER LINE ABAND,; EX. 12" WATER LINE,
1000
diametro=12
1000
EX=Existing (existente)
1000
WATER=Water (agua)
1000
ABAND=Abandoned (abandonado)
  0
LINE
  5
34C
330
17
100
AcDbEntity
  8
AGUA
100
AcDbLine
 10
365.13332790798614
 20
170.46666463216147
 30
0.0
 11
396.5333387586806
 21
170.46666463216147
 31
0.0
  0
LINE
  5
34D
330
17
100
AcDbEntity
  8
AGUA
100
AcDbLine
 10
271.13335503472223
 20
170.5333285861545
 30
0.0
 11
355.33335367838544
 21
170.499996609158
 31
0.0
  0
LINE
  5
34E
330
17
100
AcDbEntity
  8
AGUA
100
AcDbLine
 10
144.20003255208334
 20
170.6333245171441
 30
0.0
 11
261.3333468967014
 21
170.56666056315106
 31
0.0
  0
LWPOLYLINE
  5
350
330
17
100
AcDbEntity
  8
TELECOM
100
AcDbPolyline
 90
5
 70
0
 10
250.0
 20
214.16666666666669
 10
246.43334282769098
 20
214.16666666666669
 10
246.50000678168405
 20
220.66665649414062
 10
250.06666395399307
 20
220.6333245171441
 10
250.0
 20
214.16666666666669
  0
LINE
  5
351
330
17
100
AcDbEntity
  8
TELECOM
100
AcDbLine
 10
316.9000244140625
 20
231.83332655164932
 30
0.0
 11
329.36665852864587
 21
232.76665581597223
 31
0.0
  0
LINE
  5
352
330
17
100
AcDbEntity
  8
TELECOM
100
AcDbLine
 10
391.3000149197049
 20
233.93332587348092
 30
0.0
 11
448.63335503472223
 21
238.2333204481337
 31
0.0
  0
LINE
  5
353
330
17
100
AcDbEntity
  8
TELECOM
100
AcDbLine
 10
353.90001085069446
 20
231.1333211263021
 30
0.0
 11
381.3333468967014
 21
233.19998847113717
 31
0.0
  0
LINE
  5
354
330
17
100
AcDbEntity
  8
TELECOM
100
AcDbLine
 10
316.500006781684
 20
228.33333333333334
 30
0.0
 11
346.5666707356771
 21
232.3333231608073
 31
0.0
  0
LINE
  5
355
330
17
100
AcDbEntity
  8
TELECOM
100
AcDbLine
 10
442.3333401150174
 20
239.49998643663196
 30
0.0
 11
456.6666666666667
 21
240.56666056315106
 31
0.0
  0
LINE
  5
356
330
17
100
AcDbEntity
  8
TELECOM
100
AcDbLine
 10
368.90001085069446
 20
233.99998982747397
 30
0.0
 11
401.63333468967016
 21
236.43332587348092
 31
0.0
  0
LINE
  5
357
330
17
100
AcDbEntity
  8
TELECOM
100
AcDbLine
 10
428.70001898871527
 20
236.73333062065973
 30
0.0
 11
441.16665310329864
 21
237.66665988498264
 31
0.0
  0
LINE
  5
358
330
17
100
AcDbEntity
  8
TELECOM
100
AcDbLine
 10
279.6000162760417
 20
224.73332722981772
 30
0.0
 11
289.5000203450521
 21
226.89999050564236
 31
0.0
  0
LINE
  5
359
330
17
100
AcDbEntity
  8
TELECOM
100
AcDbLine
 10
291.933356391059
 20
227.43333604600696
 30
0.0
 11
299.3333265516493
 21
227.36665513780383
 31
0.0
  0
LINE
  5
35A
330
17
100
AcDbEntity
  8
TELECOM
100
AcDbLine
 10
304.53335232204864
 20
250.06666395399307
 30
0.0
 11
305.33335367838544
 21
235.46666463216147
 31
0.0
  0
LINE
  5
35B
330
17
100
AcDbEntity
  8
TELECOM
100
AcDbLine
 10
308.3000013563368
 20
232.63332790798611
 30
0.0
 11
322.56666395399304
 21
230.5333285861545
 31
0.0
  0
LINE
  5
35C
330
17
100
AcDbEntity
  8
TELECOM
100
AcDbLine
 10
492.26667616102435
 20
243.36666531032986
 30
0.0
 11
524.933336046007
 21
243.30000135633682
 31
0.0
  0
LINE
  5
35D
330
17
100
AcDbEntity
  8
TELECOM
100
AcDbLine
 10
471.20001898871527
 20
239.93333604600696
 30
0.0
 11
496.6666666666667
 21
239.86665513780383
 31
0.0
  0
LINE
  5
35E
330
17
100
AcDbEntity
  8
TELECOM
100
AcDbLine
 10
485.76666937934027
 20
241.63333468967014
 30
0.0
 11
506.16665310329864
 21
241.60000271267361
 31
0.0
  0
LINE
  5
35F
330
17
100
AcDbEntity
  8
TELECOM
100
AcDbLine
 10
228.43332926432294
 20
222.23332722981772
 30
0.0
 11
247.83335367838544
 21
222.1999952528212
 31
0.0
  0
LWPOLYLINE
  5
360
330
17
100
AcDbEntity
  8
TELECOM
100
AcDbPolyline
 90
3
 70
0
 10
162.53333197699652
 20
222.39998711480035
 10
195.50001356336807
 20
222.3333231608073
 10
213.50002712673611
 20
222.26665920681424
  0
LWPOLYLINE
  5
362
330
17
100
AcDbEntity
  8
DRENAJE_PLUVIAL
100
AcDbPolyline
 90
4
 70
0
 10
242.90001763237848
 20
293.86664496527777
 10
242.16668023003473
 20
289.5333184136285
 10
234.46668836805557
 20
290.73333740234375
 10
235.13332790798611
 20
295.1999918619792
1001
PDFCAD
1000
nota=EX. 24" HDPE, STORM DRAIN,
1000
diametro=24
1000
material=HDPE
1000
HDPE=High-Density Polyethylene
1000
EX=Existing (existente)
  0
LWPOLYLINE
  5
363
330
17
100
AcDbEntity
  8
DRENAJE_PLUVIAL
100
AcDbPolyline
 90
4
 70
0
 10
315.23335774739587
 20
369.7666422526042
 10
309.7666761610243
 20
369.69997829861114
 10
309.73334418402777
 20
373.066643608941
 10
315.23335774739587
 20
373.1333414713542
  0
LWPOLYLINE
  5
364
330
17
100
AcDbEntity
  8
DRENAJE_PLUVIAL
100
AcDbPolyline
 90
5
 70
0
 10
467.1000162760417
 20
125.46666463216147
 10
463.33333333333337
 20
126.66666666666667
 10
463.3999972873264
 20
129.76666768391928
 10
464.23333062065973
 20
129.53332689073352
 10
468.1666734483507
 20
128.26666090223526
  0
LWPOLYLINE
  5
365
330
17
100
AcDbEntity
  8
DRENAJE_PLUVIAL
100
AcDbPolyline
 90
9
 70
0
 10
258.00001356336804
 20
184.76665920681424
 10
254.83334011501736
 20
185.2333238389757
 10
254.13333468967016
 20
188.36666531032986
 10
255.26668972439236
 20
188.19998847113717
 10
261.5666707356771
 20
187.26665920681424
 10
262.30000813802087
 20
187.16666327582467
 10
268.9666748046875
 20
186.0333251953125
 10
269.29999457465277
 20
185.96666124131946
 10
273.86667887369794
 20
185.13332790798611
  0
LWPOLYLINE
  5
366
330
17
100
AcDbEntity
  8
DRENAJE_PLUVIAL
100
AcDbPolyline
 90
5
 70
0
 10
239.23333062065973
 20
190.13332790798611
 10
241.16668701171875
 20
189.93333604600696
 10
246.6999986436632
 20
189.2999945746528
 10
248.20000542534723
 20
189.13333468967014
 10
251.66666666666669
 20
188.6666700575087
  0
LWPOLYLINE
  5
367
330
17
100
AcDbEntity
  8
DRENAJE_PLUVIAL
100
AcDbPolyline
 90
3
 70
0
 10
231.76666259765625
 20
190.80000135633682
 10
234.0666707356771
 20
190.6333245171441
 10
236.76666259765625
 20
190.36666870117188
  0
LWPOLYLINE
  5
368
330
17
100
AcDbEntity
  8
DRENAJE_PLUVIAL
100
AcDbPolyline
 90
3
 70
0
 10
224.2999945746528
 20
191.33332994249133
 10
227.0000203450521
 20
191.1666700575087
 10
229.26666259765625
 20
190.99999321831598
  0
LWPOLYLINE
  5
369
330
17
100
AcDbEntity
  8
DRENAJE_PLUVIAL
100
AcDbPolyline
 90
3
 70
0
 10
216.7999945746528
 20
191.76666259765625
 10
219.90000406901044
 20
191.60000271267361
 10
221.7999945746528
 20
191.49998982747397
  0
LWPOLYLINE
  5
36A
330
17
100
AcDbEntity
  8
DRENAJE_PLUVIAL
100
AcDbPolyline
 90
15
 70
0
 10
213.23333740234375
 20
188.89999389648438
 10
212.70002577039932
 20
188.93332587348092
 10
209.2999945746528
 20
192.03333536783856
 10
212.80002170138889
 20
191.93332248263889
 10
214.2999945746528
 20
191.86665852864584
 10
219.7333441840278
 20
188.6333211263021
 10
220.70000542534723
 20
188.56665717230905
 10
226.76666259765625
 20
188.19998847113717
 10
228.20000542534723
 20
188.06666056315106
 10
233.80001491970486
 20
187.63332790798611
 10
235.6666734483507
 20
187.46666802300348
 10
240.83333333333334
 20
186.96665445963544
 10
243.13334147135419
 20
186.6999986436632
 10
247.83335367838544
 20
186.1666700575087
 10
250.60000949435766
 20
185.80000135633682
  0
LWPOLYLINE
  5
36B
330
17
100
AcDbEntity
  8
DRENAJE_PLUVIAL
100
AcDbPolyline
 90
4
 70
0
 10
201.80002848307294
 20
192.13333129882812
 10
205.70000542534723
 20
192.0999993218316
 10
206.7999945746528
 20
192.0999993218316
 10
200.73333740234375
 20
189.16666666666669
  0
LWPOLYLINE
  5
36C
330
17
100
AcDbEntity
  8
DRENAJE_PLUVIAL
100
AcDbPolyline
 90
21
 70
0
 10
194.30002848307294
 20
192.16666327582467
 10
198.6000230577257
 20
192.16666327582467
 10
199.30002848307294
 20
192.16666327582467
 10
206.06669108072919
 20
188.59998914930557
 10
213.56669108072919
 20
188.39999728732639
 10
221.03335910373264
 20
188.0333285861545
 10
228.50002712673611
 20
187.56666395399307
 10
235.96666124131946
 20
186.93332248263889
 10
243.39999728732639
 20
186.1666700575087
 10
250.83333333333334
 20
185.26665581597223
 10
258.26666937934027
 20
184.23333062065973
 10
265.6333414713542
 20
183.06666056315106
 10
273.0333455403646
 20
181.73333062065973
 10
280.36668565538196
 20
180.29998779296875
 10
287.66665988498266
 20
178.70000203450522
 10
294.9666680230035
 20
177.000003390842
 10
302.20001220703125
 20
175.13332790798611
 10
309.433356391059
 20
173.1333245171441
 10
316.60000271267364
 20
170.99999321831598
 10
463.1666734483507
 20
126.16666158040366
 10
480.23335774739587
 20
120.76666090223524
1001
PDFCAD
1000
nota=EX. 24" HDPE, STORM DRAIN,; EX. 24" HDPE, STORM DRAIN,
1000
diametro=24
1000
material=HDPE
1000
HDPE=High-Density Polyethylene
1000
EX=Existing (existente)
  0
LWPOLYLINE
  5
36D
330
17
100
AcDbEntity
  8
DRENAJE_PLUVIAL
100
AcDbPolyline
 90
21
 70
0
 10
144.20003255208334
 20
192.69999186197919
 10
198.6000230577257
 20
192.66665988498264
 10
206.13335503472223
 20
192.5999959309896
 10
213.7000189887153
 20
192.40000406901044
 10
221.26668294270834
 20
192.03333536783856
 10
228.80001491970486
 20
191.5666707356771
 10
236.33334689670139
 20
190.93332926432294
 10
243.86667887369794
 20
190.13332790798611
 10
251.36667887369794
 20
189.23333062065973
 10
258.8333468967014
 20
188.19998847113717
 10
266.3000149197049
 20
187.000003390842
 10
273.76668294270837
 20
185.66665649414062
 10
281.16668701171875
 20
184.1999986436632
 10
288.5666910807292
 20
182.5999959309896
 10
295.93332926432294
 20
180.86666531032986
 10
303.23333740234375
 20
178.99998982747397
 10
310.5333455403646
 20
176.96665445963544
 10
317.7666897243924
 20
174.8333231608073
 10
464.36665852864587
 20
130.0
 10
481.4666748046875
 20
124.56666734483508
 10
470.56667751736114
 20
127.5
  0
LWPOLYLINE
  5
36E
330
17
100
AcDbEntity
  8
DRENAJE_PLUVIAL
100
AcDbPolyline
 90
3
 70
0
 10
275.2666897243924
 20
181.83332655164932
 10
275.70000542534723
 20
181.73333062065973
 10
280.16665988498266
 20
180.83333333333334
  0
LWPOLYLINE
  5
36F
330
17
100
AcDbEntity
  8
DRENAJE_PLUVIAL
100
AcDbPolyline
 90
3
 70
0
 10
267.9000176323785
 20
183.16665649414062
 10
268.76668294270837
 20
183.0333285861545
 10
272.8000217013889
 20
182.26665920681424
  0
LWPOLYLINE
  5
370
330
17
100
AcDbEntity
  8
DRENAJE_PLUVIAL
100
AcDbPolyline
 90
3
 70
0
 10
260.50001356336804
 20
184.39999050564236
 10
261.79999457465277
 20
184.1999986436632
 10
265.433349609375
 20
183.59998914930557
  0
LWPOLYLINE
  5
371
330
17
100
AcDbEntity
  8
DRENAJE_PLUVIAL
100
AcDbPolyline
 90
3
 70
0
 10
274.3333265516493
 20
242.29999118381076
 10
383.86667887369794
 20
204.2999945746528
 10
483.26666937934027
 20
212.56666395399307
1001
PDFCAD
1000
nota=DIP SD MH; DIP SD MH
1000
material=DIP
1000
DIP=Ductile Iron Pipe (hierro dúctil)
1000
MH=Manhole (pozo)
1000
SD=Storm Drain (drenaje pluvial)
  0
LWPOLYLINE
  5
372
330
17
100
AcDbEntity
  8
DRENAJE_PLUVIAL
100
AcDbPolyline
 90
5
 70
0
 10
292.73335774739587
 20
234.8333231608073
 10
273.76668294270837
 20
240.40000067816842
 10
383.63335503472223
 20
202.29999118381076
 10
483.50002712673614
 20
210.56666056315106
 10
441.0333251953125
 20
208.0333285861545
  0
LWPOLYLINE
  5
373
330
17
100
AcDbEntity
  8
DRENAJE_PLUVIAL
100
AcDbPolyline
 90
3
 70
0
 10
144.20003255208334
 20
243.1333245171441
 10
271.36667887369794
 20
242.66665988498264
 10
238.63335503472223
 20
289.93333604600696
  0
LWPOLYLINE
  5
374
330
17
100
AcDbEntity
  8
DRENAJE_PLUVIAL
100
AcDbPolyline
 90
6
 70
0
 10
313.00001356336804
 20
315.06666395399304
 10
471.60000271267364
 20
320.8000013563368
 10
311.500006781684
 20
313.499993218316
 10
313.00001356336804
 20
369.73331027560766
 10
311.500006781684
 20
313.499993218316
 10
312.23334418402777
 20
369.73331027560766
  0
LINE
  5
375
330
17
100
AcDbEntity
  8
DRENAJE_PLUVIAL
100
AcDbLine
 10
430.13332790798614
 20
318.566657172309
 30
0.0
 11
459.6000162760417
 21
319.63331434461804
 31
0.0
  0
LINE
  5
376
330
17
100
AcDbEntity
  8
DRENAJE_PLUVIAL
100
AcDbLine
 10
396.20001898871527
 20
317.3333401150174
 30
0.0
 11
405.1999918619792
 21
317.63332790798614
 31
0.0
  0
LINE
  5
377
330
17
100
AcDbEntity
  8
DRENAJE_PLUVIAL
100
AcDbLine
 10
368.73335096571185
 20
316.33331298828125
 30
0.0
 11
384.73334418402777
 21
316.8999905056424
 31
0.0
  0
LINE
  5
378
330
17
100
AcDbEntity
  8
DRENAJE_PLUVIAL
100
AcDbLine
 10
409.66668023003473
 20
317.79998779296875
 30
0.0
 11
425.6666734483507
 21
318.3999972873264
 31
0.0
  0
LINE
  5
379
330
17
100
AcDbEntity
  8
DRENAJE_PLUVIAL
100
AcDbLine
 10
327.8000217013889
 20
314.8333401150174
 30
0.0
 11
364.26666259765625
 21
316.16665310329864
 31
0.0
  0
LINE
  5
37A
330
17
100
AcDbEntity
  8
DRENAJE_PLUVIAL
100
AcDbLine
 10
441.9000244140625
 20
136.36666191948785
 30
0.0
 11
461.00002712673614
 21
130.499996609158
 31
0.0
  0
LINE
  5
37B
330
17
100
AcDbEntity
  8
DRENAJE_PLUVIAL
100
AcDbLine
 10
406.0333251953125
 20
147.3333231608073
 30
0.0
 11
417.9666815863715
 21
143.6666700575087
 31
0.0
  0
LINE
  5
37C
330
17
100
AcDbEntity
  8
DRENAJE_PLUVIAL
100
AcDbLine
 10
363.0000135633681
 20
160.499996609158
 30
0.0
 11
382.1000162760417
 21
154.63333129882812
 31
0.0
  0
LINE
  5
37D
330
17
100
AcDbEntity
  8
DRENAJE_PLUVIAL
100
AcDbLine
 10
327.1333482530382
 20
171.46665785047745
 30
0.0
 11
346.2333509657118
 21
165.59999254014758
 31
0.0
  0
LINE
  5
37E
330
17
100
AcDbEntity
  8
DRENAJE_PLUVIAL
100
AcDbLine
 10
420.36668565538196
 20
142.93333265516495
 30
0.0
 11
439.49998643663196
 21
137.06666734483508
 31
0.0
  0
LINE
  5
37F
330
17
100
AcDbEntity
  8
DRENAJE_PLUVIAL
100
AcDbLine
 10
384.5000203450521
 20
153.89999389648438
 30
0.0
 11
396.4666748046875
 21
150.2333238389757
 31
0.0
  0
LINE
  5
380
330
17
100
AcDbEntity
  8
DRENAJE_PLUVIAL
100
AcDbLine
 10
146.43337673611111
 20
192.1999952528212
 30
0.0
 11
191.80002848307294
 21
192.16666327582467
 31
0.0
  0
LINE
  5
381
330
17
100
AcDbEntity
  8
DRENAJE_PLUVIAL
100
AcDbLine
 10
469.49998643663196
 20
124.69999525282118
 30
0.0
 11
480.36668565538196
 21
121.23333401150174
 31
0.0
  0
LINE
  5
382
330
17
100
AcDbEntity
  8
DRENAJE_PLUVIAL
100
AcDbLine
 10
419.29999457465277
 20
140.13332790798611
 30
0.0
 11
431.26668294270837
 21
136.46666632758246
 31
0.0
  0
LWPOLYLINE
  5
383
330
17
100
AcDbEntity
  8
DRENAJE_PLUVIAL
100
AcDbPolyline
 90
3
 70
0
 10
376.26668294270837
 20
153.30000135633682
 10
388.23333740234375
 20
149.63333129882812
 10
409.73334418402777
 20
143.0333285861545
  0
LWPOLYLINE
  5
384
330
17
100
AcDbEntity
  8
DRENAJE_PLUVIAL
100
AcDbPolyline
 90
3
 70
0
 10
340.4000176323785
 20
164.26666259765625
 10
352.3666720920139
 20
160.59999254014758
 10
366.6999986436632
 20
156.20000203450522
  0
LINE
  5
385
330
17
100
AcDbEntity
  8
DRENAJE_PLUVIAL
100
AcDbLine
 10
433.66668701171875
 20
135.7333289252387
 30
0.0
 11
452.76665581597223
 21
129.86666361490887
 31
0.0
  0
LINE
  5
386
330
17
100
AcDbEntity
  8
DRENAJE_PLUVIAL
100
AcDbLine
 10
318.90001085069446
 20
170.83333333333334
 30
0.0
 11
338.00001356336804
 21
165.0
 31
0.0
  0
LINE
  5
387
330
17
100
AcDbEntity
  8
DRENAJE_PLUVIAL
100
AcDbLine
 10
298.3000013563368
 20
179.76665920681424
 30
0.0
 11
309.29999457465277
 21
173.70000203450522
 31
0.0
  0
LINE
  5
388
330
17
100
AcDbEntity
  8
DRENAJE_PLUVIAL
100
AcDbLine
 10
283.66668701171875
 20
183.16665649414062
 30
0.0
 11
294.80000813802087
 21
177.53333197699652
 31
0.0
  0
LINE
  5
389
330
17
100
AcDbEntity
  8
DRENAJE_PLUVIAL
100
AcDbLine
 10
144.20003255208334
 20
188.70000203450522
 30
0.0
 11
198.6000230577257
 21
188.6666700575087
 31
0.0
  0
LWPOLYLINE
  5
38A
330
17
100
AcDbEntity
  8
DRENAJE_PLUVIAL
100
AcDbPolyline
 90
3
 70
0
 10
345.13332790798614
 20
216.66666666666669
 10
383.76668294270837
 20
203.30000135633682
 10
426.60000271267364
 20
206.86665852864584
  0
LINE
  5
38B
330
17
100
AcDbEntity
  8
DRENAJE_PLUVIAL
100
AcDbLine
 10
306.40001085069446
 20
230.0999959309896
 30
0.0
 11
321.53333875868054
 21
224.8333231608073
 31
0.0
  0
LINE
  5
38C
330
17
100
AcDbEntity
  8
DRENAJE_PLUVIAL
100
AcDbLine
 10
239.86667209201389
 20
290.8000013563368
 30
0.0
 11
272.86668565538196
 21
243.16665649414062
 31
0.0
  0
LWPOLYLINE
  5
38D
330
17
100
AcDbEntity
  8
DRENAJE_PLUVIAL
100
AcDbPolyline
 90
3
 70
0
 10
252.33334011501736
 20
271.4666578504774
 10
273.00001356336804
 20
241.66666666666669
 10
144.20003255208334
 20
241.1333211263021
  0
LWPOLYLINE
  5
38E
330
17
100
AcDbEntity
  8
DRENAJE_PLUVIAL
100
AcDbPolyline
 90
3
 70
0
 10
147.3333740234375
 20
207.93333265516495
 10
183.76668294270834
 20
240.96666124131946
 10
145.16669379340277
 20
207.000003390842
  0
LINE
  5
38F
330
17
100
AcDbEntity
  8
DRENAJE_PLUVIAL
100
AcDbLine
 10
154.83334011501736
 20
215.7666693793403
 30
0.0
 11
161.50000678168402
 21
221.7999945746528
 31
0.0
  0
LINE
  5
390
330
17
100
AcDbEntity
  8
DRENAJE_PLUVIAL
100
AcDbLine
 10
209.53335232204861
 20
241.89999050564236
 30
0.0
 11
225.5333455403646
 21
241.83332655164932
 31
0.0
  0
LINE
  5
391
330
17
100
AcDbEntity
  8
DRENAJE_PLUVIAL
100
AcDbLine
 10
168.56669108072919
 20
242.03333536783856
 30
0.0
 11
205.06666395399307
 21
241.89999050564236
 31
0.0
  0
LINE
  5
392
330
17
100
AcDbEntity
  8
DRENAJE_PLUVIAL
100
AcDbLine
 10
148.10004340277777
 20
242.0999993218316
 30
0.0
 11
164.10000271267361
 21
242.06666734483508
 31
0.0
  0
LINE
  5
393
330
17
100
AcDbEntity
  8
DRENAJE_PLUVIAL
100
AcDbLine
 10
488.0333455403646
 20
123.3999972873264
 30
0.0
 11
499.93333604600696
 21
119.56666734483507
 31
0.0
  0
LINE
  5
395
330
17
100
AcDbEntity
  8
ESTRUCTURAS
100
AcDbLine
 10
278.6000230577257
 20
275.0333319769965
 30
0.0
 11
278.6000230577257
 21
278.7999979654948
 31
0.0
  0
LINE
  5
396
330
17
100
AcDbEntity
  8
ESTRUCTURAS
100
AcDbLine
 10
397.5999959309896
 20
291.73333062065973
 30
0.0
 11
401.5666707356771
 21
291.63333468967016
 31
0.0
  0
LINE
  5
397
330
17
100
AcDbEntity
  8
ESTRUCTURAS
100
AcDbLine
 10
401.933356391059
 20
221.39999389648438
 30
0.0
 11
401.933356391059
 21
223.39999728732639
 31
0.0
  0
LINE
  5
398
330
17
100
AcDbEntity
  8
ESTRUCTURAS
100
AcDbLine
 10
401.73333062065973
 20
291.79999457465277
 30
0.0
 11
401.73333062065973
 21
295.8999972873264
 31
0.0
  0
LINE
  5
399
330
17
100
AcDbEntity
  8
ESTRUCTURAS
100
AcDbLine
 10
299.13333468967016
 20
272.83331976996527
 30
0.0
 11
310.8666653103299
 21
272.79998779296875
 31
0.0
  0
LINE
  5
39A
330
17
100
AcDbEntity
  8
ESTRUCTURAS
100
AcDbLine
 10
311.03335910373266
 20
272.9666646321615
 30
0.0
 11
311.0666910807292
 21
277.03333536783856
 31
0.0
  0
LINE
  5
39B
330
17
100
AcDbEntity
  8
ESTRUCTURAS
100
AcDbLine
 10
388.499993218316
 20
222.5999959309896
 30
0.0
 11
392.26667616102435
 21
222.39998711480035
 31
0.0
  0
LINE
  5
39C
330
17
100
AcDbEntity
  8
ESTRUCTURAS
100
AcDbLine
 10
387.9000176323785
 20
221.96665445963544
 30
0.0
 11
388.5333251953125
 21
221.96665445963544
 31
0.0
  0
LINE
  5
39D
330
17
100
AcDbEntity
  8
ESTRUCTURAS
100
AcDbLine
 10
388.1333414713542
 20
218.2666693793403
 30
0.0
 11
388.1333414713542
 21
222.3333231608073
 31
0.0
  0
LINE
  5
39E
330
17
100
AcDbEntity
  8
ESTRUCTURAS
100
AcDbLine
 10
388.46666124131946
 20
290.6333414713542
 30
0.0
 11
388.46666124131946
 21
292.63332790798614
 31
0.0
  0
LINE
  5
39F
330
17
100
AcDbEntity
  8
ESTRUCTURAS
100
AcDbLine
 10
298.5666910807292
 20
221.83332655164932
 30
0.0
 11
307.8000217013889
 21
221.83332655164932
 31
0.0
  0
LINE
  5
3A0
330
17
100
AcDbEntity
  8
ESTRUCTURAS
100
AcDbLine
 10
307.9666815863715
 20
221.66666666666669
 30
0.0
 11
308.00001356336804
 21
217.56666395399307
 31
0.0
  0
LINE
  5
3A1
330
17
100
AcDbEntity
  8
ESTRUCTURAS
100
AcDbLine
 10
305.96666124131946
 20
154.5999993218316
 30
0.0
 11
305.96666124131946
 21
155.2333238389757
 31
0.0
  0
LINE
  5
3A2
330
17
100
AcDbEntity
  8
ESTRUCTURAS
100
AcDbLine
 10
299.433356391059
 20
272.6999918619792
 30
0.0
 11
306.13335503472223
 21
272.66665988498266
 31
0.0
  0
LINE
  5
3A3
330
17
100
AcDbEntity
  8
ESTRUCTURAS
100
AcDbLine
 10
297.16668023003473
 20
220.06666395399307
 30
0.0
 11
297.16668023003473
 21
223.56665717230905
 31
0.0
  0
LINE
  5
3A4
330
17
100
AcDbEntity
  8
ESTRUCTURAS
100
AcDbLine
 10
296.96668836805554
 20
271.8333265516493
 30
0.0
 11
296.96668836805554
 21
273.83332994249133
 31
0.0
  0
LINE
  5
3A5
330
17
100
AcDbEntity
  8
ESTRUCTURAS
100
AcDbLine
 10
296.40001085069446
 20
220.83333333333334
 30
0.0
 11
296.40001085069446
 21
222.83333672417535
 31
0.0
  0
LINE
  5
3A6
330
17
100
AcDbEntity
  8
ESTRUCTURAS
100
AcDbLine
 10
296.4666748046875
 20
271.8333265516493
 30
0.0
 11
296.4666748046875
 21
273.83332994249133
 31
0.0
  0
LINE
  5
3A7
330
17
100
AcDbEntity
  8
ESTRUCTURAS
100
AcDbLine
 10
299.13333468967016
 20
271.33332994249133
 30
0.0
 11
299.13333468967016
 21
274.3333265516493
 31
0.0
  0
LINE
  5
3A8
330
17
100
AcDbEntity
  8
ESTRUCTURAS
100
AcDbLine
 10
297.23334418402777
 20
271.33332994249133
 30
0.0
 11
299.13333468967016
 21
271.33332994249133
 31
0.0
  0
LINE
  5
3A9
330
17
100
AcDbEntity
  8
ESTRUCTURAS
100
AcDbLine
 10
297.23334418402777
 20
274.3333265516493
 30
0.0
 11
299.13333468967016
 21
274.3333265516493
 31
0.0
  0
LINE
  5
3AA
330
17
100
AcDbEntity
  8
ESTRUCTURAS
100
AcDbLine
 10
297.73335774739587
 20
271.066657172309
 30
0.0
 11
297.73335774739587
 21
274.5666673448351
 31
0.0
  0
LINE
  5
3AB
330
17
100
AcDbEntity
  8
ESTRUCTURAS
100
AcDbLine
 10
298.86667887369794
 20
221.6999986436632
 30
0.0
 11
303.5666910807292
 21
221.6999986436632
 31
0.0
  0
LINE
  5
3AC
330
17
100
AcDbEntity
  8
ESTRUCTURAS
100
AcDbLine
 10
295.8999972873264
 20
220.83333333333334
 30
0.0
 11
295.8999972873264
 21
222.83333672417535
 31
0.0
  0
LINE
  5
3AD
330
17
100
AcDbEntity
  8
ESTRUCTURAS
100
AcDbLine
 10
298.5666910807292
 20
220.33333672417535
 30
0.0
 11
298.5666910807292
 21
223.33333333333334
 31
0.0
  0
LINE
  5
3AE
330
17
100
AcDbEntity
  8
ESTRUCTURAS
100
AcDbLine
 10
296.6666666666667
 20
220.33333672417535
 30
0.0
 11
298.5666910807292
 21
220.33333672417535
 31
0.0
  0
LINE
  5
3AF
330
17
100
AcDbEntity
  8
ESTRUCTURAS
100
AcDbLine
 10
296.6666666666667
 20
223.33333333333334
 30
0.0
 11
298.5666910807292
 21
223.33333333333334
 31
0.0
  0
LINE
  5
3B0
330
17
100
AcDbEntity
  8
ESTRUCTURAS
100
AcDbLine
 10
390.93332926432294
 20
291.73333062065973
 30
0.0
 11
396.63333468967016
 21
291.76666259765625
 31
0.0
  0
LINE
  5
3B1
330
17
100
AcDbEntity
  8
ESTRUCTURAS
100
AcDbLine
 10
390.93332926432294
 20
291.500006781684
 30
0.0
 11
396.63333468967016
 21
291.500006781684
 31
0.0
  0
LINE
  5
3B2
330
17
100
AcDbEntity
  8
ESTRUCTURAS
100
AcDbLine
 10
388.0000135633681
 20
290.6333414713542
 30
0.0
 11
388.0000135633681
 21
292.63332790798614
 31
0.0
  0
LINE
  5
3B3
330
17
100
AcDbEntity
  8
ESTRUCTURAS
100
AcDbLine
 10
390.6333414713542
 20
290.13332790798614
 30
0.0
 11
390.6333414713542
 21
293.1333414713542
 31
0.0
  0
LINE
  5
3B4
330
17
100
AcDbEntity
  8
ESTRUCTURAS
100
AcDbLine
 10
388.76668294270837
 20
290.13332790798614
 30
0.0
 11
390.6333414713542
 21
290.13332790798614
 31
0.0
  0
LINE
  5
3B5
330
17
100
AcDbEntity
  8
ESTRUCTURAS
100
AcDbLine
 10
388.76668294270837
 20
293.1333414713542
 30
0.0
 11
390.6333414713542
 21
293.1333414713542
 31
0.0
  0
LINE
  5
3B6
330
17
100
AcDbEntity
  8
ESTRUCTURAS
100
AcDbLine
 10
389.23333062065973
 20
289.8666720920139
 30
0.0
 11
389.23333062065973
 21
293.3666653103299
 31
0.0
  0
LINE
  5
3B7
330
17
100
AcDbEntity
  8
ESTRUCTURAS
100
AcDbLine
 10
393.26666937934027
 20
222.36665513780383
 30
0.0
 11
398.9666748046875
 21
222.29999118381076
 31
0.0
  0
LINE
  5
3B8
330
17
100
AcDbEntity
  8
ESTRUCTURAS
100
AcDbLine
 10
393.30000135633685
 20
222.5999959309896
 30
0.0
 11
399.000006781684
 21
222.53333197699655
 31
0.0
  0
LINE
  5
3B9
330
17
100
AcDbEntity
  8
ESTRUCTURAS
100
AcDbLine
 10
401.433342827691
 20
221.39999389648438
 30
0.0
 11
401.4666748046875
 21
223.39999728732639
 31
0.0
  0
LINE
  5
3BA
330
17
100
AcDbEntity
  8
ESTRUCTURAS
100
AcDbLine
 10
399.26666259765625
 20
220.89999728732639
 30
0.0
 11
399.29999457465277
 21
223.89999389648438
 31
0.0
  0
LINE
  5
3BB
330
17
100
AcDbEntity
  8
ESTRUCTURAS
100
AcDbLine
 10
399.29999457465277
 20
223.89999389648438
 30
0.0
 11
401.16668701171875
 21
223.89999389648438
 31
0.0
  0
LINE
  5
3BC
330
17
100
AcDbEntity
  8
ESTRUCTURAS
100
AcDbLine
 10
399.26666259765625
 20
220.89999728732639
 30
0.0
 11
401.16668701171875
 21
220.89999728732639
 31
0.0
  0
LINE
  5
3BD
330
17
100
AcDbEntity
  8
ESTRUCTURAS
100
AcDbLine
 10
400.6666734483507
 20
220.6333245171441
 30
0.0
 11
400.70000542534723
 21
224.13333468967014
 31
0.0
  0
LINE
  5
3BE
330
17
100
AcDbEntity
  8
ESTRUCTURAS
100
AcDbLine
 10
391.6666666666667
 20
70.76666514078777
 30
0.0
 11
392.5666639539931
 21
69.86666361490886
 31
0.0
  0
LINE
  5
3BF
330
17
100
AcDbEntity
  8
ESTRUCTURAS
100
AcDbLine
 10
390.96666124131946
 20
68.96666632758247
 30
0.0
 11
392.20001220703125
 21
68.999998304579
 31
0.0
  0
LINE
  5
3C0
330
17
100
AcDbEntity
  8
ESTRUCTURAS
100
AcDbLine
 10
392.23334418402777
 20
67.76666429307726
 30
0.0
 11
395.2333238389757
 21
70.76666514078777
 31
0.0
  0
LINE
  5
3C1
330
17
100
AcDbEntity
  8
ESTRUCTURAS
100
AcDbLine
 10
394.33332655164935
 20
68.09999677870009
 30
0.0
 11
394.70001220703125
 21
67.76666429307726
 31
0.0
  0
LINE
  5
3C2
330
17
100
AcDbEntity
  8
ESTRUCTURAS
100
AcDbLine
 10
394.70001220703125
 20
68.999998304579
 30
0.0
 11
395.96666124131946
 21
68.999998304579
 31
0.0
  0
LINE
  5
3C3
330
17
100
AcDbEntity
  8
ESTRUCTURAS
100
AcDbLine
 10
393.46666124131946
 20
70.23333231608073
 30
0.0
 11
393.46666124131946
 21
71.499998304579
 31
0.0
  0
LINE
  5
3C4
330
17
100
AcDbEntity
  8
ESTRUCTURAS
100
AcDbLine
 10
396.73333062065973
 20
120.13332790798611
 30
0.0
 11
400.2666897243924
 21
116.59999423556859
 31
0.0
  0
LINE
  5
3C5
330
17
100
AcDbEntity
  8
ESTRUCTURAS
100
AcDbLine
 10
395.999993218316
 20
118.36666531032986
 30
0.0
 11
400.999993218316
 21
118.36666531032986
 31
0.0
  0
LINE
  5
3C6
330
17
100
AcDbEntity
  8
ESTRUCTURAS
100
AcDbLine
 10
396.73333062065973
 20
116.59999423556859
 30
0.0
 11
397.63332790798614
 21
117.46666802300348
 31
0.0
  0
LINE
  5
3C7
330
17
100
AcDbEntity
  8
ESTRUCTURAS
100
AcDbLine
 10
398.499993218316
 20
115.86666531032986
 30
0.0
 11
398.499993218316
 21
120.86666531032986
 31
0.0
  0
LINE
  5
3C8
330
17
100
AcDbEntity
  8
ESTRUCTURAS
100
AcDbLine
 10
398.33333333333337
 20
156.39999389648438
 30
0.0
 11
398.33333333333337
 21
157.06666734483508
 31
0.0
  0
LINE
  5
3C9
330
17
100
AcDbEntity
  8
ESTRUCTURAS
100
AcDbLine
 10
399.3999905056424
 20
119.23333062065973
 30
0.0
 11
400.2666897243924
 21
120.13332790798611
 31
0.0
  0
LINE
  5
3CA
330
17
100
AcDbEntity
  8
ESTRUCTURAS
100
AcDbLine
 10
307.3666720920139
 20
371.0333251953125
 30
0.0
 11
307.3666720920139
 21
372.0333184136285
 31
0.0
  0
LINE
  5
3CB
330
17
100
AcDbEntity
  8
ESTRUCTURAS
100
AcDbLine
 10
307.3666720920139
 20
371.0333251953125
 30
0.0
 11
309.10000271267364
 21
372.0333184136285
 31
0.0
  0
LINE
  5
3CC
330
17
100
AcDbEntity
  8
ESTRUCTURAS
100
AcDbLine
 10
309.10000271267364
 20
371.0333251953125
 30
0.0
 11
309.10000271267364
 21
372.0333184136285
 31
0.0
  0
LINE
  5
3CD
330
17
100
AcDbEntity
  8
ESTRUCTURAS
100
AcDbLine
 10
307.3666720920139
 20
372.0333184136285
 30
0.0
 11
309.10000271267364
 21
371.0333251953125
 31
0.0
  0
LINE
  5
3CE
330
17
100
AcDbEntity
  8
ESTRUCTURAS
100
AcDbLine
 10
305.96666124131946
 20
157.66665988498264
 30
0.0
 11
305.96666124131946
 21
158.33333333333334
 31
0.0
  0
LINE
  5
3CF
330
17
100
AcDbEntity
  8
ESTRUCTURAS
100
AcDbLine
 10
304.13333468967016
 20
156.46665785047745
 30
0.0
 11
304.7666761610243
 21
156.46665785047745
 31
0.0
  0
LINE
  5
3D0
330
17
100
AcDbEntity
  8
ESTRUCTURAS
100
AcDbLine
 10
307.20001220703125
 20
156.46665785047745
 30
0.0
 11
307.83335367838544
 21
156.46665785047745
 31
0.0
  0
LINE
  5
3D1
330
17
100
AcDbEntity
  8
ESTRUCTURAS
100
AcDbLine
 10
311.96668836805554
 20
136.59999423556857
 30
0.0
 11
312.5999959309896
 21
136.59999423556857
 31
0.0
  0
LINE
  5
3D2
330
17
100
AcDbEntity
  8
ESTRUCTURAS
100
AcDbLine
 10
313.8000149197049
 20
134.76666768391928
 30
0.0
 11
313.8000149197049
 21
135.4000006781684
 31
0.0
  0
LINE
  5
3D3
330
17
100
AcDbEntity
  8
ESTRUCTURAS
100
AcDbLine
 10
315.0333319769965
 20
136.59999423556857
 30
0.0
 11
315.6666734483507
 21
136.59999423556857
 31
0.0
  0
LINE
  5
3D4
330
17
100
AcDbEntity
  8
ESTRUCTURAS
100
AcDbLine
 10
313.8000149197049
 20
137.8333282470703
 30
0.0
 11
313.8000149197049
 21
138.46666124131946
 31
0.0
  0
LINE
  5
3D5
330
17
100
AcDbEntity
  8
ESTRUCTURAS
100
AcDbLine
 10
312.20001220703125
 20
138.1999969482422
 30
0.0
 11
312.9666815863715
 21
137.46665954589844
 31
0.0
  0
LINE
  5
3D6
330
17
100
AcDbEntity
  8
ESTRUCTURAS
100
AcDbLine
 10
314.66668023003473
 20
137.46665954589844
 30
0.0
 11
315.4000176323785
 21
138.1999969482422
 31
0.0
  0
LINE
  5
3D7
330
17
100
AcDbEntity
  8
ESTRUCTURAS
100
AcDbLine
 10
398.33333333333337
 20
153.33333333333334
 30
0.0
 11
398.33333333333337
 21
153.96665785047745
 31
0.0
  0
LINE
  5
3D8
330
17
100
AcDbEntity
  8
ESTRUCTURAS
100
AcDbLine
 10
399.53335232204864
 20
155.19999186197919
 30
0.0
 11
400.16665988498266
 21
155.19999186197919
 31
0.0
  0
LINE
  5
3D9
330
17
100
AcDbEntity
  8
ESTRUCTURAS
100
AcDbLine
 10
396.4666748046875
 20
155.19999186197919
 30
0.0
 11
397.1000162760417
 21
155.19999186197919
 31
0.0
  0
LINE
  5
3DA
330
17
100
AcDbEntity
  8
ESTRUCTURAS
100
AcDbLine
 10
396.73333062065973
 20
153.59998914930557
 30
0.0
 11
397.4666680230035
 21
154.33332655164932
 31
0.0
  0
LINE
  5
3DB
330
17
100
AcDbEntity
  8
ESTRUCTURAS
100
AcDbLine
 10
396.73333062065973
 20
156.79999457465277
 30
0.0
 11
397.4666680230035
 21
156.06665717230902
 31
0.0
  0
LINE
  5
3DC
330
17
100
AcDbEntity
  8
ESTRUCTURAS
100
AcDbLine
 10
386.0666910807292
 20
139.86666361490887
 30
0.0
 11
386.73333062065973
 21
139.86666361490887
 31
0.0
  0
LINE
  5
3DD
330
17
100
AcDbEntity
  8
ESTRUCTURAS
100
AcDbLine
 10
385.3000217013889
 20
98.43332926432292
 30
0.0
 11
385.33335367838544
 21
106.46666632758247
 31
0.0
  0
LINE
  5
3DE
330
17
100
AcDbEntity
  8
ESTRUCTURAS
100
AcDbLine
 10
384.8666720920139
 20
141.09999762641058
 30
0.0
 11
384.8666720920139
 21
141.73333062065973
 31
0.0
  0
LINE
  5
3DF
330
17
100
AcDbEntity
  8
ESTRUCTURAS
100
AcDbLine
 10
383.0000135633681
 20
139.86666361490887
 30
0.0
 11
383.63335503472223
 21
139.86666361490887
 31
0.0
  0
LINE
  5
3E0
330
17
100
AcDbEntity
  8
ESTRUCTURAS
100
AcDbLine
 10
384.8666720920139
 20
137.999996609158
 30
0.0
 11
384.8666720920139
 21
138.66666158040366
 31
0.0
  0
LINE
  5
3E1
330
17
100
AcDbEntity
  8
ESTRUCTURAS
100
AcDbLine
 10
385.73333740234375
 20
138.999998304579
 30
0.0
 11
386.4666748046875
 21
138.26666090223526
 31
0.0
  0
LINE
  5
3E2
330
17
100
AcDbEntity
  8
ESTRUCTURAS
100
AcDbLine
 10
383.26666937934027
 20
138.26666090223526
 30
0.0
 11
384.000006781684
 21
138.999998304579
 31
0.0
  0
LINE
  5
3E3
330
17
100
AcDbEntity
  8
ESTRUCTURAS
100
AcDbLine
 10
404.5000203450521
 20
231.99998643663196
 30
0.0
 11
404.5000203450521
 21
232.63332790798611
 31
0.0
  0
LINE
  5
3E4
330
17
100
AcDbEntity
  8
ESTRUCTURAS
100
AcDbLine
 10
402.63332790798614
 20
230.80000135633682
 30
0.0
 11
403.26666937934027
 21
230.80000135633682
 31
0.0
  0
LINE
  5
3E5
330
17
100
AcDbEntity
  8
ESTRUCTURAS
100
AcDbLine
 10
404.5000203450521
 20
228.93332587348092
 30
0.0
 11
404.5000203450521
 21
229.56666734483508
 31
0.0
  0
LINE
  5
3E6
330
17
100
AcDbEntity
  8
ESTRUCTURAS
100
AcDbLine
 10
405.70000542534723
 20
230.80000135633682
 30
0.0
 11
406.36667887369794
 21
230.80000135633682
 31
0.0
  0
LINE
  5
3E7
330
17
100
AcDbEntity
  8
ESTRUCTURAS
100
AcDbLine
 10
405.36668565538196
 20
231.63333468967014
 30
0.0
 11
406.1000230577257
 21
232.39998711480035
 31
0.0
  0
LINE
  5
3E8
330
17
100
AcDbEntity
  8
ESTRUCTURAS
100
AcDbLine
 10
405.36668565538196
 20
229.93333604600696
 30
0.0
 11
406.1000230577257
 21
229.1999986436632
 31
0.0
  0
LINE
  5
3E9
330
17
100
AcDbEntity
  8
ESTRUCTURAS
100
AcDbLine
 10
389.76667616102435
 20
220.0999959309896
 30
0.0
 11
389.76667616102435
 21
220.7333204481337
 31
0.0
  0
LINE
  5
3EA
330
17
100
AcDbEntity
  8
ESTRUCTURAS
100
AcDbLine
 10
390.96666124131946
 20
221.96665445963544
 30
0.0
 11
391.60000271267364
 21
221.96665445963544
 31
0.0
  0
LINE
  5
3EB
330
17
100
AcDbEntity
  8
ESTRUCTURAS
100
AcDbLine
 10
389.76667616102435
 20
223.16665649414062
 30
0.0
 11
389.76667616102435
 21
223.7999979654948
 31
0.0
  0
LINE
  5
3EC
330
17
100
AcDbEntity
  8
ESTRUCTURAS
100
AcDbLine
 10
388.1666734483507
 20
220.36666870117188
 30
0.0
 11
388.90001085069446
 21
221.09998914930557
 31
0.0
  0
LINE
  5
3ED
330
17
100
AcDbEntity
  8
ESTRUCTURAS
100
AcDbLine
 10
388.1666734483507
 20
223.56665717230905
 30
0.0
 11
388.90001085069446
 21
222.83333672417535
 31
0.0
  0
LINE
  5
3EE
330
17
100
AcDbEntity
  8
ESTRUCTURAS
100
AcDbLine
 10
409.0333387586806
 20
284.09998575846356
 30
0.0
 11
409.0333387586806
 21
284.73331027560766
 31
0.0
  0
LINE
  5
3EF
330
17
100
AcDbEntity
  8
ESTRUCTURAS
100
AcDbLine
 10
407.16668023003473
 20
282.9000006781684
 30
0.0
 11
407.8000217013889
 21
282.9000006781684
 31
0.0
  0
LINE
  5
3F0
330
17
100
AcDbEntity
  8
ESTRUCTURAS
100
AcDbLine
 10
409.0333387586806
 20
281.0333251953125
 30
0.0
 11
409.0333387586806
 21
281.6666666666667
 31
0.0
  0
LINE
  5
3F1
330
17
100
AcDbEntity
  8
ESTRUCTURAS
100
AcDbLine
 10
410.2333238389757
 20
282.9000006781684
 30
0.0
 11
410.8666653103299
 21
282.9000006781684
 31
0.0
  0
LINE
  5
3F2
330
17
100
AcDbEntity
  8
ESTRUCTURAS
100
AcDbLine
 10
409.90000406901044
 20
283.73333401150177
 30
0.0
 11
410.6333414713542
 21
284.49998643663196
 31
0.0
  0
LINE
  5
3F3
330
17
100
AcDbEntity
  8
ESTRUCTURAS
100
AcDbLine
 10
409.90000406901044
 20
282.03333536783856
 30
0.0
 11
410.6333414713542
 21
281.2999979654948
 31
0.0
  0
LINE
  5
3F4
330
17
100
AcDbEntity
  8
ESTRUCTURAS
100
AcDbLine
 10
399.33332655164935
 20
338.03331163194446
 30
0.0
 11
399.33332655164935
 21
338.66665310329864
 31
0.0
  0
LINE
  5
3F5
330
17
100
AcDbEntity
  8
ESTRUCTURAS
100
AcDbLine
 10
397.4666680230035
 20
336.8333265516493
 30
0.0
 11
398.10000949435766
 21
336.8333265516493
 31
0.0
  0
LINE
  5
3F6
330
17
100
AcDbEntity
  8
ESTRUCTURAS
100
AcDbLine
 10
399.33332655164935
 20
334.9666680230035
 30
0.0
 11
399.33332655164935
 21
335.5999755859375
 31
0.0
  0
LINE
  5
3F7
330
17
100
AcDbEntity
  8
ESTRUCTURAS
100
AcDbLine
 10
400.5333455403646
 20
336.8333265516493
 30
0.0
 11
401.20001898871527
 21
336.8333265516493
 31
0.0
  0
LINE
  5
3F8
330
17
100
AcDbEntity
  8
ESTRUCTURAS
100
AcDbLine
 10
381.6999986436632
 20
358.23333740234375
 30
0.0
 11
381.6999986436632
 21
358.86664496527777
 31
0.0
  0
LINE
  5
3F9
330
17
100
AcDbEntity
  8
ESTRUCTURAS
100
AcDbLine
 10
379.8333401150174
 20
357.0333184136285
 30
0.0
 11
380.4666815863715
 21
357.0333184136285
 31
0.0
  0
LINE
  5
3FA
330
17
100
AcDbEntity
  8
ESTRUCTURAS
100
AcDbLine
 10
381.6999986436632
 20
355.16665988498266
 30
0.0
 11
381.6999986436632
 21
355.80000135633685
 31
0.0
  0
LINE
  5
3FB
330
17
100
AcDbEntity
  8
ESTRUCTURAS
100
AcDbLine
 10
382.9000176323785
 20
357.0333184136285
 30
0.0
 11
383.5666910807292
 21
357.0333184136285
 31
0.0
  0
LINE
  5
3FC
330
17
100
AcDbEntity
  8
ESTRUCTURAS
100
AcDbLine
 10
382.5666639539931
 20
357.89998372395837
 30
0.0
 11
383.30000135633685
 21
358.6333211263021
 31
0.0
  0
LINE
  5
3FD
330
17
100
AcDbEntity
  8
ESTRUCTURAS
100
AcDbLine
 10
382.5666639539931
 20
356.16665310329864
 30
0.0
 11
383.30000135633685
 21
355.4333157009549
 31
0.0
  0
LINE
  5
3FE
330
17
100
AcDbEntity
  8
ESTRUCTURAS
100
AcDbLine
 10
311.03335910373266
 20
359.8666720920139
 30
0.0
 11
311.6666666666667
 21
359.8666720920139
 31
0.0
  0
LINE
  5
3FF
330
17
100
AcDbEntity
  8
ESTRUCTURAS
100
AcDbLine
 10
312.9000176323785
 20
357.99997965494794
 30
0.0
 11
312.9000176323785
 21
358.6333211263021
 31
0.0
  0
LINE
  5
400
330
17
100
AcDbEntity
  8
ESTRUCTURAS
100
AcDbLine
 10
314.10000271267364
 20
359.8666720920139
 30
0.0
 11
314.73334418402777
 21
359.8666720920139
 31
0.0
  0
LINE
  5
401
330
17
100
AcDbEntity
  8
ESTRUCTURAS
100
AcDbLine
 10
312.9000176323785
 20
361.066657172309
 30
0.0
 11
312.9000176323785
 21
361.6999986436632
 31
0.0
  0
LINE
  5
402
330
17
100
AcDbEntity
  8
ESTRUCTURAS
100
AcDbLine
 10
311.3000149197049
 20
361.4666748046875
 30
0.0
 11
312.03335232204864
 21
360.70000542534723
 31
0.0
  0
LINE
  5
403
330
17
100
AcDbEntity
  8
ESTRUCTURAS
100
AcDbLine
 10
313.7333509657118
 20
360.70000542534723
 30
0.0
 11
314.5000203450521
 21
361.4666748046875
 31
0.0
  0
LINE
  5
404
330
17
100
AcDbEntity
  8
ESTRUCTURAS
100
AcDbLine
 10
291.76666259765625
 20
334.29999457465277
 30
0.0
 11
291.76666259765625
 21
334.93333604600696
 31
0.0
  0
LINE
  5
405
330
17
100
AcDbEntity
  8
ESTRUCTURAS
100
AcDbLine
 10
289.90000406901044
 20
333.066643608941
 30
0.0
 11
290.5333455403646
 21
333.066643608941
 31
0.0
  0
LINE
  5
406
330
17
100
AcDbEntity
  8
ESTRUCTURAS
100
AcDbLine
 10
291.76666259765625
 20
331.19998508029516
 30
0.0
 11
291.76666259765625
 21
331.86665852864587
 31
0.0
  0
LINE
  5
407
330
17
100
AcDbEntity
  8
ESTRUCTURAS
100
AcDbLine
 10
292.9666815863715
 20
333.066643608941
 30
0.0
 11
293.6000230577257
 21
333.066643608941
 31
0.0
  0
LINE
  5
408
330
17
100
AcDbEntity
  8
ESTRUCTURAS
100
AcDbLine
 10
292.63332790798614
 20
333.93330891927087
 30
0.0
 11
293.3666653103299
 21
334.6666463216146
 31
0.0
  0
LINE
  5
409
330
17
100
AcDbEntity
  8
ESTRUCTURAS
100
AcDbLine
 10
292.63332790798614
 20
332.19997829861114
 30
0.0
 11
293.3666653103299
 21
331.4666748046875
 31
0.0
  0
LINE
  5
40A
330
17
100
AcDbEntity
  8
ESTRUCTURAS
100
AcDbLine
 10
280.2000257703993
 20
264.06665378146704
 30
0.0
 11
280.2000257703993
 21
264.69999525282117
 31
0.0
  0
LINE
  5
40B
330
17
100
AcDbEntity
  8
ESTRUCTURAS
100
AcDbLine
 10
278.3666653103299
 20
262.8666687011719
 30
0.0
 11
279.000006781684
 21
262.8666687011719
 31
0.0
  0
LINE
  5
40C
330
17
100
AcDbEntity
  8
ESTRUCTURAS
100
AcDbLine
 10
280.2000257703993
 20
260.999993218316
 30
0.0
 11
280.2000257703993
 21
261.63333468967016
 31
0.0
  0
LINE
  5
40D
330
17
100
AcDbEntity
  8
ESTRUCTURAS
100
AcDbLine
 10
281.433342827691
 20
262.8666687011719
 30
0.0
 11
282.06668429904516
 21
262.8666687011719
 31
0.0
  0
LINE
  5
40E
330
17
100
AcDbEntity
  8
ESTRUCTURAS
100
AcDbLine
 10
281.0666910807292
 20
263.70000203450525
 30
0.0
 11
281.79999457465277
 21
264.46665445963544
 31
0.0
  0
LINE
  5
40F
330
17
100
AcDbEntity
  8
ESTRUCTURAS
100
AcDbLine
 10
281.0666910807292
 20
261.99998643663196
 30
0.0
 11
281.79999457465277
 21
261.2666659884983
 31
0.0
  0
LINE
  5
410
330
17
100
AcDbEntity
  8
ESTRUCTURAS
100
AcDbLine
 10
274.26666259765625
 20
221.23333401150174
 30
0.0
 11
274.26666259765625
 21
221.86665852864584
 31
0.0
  0
LINE
  5
411
330
17
100
AcDbEntity
  8
ESTRUCTURAS
100
AcDbLine
 10
272.40000406901044
 20
220.0
 30
0.0
 11
273.06667751736114
 21
220.0
 31
0.0
  0
LINE
  5
412
330
17
100
AcDbEntity
  8
ESTRUCTURAS
100
AcDbLine
 10
274.26666259765625
 20
218.16665649414062
 30
0.0
 11
274.26666259765625
 21
218.7999979654948
 31
0.0
  0
LINE
  5
413
330
17
100
AcDbEntity
  8
ESTRUCTURAS
100
AcDbLine
 10
275.50001356336804
 20
220.0
 30
0.0
 11
276.13335503472223
 21
220.0
 31
0.0
  0
LINE
  5
414
330
17
100
AcDbEntity
  8
ESTRUCTURAS
100
AcDbLine
 10
275.13332790798614
 20
220.86666531032986
 30
0.0
 11
275.8666653103299
 21
221.60000271267361
 31
0.0
  0
LINE
  5
415
330
17
100
AcDbEntity
  8
ESTRUCTURAS
100
AcDbLine
 10
275.13332790798614
 20
219.16666666666669
 30
0.0
 11
275.8666653103299
 21
218.43332926432294
 31
0.0
  0
LINE
  5
416
330
17
100
AcDbEntity
  8
ESTRUCTURAS
100
AcDbLine
 10
385.3000217013889
 20
117.83332824707031
 30
0.0
 11
385.36668565538196
 21
109.63333129882812
 31
0.0
  0
LINE
  5
417
330
17
100
AcDbEntity
  8
ESTRUCTURAS
100
AcDbLine
 10
383.0000135633681
 20
281.79999457465277
 30
0.0
 11
349.29999457465277
 21
281.86665852864587
 31
0.0
  0
LINE
  5
418
330
17
100
AcDbEntity
  8
ESTRUCTURAS
100
AcDbLine
 10
349.29999457465277
 20
281.63333468967016
 30
0.0
 11
383.0000135633681
 21
281.5333218044705
 31
0.0
  0
LWPOLYLINE
  5
419
330
17
100
AcDbEntity
  8
ESTRUCTURAS
100
AcDbPolyline
 90
7
 70
0
 10
385.13332790798614
 20
280.6666564941406
 10
385.13332790798614
 20
280.53332858615454
 10
385.13332790798614
 20
280.3666687011719
 10
385.13332790798614
 20
280.26665581597223
 10
385.13332790798614
 20
280.0999959309896
 10
385.13332790798614
 20
279.9333190917969
 10
385.13332790798614
 20
279.7999911838108
  0
LWPOLYLINE
  5
41A
330
17
100
AcDbEntity
  8
ESTRUCTURAS
100
AcDbPolyline
 90
7
 70
0
 10
385.93332926432294
 20
280.6666564941406
 10
385.93332926432294
 20
280.53332858615454
 10
385.93332926432294
 20
280.3666687011719
 10
385.93332926432294
 20
280.26665581597223
 10
385.93332926432294
 20
280.0999959309896
 10
385.93332926432294
 20
279.9333190917969
 10
385.93332926432294
 20
279.7999911838108
  0
LWPOLYLINE
  5
41B
330
17
100
AcDbEntity
  8
ESTRUCTURAS
100
AcDbPolyline
 90
8
 70
0
 10
385.9351942274306
 20
281.1196051703559
 10
385.82875134216414
 20
281.2284316412277
 10
385.7249515089724
 20
281.2894888015257
 10
385.60946121811867
 20
281.32493623014955
 10
385.48701585994826
 20
281.33248196293914
 10
385.36725946598585
 20
281.31126378559406
 10
385.25682523846626
 20
281.2632390153077
 10
385.1387589507633
 20
281.16899573140677
  0
LWPOLYLINE
  5
41C
330
17
100
AcDbEntity
  8
ESTRUCTURAS
100
AcDbPolyline
 90
3
 70
0
 10
384.36665852864587
 20
280.8666653103299
 10
385.5333455403646
 20
280.8666653103299
 10
384.36665852864587
 20
280.93332926432294
  0
LINE
  5
41D
330
17
100
AcDbEntity
  8
ESTRUCTURAS
100
AcDbLine
 10
385.93332926432294
 20
280.6666564941406
 30
0.0
 11
385.93332926432294
 21
279.6333312988281
 31
0.0
  0
LWPOLYLINE
  5
41E
330
17
100
AcDbEntity
  8
ESTRUCTURAS
100
AcDbPolyline
 90
5
 70
0
 10
385.5824449327257
 20
279.29999457465277
 10
385.6842860248354
 20
279.31487874852286
 10
385.7908641878102
 20
279.36816835155093
 10
385.8832310554054
 20
279.4695684893264
 10
385.92636797163226
 20
279.5805724461874
  0
LWPOLYLINE
  5
41F
330
17
100
AcDbEntity
  8
ESTRUCTURAS
100
AcDbPolyline
 90
5
 70
0
 10
385.0999959309896
 20
279.65076022677954
 10
385.1155037929615
 20
279.5466730453902
 10
385.17941040297353
 20
279.42799819426403
 10
385.28243275980157
 20
279.34264432638884
 10
385.41334611674154
 20
279.3018918194705
  0
LINE
  5
420
330
17
100
AcDbEntity
  8
ESTRUCTURAS
100
AcDbLine
 10
385.13332790798614
 20
279.6333312988281
 30
0.0
 11
385.13332790798614
 21
280.6666564941406
 31
0.0
  0
LINE
  5
421
330
17
100
AcDbEntity
  8
ESTRUCTURAS
100
AcDbLine
 10
386.3333468967014
 20
280.6666564941406
 30
0.0
 11
384.70001220703125
 21
280.6666564941406
 31
0.0
  0
LINE
  5
422
330
17
100
AcDbEntity
  8
ESTRUCTURAS
100
AcDbLine
 10
386.3333468967014
 20
280.69998847113715
 30
0.0
 11
384.70001220703125
 21
280.69998847113715
 31
0.0
  0
LINE
  5
423
330
17
100
AcDbEntity
  8
ESTRUCTURAS
100
AcDbLine
 10
384.76667616102435
 20
281.20000203450525
 30
0.0
 11
383.86667887369794
 21
281.20000203450525
 31
0.0
  0
LINE
  5
424
330
17
100
AcDbEntity
  8
ESTRUCTURAS
100
AcDbLine
 10
384.76667616102435
 20
282.0999993218316
 30
0.0
 11
384.76667616102435
 21
281.20000203450525
 31
0.0
  0
LINE
  5
425
330
17
100
AcDbEntity
  8
ESTRUCTURAS
100
AcDbLine
 10
383.86667887369794
 20
282.0999993218316
 30
0.0
 11
383.86667887369794
 21
281.20000203450525
 31
0.0
  0
LWPOLYLINE
  5
426
330
17
100
AcDbEntity
  8
ESTRUCTURAS
100
AcDbPolyline
 90
7
 70
0
 10
383.499993218316
 20
280.6666564941406
 10
383.499993218316
 20
280.53332858615454
 10
383.499993218316
 20
280.3666687011719
 10
383.499993218316
 20
280.26665581597223
 10
383.499993218316
 20
280.0999959309896
 10
383.499993218316
 20
279.9333190917969
 10
383.499993218316
 20
279.7999911838108
  0
LWPOLYLINE
  5
427
330
17
100
AcDbEntity
  8
ESTRUCTURAS
100
AcDbPolyline
 90
7
 70
0
 10
382.66665988498266
 20
280.6666564941406
 10
382.66665988498266
 20
280.53332858615454
 10
382.66665988498266
 20
280.3666687011719
 10
382.66665988498266
 20
280.26665581597223
 10
382.66665988498266
 20
280.0999959309896
 10
382.66665988498266
 20
279.9333190917969
 10
382.66665988498266
 20
279.7999911838108
  0
LWPOLYLINE
  5
428
330
17
100
AcDbEntity
  8
ESTRUCTURAS
100
AcDbPolyline
 90
8
 70
0
 10
383.46849229600696
 20
281.11965603298614
 10
383.3620483759377
 20
281.2284590966172
 10
383.2582435425785
 20
281.2895055777497
 10
383.142741099
 20
281.3249443140295
 10
383.0202856163184
 20
281.33247897442845
 10
382.9005396862825
 20
281.311251823273
 10
382.7901063859463
 20
281.263220463362
 10
382.672047217687
 20
281.1689674523142
  0
LWPOLYLINE
  5
429
330
17
100
AcDbEntity
  8
ESTRUCTURAS
100
AcDbPolyline
 90
3
 70
0
 10
384.23333062065973
 20
280.8666653103299
 10
383.06667751736114
 20
280.8666653103299
 10
384.23333062065973
 20
280.93332926432294
  0
LINE
  5
42A
330
17
100
AcDbEntity
  8
ESTRUCTURAS
100
AcDbLine
 10
382.66665988498266
 20
280.6666564941406
 30
0.0
 11
382.66665988498266
 21
279.66666327582465
 31
0.0
  0
LWPOLYLINE
  5
42B
330
17
100
AcDbEntity
  8
ESTRUCTURAS
100
AcDbPolyline
 90
5
 70
0
 10
382.66665988498266
 20
279.68409220377606
 10
382.6815693908268
 20
279.58226571480435
 10
382.7348994712035
 20
279.47570797883805
 10
382.8363254004055
 20
279.38336584303113
 10
382.9473368326823
 20
279.340262942844
  0
LWPOLYLINE
  5
42C
330
17
100
AcDbEntity
  8
ESTRUCTURAS
100
AcDbPolyline
 90
5
 70
0
 10
383.11591254340277
 20
279.3333265516493
 10
383.2200122045146
 20
279.3488376546237
 10
383.33868723776607
 20
279.4127562352353
 10
383.4240297642019
 20
279.5157949336701
 10
383.46476735340224
 20
279.6467242348525
  0
LINE
  5
42D
330
17
100
AcDbEntity
  8
ESTRUCTURAS
100
AcDbLine
 10
383.499993218316
 20
279.66666327582465
 30
0.0
 11
383.499993218316
 21
280.6666564941406
 31
0.0
  0
LINE
  5
42E
330
17
100
AcDbEntity
  8
ESTRUCTURAS
100
AcDbLine
 10
382.26667616102435
 20
280.6666564941406
 30
0.0
 11
383.90001085069446
 21
280.6666564941406
 31
0.0
  0
LINE
  5
42F
330
17
100
AcDbEntity
  8
ESTRUCTURAS
100
AcDbLine
 10
382.26667616102435
 20
280.69998847113715
 30
0.0
 11
383.90001085069446
 21
280.69998847113715
 31
0.0
  0
LWPOLYLINE
  5
430
330
17
100
AcDbEntity
  8
ESTRUCTURAS
100
AcDbPolyline
 90
7
 70
0
 10
385.13332790798614
 20
282.66665988498266
 10
385.13332790798614
 20
282.79998779296875
 10
385.13332790798614
 20
282.9666646321615
 10
385.13332790798614
 20
283.1333245171441
 10
385.13332790798614
 20
283.3000013563368
 10
385.13332790798614
 20
283.43332926432294
 10
385.13332790798614
 20
283.566657172309
  0
LWPOLYLINE
  5
431
330
17
100
AcDbEntity
  8
ESTRUCTURAS
100
AcDbPolyline
 90
7
 70
0
 10
385.93332926432294
 20
282.66665988498266
 10
385.93332926432294
 20
282.79998779296875
 10
385.93332926432294
 20
282.9666646321615
 10
385.93332926432294
 20
283.1333245171441
 10
385.93332926432294
 20
283.3000013563368
 10
385.93332926432294
 20
283.43332926432294
 10
385.93332926432294
 20
283.566657172309
  0
LWPOLYLINE
  5
432
330
17
100
AcDbEntity
  8
ESTRUCTURAS
100
AcDbPolyline
 90
8
 70
0
 10
385.0981648763021
 20
282.24700927734375
 10
385.20460879637136
 20
282.1382062137127
 10
385.3084136297306
 20
282.0771597325802
 10
385.42391607330904
 20
282.0417209963004
 10
385.5463715559907
 20
282.03418633590144
 10
385.66611748602656
 20
282.0554134870569
 10
385.77655078636275
 20
282.1034448469679
 10
385.89460995462207
 20
282.1976978580157
  0
LWPOLYLINE
  5
433
330
17
100
AcDbEntity
  8
ESTRUCTURAS
100
AcDbPolyline
 90
4
 70
0
 10
386.0333251953125
 20
282.5999959309896
 10
386.0333251953125
 20
282.23332722981775
 10
385.0333319769965
 20
282.23332722981775
 10
385.0333319769965
 20
282.36665513780383
  0
LWPOLYLINE
  5
434
330
17
100
AcDbEntity
  8
ESTRUCTURAS
100
AcDbPolyline
 90
4
 70
0
 10
384.36665852864587
 20
282.4666680230035
 10
385.5333455403646
 20
282.4666680230035
 10
385.5333455403646
 20
282.36665513780383
 10
384.36665852864587
 20
282.36665513780383
  0
LINE
  5
435
330
17
100
AcDbEntity
  8
ESTRUCTURAS
100
AcDbLine
 10
385.93332926432294
 20
282.66665988498266
 30
0.0
 11
385.93332926432294
 21
283.66665310329864
 31
0.0
  0
LWPOLYLINE
  5
436
330
17
100
AcDbEntity
  8
ESTRUCTURAS
100
AcDbPolyline
 90
5
 70
0
 10
385.93332926432294
 20
283.68255615234375
 10
385.9184197584788
 20
283.78438264131546
 10
385.8650896781021
 20
283.89094037728177
 10
385.7636637489001
 20
283.9832825130887
 10
385.6526523166233
 20
284.0263854132758
  0
LWPOLYLINE
  5
437
330
17
100
AcDbEntity
  8
ESTRUCTURAS
100
AcDbPolyline
 90
5
 70
0
 10
385.45074462890625
 20
284.0333218044705
 10
385.3466449677944
 20
284.0178107014961
 10
385.227969934543
 20
283.9538921208845
 10
385.14262740810716
 20
283.8508534224497
 10
385.1018898189068
 20
283.7199241212673
  0
LINE
  5
438
330
17
100
AcDbEntity
  8
ESTRUCTURAS
100
AcDbLine
 10
385.13332790798614
 20
283.66665310329864
 30
0.0
 11
385.13332790798614
 21
282.66665988498266
 31
0.0
  0
LINE
  5
439
330
17
100
AcDbEntity
  8
ESTRUCTURAS
100
AcDbLine
 10
386.3333468967014
 20
282.66665988498266
 30
0.0
 11
384.73334418402777
 21
282.66665988498266
 31
0.0
  0
LINE
  5
43A
330
17
100
AcDbEntity
  8
ESTRUCTURAS
100
AcDbLine
 10
386.3333468967014
 20
282.5999959309896
 30
0.0
 11
384.73334418402777
 21
282.63332790798614
 31
0.0
  0
LINE
  5
43B
330
17
100
AcDbEntity
  8
ESTRUCTURAS
100
AcDbLine
 10
384.76667616102435
 20
282.0999993218316
 30
0.0
 11
383.86667887369794
 21
282.0999993218316
 31
0.0
  0
LWPOLYLINE
  5
43C
330
17
100
AcDbEntity
  8
ESTRUCTURAS
100
AcDbPolyline
 90
7
 70
0
 10
383.499993218316
 20
282.66665988498266
 10
383.499993218316
 20
282.79998779296875
 10
383.499993218316
 20
282.9666646321615
 10
383.499993218316
 20
283.1333245171441
 10
383.499993218316
 20
283.3000013563368
 10
383.499993218316
 20
283.43332926432294
 10
383.499993218316
 20
283.566657172309
  0
LWPOLYLINE
  5
43D
330
17
100
AcDbEntity
  8
ESTRUCTURAS
100
AcDbPolyline
 90
7
 70
0
 10
382.66665988498266
 20
282.66665988498266
 10
382.66665988498266
 20
282.79998779296875
 10
382.66665988498266
 20
282.9666646321615
 10
382.66665988498266
 20
283.1333245171441
 10
382.66665988498266
 20
283.3000013563368
 10
382.66665988498266
 20
283.43332926432294
 10
382.66665988498266
 20
283.566657172309
  0
LWPOLYLINE
  5
43E
330
17
100
AcDbEntity
  8
ESTRUCTURAS
100
AcDbPolyline
 90
8
 70
0
 10
382.664794921875
 20
282.247060139974
 10
382.7712378071414
 20
282.1382336691022
 10
382.8750376403332
 20
282.0771765088042
 10
382.99052793118693
 20
282.04172908018035
 10
383.1129732893573
 20
282.03418334739075
 10
383.23272968331975
 20
282.0554015247358
 10
383.34316391083934
 20
282.1034262950222
 10
383.4612301985423
 20
282.1976695789231
  0
LWPOLYLINE
  5
43F
330
17
100
AcDbEntity
  8
ESTRUCTURAS
100
AcDbPolyline
 90
4
 70
0
 10
384.23333062065973
 20
282.4666680230035
 10
383.10000949435766
 20
282.4666680230035
 10
383.10000949435766
 20
282.36665513780383
 10
384.23333062065973
 20
282.36665513780383
  0
LINE
  5
440
330
17
100
AcDbEntity
  8
ESTRUCTURAS
100
AcDbLine
 10
382.66665988498266
 20
282.66665988498266
 30
0.0
 11
382.66665988498266
 21
283.66665310329864
 31
0.0
  0
LWPOLYLINE
  5
441
330
17
100
AcDbEntity
  8
ESTRUCTURAS
100
AcDbPolyline
 90
5
 70
0
 10
383.0175442165799
 20
284.0333218044705
 10
382.9157031244702
 20
284.01843763060043
 10
382.8091249614954
 20
283.96514802757235
 10
382.7167580939002
 20
283.8637478897969
 10
382.67362117767334
 20
283.7527439329359
  0
LWPOLYLINE
  5
442
330
17
100
AcDbEntity
  8
ESTRUCTURAS
100
AcDbPolyline
 90
5
 70
0
 10
383.46666124131946
 20
283.68255615234375
 10
383.4511533793476
 20
283.7866433337331
 10
383.38724676933555
 20
283.90531818485925
 10
383.2842244125075
 20
283.99067205273445
 10
383.15331105556754
 20
284.0314245596528
  0
LINE
  5
443
330
17
100
AcDbEntity
  8
ESTRUCTURAS
100
AcDbLine
 10
383.499993218316
 20
283.66665310329864
 30
0.0
 11
383.499993218316
 21
282.66665988498266
 31
0.0
  0
LINE
  5
444
330
17
100
AcDbEntity
  8
ESTRUCTURAS
100
AcDbLine
 10
382.26667616102435
 20
282.66665988498266
 30
0.0
 11
383.90001085069446
 21
282.66665988498266
 31
0.0
  0
LINE
  5
445
330
17
100
AcDbEntity
  8
ESTRUCTURAS
100
AcDbLine
 10
382.26667616102435
 20
282.63332790798614
 30
0.0
 11
383.90001085069446
 21
282.63332790798614
 31
0.0
  0
LINE
  5
446
330
17
100
AcDbEntity
  8
ESTRUCTURAS
100
AcDbLine
 10
383.5666910807292
 20
282.66665988498266
 30
0.0
 11
385.0666639539931
 21
282.66665988498266
 31
0.0
  0
LINE
  5
447
330
17
100
AcDbEntity
  8
ESTRUCTURAS
100
AcDbLine
 10
385.3000217013889
 20
282.39998711480035
 30
0.0
 11
385.3000217013889
 21
280.8999972873264
 31
0.0
  0
LINE
  5
448
330
17
100
AcDbEntity
  8
ESTRUCTURAS
100
AcDbLine
 10
385.0666639539931
 20
280.6666564941406
 30
0.0
 11
383.5666910807292
 21
280.6666564941406
 31
0.0
  0
LINE
  5
449
330
17
100
AcDbEntity
  8
ESTRUCTURAS
100
AcDbLine
 10
383.30000135633685
 20
280.8999972873264
 30
0.0
 11
383.30000135633685
 21
282.39998711480035
 31
0.0
  0
LINE
  5
44A
330
17
100
AcDbEntity
  8
ESTRUCTURAS
100
AcDbLine
 10
383.30000135633685
 20
280.16665988498266
 30
0.0
 11
383.30000135633685
 21
283.1666564941406
 31
0.0
  0
LINE
  5
44B
330
17
100
AcDbEntity
  8
ESTRUCTURAS
100
AcDbLine
 10
384.70001220703125
 20
283.1666564941406
 30
0.0
 11
383.30000135633685
 21
283.1666564941406
 31
0.0
  0
LINE
  5
44C
330
17
100
AcDbEntity
  8
ESTRUCTURAS
100
AcDbLine
 10
384.70001220703125
 20
280.16665988498266
 30
0.0
 11
383.30000135633685
 21
280.16665988498266
 31
0.0
  0
LINE
  5
44D
330
17
100
AcDbEntity
  8
ESTRUCTURAS
100
AcDbLine
 10
385.1999918619792
 20
280.16665988498266
 30
0.0
 11
384.70001220703125
 21
280.16665988498266
 31
0.0
  0
LWPOLYLINE
  5
44E
330
17
100
AcDbEntity
  8
ESTRUCTURAS
100
AcDbPolyline
 90
21
 70
0
 10
383.86667887369794
 20
281.6842990451389
 10
383.88512077430886
 20
281.56035066478785
 10
383.9372954765956
 20
281.4511691861683
 10
384.04958334234027
 20
281.33836262755926
 10
384.15852670040397
 20
281.28568277590807
 10
384.2823961046007
 20
281.2666659884983
 10
384.406335171726
 20
281.2851155259543
 10
384.51550867822436
 20
281.3372936182552
 10
384.62830901145935
 20
281.4495782388581
 10
384.6809892356396
 20
281.5585124699606
 10
384.70001220703125
 20
281.682366265191
 10
384.6815703064203
 20
281.80631464554205
 10
384.6293956041336
 20
281.9154961241616
 10
384.5171077383889
 20
282.02830268277063
 10
384.4081643803252
 20
282.0809825344218
 10
384.2842949761285
 20
282.0999993218316
 10
384.16035590900316
 20
282.08154978437557
 10
384.0511824025048
 20
282.0293716920747
 10
383.93838206926984
 20
281.91708707147177
 10
383.8857018450896
 20
281.8081528403693
 10
383.86667887369794
 20
281.6842990451389
  0
LINE
  5
44F
330
17
100
AcDbEntity
  8
ESTRUCTURAS
100
AcDbLine
 10
384.70001220703125
 20
279.89998711480035
 30
0.0
 11
384.70001220703125
 21
280.6666564941406
 31
0.0
  0
LINE
  5
450
330
17
100
AcDbEntity
  8
ESTRUCTURAS
100
AcDbLine
 10
384.70001220703125
 20
282.66665988498266
 30
0.0
 11
384.70001220703125
 21
283.3999972873264
 31
0.0
  0
LWPOLYLINE
  5
451
330
17
100
AcDbEntity
  8
ESTRUCTURAS
100
AcDbPolyline
 90
3
 70
0
 10
388.566657172309
 20
280.6333245171441
 10
384.29999457465277
 20
280.6666564941406
 10
384.29999457465277
 20
281.2666659884983
  0
LWPOLYLINE
  5
452
330
17
100
AcDbEntity
  8
ESTRUCTURAS
100
AcDbPolyline
 90
3
 70
0
 10
384.29999457465277
 20
282.0666673448351
 10
384.29999457465277
 20
282.66665988498266
 10
388.566657172309
 20
282.63332790798614
  0
LINE
  5
453
330
17
100
AcDbEntity
  8
ESTRUCTURAS
100
AcDbLine
 10
313.6000230577257
 20
281.73333062065973
 30
0.0
 11
347.30000813802087
 21
281.63333468967016
 31
0.0
  0
LINE
  5
454
330
17
100
AcDbEntity
  8
ESTRUCTURAS
100
AcDbLine
 10
347.30000813802087
 20
281.86665852864587
 30
0.0
 11
313.6000230577257
 21
281.99998643663196
 31
0.0
  0
LWPOLYLINE
  5
455
330
17
100
AcDbEntity
  8
ESTRUCTURAS
100
AcDbPolyline
 90
7
 70
0
 10
311.500006781684
 20
282.9000006781684
 10
311.500006781684
 20
283.03332858615454
 10
311.500006781684
 20
283.19998847113715
 10
311.500006781684
 20
283.3666653103299
 10
311.500006781684
 20
283.5333251953125
 10
311.500006781684
 20
283.66665310329864
 10
311.500006781684
 20
283.7666659884983
  0
LWPOLYLINE
  5
456
330
17
100
AcDbEntity
  8
ESTRUCTURAS
100
AcDbPolyline
 90
7
 70
0
 10
310.6666734483507
 20
282.9000006781684
 10
310.6666734483507
 20
283.03332858615454
 10
310.6666734483507
 20
283.19998847113715
 10
310.6666734483507
 20
283.3666653103299
 10
310.6666734483507
 20
283.5333251953125
 10
310.6666734483507
 20
283.66665310329864
 10
310.6666734483507
 20
283.7666659884983
  0
LWPOLYLINE
  5
457
330
17
100
AcDbEntity
  8
ESTRUCTURAS
100
AcDbPolyline
 90
8
 70
0
 10
310.631103515625
 20
282.44757758246527
 10
310.7374083581898
 20
282.33861760132845
 10
310.8411305397749
 20
282.2774283008443
 10
310.95657576289443
 20
282.24183482428396
 10
311.07901179956065
 20
282.23413708309334
 10
311.19879577722816
 20
282.2552052388589
 10
311.30929176178245
 20
282.3030899216732
 10
311.4274784591463
 20
282.3971841732661
  0
LWPOLYLINE
  5
458
330
17
100
AcDbEntity
  8
ESTRUCTURAS
100
AcDbPolyline
 90
4
 70
0
 10
310.60000949435766
 20
282.83331976996527
 10
310.60000949435766
 20
282.4666680230035
 10
311.5666707356771
 20
282.4666680230035
 10
311.5666707356771
 20
282.5999959309896
  0
LWPOLYLINE
  5
459
330
17
100
AcDbEntity
  8
ESTRUCTURAS
100
AcDbPolyline
 90
3
 70
0
 10
312.23334418402777
 20
282.6999918619792
 10
311.0666910807292
 20
282.6999918619792
 10
312.23334418402777
 20
282.5999959309896
  0
LINE
  5
45A
330
17
100
AcDbEntity
  8
ESTRUCTURAS
100
AcDbLine
 10
310.6666734483507
 20
282.9000006781684
 30
0.0
 11
310.6666734483507
 21
283.8999938964844
 31
0.0
  0
LWPOLYLINE
  5
45B
330
17
100
AcDbEntity
  8
ESTRUCTURAS
100
AcDbPolyline
 90
5
 70
0
 10
311.01799858940973
 20
284.26666259765625
 10
310.91613246334924
 20
284.25190925598145
 10
310.8094814005825
 20
284.19875082042483
 10
310.71698146561783
 20
284.09746288011473
 10
310.6737110349867
 20
283.9865162637499
  0
LWPOLYLINE
  5
45C
330
17
100
AcDbEntity
  8
ESTRUCTURAS
100
AcDbPolyline
 90
5
 70
0
 10
311.4666748046875
 20
283.91545613606775
 10
311.4513083547354
 20
284.0195699532827
 10
311.38755227956506
 20
284.13832783699036
 10
311.2846311844058
 20
284.2238088448843
 10
311.15376345813274
 20
284.2647214730581
  0
LINE
  5
45D
330
17
100
AcDbEntity
  8
ESTRUCTURAS
100
AcDbLine
 10
311.500006781684
 20
283.8999938964844
 30
0.0
 11
311.500006781684
 21
282.9000006781684
 31
0.0
  0
LINE
  5
45E
330
17
100
AcDbEntity
  8
ESTRUCTURAS
100
AcDbLine
 10
310.2666897243924
 20
282.9000006781684
 30
0.0
 11
311.9000244140625
 21
282.9000006781684
 31
0.0
  0
LINE
  5
45F
330
17
100
AcDbEntity
  8
ESTRUCTURAS
100
AcDbLine
 10
310.2666897243924
 20
282.83331976996527
 30
0.0
 11
311.9000244140625
 21
282.83331976996527
 31
0.0
  0
LINE
  5
460
330
17
100
AcDbEntity
  8
ESTRUCTURAS
100
AcDbLine
 10
311.8333265516493
 20
282.3333231608073
 30
0.0
 11
312.73335774739587
 21
282.3333231608073
 31
0.0
  0
LINE
  5
461
330
17
100
AcDbEntity
  8
ESTRUCTURAS
100
AcDbLine
 10
311.8333265516493
 20
281.4333258734809
 30
0.0
 11
311.8333265516493
 21
282.3333231608073
 31
0.0
  0
LINE
  5
462
330
17
100
AcDbEntity
  8
ESTRUCTURAS
100
AcDbLine
 10
312.73335774739587
 20
281.4333258734809
 30
0.0
 11
312.73335774739587
 21
282.3333231608073
 31
0.0
  0
LWPOLYLINE
  5
463
330
17
100
AcDbEntity
  8
ESTRUCTURAS
100
AcDbPolyline
 90
7
 70
0
 10
313.1333414713542
 20
282.8666687011719
 10
313.1333414713542
 20
282.999996609158
 10
313.1333414713542
 20
283.1666564941406
 10
313.1333414713542
 20
283.3666653103299
 10
313.1333414713542
 20
283.5333251953125
 10
313.1333414713542
 20
283.66665310329864
 10
313.1333414713542
 20
283.7666659884983
  0
LWPOLYLINE
  5
464
330
17
100
AcDbEntity
  8
ESTRUCTURAS
100
AcDbPolyline
 90
7
 70
0
 10
313.933342827691
 20
282.8666687011719
 10
313.933342827691
 20
282.999996609158
 10
313.933342827691
 20
283.1666564941406
 10
313.933342827691
 20
283.3666653103299
 10
313.933342827691
 20
283.5333251953125
 10
313.933342827691
 20
283.66665310329864
 10
313.933342827691
 20
283.7666659884983
  0
LWPOLYLINE
  5
465
330
17
100
AcDbEntity
  8
ESTRUCTURAS
100
AcDbPolyline
 90
8
 70
0
 10
313.09780544704864
 20
282.4475267198351
 10
313.20411132441626
 20
282.33858263327016
 10
313.3078385061688
 20
282.2774060484436
 10
313.4232958820131
 20
282.2418252875408
 10
313.5457416706615
 20
282.2341402620077
 10
313.66550872723263
 20
282.25522113343084
 10
313.7759965327051
 20
282.30311853190267
 10
313.8941804567973
 20
282.39722867806756
  0
LWPOLYLINE
  5
466
330
17
100
AcDbEntity
  8
ESTRUCTURAS
100
AcDbPolyline
 90
3
 70
0
 10
312.3666720920139
 20
282.6999918619792
 10
313.53335910373266
 20
282.66665988498266
 10
312.3666720920139
 20
282.5999959309896
  0
LINE
  5
467
330
17
100
AcDbEntity
  8
ESTRUCTURAS
100
AcDbLine
 10
313.933342827691
 20
282.8666687011719
 30
0.0
 11
313.933342827691
 21
283.8999938964844
 31
0.0
  0
LWPOLYLINE
  5
468
330
17
100
AcDbEntity
  8
ESTRUCTURAS
100
AcDbPolyline
 90
5
 70
0
 10
313.933342827691
 20
283.91545613606775
 10
313.91855670346155
 20
284.0173031886419
 10
313.8653637882736
 20
284.1239319990079
 10
313.76404399673146
 20
284.2163950577378
 10
313.6530950334337
 20
284.25963799158734
  0
LWPOLYLINE
  5
469
330
17
100
AcDbEntity
  8
ESTRUCTURAS
100
AcDbPolyline
 90
5
 70
0
 10
313.45119900173614
 20
284.26666259765625
 10
313.3470790005393
 20
284.25128031522036
 10
313.22832167976435
 20
284.18751077933445
 10
313.1428483873606
 20
284.0845805944668
 10
313.1019474483199
 20
283.95370338112116
  0
LINE
  5
46A
330
17
100
AcDbEntity
  8
ESTRUCTURAS
100
AcDbLine
 10
313.1333414713542
 20
283.8999938964844
 30
0.0
 11
313.1333414713542
 21
282.8666687011719
 31
0.0
  0
LINE
  5
46B
330
17
100
AcDbEntity
  8
ESTRUCTURAS
100
AcDbLine
 10
314.3333265516493
 20
282.8666687011719
 30
0.0
 11
312.7000257703993
 21
282.8666687011719
 31
0.0
  0
LINE
  5
46C
330
17
100
AcDbEntity
  8
ESTRUCTURAS
100
AcDbLine
 10
314.3333265516493
 20
282.83331976996527
 30
0.0
 11
312.7000257703993
 21
282.83331976996527
 31
0.0
  0
LWPOLYLINE
  5
46D
330
17
100
AcDbEntity
  8
ESTRUCTURAS
100
AcDbPolyline
 90
7
 70
0
 10
311.4666748046875
 20
280.8999972873264
 10
311.4666748046875
 20
280.76665242513025
 10
311.4666748046875
 20
280.5999925401476
 10
311.4666748046875
 20
280.4000006781684
 10
311.4666748046875
 20
280.2333238389757
 10
311.4666748046875
 20
280.0999959309896
 10
311.4666748046875
 20
279.9666680230035
  0
LWPOLYLINE
  5
46E
330
17
100
AcDbEntity
  8
ESTRUCTURAS
100
AcDbPolyline
 90
7
 70
0
 10
310.6666734483507
 20
280.8999972873264
 10
310.6666734483507
 20
280.76665242513025
 10
310.6666734483507
 20
280.5999925401476
 10
310.6666734483507
 20
280.4000006781684
 10
310.6666734483507
 20
280.2333238389757
 10
310.6666734483507
 20
280.0999959309896
 10
310.6666734483507
 20
279.9666680230035
  0
LWPOLYLINE
  5
46F
330
17
100
AcDbEntity
  8
ESTRUCTURAS
100
AcDbPolyline
 90
8
 70
0
 10
311.4688788519965
 20
281.35245429144965
 10
311.3625729746289
 20
281.46139837801456
 10
311.25884579287634
 20
281.52257496284113
 10
311.14338841703204
 20
281.558155723744
 10
311.02094262838364
 20
281.565840749277
 10
310.90117557181253
 20
281.54475987785395
 10
310.79068776634006
 20
281.4968624793821
 10
310.67250384224786
 20
281.4027523332172
  0
LWPOLYLINE
  5
470
330
17
100
AcDbEntity
  8
ESTRUCTURAS
100
AcDbPolyline
 90
3
 70
0
 10
312.23334418402777
 20
281.066657172309
 10
311.0666910807292
 20
281.09998914930554
 10
312.23334418402777
 20
281.16665310329864
  0
LINE
  5
471
330
17
100
AcDbEntity
  8
ESTRUCTURAS
100
AcDbLine
 10
310.6666734483507
 20
280.8999972873264
 30
0.0
 11
310.6666734483507
 21
279.86665513780383
 31
0.0
  0
LWPOLYLINE
  5
472
330
17
100
AcDbEntity
  8
ESTRUCTURAS
100
AcDbPolyline
 90
5
 70
0
 10
310.6333414713542
 20
279.88452487521704
 10
310.6481275955836
 20
279.7826778226429
 10
310.70132051077155
 20
279.67604901227685
 10
310.8026403023137
 20
279.5835859535469
 10
310.91358926561145
 20
279.5403430196974
  0
LWPOLYLINE
  5
473
330
17
100
AcDbEntity
  8
ESTRUCTURAS
100
AcDbPolyline
 90
5
 70
0
 10
311.115485297309
 20
279.5333184136285
 10
311.2196052985059
 20
279.5487006960644
 10
311.3383626192808
 20
279.6124702319503
 10
311.4238359116846
 20
279.71540041681794
 10
311.4647368507253
 20
279.84627763016357
  0
LINE
  5
474
330
17
100
AcDbEntity
  8
ESTRUCTURAS
100
AcDbLine
 10
311.4666748046875
 20
279.86665513780383
 30
0.0
 11
311.4666748046875
 21
280.8999972873264
 31
0.0
  0
LINE
  5
475
330
17
100
AcDbEntity
  8
ESTRUCTURAS
100
AcDbLine
 10
310.2666897243924
 20
280.8999972873264
 30
0.0
 11
311.9000244140625
 21
280.8999972873264
 31
0.0
  0
LINE
  5
476
330
17
100
AcDbEntity
  8
ESTRUCTURAS
100
AcDbLine
 10
310.2666897243924
 20
280.93332926432294
 30
0.0
 11
311.9000244140625
 21
280.93332926432294
 31
0.0
  0
LINE
  5
477
330
17
100
AcDbEntity
  8
ESTRUCTURAS
100
AcDbLine
 10
311.8333265516493
 20
281.4333258734809
 30
0.0
 11
312.73335774739587
 21
281.4333258734809
 31
0.0
  0
LWPOLYLINE
  5
478
330
17
100
AcDbEntity
  8
ESTRUCTURAS
100
AcDbPolyline
 90
7
 70
0
 10
313.10000949435766
 20
280.8666653103299
 10
313.10000949435766
 20
280.76665242513025
 10
313.10000949435766
 20
280.56666056315106
 10
313.10000949435766
 20
280.4000006781684
 10
313.10000949435766
 20
280.29998779296875
 10
313.10000949435766
 20
280.13332790798614
 10
313.10000949435766
 20
280.0
  0
LWPOLYLINE
  5
479
330
17
100
AcDbEntity
  8
ESTRUCTURAS
100
AcDbPolyline
 90
7
 70
0
 10
313.933342827691
 20
280.8666653103299
 10
313.933342827691
 20
280.76665242513025
 10
313.933342827691
 20
280.56666056315106
 10
313.933342827691
 20
280.4000006781684
 10
313.933342827691
 20
280.29998779296875
 10
313.933342827691
 20
280.13332790798614
 10
313.933342827691
 20
280.0
  0
LWPOLYLINE
  5
47A
330
17
100
AcDbEntity
  8
ESTRUCTURAS
100
AcDbPolyline
 90
8
 70
0
 10
313.93558078342016
 20
281.31907145182294
 10
313.8292759408554
 20
281.42803143295976
 10
313.72555375927027
 20
281.4892207334439
 10
313.61010853615073
 20
281.5248142100043
 10
313.4876724994845
 20
281.53251195119486
 10
313.367888521817
 20
281.51144379542933
 10
313.2573925372627
 20
281.4635591126151
 10
313.13920583989886
 20
281.3694648610221
  0
LWPOLYLINE
  5
47B
330
17
100
AcDbEntity
  8
ESTRUCTURAS
100
AcDbPolyline
 90
4
 70
0
 10
314.000006781684
 20
280.93332926432294
 10
314.000006781684
 20
281.2999979654948
 10
313.0333455403646
 20
281.2999979654948
 10
313.0333455403646
 20
281.16665310329864
  0
LWPOLYLINE
  5
47C
330
17
100
AcDbEntity
  8
ESTRUCTURAS
100
AcDbPolyline
 90
3
 70
0
 10
312.3666720920139
 20
281.066657172309
 10
313.53335910373266
 20
281.066657172309
 10
312.3666720920139
 20
281.16665310329864
  0
LINE
  5
47D
330
17
100
AcDbEntity
  8
ESTRUCTURAS
100
AcDbLine
 10
313.933342827691
 20
280.8666653103299
 30
0.0
 11
313.933342827691
 21
279.86665513780383
 31
0.0
  0
LWPOLYLINE
  5
47E
330
17
100
AcDbEntity
  8
ESTRUCTURAS
100
AcDbPolyline
 90
5
 70
0
 10
313.54868570963544
 20
279.5333184136285
 10
313.6505518356959
 20
279.5480717553033
 10
313.75720289846265
 20
279.6012301908599
 10
313.84970283342733
 20
279.70251813117
 10
313.89297326405847
 20
279.81346474753485
  0
LWPOLYLINE
  5
47F
330
17
100
AcDbEntity
  8
ESTRUCTURAS
100
AcDbPolyline
 90
5
 70
0
 10
313.10000949435766
 20
279.88452487521704
 10
313.1153759443098
 20
279.7804110580021
 10
313.1791320194801
 20
279.6616531742944
 10
313.2820531146394
 20
279.5761721664005
 10
313.4129208409124
 20
279.5352595382267
  0
LINE
  5
480
330
17
100
AcDbEntity
  8
ESTRUCTURAS
100
AcDbLine
 10
313.10000949435766
 20
279.86665513780383
 30
0.0
 11
313.10000949435766
 21
280.8666653103299
 31
0.0
  0
LINE
  5
481
330
17
100
AcDbEntity
  8
ESTRUCTURAS
100
AcDbLine
 10
314.3333265516493
 20
280.8666653103299
 30
0.0
 11
312.7000257703993
 21
280.8666653103299
 31
0.0
  0
LINE
  5
482
330
17
100
AcDbEntity
  8
ESTRUCTURAS
100
AcDbLine
 10
314.3333265516493
 20
280.8999972873264
 30
0.0
 11
312.7000257703993
 21
280.93332926432294
 31
0.0
  0
LINE
  5
483
330
17
100
AcDbEntity
  8
ESTRUCTURAS
100
AcDbLine
 10
313.0333455403646
 20
280.8666653103299
 30
0.0
 11
311.53333875868054
 21
280.8999972873264
 31
0.0
  0
LINE
  5
484
330
17
100
AcDbEntity
  8
ESTRUCTURAS
100
AcDbLine
 10
311.3000149197049
 20
281.1333211263021
 30
0.0
 11
311.3000149197049
 21
282.63332790798614
 31
0.0
  0
LINE
  5
485
330
17
100
AcDbEntity
  8
ESTRUCTURAS
100
AcDbLine
 10
311.5666707356771
 20
282.9000006781684
 30
0.0
 11
313.06667751736114
 21
282.8666687011719
 31
0.0
  0
LINE
  5
486
330
17
100
AcDbEntity
  8
ESTRUCTURAS
100
AcDbLine
 10
313.3000013563368
 20
282.63332790798614
 30
0.0
 11
313.3000013563368
 21
281.1333211263021
 31
0.0
  0
LINE
  5
487
330
17
100
AcDbEntity
  8
ESTRUCTURAS
100
AcDbLine
 10
313.3000013563368
 20
283.3666653103299
 30
0.0
 11
313.3000013563368
 21
280.3666687011719
 31
0.0
  0
LINE
  5
488
330
17
100
AcDbEntity
  8
ESTRUCTURAS
100
AcDbLine
 10
311.9000244140625
 20
280.4000006781684
 30
0.0
 11
313.3000013563368
 21
280.3666687011719
 31
0.0
  0
LINE
  5
489
330
17
100
AcDbEntity
  8
ESTRUCTURAS
100
AcDbLine
 10
311.9000244140625
 20
283.3999972873264
 30
0.0
 11
313.3000013563368
 21
283.3666653103299
 31
0.0
  0
LINE
  5
48A
330
17
100
AcDbEntity
  8
ESTRUCTURAS
100
AcDbLine
 10
311.433342827691
 20
283.3999972873264
 30
0.0
 11
311.9000244140625
 21
283.3999972873264
 31
0.0
  0
LWPOLYLINE
  5
48B
330
17
100
AcDbEntity
  8
ESTRUCTURAS
100
AcDbPolyline
 90
21
 70
0
 10
312.7000257703993
 20
281.88184950086804
 10
312.6817317638132
 20
282.0058201212022
 10
312.62969109747144
 20
282.1150642964575
 10
312.51754879951477
 20
282.2280069523388
 10
312.40868106484413
 20
282.28082043015297
 10
312.28485107421875
 20
282.2999911838108
 10
312.1608725935221
 20
282.281697065466
 10
312.0516234636307
 20
282.22965561681326
 10
311.93867756260767
 20
282.1175100737148
 10
311.8858633024825
 20
282.0086373844081
 10
311.866692437066
 20
281.88479953342016
 10
311.88498644365205
 20
281.760828913086
 10
311.93702710999383
 20
281.6515847378307
 10
312.0491694079505
 20
281.53864208194943
 10
312.15803714262114
 20
281.48582860413524
 10
312.2818671332465
 20
281.4666578504774
 10
312.4058456139432
 20
281.4849519688222
 10
312.5150947438346
 20
281.53699341747495
 10
312.6280406448576
 20
281.6491389605734
 10
312.68085490498277
 20
281.75801164988013
 10
312.7000257703993
 20
281.88184950086804
  0
LINE
  5
48C
330
17
100
AcDbEntity
  8
ESTRUCTURAS
100
AcDbLine
 10
311.9000244140625
 20
283.6333211263021
 30
0.0
 11
311.9000244140625
 21
282.9000006781684
 31
0.0
  0
LINE
  5
48D
330
17
100
AcDbEntity
  8
ESTRUCTURAS
100
AcDbLine
 10
311.9000244140625
 20
280.8999972873264
 30
0.0
 11
311.9000244140625
 21
280.13332790798614
 31
0.0
  0
LWPOLYLINE
  5
48E
330
17
100
AcDbEntity
  8
ESTRUCTURAS
100
AcDbPolyline
 90
3
 70
0
 10
308.06667751736114
 20
282.9000006781684
 10
312.30000813802087
 20
282.8666687011719
 10
312.30000813802087
 20
282.26665920681427
  0
LWPOLYLINE
  5
48F
330
17
100
AcDbEntity
  8
ESTRUCTURAS
100
AcDbPolyline
 90
3
 70
0
 10
312.30000813802087
 20
281.4666578504774
 10
312.30000813802087
 20
280.8666653103299
 10
308.0333455403646
 20
280.8999972873264
  0
LINE
  5
490
330
17
100
AcDbEntity
  8
ESTRUCTURAS
100
AcDbLine
 10
313.33333333333337
 20
218.56665717230905
 30
0.0
 11
347.03335232204864
 21
218.46666124131946
 31
0.0
  0
LINE
  5
491
330
17
100
AcDbEntity
  8
ESTRUCTURAS
100
AcDbLine
 10
347.03335232204864
 20
218.70000203450522
 30
0.0
 11
313.33333333333337
 21
218.83332994249133
 31
0.0
  0
LWPOLYLINE
  5
492
330
17
100
AcDbEntity
  8
ESTRUCTURAS
100
AcDbPolyline
 90
7
 70
0
 10
311.20001898871527
 20
219.73332722981772
 10
311.20001898871527
 20
219.86665513780383
 10
311.20001898871527
 20
220.03333197699655
 10
311.20001898871527
 20
220.19999186197919
 10
311.20001898871527
 20
220.36666870117188
 10
311.20001898871527
 20
220.499996609158
 10
311.20001898871527
 20
220.6333245171441
  0
LWPOLYLINE
  5
493
330
17
100
AcDbEntity
  8
ESTRUCTURAS
100
AcDbPolyline
 90
7
 70
0
 10
310.4000176323785
 20
219.73332722981772
 10
310.4000176323785
 20
219.86665513780383
 10
310.4000176323785
 20
220.03333197699655
 10
310.4000176323785
 20
220.19999186197919
 10
310.4000176323785
 20
220.36666870117188
 10
310.4000176323785
 20
220.499996609158
 10
310.4000176323785
 20
220.6333245171441
  0
LWPOLYLINE
  5
494
330
17
100
AcDbEntity
  8
ESTRUCTURAS
100
AcDbPolyline
 90
8
 70
0
 10
310.36444769965277
 20
219.28092108832467
 10
310.4707525422176
 20
219.1719611071878
 10
310.57447472380267
 20
219.1107718067037
 10
310.6899199469222
 20
219.0751783301433
 10
310.8123559835884
 20
219.06748058895272
 10
310.9321399612559
 20
219.08854874471825
 10
311.0426359458102
 20
219.13643342753252
 10
311.1608226431741
 20
219.2305276791255
  0
LWPOLYLINE
  5
495
330
17
100
AcDbEntity
  8
ESTRUCTURAS
100
AcDbPolyline
 90
4
 70
0
 10
311.96668836805554
 20
219.53333536783856
 10
310.8000013563368
 20
219.53333536783856
 10
310.8000013563368
 20
219.43332248263889
 10
311.96668836805554
 20
219.43332248263889
  0
LINE
  5
496
330
17
100
AcDbEntity
  8
ESTRUCTURAS
100
AcDbLine
 10
310.4000176323785
 20
219.73332722981772
 30
0.0
 11
310.4000176323785
 21
220.7333204481337
 31
0.0
  0
LWPOLYLINE
  5
497
330
17
100
AcDbEntity
  8
ESTRUCTURAS
100
AcDbPolyline
 90
5
 70
0
 10
310.718010796441
 20
221.10000610351562
 10
310.6161446703805
 20
221.08525276184082
 10
310.50949360761376
 20
221.0320943262842
 10
310.4169936726491
 20
220.9308063859741
 10
310.37372324201795
 20
220.81985976960925
  0
LWPOLYLINE
  5
498
330
17
100
AcDbEntity
  8
ESTRUCTURAS
100
AcDbPolyline
 90
5
 70
0
 10
311.20001898871527
 20
220.7487996419271
 10
311.18465253876315
 20
220.85291345914206
 10
311.1208964635929
 20
220.97167134284973
 10
311.01797536843355
 20
221.05715235074362
 10
310.8871076421605
 20
221.09806497891745
  0
LINE
  5
499
330
17
100
AcDbEntity
  8
ESTRUCTURAS
100
AcDbLine
 10
311.20001898871527
 20
220.7333204481337
 30
0.0
 11
311.20001898871527
 21
219.73332722981772
 31
0.0
  0
LINE
  5
49A
330
17
100
AcDbEntity
  8
ESTRUCTURAS
100
AcDbLine
 10
310.0
 20
219.73332722981772
 30
0.0
 11
311.63333468967016
 21
219.6999952528212
 31
0.0
  0
LINE
  5
49B
330
17
100
AcDbEntity
  8
ESTRUCTURAS
100
AcDbLine
 10
310.0
 20
219.66666327582467
 30
0.0
 11
311.63333468967016
 21
219.66666327582467
 31
0.0
  0
LINE
  5
49C
330
17
100
AcDbEntity
  8
ESTRUCTURAS
100
AcDbLine
 10
311.5666707356771
 20
219.16666666666669
 30
0.0
 11
312.4666680230035
 21
219.16666666666669
 31
0.0
  0
LINE
  5
49D
330
17
100
AcDbEntity
  8
ESTRUCTURAS
100
AcDbLine
 10
311.5666707356771
 20
218.2666693793403
 30
0.0
 11
311.5666707356771
 21
219.16666666666669
 31
0.0
  0
LINE
  5
49E
330
17
100
AcDbEntity
  8
ESTRUCTURAS
100
AcDbLine
 10
312.4666680230035
 20
218.2666693793403
 30
0.0
 11
312.4666680230035
 21
219.16666666666669
 31
0.0
  0
LWPOLYLINE
  5
49F
330
17
100
AcDbEntity
  8
ESTRUCTURAS
100
AcDbPolyline
 90
8
 70
0
 10
312.83335367838544
 20
219.6999952528212
 10
312.83335367838544
 20
219.8333231608073
 10
312.83335367838544
 20
219.93333604600696
 10
312.83335367838544
 20
220.0999959309896
 10
312.83335367838544
 20
220.26665581597223
 10
312.83335367838544
 20
220.36666870117188
 10
312.83335367838544
 20
220.499996609158
 10
312.83335367838544
 20
220.6333245171441
  0
LWPOLYLINE
  5
4A0
330
17
100
AcDbEntity
  8
ESTRUCTURAS
100
AcDbPolyline
 90
8
 70
0
 10
313.66668701171875
 20
219.6999952528212
 10
313.66668701171875
 20
219.8333231608073
 10
313.66668701171875
 20
219.93333604600696
 10
313.66668701171875
 20
220.0999959309896
 10
313.66668701171875
 20
220.26665581597223
 10
313.66668701171875
 20
220.36666870117188
 10
313.66668701171875
 20
220.499996609158
 10
313.66668701171875
 20
220.6333245171441
  0
LWPOLYLINE
  5
4A1
330
17
100
AcDbEntity
  8
ESTRUCTURAS
100
AcDbPolyline
 90
8
 70
0
 10
312.8311496310764
 20
219.28087022569446
 10
312.93745550844403
 20
219.17192613912954
 10
313.0411826901966
 20
219.11074955430297
 10
313.1566400660409
 20
219.07516879340014
 10
313.2790858546893
 20
219.0674837678671
 10
313.3988529112604
 20
219.08856463929018
 10
313.5093407167329
 20
219.13646203776202
 10
313.6275246408251
 20
219.2305721839269
  0
LWPOLYLINE
  5
4A2
330
17
100
AcDbEntity
  8
ESTRUCTURAS
100
AcDbPolyline
 90
3
 70
0
 10
312.1000162760417
 20
219.53333536783856
 10
313.26666937934027
 20
219.500003390842
 10
312.1000162760417
 20
219.43332248263889
  0
LINE
  5
4A3
330
17
100
AcDbEntity
  8
ESTRUCTURAS
100
AcDbLine
 10
313.66668701171875
 20
219.6999952528212
 30
0.0
 11
313.66668701171875
 21
220.7333204481337
 31
0.0
  0
LWPOLYLINE
  5
4A4
330
17
100
AcDbEntity
  8
ESTRUCTURAS
100
AcDbPolyline
 90
5
 70
0
 10
313.63335503472223
 20
220.7487996419271
 10
313.6185689104928
 20
220.85064669450125
 10
313.56537599530486
 20
220.95727550486725
 10
313.4640562037627
 20
221.0497385635972
 10
313.35310724046496
 20
221.09298149744671
  0
LWPOLYLINE
  5
4A5
330
17
100
AcDbEntity
  8
ESTRUCTURAS
100
AcDbPolyline
 90
5
 70
0
 10
313.1845431857639
 20
221.10000610351562
 10
313.08042318456705
 20
221.08462382107973
 10
312.9616658637921
 20
221.02085428519382
 10
312.87619257138834
 20
220.9179241003262
 10
312.83529163234766
 20
220.78704688698053
  0
LINE
  5
4A6
330
17
100
AcDbEntity
  8
ESTRUCTURAS
100
AcDbLine
 10
312.83335367838544
 20
220.7333204481337
 30
0.0
 11
312.83335367838544
 21
219.6999952528212
 31
0.0
  0
LINE
  5
4A7
330
17
100
AcDbEntity
  8
ESTRUCTURAS
100
AcDbLine
 10
314.0666707356771
 20
219.6999952528212
 30
0.0
 11
312.43333604600696
 21
219.6999952528212
 31
0.0
  0
LINE
  5
4A8
330
17
100
AcDbEntity
  8
ESTRUCTURAS
100
AcDbLine
 10
314.0666707356771
 20
219.66666327582467
 30
0.0
 11
312.43333604600696
 21
219.66666327582467
 31
0.0
  0
LWPOLYLINE
  5
4A9
330
17
100
AcDbEntity
  8
ESTRUCTURAS
100
AcDbPolyline
 90
7
 70
0
 10
311.20001898871527
 20
217.7333238389757
 10
311.20001898871527
 20
217.5999959309896
 10
311.20001898871527
 20
217.39998711480035
 10
311.20001898871527
 20
217.23332722981772
 10
311.20001898871527
 20
217.06666734483508
 10
311.20001898871527
 20
216.93332248263889
 10
311.20001898871527
 20
216.7999945746528
  0
LWPOLYLINE
  5
4AA
330
17
100
AcDbEntity
  8
ESTRUCTURAS
100
AcDbPolyline
 90
8
 70
0
 10
310.4000176323785
 20
217.7333238389757
 10
310.4000176323785
 20
217.5999959309896
 10
310.4000176323785
 20
217.43333604600696
 10
310.4000176323785
 20
217.3333231608073
 10
310.4000176323785
 20
217.16666327582467
 10
310.4000176323785
 20
217.000003390842
 10
310.4000176323785
 20
216.89999050564236
 10
310.4000176323785
 20
216.76666259765625
  0
LWPOLYLINE
  5
4AB
330
17
100
AcDbEntity
  8
ESTRUCTURAS
100
AcDbPolyline
 90
8
 70
0
 10
311.2022230360243
 20
218.18579779730905
 10
311.0959171586567
 20
218.29474188387394
 10
310.9921899769041
 20
218.35591846870054
 10
310.8767326010598
 20
218.39149922960334
 10
310.7542868124114
 20
218.3991842551364
 10
310.6345197558403
 20
218.3781033837133
 10
310.5240319503678
 20
218.33020598524146
 10
310.40584802627563
 20
218.23609583907657
  0
LWPOLYLINE
  5
4AC
330
17
100
AcDbEntity
  8
ESTRUCTURAS
100
AcDbPolyline
 90
3
 70
0
 10
311.96668836805554
 20
217.90000067816842
 10
310.8000013563368
 20
217.90000067816842
 10
311.96668836805554
 20
217.999996609158
  0
LINE
  5
4AD
330
17
100
AcDbEntity
  8
ESTRUCTURAS
100
AcDbLine
 10
310.4000176323785
 20
217.7333238389757
 30
0.0
 11
310.4000176323785
 21
216.6999986436632
 31
0.0
  0
LWPOLYLINE
  5
4AE
330
17
100
AcDbEntity
  8
ESTRUCTURAS
100
AcDbPolyline
 90
5
 70
0
 10
310.36668565538196
 20
216.71786838107639
 10
310.3814717796114
 20
216.61602132850223
 10
310.4346646947993
 20
216.50939251813625
 10
310.5359844863415
 20
216.41692945940628
 10
310.6469334496392
 20
216.3736865255568
  0
LWPOLYLINE
  5
4AF
330
17
100
AcDbEntity
  8
ESTRUCTURAS
100
AcDbPolyline
 90
5
 70
0
 10
310.8488294813368
 20
216.36666191948785
 10
310.95294948253365
 20
216.38204420192375
 10
311.0717068033086
 20
216.44581373780966
 10
311.15718009571236
 20
216.54874392267732
 10
311.19808103475305
 20
216.67962113602294
  0
LINE
  5
4B0
330
17
100
AcDbEntity
  8
ESTRUCTURAS
100
AcDbLine
 10
311.20001898871527
 20
216.6999986436632
 30
0.0
 11
311.20001898871527
 21
217.7333238389757
 31
0.0
  0
LINE
  5
4B1
330
17
100
AcDbEntity
  8
ESTRUCTURAS
100
AcDbLine
 10
309.9666680230035
 20
217.7333238389757
 30
0.0
 11
311.60000271267364
 21
217.69999186197919
 31
0.0
  0
LINE
  5
4B2
330
17
100
AcDbEntity
  8
ESTRUCTURAS
100
AcDbLine
 10
309.9666680230035
 20
217.76665581597223
 30
0.0
 11
311.60000271267364
 21
217.76665581597223
 31
0.0
  0
LINE
  5
4B3
330
17
100
AcDbEntity
  8
ESTRUCTURAS
100
AcDbLine
 10
311.5666707356771
 20
218.2666693793403
 30
0.0
 11
312.4666680230035
 21
218.2666693793403
 31
0.0
  0
LWPOLYLINE
  5
4B4
330
17
100
AcDbEntity
  8
ESTRUCTURAS
100
AcDbPolyline
 90
7
 70
0
 10
312.83335367838544
 20
217.69999186197919
 10
312.83335367838544
 20
217.56666395399307
 10
312.83335367838544
 20
217.39998711480035
 10
312.83335367838544
 20
217.23332722981772
 10
312.83335367838544
 20
217.06666734483508
 10
312.83335367838544
 20
216.96665445963544
 10
312.83335367838544
 20
216.83332655164932
  0
LWPOLYLINE
  5
4B5
330
17
100
AcDbEntity
  8
ESTRUCTURAS
100
AcDbPolyline
 90
7
 70
0
 10
313.66668701171875
 20
217.69999186197919
 10
313.66668701171875
 20
217.56666395399307
 10
313.66668701171875
 20
217.39998711480035
 10
313.63335503472223
 20
217.23332722981772
 10
313.63335503472223
 20
217.06666734483508
 10
313.63335503472223
 20
216.96665445963544
 10
313.63335503472223
 20
216.83332655164932
  0
LWPOLYLINE
  5
4B6
330
17
100
AcDbEntity
  8
ESTRUCTURAS
100
AcDbPolyline
 90
8
 70
0
 10
313.6355929904514
 20
218.1524149576823
 10
313.52928814788663
 20
218.26137493881916
 10
313.4255659663015
 20
218.3225642393033
 10
313.310120743182
 20
218.35815771586365
 10
313.18768470651577
 20
218.36585545705427
 10
313.06790072884826
 20
218.34478730128873
 10
312.95740474429397
 20
218.29690261847443
 10
312.8392180469301
 20
218.2028083668815
  0
LWPOLYLINE
  5
4B7
330
17
100
AcDbEntity
  8
ESTRUCTURAS
100
AcDbPolyline
 90
3
 70
0
 10
312.1000162760417
 20
217.90000067816842
 10
313.23333740234375
 20
217.90000067816842
 10
312.1000162760417
 20
217.999996609158
  0
LINE
  5
4B8
330
17
100
AcDbEntity
  8
ESTRUCTURAS
100
AcDbLine
 10
313.66668701171875
 20
217.69999186197919
 30
0.0
 11
313.63335503472223
 21
216.6999986436632
 31
0.0
  0
LWPOLYLINE
  5
4B9
330
17
100
AcDbEntity
  8
ESTRUCTURAS
100
AcDbPolyline
 90
5
 70
0
 10
313.2820298936632
 20
216.36666191948785
 10
313.3838960197237
 20
216.38141526116266
 10
313.4905470824904
 20
216.4345736967193
 10
313.5830470174551
 20
216.5358616370294
 10
313.62631744808624
 20
216.64680825339425
  0
LWPOLYLINE
  5
4BA
330
17
100
AcDbEntity
  8
ESTRUCTURAS
100
AcDbPolyline
 90
5
 70
0
 10
312.8000217013889
 20
216.71786838107639
 10
312.81538815134104
 20
216.61375456386142
 10
312.87914422651136
 20
216.49499668015375
 10
312.98206532167063
 20
216.40951567225986
 10
313.11293304794367
 20
216.36860304408603
  0
LINE
  5
4BB
330
17
100
AcDbEntity
  8
ESTRUCTURAS
100
AcDbLine
 10
312.83335367838544
 20
216.6999986436632
 30
0.0
 11
312.83335367838544
 21
217.69999186197919
 31
0.0
  0
LINE
  5
4BC
330
17
100
AcDbEntity
  8
ESTRUCTURAS
100
AcDbLine
 10
314.0666707356771
 20
217.69999186197919
 30
0.0
 11
312.43333604600696
 21
217.69999186197919
 31
0.0
  0
LINE
  5
4BD
330
17
100
AcDbEntity
  8
ESTRUCTURAS
100
AcDbLine
 10
314.0666707356771
 20
217.7333238389757
 30
0.0
 11
312.43333604600696
 21
217.76665581597223
 31
0.0
  0
LINE
  5
4BE
330
17
100
AcDbEntity
  8
ESTRUCTURAS
100
AcDbLine
 10
312.7666897243924
 20
217.69999186197919
 30
0.0
 11
311.26668294270837
 21
217.7333238389757
 31
0.0
  0
LINE
  5
4BF
330
17
100
AcDbEntity
  8
ESTRUCTURAS
100
AcDbLine
 10
311.03335910373266
 20
217.96666463216147
 30
0.0
 11
311.03335910373266
 21
219.46665445963544
 31
0.0
  0
LINE
  5
4C0
330
17
100
AcDbEntity
  8
ESTRUCTURAS
100
AcDbLine
 10
311.26668294270837
 20
219.73332722981772
 30
0.0
 11
312.7666897243924
 21
219.6999952528212
 31
0.0
  0
LINE
  5
4C1
330
17
100
AcDbEntity
  8
ESTRUCTURAS
100
AcDbLine
 10
313.0333455403646
 20
219.46665445963544
 30
0.0
 11
313.0333455403646
 21
217.96666463216147
 31
0.0
  0
LINE
  5
4C2
330
17
100
AcDbEntity
  8
ESTRUCTURAS
100
AcDbLine
 10
313.0333455403646
 20
220.19999186197919
 30
0.0
 11
313.0333455403646
 21
217.1999952528212
 31
0.0
  0
LINE
  5
4C3
330
17
100
AcDbEntity
  8
ESTRUCTURAS
100
AcDbLine
 10
311.63333468967016
 20
217.1999952528212
 30
0.0
 11
313.0333455403646
 21
217.1999952528212
 31
0.0
  0
LINE
  5
4C4
330
17
100
AcDbEntity
  8
ESTRUCTURAS
100
AcDbLine
 10
311.63333468967016
 20
220.19999186197919
 30
0.0
 11
313.0333455403646
 21
220.19999186197919
 31
0.0
  0
LINE
  5
4C5
330
17
100
AcDbEntity
  8
ESTRUCTURAS
100
AcDbLine
 10
311.13335503472223
 20
220.2333238389757
 30
0.0
 11
311.63333468967016
 21
220.19999186197919
 31
0.0
  0
LWPOLYLINE
  5
4C6
330
17
100
AcDbEntity
  8
ESTRUCTURAS
100
AcDbPolyline
 90
21
 70
0
 10
312.43333604600696
 20
218.71519300672745
 10
312.4150420394209
 20
218.8391636270616
 10
312.3630013730791
 20
218.9484078023169
 10
312.25085907512243
 20
219.06135045819812
 10
312.1419913404518
 20
219.11416393601232
 10
312.0181613498264
 20
219.13333468967014
 10
311.89418286912974
 20
219.11504057132535
 10
311.78493373923834
 20
219.0629991226726
 10
311.67198783821533
 20
218.95085357957416
 10
311.61917357809017
 20
218.84198089026742
 10
311.60000271267364
 20
218.7181430392795
 10
311.6182967192597
 20
218.59417241894536
 10
311.6703373856015
 20
218.48492824369006
 10
311.78247968355817
 20
218.37198558780884
 10
311.8913474182288
 20
218.31917210999464
 10
312.0151774088542
 20
218.30000135633682
 10
312.13915588955086
 20
218.3182954746816
 10
312.24840501944226
 20
218.37033692333435
 10
312.36135092046527
 20
218.4824824664328
 10
312.41416518059043
 20
218.59135515573954
 10
312.43333604600696
 20
218.71519300672745
  0
LINE
  5
4C7
330
17
100
AcDbEntity
  8
ESTRUCTURAS
100
AcDbLine
 10
311.63333468967016
 20
220.46666463216147
 30
0.0
 11
311.63333468967016
 21
219.6999952528212
 31
0.0
  0
LINE
  5
4C8
330
17
100
AcDbEntity
  8
ESTRUCTURAS
100
AcDbLine
 10
311.63333468967016
 20
217.69999186197919
 30
0.0
 11
311.63333468967016
 21
216.96665445963544
 31
0.0
  0
LWPOLYLINE
  5
4C9
330
17
100
AcDbEntity
  8
ESTRUCTURAS
100
AcDbPolyline
 90
3
 70
0
 10
307.7666897243924
 20
219.73332722981772
 10
312.03335232204864
 20
219.6999952528212
 10
312.03335232204864
 20
219.10000271267361
  0
LWPOLYLINE
  5
4CA
330
17
100
AcDbEntity
  8
ESTRUCTURAS
100
AcDbPolyline
 90
3
 70
0
 10
312.03335232204864
 20
218.30000135633682
 10
312.03335232204864
 20
217.69999186197919
 10
307.7666897243924
 20
217.7333238389757
  0
LINE
  5
4CB
330
17
100
AcDbEntity
  8
ESTRUCTURAS
100
AcDbLine
 10
382.73335774739587
 20
218.56665717230905
 30
0.0
 11
349.03333875868054
 21
218.70000203450522
 31
0.0
  0
LINE
  5
4CC
330
17
100
AcDbEntity
  8
ESTRUCTURAS
100
AcDbLine
 10
349.03333875868054
 20
218.43332926432294
 30
0.0
 11
382.73335774739587
 21
218.33333333333334
 31
0.0
  0
LWPOLYLINE
  5
4CD
330
17
100
AcDbEntity
  8
ESTRUCTURAS
100
AcDbPolyline
 90
7
 70
0
 10
384.8333401150174
 20
217.43333604600696
 10
384.8333401150174
 20
217.3333231608073
 10
384.8333401150174
 20
217.13333129882812
 10
384.8333401150174
 20
216.96665445963544
 10
384.8333401150174
 20
216.7999945746528
 10
384.8333401150174
 20
216.66666666666669
 10
384.8333401150174
 20
216.566653781467
  0
LWPOLYLINE
  5
4CE
330
17
100
AcDbEntity
  8
ESTRUCTURAS
100
AcDbPolyline
 90
8
 70
0
 10
385.6666734483507
 20
217.43333604600696
 10
385.6666734483507
 20
217.3333231608073
 10
385.6666734483507
 20
217.1999952528212
 10
385.6666734483507
 20
217.06666734483508
 10
385.6666734483507
 20
216.96665445963544
 10
385.6666734483507
 20
216.7999945746528
 10
385.6666734483507
 20
216.66666666666669
 10
385.6666734483507
 20
216.566653781467
  0
LWPOLYLINE
  5
4CF
330
17
100
AcDbEntity
  8
ESTRUCTURAS
100
AcDbPolyline
 90
8
 70
0
 10
385.6689114040799
 20
217.8857421875
 10
385.5626065615151
 20
217.99470216863685
 10
385.45888437993
 20
218.05589146912098
 10
385.34343915681046
 20
218.09148494568137
 10
385.22100312014425
 20
218.09918268687196
 10
385.10121914247674
 20
218.07811453110642
 10
384.99072315792245
 20
218.03022984829215
 10
384.8725364605586
 20
217.9361355966992
  0
LWPOLYLINE
  5
4D0
330
17
100
AcDbEntity
  8
ESTRUCTURAS
100
AcDbPolyline
 90
3
 70
0
 10
384.10000271267364
 20
217.63332790798611
 10
385.2666897243924
 20
217.63332790798611
 10
384.10000271267364
 20
217.7333238389757
  0
LINE
  5
4D1
330
17
100
AcDbEntity
  8
ESTRUCTURAS
100
AcDbLine
 10
385.6666734483507
 20
217.43333604600696
 30
0.0
 11
385.6666734483507
 21
216.43332587348092
 31
0.0
  0
LWPOLYLINE
  5
4D2
330
17
100
AcDbEntity
  8
ESTRUCTURAS
100
AcDbPolyline
 90
5
 70
0
 10
385.28201633029516
 20
216.09998914930557
 10
385.38388245635565
 20
216.11474249098038
 10
385.4905335191224
 20
216.167900926537
 10
385.58303345408706
 20
216.2691888668471
 10
385.6263038847182
 20
216.38013548321194
  0
LWPOLYLINE
  5
4D3
330
17
100
AcDbEntity
  8
ESTRUCTURAS
100
AcDbPolyline
 90
5
 70
0
 10
384.8333401150174
 20
216.4511956108941
 10
384.8487065649695
 20
216.34708179367914
 10
384.91246264013984
 20
216.22832390997146
 10
385.0153837352991
 20
216.14284290207758
 10
385.14625146157215
 20
216.10193027390375
  0
LINE
  5
4D4
330
17
100
AcDbEntity
  8
ESTRUCTURAS
100
AcDbLine
 10
384.8333401150174
 20
216.43332587348092
 30
0.0
 11
384.8333401150174
 21
217.43333604600696
 31
0.0
  0
LINE
  5
4D5
330
17
100
AcDbEntity
  8
ESTRUCTURAS
100
AcDbLine
 10
386.0666910807292
 20
217.43333604600696
 30
0.0
 11
384.433356391059
 21
217.43333604600696
 31
0.0
  0
LINE
  5
4D6
330
17
100
AcDbEntity
  8
ESTRUCTURAS
100
AcDbLine
 10
386.0666910807292
 20
217.46666802300348
 30
0.0
 11
384.433356391059
 21
217.46666802300348
 31
0.0
  0
LINE
  5
4D7
330
17
100
AcDbEntity
  8
ESTRUCTURAS
100
AcDbLine
 10
384.4666883680556
 20
217.999996609158
 30
0.0
 11
383.6000230577257
 21
217.999996609158
 31
0.0
  0
LINE
  5
4D8
330
17
100
AcDbEntity
  8
ESTRUCTURAS
100
AcDbLine
 10
384.5000203450521
 20
218.89999389648438
 30
0.0
 11
384.4666883680556
 21
217.999996609158
 31
0.0
  0
LINE
  5
4D9
330
17
100
AcDbEntity
  8
ESTRUCTURAS
100
AcDbLine
 10
383.6000230577257
 20
218.89999389648438
 30
0.0
 11
383.6000230577257
 21
217.999996609158
 31
0.0
  0
LWPOLYLINE
  5
4DA
330
17
100
AcDbEntity
  8
ESTRUCTURAS
100
AcDbPolyline
 90
7
 70
0
 10
383.20000542534723
 20
217.43333604600696
 10
383.20000542534723
 20
217.3333231608073
 10
383.20000542534723
 20
217.13333129882812
 10
383.20000542534723
 20
216.96665445963544
 10
383.20000542534723
 20
216.7999945746528
 10
383.20000542534723
 20
216.66666666666669
 10
383.20000542534723
 20
216.566653781467
  0
LWPOLYLINE
  5
4DB
330
17
100
AcDbEntity
  8
ESTRUCTURAS
100
AcDbPolyline
 90
7
 70
0
 10
382.40000406901044
 20
217.43333604600696
 10
382.40000406901044
 20
217.3333231608073
 10
382.40000406901044
 20
217.13333129882812
 10
382.40000406901044
 20
216.96665445963544
 10
382.40000406901044
 20
216.7999945746528
 10
382.40000406901044
 20
216.66666666666669
 10
382.40000406901044
 20
216.566653781467
  0
LWPOLYLINE
  5
4DC
330
17
100
AcDbEntity
  8
ESTRUCTURAS
100
AcDbPolyline
 90
8
 70
0
 10
383.20220947265625
 20
217.91912502712674
 10
383.09590359528863
 20
218.02806911369166
 10
382.9921764135361
 20
218.08924569851823
 10
382.87671903769177
 20
218.12482645942106
 10
382.75427324904337
 20
218.1325114849541
 10
382.63450619247226
 20
218.111430613531
 10
382.5240183869998
 20
218.06353321505918
 10
382.4058344629076
 20
217.9694230688943
  0
LWPOLYLINE
  5
4DD
330
17
100
AcDbEntity
  8
ESTRUCTURAS
100
AcDbPolyline
 90
3
 70
0
 10
383.9666748046875
 20
217.63332790798611
 10
382.8000217013889
 20
217.63332790798611
 10
383.9666748046875
 20
217.7333238389757
  0
LINE
  5
4DE
330
17
100
AcDbEntity
  8
ESTRUCTURAS
100
AcDbLine
 10
382.40000406901044
 20
217.43333604600696
 30
0.0
 11
382.40000406901044
 21
216.43332587348092
 31
0.0
  0
LWPOLYLINE
  5
4DF
330
17
100
AcDbEntity
  8
ESTRUCTURAS
100
AcDbPolyline
 90
5
 70
0
 10
382.3666720920139
 20
216.4511956108941
 10
382.38145821624335
 20
216.34934855831995
 10
382.4346511314313
 20
216.24271974795394
 10
382.53597092297343
 20
216.150256689224
 10
382.6469198862712
 20
216.10701375537448
  0
LWPOLYLINE
  5
4E0
330
17
100
AcDbEntity
  8
ESTRUCTURAS
100
AcDbPolyline
 90
5
 70
0
 10
382.84881591796875
 20
216.09998914930557
 10
382.9529359191656
 20
216.11537143174147
 10
383.07169323994054
 20
216.17914096762738
 10
383.1571665323443
 20
216.28207115249504
 10
383.198067471385
 20
216.41294836584066
  0
LINE
  5
4E1
330
17
100
AcDbEntity
  8
ESTRUCTURAS
100
AcDbLine
 10
383.20000542534723
 20
216.43332587348092
 30
0.0
 11
383.20000542534723
 21
217.43333604600696
 31
0.0
  0
LINE
  5
4E2
330
17
100
AcDbEntity
  8
ESTRUCTURAS
100
AcDbLine
 10
382.0000203450521
 20
217.43333604600696
 30
0.0
 11
383.63335503472223
 21
217.43333604600696
 31
0.0
  0
LINE
  5
4E3
330
17
100
AcDbEntity
  8
ESTRUCTURAS
100
AcDbLine
 10
382.0000203450521
 20
217.5
 30
0.0
 11
383.63335503472223
 21
217.5
 31
0.0
  0
LWPOLYLINE
  5
4E4
330
17
100
AcDbEntity
  8
ESTRUCTURAS
100
AcDbPolyline
 90
8
 70
0
 10
384.8666720920139
 20
219.43332248263889
 10
384.8666720920139
 20
219.53333536783856
 10
384.8666720920139
 20
219.66666327582467
 10
384.8666720920139
 20
219.8333231608073
 10
384.8666720920139
 20
220.0
 10
384.8666720920139
 20
220.16665988498264
 10
384.8666720920139
 20
220.29998779296875
 10
384.8666720920139
 20
220.40000067816842
  0
LWPOLYLINE
  5
4E5
330
17
100
AcDbEntity
  8
ESTRUCTURAS
100
AcDbPolyline
 90
8
 70
0
 10
385.6666734483507
 20
219.43332248263889
 10
385.6666734483507
 20
219.53333536783856
 10
385.6666734483507
 20
219.66666327582467
 10
385.6666734483507
 20
219.8333231608073
 10
385.6666734483507
 20
220.0
 10
385.6666734483507
 20
220.16665988498264
 10
385.6666734483507
 20
220.29998779296875
 10
385.6666734483507
 20
220.40000067816842
  0
LWPOLYLINE
  5
4E6
330
17
100
AcDbEntity
  8
ESTRUCTURAS
100
AcDbPolyline
 90
8
 70
0
 10
384.83113606770837
 20
219.01419745551217
 10
384.937441945076
 20
218.90525336894726
 10
385.04116912682855
 20
218.8440767841207
 10
385.15662650267285
 20
218.80849602321786
 10
385.27907229132126
 20
218.8008109976848
 10
385.39883934789236
 20
218.8218918691079
 10
385.50932715336484
 20
218.86978926757973
 10
385.62751107745703
 20
218.96389941374463
  0
LWPOLYLINE
  5
4E7
330
17
100
AcDbEntity
  8
ESTRUCTURAS
100
AcDbPolyline
 90
3
 70
0
 10
384.10000271267364
 20
219.23333062065973
 10
385.2666897243924
 20
219.23333062065973
 10
384.10000271267364
 20
219.16666666666669
  0
LINE
  5
4E8
330
17
100
AcDbEntity
  8
ESTRUCTURAS
100
AcDbLine
 10
385.6666734483507
 20
219.43332248263889
 30
0.0
 11
385.6666734483507
 21
220.43333265516495
 31
0.0
  0
LWPOLYLINE
  5
4E9
330
17
100
AcDbEntity
  8
ESTRUCTURAS
100
AcDbPolyline
 90
5
 70
0
 10
385.6666734483507
 20
220.44879489474826
 10
385.6518873241213
 20
220.55064194732242
 10
385.59869440893334
 20
220.65727075768842
 10
385.4973746173912
 20
220.7497338164184
 10
385.38642565409344
 20
220.79297675026788
  0
LWPOLYLINE
  5
4EA
330
17
100
AcDbEntity
  8
ESTRUCTURAS
100
AcDbPolyline
 90
5
 70
0
 10
385.18452962239587
 20
220.80000135633682
 10
385.080409621199
 20
220.78461907390093
 10
384.9616523004241
 20
220.72084953801502
 10
384.8761790080203
 20
220.61791935314736
 10
384.8352780689796
 20
220.48704213980173
  0
LINE
  5
4EB
330
17
100
AcDbEntity
  8
ESTRUCTURAS
100
AcDbLine
 10
384.8666720920139
 20
220.43333265516495
 30
0.0
 11
384.8666720920139
 21
219.43332248263889
 31
0.0
  0
LINE
  5
4EC
330
17
100
AcDbEntity
  8
ESTRUCTURAS
100
AcDbLine
 10
386.0666910807292
 20
219.43332248263889
 30
0.0
 11
384.433356391059
 21
219.43332248263889
 31
0.0
  0
LINE
  5
4ED
330
17
100
AcDbEntity
  8
ESTRUCTURAS
100
AcDbLine
 10
386.0666910807292
 20
219.39999050564236
 30
0.0
 11
384.433356391059
 21
219.39999050564236
 31
0.0
  0
LINE
  5
4EE
330
17
100
AcDbEntity
  8
ESTRUCTURAS
100
AcDbLine
 10
384.5000203450521
 20
218.89999389648438
 30
0.0
 11
383.6000230577257
 21
218.89999389648438
 31
0.0
  0
LWPOLYLINE
  5
4EF
330
17
100
AcDbEntity
  8
ESTRUCTURAS
100
AcDbPolyline
 90
8
 70
0
 10
383.23333740234375
 20
219.43332248263889
 10
383.23333740234375
 20
219.53333536783856
 10
383.23333740234375
 20
219.66666327582467
 10
383.23333740234375
 20
219.8333231608073
 10
383.23333740234375
 20
219.93333604600696
 10
383.23333740234375
 20
220.0999959309896
 10
383.23333740234375
 20
220.2333238389757
 10
383.23333740234375
 20
220.33333672417535
  0
LWPOLYLINE
  5
4F0
330
17
100
AcDbEntity
  8
ESTRUCTURAS
100
AcDbPolyline
 90
8
 70
0
 10
382.40000406901044
 20
219.43332248263889
 10
382.40000406901044
 20
219.53333536783856
 10
382.40000406901044
 20
219.66666327582467
 10
382.40000406901044
 20
219.8333231608073
 10
382.40000406901044
 20
219.93333604600696
 10
382.40000406901044
 20
220.0999959309896
 10
382.40000406901044
 20
220.26665581597223
 10
382.40000406901044
 20
220.36666870117188
  0
LWPOLYLINE
  5
4F1
330
17
100
AcDbEntity
  8
ESTRUCTURAS
100
AcDbPolyline
 90
8
 70
0
 10
382.36443413628473
 20
219.01424831814236
 10
382.4707389788495
 20
218.90528833700552
 10
382.5744611604346
 20
218.84409903652138
 10
382.68990638355416
 20
218.80850555996102
 10
382.8123424202204
 20
218.8008078187704
 10
382.9321263978879
 20
218.82187597453594
 10
383.0426223824422
 20
218.86976065735024
 10
383.16080907980603
 20
218.96385490894318
  0
LWPOLYLINE
  5
4F2
330
17
100
AcDbEntity
  8
ESTRUCTURAS
100
AcDbPolyline
 90
3
 70
0
 10
383.9666748046875
 20
219.23333062065973
 10
382.8000217013889
 20
219.26666259765625
 10
383.9666748046875
 20
219.16666666666669
  0
LINE
  5
4F3
330
17
100
AcDbEntity
  8
ESTRUCTURAS
100
AcDbLine
 10
382.40000406901044
 20
219.43332248263889
 30
0.0
 11
382.40000406901044
 21
220.46666463216147
 31
0.0
  0
LWPOLYLINE
  5
4F4
330
17
100
AcDbEntity
  8
ESTRUCTURAS
100
AcDbPolyline
 90
5
 70
0
 10
382.75132921006946
 20
220.83333333333334
 10
382.64946308400897
 20
220.81857999165854
 10
382.54281202124224
 20
220.76542155610193
 10
382.45031208627756
 20
220.6641336157918
 10
382.4070416556464
 20
220.55318699942697
  0
LWPOLYLINE
  5
4F5
330
17
100
AcDbEntity
  8
ESTRUCTURAS
100
AcDbPolyline
 90
5
 70
0
 10
383.20000542534723
 20
220.4821268717448
 10
383.1846389753951
 20
220.58624068895978
 10
383.1208829002248
 20
220.70499857266745
 10
383.0179618050655
 20
220.79047958056134
 10
382.8870940787925
 20
220.83139220873517
  0
LINE
  5
4F6
330
17
100
AcDbEntity
  8
ESTRUCTURAS
100
AcDbLine
 10
383.23333740234375
 20
220.46666463216147
 30
0.0
 11
383.23333740234375
 21
219.43332248263889
 31
0.0
  0
LINE
  5
4F7
330
17
100
AcDbEntity
  8
ESTRUCTURAS
100
AcDbLine
 10
382.0000203450521
 20
219.46665445963544
 30
0.0
 11
383.63335503472223
 21
219.43332248263889
 31
0.0
  0
LINE
  5
4F8
330
17
100
AcDbEntity
  8
ESTRUCTURAS
100
AcDbLine
 10
382.0000203450521
 20
219.39999050564236
 30
0.0
 11
383.63335503472223
 21
219.39999050564236
 31
0.0
  0
LINE
  5
4F9
330
17
100
AcDbEntity
  8
ESTRUCTURAS
100
AcDbLine
 10
383.30000135633685
 20
219.43332248263889
 30
0.0
 11
384.80000813802087
 21
219.43332248263889
 31
0.0
  0
LINE
  5
4FA
330
17
100
AcDbEntity
  8
ESTRUCTURAS
100
AcDbLine
 10
385.0333319769965
 20
219.1999986436632
 30
0.0
 11
385.0333319769965
 21
217.69999186197919
 31
0.0
  0
LINE
  5
4FB
330
17
100
AcDbEntity
  8
ESTRUCTURAS
100
AcDbLine
 10
384.76667616102435
 20
217.43333604600696
 30
0.0
 11
383.26666937934027
 21
217.43333604600696
 31
0.0
  0
LINE
  5
4FC
330
17
100
AcDbEntity
  8
ESTRUCTURAS
100
AcDbLine
 10
383.0333455403646
 20
217.69999186197919
 30
0.0
 11
383.0333455403646
 21
219.1999986436632
 31
0.0
  0
LINE
  5
4FD
330
17
100
AcDbEntity
  8
ESTRUCTURAS
100
AcDbLine
 10
383.0333455403646
 20
216.93332248263889
 30
0.0
 11
383.0333455403646
 21
219.93333604600696
 31
0.0
  0
LINE
  5
4FE
330
17
100
AcDbEntity
  8
ESTRUCTURAS
100
AcDbLine
 10
384.433356391059
 20
219.93333604600696
 30
0.0
 11
383.0333455403646
 21
219.93333604600696
 31
0.0
  0
LINE
  5
4FF
330
17
100
AcDbEntity
  8
ESTRUCTURAS
100
AcDbLine
 10
384.433356391059
 20
216.93332248263889
 30
0.0
 11
383.0333455403646
 21
216.93332248263889
 31
0.0
  0
LINE
  5
500
330
17
100
AcDbEntity
  8
ESTRUCTURAS
100
AcDbLine
 10
384.90000406901044
 20
216.93332248263889
 30
0.0
 11
384.433356391059
 21
216.93332248263889
 31
0.0
  0
LWPOLYLINE
  5
501
330
17
100
AcDbEntity
  8
ESTRUCTURAS
100
AcDbPolyline
 90
21
 70
0
 10
383.6000230577257
 20
218.45147026909723
 10
383.6183170643118
 20
218.32749964876308
 10
383.67035773065356
 20
218.21825547350778
 10
383.78250002861023
 20
218.10531281762653
 10
383.89136776328087
 20
218.05249933981233
 10
384.01519775390625
 20
218.0333285861545
 10
384.1391762346029
 20
218.0516227044993
 10
384.2484253644943
 20
218.10366415315204
 10
384.36137126551733
 20
218.2158096962505
 10
384.4141855256425
 20
218.32468238555722
 10
384.433356391059
 20
218.44852023654514
 10
384.41506238447295
 20
218.57249085687928
 10
384.36302171813117
 20
218.68173503213458
 10
384.2508794201745
 20
218.79467768801584
 10
384.14201168550386
 20
218.84749116583004
 10
384.0181816948785
 20
218.86666191948785
 10
383.8942032141818
 20
218.84836780114307
 10
383.7849540842904
 20
218.79632635249033
 10
383.6720081832674
 20
218.68418080939188
 10
383.61919392314223
 20
218.57530812008514
 10
383.6000230577257
 20
218.45147026909723
  0
LINE
  5
502
330
17
100
AcDbEntity
  8
ESTRUCTURAS
100
AcDbLine
 10
384.433356391059
 20
216.6999986436632
 30
0.0
 11
384.433356391059
 21
217.43333604600696
 31
0.0
  0
LINE
  5
503
330
17
100
AcDbEntity
  8
ESTRUCTURAS
100
AcDbLine
 10
384.433356391059
 20
219.43332248263889
 30
0.0
 11
384.433356391059
 21
220.19999186197919
 31
0.0
  0
LWPOLYLINE
  5
504
330
17
100
AcDbEntity
  8
ESTRUCTURAS
100
AcDbPolyline
 90
3
 70
0
 10
388.26666937934027
 20
217.43333604600696
 10
384.0333387586806
 20
217.43333604600696
 10
384.0333387586806
 20
218.0333285861545
  0
LWPOLYLINE
  5
505
330
17
100
AcDbEntity
  8
ESTRUCTURAS
100
AcDbPolyline
 90
3
 70
0
 10
384.0333387586806
 20
218.83332994249133
 10
384.0333387586806
 20
219.43332248263889
 10
388.30000135633685
 20
219.43332248263889
  0
LINE
  5
506
330
17
100
AcDbEntity
  8
ESTRUCTURAS
100
AcDbLine
 10
404.33332655164935
 20
282.9333326551649
 30
0.0
 11
404.8333401150174
 21
264.26666259765625
 31
0.0
  0
LINE
  5
507
330
17
100
AcDbEntity
  8
ESTRUCTURAS
100
AcDbLine
 10
405.0999959309896
 20
264.26666259765625
 30
0.0
 11
404.6000162760417
 21
282.9666646321615
 31
0.0
  0
LWPOLYLINE
  5
508
330
17
100
AcDbEntity
  8
ESTRUCTURAS
100
AcDbPolyline
 90
7
 70
0
 10
405.4000176323785
 20
285.0999959309896
 10
405.5333455403646
 20
285.0999959309896
 10
405.70000542534723
 20
285.0999959309896
 10
405.8999972873264
 20
285.0999959309896
 10
406.066657172309
 20
285.0999959309896
 10
406.16668701171875
 20
285.0999959309896
 10
406.3000149197049
 20
285.13332790798614
  0
LWPOLYLINE
  5
509
330
17
100
AcDbEntity
  8
ESTRUCTURAS
100
AcDbPolyline
 90
7
 70
0
 10
405.4000176323785
 20
285.8999972873264
 10
405.5333455403646
 20
285.8999972873264
 10
405.70000542534723
 20
285.93332926432294
 10
405.8666653103299
 20
285.93332926432294
 10
406.0333251953125
 20
285.93332926432294
 10
406.13335503472223
 20
285.93332926432294
 10
406.26668294270837
 20
285.93332926432294
  0
LWPOLYLINE
  5
50A
330
17
100
AcDbEntity
  8
ESTRUCTURAS
100
AcDbPolyline
 90
8
 70
0
 10
404.9352010091146
 20
285.9263441297743
 10
404.8294758217202
 20
285.81682742469843
 10
404.7714143743118
 20
285.71132015022965
 10
404.739284126295
 20
285.594855952594
 10
404.73524471124017
 20
285.4722366564804
 10
404.759883152114
 20
285.35314001970823
 10
404.81105281247034
 20
285.24412530991765
 10
404.908643828498
 20
285.1288049750858
  0
LWPOLYLINE
  5
50B
330
17
100
AcDbEntity
  8
ESTRUCTURAS
100
AcDbPolyline
 90
4
 70
0
 10
405.33335367838544
 20
285.999993218316
 10
404.9666680230035
 20
285.96666124131946
 10
404.9666680230035
 20
285.0
 10
405.13332790798614
 20
285.0
  0
LWPOLYLINE
  5
50C
330
17
100
AcDbEntity
  8
ESTRUCTURAS
100
AcDbPolyline
 90
3
 70
0
 10
405.2333238389757
 20
284.3333265516493
 10
405.1999918619792
 20
285.49997965494794
 10
405.16665988498266
 20
284.3333265516493
  0
LINE
  5
50D
330
17
100
AcDbEntity
  8
ESTRUCTURAS
100
AcDbLine
 10
405.4000176323785
 20
285.8999972873264
 30
0.0
 11
406.40001085069446
 21
285.93332926432294
 31
0.0
  0
LWPOLYLINE
  5
50E
330
17
100
AcDbEntity
  8
ESTRUCTURAS
100
AcDbPolyline
 90
5
 70
0
 10
406.7331949869792
 20
285.62581380208337
 10
406.7154214779536
 20
285.72718580563867
 10
406.6591018686692
 20
285.83219592769944
 10
406.55509123371706
 20
285.9216207928128
 10
406.4429012934367
 20
285.961545308431
  0
LWPOLYLINE
  5
50F
330
17
100
AcDbEntity
  8
ESTRUCTURAS
100
AcDbPolyline
 90
5
 70
0
 10
406.392584906684
 20
285.1334635416667
 10
406.49620028005705
 20
285.15194336573285
 10
406.61300385991734
 20
285.21922243966
 10
406.6953654918406
 20
285.32464848624335
 10
406.7323306368457
 20
285.4566756884257
  0
LINE
  5
510
330
17
100
AcDbEntity
  8
ESTRUCTURAS
100
AcDbLine
 10
406.433342827691
 20
285.13332790798614
 30
0.0
 11
405.4000176323785
 21
285.0999959309896
 31
0.0
  0
LINE
  5
511
330
17
100
AcDbEntity
  8
ESTRUCTURAS
100
AcDbLine
 10
405.36668565538196
 20
286.33331298828125
 30
0.0
 11
405.433349609375
 21
284.69997829861114
 31
0.0
  0
LINE
  5
512
330
17
100
AcDbEntity
  8
ESTRUCTURAS
100
AcDbLine
 10
405.33335367838544
 20
286.29998101128473
 30
0.0
 11
405.36668565538196
 21
284.69997829861114
 31
0.0
  0
LINE
  5
513
330
17
100
AcDbEntity
  8
ESTRUCTURAS
100
AcDbLine
 10
404.8666720920139
 20
284.69997829861114
 30
0.0
 11
404.90000406901044
 21
283.83332994249133
 31
0.0
  0
LINE
  5
514
330
17
100
AcDbEntity
  8
ESTRUCTURAS
100
AcDbLine
 10
403.9666748046875
 20
284.69997829861114
 30
0.0
 11
404.8666720920139
 21
284.69997829861114
 31
0.0
  0
LINE
  5
515
330
17
100
AcDbEntity
  8
ESTRUCTURAS
100
AcDbLine
 10
404.000006781684
 20
283.7999979654948
 30
0.0
 11
404.90000406901044
 21
283.83332994249133
 31
0.0
  0
LWPOLYLINE
  5
516
330
17
100
AcDbEntity
  8
ESTRUCTURAS
100
AcDbPolyline
 90
7
 70
0
 10
405.4666815863715
 20
283.46666124131946
 10
405.60000949435766
 20
283.46666124131946
 10
405.76666937934027
 20
283.46666124131946
 10
405.93332926432294
 20
283.46666124131946
 10
406.1000230577257
 20
283.46666124131946
 10
406.23335096571185
 20
283.499993218316
 10
406.36667887369794
 20
283.499993218316
  0
LWPOLYLINE
  5
517
330
17
100
AcDbEntity
  8
ESTRUCTURAS
100
AcDbPolyline
 90
7
 70
0
 10
405.4666815863715
 20
282.63332790798614
 10
405.60000949435766
 20
282.66665988498266
 10
405.76666937934027
 20
282.66665988498266
 10
405.96666124131946
 20
282.66665988498266
 10
406.13335503472223
 20
282.66665988498266
 10
406.26668294270837
 20
282.66665988498266
 10
406.40001085069446
 20
282.66665988498266
  0
LWPOLYLINE
  5
518
330
17
100
AcDbEntity
  8
ESTRUCTURAS
100
AcDbPolyline
 90
8
 70
0
 10
405.0018310546875
 20
283.49297417534723
 10
404.8961137317949
 20
283.3834460253517
 10
404.8380645364523
 20
283.27793466134204
 10
404.8059449510442
 20
283.16146915571557
 10
404.8019146339761
 20
283.0388527363539
 10
404.8265699959464
 20
282.9197650733921
 10
404.87774783538447
 20
282.8107569532262
 10
404.97534162468384
 20
282.6954463455412
  0
LWPOLYLINE
  5
519
330
17
100
AcDbEntity
  8
ESTRUCTURAS
100
AcDbPolyline
 90
3
 70
0
 10
405.2333238389757
 20
284.1999986436632
 10
405.2666897243924
 20
283.06666056315106
 10
405.16665988498266
 20
284.1999986436632
  0
LINE
  5
51A
330
17
100
AcDbEntity
  8
ESTRUCTURAS
100
AcDbLine
 10
405.4666815863715
 20
282.63332790798614
 30
0.0
 11
406.500006781684
 21
282.66665988498266
 31
0.0
  0
LWPOLYLINE
  5
51B
330
17
100
AcDbEntity
  8
ESTRUCTURAS
100
AcDbPolyline
 90
5
 70
0
 10
406.4592488606771
 20
282.70011054144965
 10
406.5606190760931
 20
282.71793411837683
 10
406.6656127985981
 20
282.77429406013755
 10
406.7549980183443
 20
282.87833087974127
 10
406.7948987748888
 20
282.9905298021105
  0
LWPOLYLINE
  5
51C
330
17
100
AcDbEntity
  8
ESTRUCTURAS
100
AcDbPolyline
 90
5
 70
0
 10
406.79985894097223
 20
283.15928141276044
 10
406.7813759876622
 20
283.2628874729077
 10
406.7140862511264
 20
283.3796809530921
 10
406.60864795247716
 20
283.4620380484396
 10
406.4766132666005
 20
283.4990073988835
  0
LINE
  5
51D
330
17
100
AcDbEntity
  8
ESTRUCTURAS
100
AcDbLine
 10
406.4666748046875
 20
283.499993218316
 30
0.0
 11
405.4666815863715
 21
283.46666124131946
 31
0.0
  0
LINE
  5
51E
330
17
100
AcDbEntity
  8
ESTRUCTURAS
100
AcDbLine
 10
405.5000135633681
 20
282.23332722981775
 30
0.0
 11
405.433349609375
 21
283.86666191948785
 31
0.0
  0
LINE
  5
51F
330
17
100
AcDbEntity
  8
ESTRUCTURAS
100
AcDbLine
 10
405.433349609375
 20
282.23332722981775
 30
0.0
 11
405.4000176323785
 21
283.86666191948785
 31
0.0
  0
LWPOLYLINE
  5
520
330
17
100
AcDbEntity
  8
ESTRUCTURAS
100
AcDbPolyline
 90
7
 70
0
 10
403.3999972873264
 20
285.0333319769965
 10
403.26666937934027
 20
285.0333319769965
 10
403.10000949435766
 20
285.0333319769965
 10
402.933349609375
 20
285.0333319769965
 10
402.7666897243924
 20
285.0333319769965
 10
402.66665988498266
 20
285.0333319769965
 10
402.5333319769965
 20
285.0333319769965
  0
LWPOLYLINE
  5
521
330
17
100
AcDbEntity
  8
ESTRUCTURAS
100
AcDbPolyline
 90
7
 70
0
 10
403.3999972873264
 20
285.8666653103299
 10
403.26666937934027
 20
285.8666653103299
 10
403.10000949435766
 20
285.83333333333337
 10
402.9000176323785
 20
285.83333333333337
 10
402.7333238389757
 20
285.83333333333337
 10
402.5999959309896
 20
285.83333333333337
 10
402.4666680230035
 20
285.83333333333337
  0
LWPOLYLINE
  5
522
330
17
100
AcDbEntity
  8
ESTRUCTURAS
100
AcDbPolyline
 90
8
 70
0
 10
403.8315158420139
 20
285.0736829969618
 10
403.9372331649065
 20
285.1832065317366
 10
403.9952823602491
 20
285.28872105810376
 10
404.02740194565723
 20
285.4051837656233
 10
404.03143226272533
 20
285.52779046197736
 10
404.006776900755
 20
285.6468860722251
 10
403.95559906131695
 20
285.75589578184815
 10
403.8580052720176
 20
285.87119943565796
  0
LWPOLYLINE
  5
523
330
17
100
AcDbEntity
  8
ESTRUCTURAS
100
AcDbPolyline
 90
3
 70
0
 10
403.63335503472223
 20
284.29999457465277
 10
403.6000230577257
 20
285.4666476779514
 10
403.70001898871527
 20
284.29999457465277
  0
LINE
  5
524
330
17
100
AcDbEntity
  8
ESTRUCTURAS
100
AcDbLine
 10
403.3999972873264
 20
285.8666653103299
 30
0.0
 11
402.3666720920139
 21
285.83333333333337
 31
0.0
  0
LWPOLYLINE
  5
525
330
17
100
AcDbEntity
  8
ESTRUCTURAS
100
AcDbPolyline
 90
5
 70
0
 10
402.37409803602435
 20
285.83319769965277
 10
402.2727278206084
 20
285.8153878317939
 10
402.1677340981033
 20
285.7590401172638
 10
402.0783488783572
 20
285.65500323971116
 10
402.0384481218126
 20
285.54280281066895
  0
LWPOLYLINE
  5
526
330
17
100
AcDbEntity
  8
ESTRUCTURAS
100
AcDbPolyline
 90
5
 70
0
 10
402.0334879557292
 20
285.3740437825521
 10
402.0519709090392
 20
285.27043153842294
 10
402.119260645575
 20
285.15363862117135
 10
402.22469894422426
 20
285.07128924131393
 10
402.3567336301009
 20
285.03433158000314
  0
LINE
  5
527
330
17
100
AcDbEntity
  8
ESTRUCTURAS
100
AcDbLine
 10
402.40000406901044
 20
285.0
 30
0.0
 11
403.3999972873264
 21
285.0333319769965
 31
0.0
  0
LINE
  5
528
330
17
100
AcDbEntity
  8
ESTRUCTURAS
100
AcDbLine
 10
403.3666653103299
 20
286.2666490342882
 30
0.0
 11
403.43332926432294
 21
284.63331434461804
 31
0.0
  0
LINE
  5
529
330
17
100
AcDbEntity
  8
ESTRUCTURAS
100
AcDbLine
 10
403.43332926432294
 20
286.2666490342882
 30
0.0
 11
403.46666124131946
 21
284.63331434461804
 31
0.0
  0
LINE
  5
52A
330
17
100
AcDbEntity
  8
ESTRUCTURAS
100
AcDbLine
 10
403.9666748046875
 20
284.69997829861114
 30
0.0
 11
404.000006781684
 21
283.7999979654948
 31
0.0
  0
LWPOLYLINE
  5
52B
330
17
100
AcDbEntity
  8
ESTRUCTURAS
100
AcDbPolyline
 90
7
 70
0
 10
403.46666124131946
 20
283.3999972873264
 10
403.33333333333337
 20
283.3999972873264
 10
403.1666734483507
 20
283.3999972873264
 10
402.9666815863715
 20
283.3999972873264
 10
402.8000217013889
 20
283.3999972873264
 10
402.6999918619792
 20
283.3999972873264
 10
402.5666639539931
 20
283.3999972873264
  0
LWPOLYLINE
  5
52C
330
17
100
AcDbEntity
  8
ESTRUCTURAS
100
AcDbPolyline
 90
7
 70
0
 10
403.46666124131946
 20
282.5999959309896
 10
403.33333333333337
 20
282.5999959309896
 10
403.1666734483507
 20
282.5999959309896
 10
403.0000135633681
 20
282.5999959309896
 10
402.83335367838544
 20
282.56666395399304
 10
402.7333238389757
 20
282.56666395399304
 10
402.5999959309896
 20
282.56666395399304
  0
LWPOLYLINE
  5
52D
330
17
100
AcDbEntity
  8
ESTRUCTURAS
100
AcDbPolyline
 90
8
 70
0
 10
403.89814588758685
 20
282.6069810655382
 10
404.0038710749812
 20
282.7164977706141
 10
404.06193252238967
 20
282.82200504508285
 10
404.0940627704064
 20
282.9384692427185
 10
404.0981021854613
 20
283.0610857407252
 10
404.0734637445874
 20
283.1801771455341
 10
404.0222940842311
 20
283.28919139173297
 10
403.9247030682034
 20
283.404508166843
  0
LWPOLYLINE
  5
52E
330
17
100
AcDbEntity
  8
ESTRUCTURAS
100
AcDbPolyline
 90
4
 70
0
 10
403.5333251953125
 20
282.5
 10
403.90001085069446
 20
282.5333319769965
 10
403.90001085069446
 20
283.499993218316
 10
403.73335096571185
 20
283.499993218316
  0
LWPOLYLINE
  5
52F
330
17
100
AcDbEntity
  8
ESTRUCTURAS
100
AcDbPolyline
 90
3
 70
0
 10
403.63335503472223
 20
284.1666666666667
 10
403.66668701171875
 20
282.999996609158
 10
403.70001898871527
 20
284.1666666666667
  0
LINE
  5
530
330
17
100
AcDbEntity
  8
ESTRUCTURAS
100
AcDbLine
 10
403.46666124131946
 20
282.5999959309896
 30
0.0
 11
402.4666680230035
 21
282.56666395399304
 31
0.0
  0
LWPOLYLINE
  5
531
330
17
100
AcDbEntity
  8
ESTRUCTURAS
100
AcDbPolyline
 90
5
 70
0
 10
402.10015190972223
 20
282.9408433702257
 10
402.1179254187478
 20
282.8394722607401
 10
402.1742450280322
 20
282.7344703384572
 10
402.27825566298435
 20
282.6450413713853
 10
402.3904456032647
 20
282.6051049762302
  0
LWPOLYLINE
  5
532
330
17
100
AcDbEntity
  8
ESTRUCTURAS
100
AcDbPolyline
 90
5
 70
0
 10
402.4407619900174
 20
283.3998786078559
 10
402.33714661664436
 20
283.381398672031
 10
402.2203430367841
 20
283.3141182901131
 10
402.13798140486085
 20
283.2086881539888
 10
402.1010162598557
 20
283.07665249125824
  0
LINE
  5
533
330
17
100
AcDbEntity
  8
ESTRUCTURAS
100
AcDbLine
 10
402.43333604600696
 20
283.3999972873264
 30
0.0
 11
403.46666124131946
 21
283.3999972873264
 31
0.0
  0
LINE
  5
534
330
17
100
AcDbEntity
  8
ESTRUCTURAS
100
AcDbLine
 10
403.499993218316
 20
282.19999525282117
 30
0.0
 11
403.43332926432294
 21
283.83332994249133
 31
0.0
  0
LINE
  5
535
330
17
100
AcDbEntity
  8
ESTRUCTURAS
100
AcDbLine
 10
403.5333251953125
 20
282.19999525282117
 30
0.0
 11
403.499993218316
 21
283.83332994249133
 31
0.0
  0
LINE
  5
536
330
17
100
AcDbEntity
  8
ESTRUCTURAS
100
AcDbLine
 10
403.46666124131946
 20
283.46666124131946
 30
0.0
 11
403.3999972873264
 21
284.9666680230035
 31
0.0
  0
LINE
  5
537
330
17
100
AcDbEntity
  8
ESTRUCTURAS
100
AcDbLine
 10
403.66668701171875
 20
285.2333238389757
 30
0.0
 11
405.16665988498266
 21
285.26665581597223
 31
0.0
  0
LINE
  5
538
330
17
100
AcDbEntity
  8
ESTRUCTURAS
100
AcDbLine
 10
405.4000176323785
 20
285.0333319769965
 30
0.0
 11
405.4666815863715
 21
283.5333251953125
 31
0.0
  0
LINE
  5
539
330
17
100
AcDbEntity
  8
ESTRUCTURAS
100
AcDbLine
 10
405.1999918619792
 20
283.26665242513025
 30
0.0
 11
403.70001898871527
 21
283.23332044813367
 31
0.0
  0
LINE
  5
53A
330
17
100
AcDbEntity
  8
ESTRUCTURAS
100
AcDbLine
 10
405.96666124131946
 20
283.3000013563368
 30
0.0
 11
402.9666815863715
 21
283.19998847113715
 31
0.0
  0
LINE
  5
53B
330
17
100
AcDbEntity
  8
ESTRUCTURAS
100
AcDbLine
 10
402.933349609375
 20
284.5999823676215
 30
0.0
 11
402.9666815863715
 21
283.19998847113715
 31
0.0
  0
LINE
  5
53C
330
17
100
AcDbEntity
  8
ESTRUCTURAS
100
AcDbLine
 10
405.93332926432294
 20
284.69997829861114
 30
0.0
 11
405.96666124131946
 21
283.3000013563368
 31
0.0
  0
LINE
  5
53D
330
17
100
AcDbEntity
  8
ESTRUCTURAS
100
AcDbLine
 10
405.8999972873264
 20
285.16665988498266
 30
0.0
 11
405.93332926432294
 21
284.69997829861114
 31
0.0
  0
LWPOLYLINE
  5
53E
330
17
100
AcDbEntity
  8
ESTRUCTURAS
100
AcDbPolyline
 90
21
 70
0
 10
404.4276597764757
 20
283.8668145073785
 10
404.55102626648215
 20
283.88880158050193
 10
404.65866651799945
 20
283.9440844787492
 10
404.7682085964415
 20
284.0595575504833
 10
404.8177450481389
 20
284.1699610360795
 10
404.83320448133685
 20
284.29431491427954
 10
404.81120954785086
 20
284.41768613540467
 10
404.7559216949675
 20
284.52532374196585
 10
404.6404453780916
 20
284.6348566148016
 10
404.53004111018447
 20
284.6843862492177
 10
404.4056871202257
 20
284.69984266493054
 10
404.28232063021926
 20
284.6778507489297
 10
404.17468037870196
 20
284.6225697133276
 10
404.06513830025995
 20
284.507102602058
 10
404.0156018485626
 20
284.396700979107
 10
404.0001424153646
 20
284.27234225802954
 10
404.0221373488506
 20
284.148977332645
 10
404.07742520173394
 20
284.0413408809238
 10
404.1929015186098
 20
283.9318050278558
 10
404.30330578651694
 20
283.8822723759545
 10
404.4276597764757
 20
283.8668145073785
  0
LINE
  5
53F
330
17
100
AcDbEntity
  8
ESTRUCTURAS
100
AcDbLine
 10
406.16668701171875
 20
284.69997829861114
 30
0.0
 11
405.433349609375
 21
284.6666463216146
 31
0.0
  0
LINE
  5
540
330
17
100
AcDbEntity
  8
ESTRUCTURAS
100
AcDbLine
 10
403.43332926432294
 20
284.63331434461804
 30
0.0
 11
402.66665988498266
 21
284.5999823676215
 31
0.0
  0
LWPOLYLINE
  5
541
330
17
100
AcDbEntity
  8
ESTRUCTURAS
100
AcDbPolyline
 90
3
 70
0
 10
405.33335367838544
 20
288.5333251953125
 10
405.433349609375
 20
284.26666259765625
 10
404.8333401150174
 20
284.26666259765625
  0
LWPOLYLINE
  5
542
330
17
100
AcDbEntity
  8
ESTRUCTURAS
100
AcDbPolyline
 90
3
 70
0
 10
404.0333387586806
 20
284.23333062065973
 10
403.43332926432294
 20
284.23333062065973
 10
403.33333333333337
 20
288.46666124131946
  0
LWPOLYLINE
  5
543
330
17
100
AcDbEntity
  8
ESTRUCTURAS
100
AcDbPolyline
 90
4
 70
0
 10
278.6000230577257
 20
274.0333218044705
 10
278.6000230577257
 20
271.5333218044705
 10
278.6000230577257
 20
267.79998779296875
 10
276.3333468967014
 20
267.79998779296875
  0
LWPOLYLINE
  5
544
330
17
100
AcDbEntity
  8
ESTRUCTURAS
100
AcDbPolyline
 90
3
 70
0
 10
275.33335367838544
 20
267.79998779296875
 10
272.83335367838544
 20
267.79998779296875
 10
270.33335367838544
 20
267.79998779296875
  0
LWPOLYLINE
  5
545
330
17
100
AcDbEntity
  8
ESTRUCTURAS
100
AcDbPolyline
 90
3
 70
0
 10
269.3333265516493
 20
267.79998779296875
 10
266.8333265516493
 20
267.79998779296875
 10
264.33336046006946
 20
267.79998779296875
  0
LWPOLYLINE
  5
546
330
17
100
AcDbEntity
  8
ESTRUCTURAS
100
AcDbPolyline
 90
4
 70
0
 10
263.33333333333337
 20
267.79998779296875
 10
260.83333333333337
 20
267.79998779296875
 10
258.6000230577257
 20
267.79998779296875
 10
258.6000230577257
 20
271.5333218044705
  0
LWPOLYLINE
  5
547
330
17
100
AcDbEntity
  8
ESTRUCTURAS
100
AcDbPolyline
 90
4
 70
0
 10
258.6000230577257
 20
272.5333319769965
 10
258.6000230577257
 20
275.0333319769965
 10
258.6000230577257
 20
278.7999979654948
 10
260.83333333333337
 20
278.7999979654948
  0
LWPOLYLINE
  5
548
330
17
100
AcDbEntity
  8
ESTRUCTURAS
100
AcDbPolyline
 90
3
 70
0
 10
261.83336046006946
 20
278.7999979654948
 10
264.33336046006946
 20
278.7999979654948
 10
266.8333265516493
 20
278.7999979654948
  0
LWPOLYLINE
  5
549
330
17
100
AcDbEntity
  8
ESTRUCTURAS
100
AcDbPolyline
 90
3
 70
0
 10
267.83335367838544
 20
278.7999979654948
 10
270.33335367838544
 20
278.7999979654948
 10
272.83335367838544
 20
278.7999979654948
  0
LWPOLYLINE
  5
54A
330
17
100
AcDbEntity
  8
ESTRUCTURAS
100
AcDbPolyline
 90
3
 70
0
 10
273.8333468967014
 20
278.7999979654948
 10
276.3333468967014
 20
278.7999979654948
 10
278.6000230577257
 20
278.7999979654948
  0
LWPOLYLINE
  5
54B
330
17
100
AcDbEntity
  8
ESTRUCTURAS
100
AcDbPolyline
 90
5
 70
0
 10
276.60000271267364
 20
274.7999911838108
 10
260.60000949435766
 20
274.7999911838108
 10
260.60000949435766
 20
271.79999457465277
 10
276.60000271267364
 20
271.79999457465277
 10
276.60000271267364
 20
274.7999911838108
  0
LWPOLYLINE
  5
54C
330
17
100
AcDbEntity
  8
ESTRUCTURAS
100
AcDbPolyline
 90
5
 70
0
 10
294.6000162760417
 20
269.46665445963544
 10
294.6000162760417
 20
273.46666124131946
 10
290.60000949435766
 20
273.46666124131946
 10
290.60000949435766
 20
269.46665445963544
 10
294.6000162760417
 20
269.46665445963544
  0
LWPOLYLINE
  5
54D
330
17
100
AcDbEntity
  8
ESTRUCTURAS
100
AcDbPolyline
 90
10
 70
0
 10
397.4666680230035
 20
291.64944118923614
 10
397.4356449974908
 20
291.7520380682416
 10
397.32080353630914
 20
291.82949046293896
 10
397.21246348487006
 20
291.81911680433484
 10
397.10838908122645
 20
291.70501742098065
 10
397.1080748902427
 20
291.59598435792657
 10
397.19546483622656
 20
291.4890318363905
 10
397.301530001892
 20
291.46753675407837
 10
397.41257985432946
 20
291.51997036404083
 10
397.4656649844514
 20
291.6306997007794
  0
LWPOLYLINE
  5
54E
330
17
100
AcDbEntity
  8
ESTRUCTURAS
100
AcDbPolyline
 90
10
 70
0
 10
401.9000244140625
 20
291.64944118923614
 10
401.8690013885498
 20
291.7520380682416
 10
401.75415992736816
 20
291.82949046293896
 10
401.64581987592913
 20
291.81911680433484
 10
401.5417454722855
 20
291.70501742098065
 10
401.54143128130175
 20
291.59598435792657
 10
401.62882122728564
 20
291.4890318363905
 10
401.734886392951
 20
291.46753675407837
 10
401.8459362453885
 20
291.51997036404083
 10
401.8990213755105
 20
291.6306997007794
  0
LWPOLYLINE
  5
54F
330
17
100
AcDbEntity
  8
ESTRUCTURAS
100
AcDbPolyline
 90
17
 70
0
 10
401.7097642686632
 20
295.8999972873264
 10
401.2752621455325
 20
295.877345725894
 10
400.85338095823926
 20
295.81225441561804
 10
400.44625360932616
 20
295.70686311357554
 10
400.056013001336
 20
295.56331157684326
 10
399.68479203681153
 20
295.3837395624982
 10
399.33472361829547
 20
295.17028682761725
 10
399.0079406483306
 20
294.92509312927723
 10
398.70657602945965
 20
294.6502982245551
 10
398.4327626642254
 20
294.3480418705278
 10
398.18863345517053
 20
294.02046382427216
 10
397.9763213048379
 20
293.6697038428651
 10
397.79795911577014
 20
293.29790168338354
 10
397.6556797905101
 20
292.9071971029043
 10
397.55161623160046
 20
292.4997298585044
 10
397.487901341584
 20
292.0776397072607
 10
397.4666680230035
 20
291.64306640625
  0
LWPOLYLINE
  5
550
330
17
100
AcDbEntity
  8
ESTRUCTURAS
100
AcDbPolyline
 90
10
 70
0
 10
306.80002848307294
 20
272.81521267361114
 10
306.7695079247157
 20
272.91795886225174
 10
306.65502859486475
 20
272.9959645205074
 10
306.5466536415948
 20
272.9861346880595
 10
306.4420226795806
 20
272.8725466007988
 10
306.4411651177539
 20
272.7635137612621
 10
306.5280457089345
 20
272.65614119254883
 10
306.6340075681607
 20
272.63412687099645
 10
306.74529605441626
 20
272.68600251939563
 10
306.79893135196636
 20
272.7964756927557
  0
LWPOLYLINE
  5
551
330
17
100
AcDbEntity
  8
ESTRUCTURAS
100
AcDbPolyline
 90
10
 70
0
 10
311.20001898871527
 20
272.81521267361114
 10
311.16949843035803
 20
272.91795886225174
 10
311.05501910050714
 20
272.9959645205074
 10
310.9466441472372
 20
272.9861346880595
 10
310.842013185223
 20
272.8725466007988
 10
310.8411556233963
 20
272.7635137612621
 10
310.9280362145768
 20
272.65614119254883
 10
311.03399807380305
 20
272.63412687099645
 10
311.1452865600586
 20
272.68600251939563
 10
311.1989218576087
 20
272.7964756927557
  0
LWPOLYLINE
  5
552
330
17
100
AcDbEntity
  8
ESTRUCTURAS
100
AcDbPolyline
 90
17
 70
0
 10
311.03091769748266
 20
277.0666334364149
 10
310.59631244175966
 20
277.04614772150916
 10
310.1741162273619
 20
276.98315994607077
 10
309.76647258632715
 20
276.8797992128465
 10
309.3755250506931
 20
276.73819462458295
 10
309.0034171524975
 20
276.5604752840267
 10
308.65229242377814
 20
276.34877029392453
 10
308.32429439657267
 20
276.10520875702304
 10
308.0215666029188
 20
275.8319197760688
 10
307.74625257485445
 20
275.5310324538085
 10
307.5004958444172
 20
275.20467589298886
 10
307.2864399436447
 20
274.8549791963564
 10
307.10622840457495
 20
274.48407146665784
 10
306.9620047592455
 20
274.09408180663985
 10
306.85591253969403
 20
273.687139319049
 10
306.79009527795847
 20
273.26537310663196
 10
306.7666965060764
 20
272.83091227213544
  0
LWPOLYLINE
  5
553
330
17
100
AcDbEntity
  8
ESTRUCTURAS
100
AcDbPolyline
 90
10
 70
0
 10
392.3666720920139
 20
222.51817491319446
 10
392.3971455627018
 20
222.41541620757846
 10
392.5115732351939
 20
222.33736789888806
 10
392.61997063954675
 20
222.34716018040976
 10
392.72465882201993
 20
222.4607087050875
 10
392.7255574365457
 20
222.56974154462418
 10
392.63873982760646
 20
222.67714782307547
 10
392.5327883743578
 20
222.69919924851922
 10
392.4214553833008
 20
222.64736387464737
 10
392.3677755809493
 20
222.53691150496405
  0
LWPOLYLINE
  5
554
330
17
100
AcDbEntity
  8
ESTRUCTURAS
100
AcDbPolyline
 90
10
 70
0
 10
387.9333157009549
 20
222.51817491319446
 10
387.96378917164276
 20
222.41541620757846
 10
388.0782168441349
 20
222.33736789888806
 10
388.18661424848773
 20
222.34716018040976
 10
388.2913024309609
 20
222.4607087050875
 10
388.2922010454867
 20
222.56974154462418
 10
388.2053834365474
 20
222.67714782307547
 10
388.09943198329876
 20
222.69919924851922
 10
387.98809899224176
 20
222.64736387464737
 10
387.93441918989026
 20
222.53691150496405
  0
LWPOLYLINE
  5
555
330
17
100
AcDbEntity
  8
ESTRUCTURAS
100
AcDbPolyline
 90
17
 70
0
 10
388.1007554796007
 20
218.26668633355035
 10
388.5353749245405
 20
218.28699972066616
 10
388.95760052733954
 20
218.34982070657944
 10
389.3652880605724
 20
218.45302095843687
 10
389.75629329681396
 20
218.59447214338516
 10
390.12847200863894
 20
218.77204592857098
 10
390.479679968622
 20
218.983613981141
 10
390.80777294933796
 20
219.22704796824192
 10
391.11060672336157
 20
219.50021955702042
 10
391.3860370632675
 20
219.80100041462316
 10
391.63191974163055
 20
220.12726220819687
 10
391.8461105310255
 20
220.4768766048882
 10
392.026465204027
 20
220.8477152718438
 10
392.1708395332098
 20
221.23764987621044
 10
392.27708929114874
 20
221.64455208513473
 10
392.34307025041846
 20
222.06629356576337
 10
392.36663818359375
 20
222.50074598524307
  0
LWPOLYLINE
  5
556
330
17
100
AcDbEntity
  8
ESTRUCTURAS
100
AcDbPolyline
 90
10
 70
0
 10
303.7333509657118
 20
221.81810167100696
 10
303.7012198898527
 20
221.92035612132815
 10
303.5855500565635
 20
221.9965527123875
 10
303.47733444637726
 20
221.98501878314548
 10
303.3744876003928
 20
221.86980058335595
 10
303.3753451622195
 20
221.7607677438193
 10
303.4638919019037
 20
221.6547733007206
 10
303.57016946706506
 20
221.63442865428
 10
303.6806530422635
 20
221.6880480448405
 10
303.73254882792634
 20
221.7993498303824
  0
LWPOLYLINE
  5
557
330
17
100
AcDbEntity
  8
ESTRUCTURAS
100
AcDbPolyline
 90
10
 70
0
 10
308.1333414713542
 20
221.85143364800348
 10
308.1012103954951
 20
221.95368809832468
 10
307.98554056220587
 20
222.02988468938403
 10
307.8773249520196
 20
222.01835076014203
 10
307.77447810603513
 20
221.9031325603525
 10
307.77533566786184
 20
221.79409972081584
 10
307.86388240754604
 20
221.6881052777171
 10
307.97015997270745
 20
221.6677606312765
 10
308.0806435479058
 20
221.72138002183704
 10
308.1325393335687
 20
221.83268180737895
  0
LWPOLYLINE
  5
558
330
17
100
AcDbEntity
  8
ESTRUCTURAS
100
AcDbPolyline
 90
17
 70
0
 10
303.70001898871527
 20
221.83573404947919
 10
303.72341776059733
 20
221.40127321498264
 10
303.78923502233295
 20
220.9795070025656
 10
303.89532724188433
 20
220.57256451497477
 10
304.0395508872138
 20
220.18257485495675
 10
304.21976242628364
 20
219.8116671252582
 10
304.43381832705603
 20
219.46197042862576
 10
304.6795750574933
 20
219.1356138678061
 10
304.95488908555774
 20
218.8347265455458
 10
305.2576168792115
 20
218.56143756459159
 10
305.585614906417
 20
218.31787602769006
 10
305.9367396351364
 20
218.10617103758787
 10
306.30884753333197
 20
217.92845169703168
 10
306.699795068966
 20
217.78684710876811
 10
307.1074387100008
 20
217.68348637554382
 10
307.5296349243985
 20
217.62049860010546
 10
307.9642401801215
 20
217.60001288519967
  0
LWPOLYLINE
  5
559
330
17
100
AcDbEntity
  8
ESTRUCTURAS
100
AcDbPolyline
 90
21
 70
0
 10
298.53335910373266
 20
272.84822252061633
 10
298.51515308850344
 20
272.97220521089105
 10
298.46318476729925
 20
273.0814838078287
 10
298.35111227300433
 20
273.19450249274576
 10
298.24227516021995
 20
273.24739211549365
 10
298.1184556749132
 20
273.26665242513025
 10
297.9944666888979
 20
273.24844156702363
 10
297.88518693712024
 20
273.1964751084646
 10
297.7721712324354
 20
273.08440857463415
 10
297.71928462717267
 20
272.9755733244949
 10
297.7000257703993
 20
272.8517489963108
 10
297.7182317856285
 20
272.7277663060361
 10
297.7702001068327
 20
272.6184877090984
 10
297.8822726011276
 20
272.50546902418137
 10
297.991109713912
 20
272.45257940143347
 10
298.11492919921875
 20
272.4333190917969
 10
298.23891818523407
 20
272.4515299499035
 10
298.3481979370117
 20
272.5034964084625
 10
298.46121364169653
 20
272.61556294229297
 10
298.5141002469593
 20
272.7243981924322
 10
298.53335910373266
 20
272.84822252061633
  0
LWPOLYLINE
  5
55A
330
17
100
AcDbEntity
  8
ESTRUCTURAS
100
AcDbPolyline
 90
5
 70
0
 10
297.3666720920139
 20
272.0666673448351
 10
298.86667887369794
 20
272.0666673448351
 10
298.86667887369794
 20
273.566657172309
 10
297.3666720920139
 20
273.566657172309
 10
297.3666720920139
 20
272.0666673448351
  0
LWPOLYLINE
  5
55B
330
17
100
AcDbEntity
  8
ESTRUCTURAS
100
AcDbPolyline
 90
3
 70
0
 10
296.4666748046875
 20
273.83332994249133
 10
298.1333414713542
 20
273.83332994249133
 10
298.1333414713542
 20
273.23332044813367
  0
LWPOLYLINE
  5
55C
330
17
100
AcDbEntity
  8
ESTRUCTURAS
100
AcDbPolyline
 90
3
 70
0
 10
298.1333414713542
 20
272.4333190917969
 10
298.1333414713542
 20
271.8333265516493
 10
296.4666748046875
 20
271.8333265516493
  0
LWPOLYLINE
  5
55D
330
17
100
AcDbEntity
  8
ESTRUCTURAS
100
AcDbPolyline
 90
21
 70
0
 10
297.9666815863715
 20
221.8484327528212
 10
297.94840642975436
 20
221.97240683767532
 10
297.896383272277
 20
222.08166095945572
 10
297.78425991535187
 20
222.19462580151028
 10
297.67540134489536
 20
222.24746174282498
 10
297.55157470703125
 20
222.26665920681424
 10
297.42760837078094
 20
222.2483917988009
 10
297.3183584213257
 20
222.19637281364865
 10
297.2053935792711
 20
222.08424945672354
 10
297.1525534656313
 20
221.9753867139419
 10
297.1333482530382
 20
221.85155232747397
 10
297.1516234096554
 20
221.72757824261984
 10
297.20364656713275
 20
221.61832412083945
 10
297.31576992405786
 20
221.50535927878488
 10
297.42462849451437
 20
221.45252333747018
 10
297.5484551323785
 20
221.43332587348092
 10
297.6724214686288
 20
221.45159328149427
 10
297.78167141808404
 20
221.5036122666465
 10
297.8946362601386
 20
221.61573562357162
 10
297.94747637377844
 20
221.72459836635326
 10
297.9666815863715
 20
221.8484327528212
  0
LWPOLYLINE
  5
55E
330
17
100
AcDbEntity
  8
ESTRUCTURAS
100
AcDbPolyline
 90
5
 70
0
 10
296.79999457465277
 20
221.06665717230905
 10
298.3000013563368
 20
221.06665717230905
 10
298.3000013563368
 20
222.56666395399307
 10
296.79999457465277
 20
222.56666395399307
 10
296.79999457465277
 20
221.06665717230905
  0
LWPOLYLINE
  5
55F
330
17
100
AcDbEntity
  8
ESTRUCTURAS
100
AcDbPolyline
 90
3
 70
0
 10
295.8999972873264
 20
222.83333672417535
 10
297.56666395399304
 20
222.83333672417535
 10
297.56666395399304
 20
222.23332722981772
  0
LWPOLYLINE
  5
560
330
17
100
AcDbEntity
  8
ESTRUCTURAS
100
AcDbPolyline
 90
3
 70
0
 10
297.56666395399304
 20
221.43332587348092
 10
297.56666395399304
 20
220.83333333333334
 10
295.8999972873264
 20
220.83333333333334
  0
LWPOLYLINE
  5
561
330
17
100
AcDbEntity
  8
ESTRUCTURAS
100
AcDbPolyline
 90
21
 70
0
 10
390.0333319769965
 20
291.650627983941
 10
390.0144156234132
 20
291.77449552549257
 10
389.96182368861304
 20
291.88346876038446
 10
389.84910560978784
 20
291.99583888053894
 10
389.7399619801177
 20
292.04810187220573
 10
389.61602105034723
 20
292.066650390625
 10
389.49215350879564
 20
292.04773403704166
 10
389.38318027390375
 20
291.9951421022415
 10
389.27081015374927
 20
291.8824240234163
 10
389.2185471620825
 20
291.7732803937462
 10
389.1999986436632
 20
291.6493394639757
 10
389.21891499724654
 20
291.5254719224241
 10
389.2715069320467
 20
291.4164986875322
 10
389.3842250108719
 20
291.30412856737775
 10
389.49336864054203
 20
291.25186557571095
 10
389.6173095703125
 20
291.2333170572917
 10
389.7411771118641
 20
291.252233410875
 10
389.850150346756
 20
291.30482534567517
 10
389.96252046691046
 20
291.41754342450037
 10
390.01478345857726
 20
291.5266870541705
 10
390.0333319769965
 20
291.650627983941
  0
LWPOLYLINE
  5
562
330
17
100
AcDbEntity
  8
ESTRUCTURAS
100
AcDbPolyline
 90
5
 70
0
 10
388.90001085069446
 20
290.8666653103299
 10
390.4000176323785
 20
290.8666653103299
 10
390.4000176323785
 20
292.3666720920139
 10
388.90001085069446
 20
292.3666720920139
 10
388.90001085069446
 20
290.8666653103299
  0
LWPOLYLINE
  5
563
330
17
100
AcDbEntity
  8
ESTRUCTURAS
100
AcDbPolyline
 90
3
 70
0
 10
388.0000135633681
 20
292.63332790798614
 10
389.6333482530382
 20
292.63332790798614
 10
389.6333482530382
 20
292.0333184136285
  0
LWPOLYLINE
  5
564
330
17
100
AcDbEntity
  8
ESTRUCTURAS
100
AcDbPolyline
 90
3
 70
0
 10
389.6333482530382
 20
291.2333170572917
 10
389.6333482530382
 20
290.6333414713542
 10
388.0000135633681
 20
290.6333414713542
  0
LWPOLYLINE
  5
565
330
17
100
AcDbEntity
  8
ESTRUCTURAS
100
AcDbPolyline
 90
21
 70
0
 10
399.866706000434
 20
222.42097642686633
 10
399.8841453509198
 20
222.2968874913123
 10
399.93543909655676
 20
222.18729433086185
 10
400.04681567351025
 20
222.07359244426092
 10
400.1553286860387
 20
222.02003778268895
 10
400.27903238932294
 20
222.0000203450521
 10
400.40312121311825
 20
222.0174723987778
 10
400.51271359125775
 20
222.0687692364057
 10
400.6264122327169
 20
222.18014309803647
 10
400.6799619396528
 20
222.2886550302307
 10
400.6999715169271
 20
222.41236368815106
 10
400.6825321664413
 20
222.5364526237051
 10
400.6312384208044
 20
222.64604578415555
 10
400.5198618438509
 20
222.75974767075647
 10
400.41134883132247
 20
222.81330233232845
 10
400.2876451280382
 20
222.8333197699653
 10
400.1635563042429
 20
222.81586771623958
 10
400.0539639261034
 20
222.7645708786117
 10
399.9402652846442
 20
222.65319701698093
 10
399.88671557770834
 20
222.5446850847867
 10
399.866706000434
 20
222.42097642686633
  0
LWPOLYLINE
  5
566
330
17
100
AcDbEntity
  8
ESTRUCTURAS
100
AcDbPolyline
 90
5
 70
0
 10
401.0333251953125
 20
223.1333245171441
 10
399.53335232204864
 20
223.16665649414062
 10
399.53335232204864
 20
221.66666666666669
 10
401.0333251953125
 20
221.63333468967014
 10
401.0333251953125
 20
223.1333245171441
  0
LWPOLYLINE
  5
567
330
17
100
AcDbEntity
  8
ESTRUCTURAS
100
AcDbPolyline
 90
3
 70
0
 10
401.933356391059
 20
221.39999389648438
 10
400.2666897243924
 20
221.39999389648438
 10
400.2666897243924
 20
222.000003390842
  0
LWPOLYLINE
  5
568
330
17
100
AcDbEntity
  8
ESTRUCTURAS
100
AcDbPolyline
 90
3
 70
0
 10
400.3000217013889
 20
222.79998779296875
 10
400.3000217013889
 20
223.39999728732639
 10
401.933356391059
 20
223.39999728732639
  0
LWPOLYLINE
  5
569
330
17
100
AcDbEntity
  8
ESTRUCTURAS
100
AcDbPolyline
 90
57
 70
0
 10
399.73334418402777
 20
118.3809322781033
 10
399.72713538342055
 20
118.50875034928322
 10
399.70843116442364
 20
118.63290044996474
 10
399.6778586672412
 20
118.75275305575795
 10
399.6360450320774
 20
118.86767864227295
 10
399.58361739913624
 20
118.97704768511984
 10
399.5212029086219
 20
119.08023065990872
 10
399.3689219156901
 20
119.26552030775282
 10
399.1842191749149
 20
119.41851139068604
 10
399.0812774995963
 20
119.4813211593363
 10
398.97211180792914
 20
119.53416771358914
 10
398.8573492401176
 20
119.57642152905464
 10
398.7376169363658
 20
119.60745308134291
 10
398.61354203687773
 20
119.62663284606404
 10
398.48575168185766
 20
119.63333129882812
 10
398.3579307215081
 20
119.62712258928353
 10
398.23377827803296
 20
119.60841861036089
 10
398.11392382615145
 20
119.5778464525938
 10
397.99899684058295
 20
119.53603320651585
 10
397.8896267960469
 20
119.48360596266058
 10
397.78644316726263
 20
119.42119181156158
 10
397.60115305582684
 20
119.26891114976671
 10
397.4481623040305
 20
119.08420794539983
 10
397.3853528747956
 20
118.98126561608579
 10
397.33250670962866
 20
118.87209892272949
 10
397.290253283249
 20
118.7573349558645
 10
397.2592220703761
 20
118.63760080602434
 10
397.24004254572924
 20
118.51352356374264
 10
397.23334418402777
 20
118.38573031955296
 10
397.23955298463505
 20
118.25791224837303
 10
397.25825720363196
 20
118.13376214769151
 10
397.28882970081435
 20
118.01390954189831
 10
397.3306433359782
 20
117.8989839553833
 10
397.38307096891936
 20
117.78961491253641
 10
397.44548545943366
 20
117.68643193774754
 10
397.5977664523655
 20
117.50114228990343
 10
397.7824691931407
 20
117.34815120697021
 10
397.8854108684593
 20
117.28534143831995
 10
397.9945765601264
 20
117.23249488406712
 10
398.109339127938
 20
117.19024106860161
 10
398.2290714316898
 20
117.15920951631334
 10
398.3531463311778
 20
117.14002975159222
 10
398.48093668619794
 20
117.13333129882812
 10
398.6087576465474
 20
117.13954000837273
 10
398.73291009002264
 20
117.15824398729536
 10
398.85276454190415
 20
117.18881614506245
 10
398.9676915274726
 20
117.23062939114041
 10
399.0770615720087
 20
117.28305663499567
 10
399.18024520079297
 20
117.34547078609467
 10
399.36553531222876
 20
117.49775144788954
 10
399.518526064025
 20
117.68245465225644
 10
399.58133549326
 20
117.78539698157046
 10
399.63418165842694
 20
117.89456367492676
 10
399.67643508480654
 20
118.00932764179177
 10
399.7074662976795
 20
118.12906179163191
 10
399.72664582232636
 20
118.25313903391361
 10
399.73334418402777
 20
118.3809322781033
  0
LWPOLYLINE
  5
56A
330
17
100
AcDbEntity
  8
ESTRUCTURAS
100
AcDbPolyline
 90
65
 70
0
 10
384.26072862413196
 20
141.3555399576823
 10
384.0975504202975
 20
141.32789737027554
 10
383.9410048723221
 20
141.2847734325462
 10
383.79180390801696
 20
141.22707032288116
 10
383.6506594551934
 20
141.15569021966724
 10
383.5182834416628
 20
141.07153530129128
 10
383.3953877952364
 20
140.97550774614018
 10
383.2826844437255
 20
140.86850973260073
 10
383.1808853149414
 20
140.75144343905978
 10
383.0907023366955
 20
140.62521104390424
 10
383.01284743679895
 20
140.4907147255209
 10
382.94803254306316
 20
140.34885666229658
 10
382.89696958329944
 20
140.20053903261822
 10
382.86037048531904
 20
140.0466640148726
 10
382.8389471769333
 20
139.88813378744655
 10
382.8334115859535
 20
139.725850528727
 10
382.844475640191
 20
139.5607164171007
 10
382.8721125423908
 20
139.39753532202707
 10
382.9152320490943
 20
139.24098741677074
 10
382.9729318453206
 20
139.0917845670548
 10
383.04430961608887
 20
138.95063863860236
 10
383.1284630464183
 20
138.81826149713663
 10
383.22448982132806
 20
138.6953650083807
 10
383.3314876258373
 20
138.58266103805767
 10
383.44855414496527
 20
138.48086145189075
 10
383.5747870637311
 20
138.390678115603
 10
383.70928406715393
 20
138.3128228949176
 10
383.851142840253
 20
138.24800765555767
 10
383.9994610680474
 20
138.19694426324634
 10
384.1533364355564
 20
138.16034458370672
 10
384.31186662779913
 20
138.138920482662
 10
384.4741493297948
 20
138.13338382583527
 10
384.6392822265625
 20
138.14444647894965
 10
384.80246043039693
 20
138.17208906635642
 10
384.9590059783724
 20
138.21521300408577
 10
385.1082069426775
 20
138.2729161137508
 10
385.24935139550104
 20
138.34429621696472
 10
385.38172740903167
 20
138.42845113534068
 10
385.50462305545807
 20
138.52447869049178
 10
385.61732640696897
 20
138.63147670403123
 10
385.71912553575305
 20
138.74854299757217
 10
385.809308513999
 20
138.8747753927277
 10
385.8871634138955
 20
139.00927171111107
 10
385.9519783076313
 20
139.15112977433537
 10
386.003041267395
 20
139.29944740401373
 10
386.0396403653754
 20
139.45332242175937
 10
386.06106367376117
 20
139.6118526491854
 10
386.06659926474094
 20
139.77413590790496
 10
386.0555352105035
 20
139.93927001953125
 10
386.02789830830363
 20
140.1024511146049
 10
385.98477880160016
 20
140.25899901986122
 10
385.92707900537386
 20
140.40820186957717
 10
385.8557012346056
 20
140.5493477980296
 10
385.77154780427617
 20
140.68172493949533
 10
385.6755210293664
 20
140.80462142825127
 10
385.56852322485713
 20
140.9173253985743
 10
385.4514567057292
 20
141.0191249847412
 10
385.32522378696336
 20
141.10930832102895
 10
385.1907267835405
 20
141.18716354171437
 10
385.0488680104415
 20
141.25197878107429
 10
384.90054978264703
 20
141.30304217338562
 10
384.74667441513805
 20
141.33964185292524
 10
384.5881442228953
 20
141.36106595396996
 10
384.4258615208997
 20
141.3666026107967
 10
384.26072862413196
 20
141.3555399576823
  0
LWPOLYLINE
  5
56B
330
17
100
AcDbEntity
  8
ESTRUCTURAS
100
AcDbPolyline
 90
4
 70
0
 10
383.20000542534723
 20
140.7333289252387
 10
381.23335096571185
 20
142.76665581597223
 10
386.8999905056424
 20
143.43332926432294
 10
385.4666815863715
 20
140.99999321831598
  0
LWPOLYLINE
  5
56C
330
17
100
AcDbEntity
  8
ESTRUCTURAS
100
AcDbPolyline
 90
65
 70
0
 10
405.6070963541667
 20
199.98031616210938
 10
405.77207638985584
 20
199.96716428548098
 10
405.93441598945196
 20
199.97064659992856
 10
406.09320404628915
 20
199.99006267637014
 10
406.2475294537015
 20
200.02471208572388
 10
406.396481105023
 20
200.07389439890784
 10
406.53914789358777
 20
200.13690918684006
 10
406.6746187127299
 20
200.21305602043867
 10
406.80198245578345
 20
200.30163447062176
 10
406.92032801608246
 20
200.40194410830736
 10
407.02874428696106
 20
200.5132845044136
 10
407.12632016175326
 20
200.63495522985858
 10
407.21214453379315
 20
200.7662558555603
 10
407.28530629641483
 20
200.90648595243692
 10
407.34489434295233
 20
201.05494509140652
 10
407.38999756673974
 20
201.21093284338713
 10
407.41970486111114
 20
201.37374877929688
 10
407.43285953170727
 20
201.53873179521827
 10
407.42937929100464
 20
201.70107397768234
 10
407.409964642591
 20
201.85986422002316
 10
407.375316090054
 20
202.01419141557483
 10
407.32613413698147
 20
202.1631444576714
 10
407.26311928696106
 20
202.3058122396469
 10
407.1869720435805
 20
202.4412836548355
 10
407.09839291042755
 20
202.5686475965712
 10
406.9980823910899
 20
202.68699295818806
 10
406.88674098915527
 20
202.7954086330202
 10
406.7650692082114
 20
202.89298351440166
 10
406.633767551846
 20
202.9788064956665
 10
406.4935365236468
 20
203.05196647014884
 10
406.34507662720154
 20
203.1115523311827
 10
406.1890883660979
 20
203.15665297210217
 10
406.02627224392364
 20
203.18635728624133
 10
405.8612922082345
 20
203.19950916286973
 10
405.69895260863836
 20
203.19602684842218
 10
405.5401645518012
 20
203.17661077198056
 10
405.38583914438885
 20
203.14196136262683
 10
405.23688749306734
 20
203.0927790494429
 10
405.09422070450256
 20
203.02976426151065
 10
404.9587498853604
 20
202.95361742791204
 10
404.8313861423069
 20
202.86503897772897
 10
404.71304058200786
 20
202.76472934004335
 10
404.60462431112927
 20
202.6533889439371
 10
404.5070484363371
 20
202.53171821849216
 10
404.4212240642972
 20
202.4004175927904
 10
404.3480623016755
 20
202.26018749591378
 10
404.288474255138
 20
202.1117283569442
 10
404.2433710313506
 20
201.95574060496358
 10
404.2136637369792
 20
201.79292466905383
 10
404.20050906638306
 20
201.62794165313244
 10
404.2039893070857
 20
201.46559947066837
 10
404.22340395549935
 20
201.30680922832755
 10
404.2580525080363
 20
201.15248203277588
 10
404.30723446110886
 20
201.0035289906793
 10
404.37024931112927
 20
200.8608612087038
 10
404.4463965545098
 20
200.7253897935152
 10
404.5349756876628
 20
200.5980258517795
 10
404.63528620700043
 20
200.47968049016265
 10
404.74662760893506
 20
200.3712648153305
 10
404.8682993898789
 20
200.27368993394904
 10
404.9996010462443
 20
200.1878669526842
 10
405.1398320744435
 20
200.11470697820187
 10
405.2882919708888
 20
200.055121117168
 10
405.4442802319924
 20
200.01002047624854
 10
405.6070963541667
 20
199.98031616210938
  0
LWPOLYLINE
  5
56D
330
17
100
AcDbEntity
  8
ESTRUCTURAS
100
AcDbPolyline
 90
4
 70
0
 10
406.79999457465277
 20
200.29998779296875
 10
408.23333740234375
 20
197.79998779296875
 10
402.5666639539931
 20
198.56665717230905
 10
404.56668429904516
 20
200.56666056315106
  0
LWPOLYLINE
  5
56E
330
17
100
AcDbEntity
  8
ESTRUCTURAS
100
AcDbPolyline
 90
5
 70
0
 10
402.3666720920139
 20
204.1999986436632
 10
403.06667751736114
 20
205.0999959309896
 10
404.66668023003473
 20
203.86666191948785
 10
403.933342827691
 20
202.93333265516495
 10
402.3666720920139
 20
204.1999986436632
  0
LWPOLYLINE
  5
56F
330
17
100
AcDbEntity
  8
ESTRUCTURAS
100
AcDbPolyline
 90
65
 70
0
 10
407.95525444878473
 20
282.3319498697917
 10
408.0690903382169
 20
282.21181044561996
 10
408.19209118684137
 20
282.1058026618428
 10
408.3231111450328
 20
282.0140153045456
 10
408.46100436316596
 20
281.9365371598138
 10
408.60462499161565
 20
281.8734570137329
 10
408.75282718075647
 20
281.8248636523883
 10
408.90446508096323
 20
281.7908458618654
 10
409.0583928426107
 20
281.7714924282498
 10
409.2134646160735
 20
281.7668921376268
 10
409.36853455172644
 20
281.77713377608194
 10
409.5224567999443
 20
281.80230612970064
 10
409.6740855111016
 20
281.8424979845683
 10
409.8222748355733
 20
281.8977981267704
 10
409.96587892373407
 20
281.9682953423924
 10
410.10375192595853
 20
282.05407841751975
 10
410.2347479926215
 20
282.15523613823785
 10
410.3548818247186
 20
282.26907481749856
 10
410.46088543203143
 20
282.39207771089343
 10
410.5526698546277
 20
282.5230990184678
 10
410.63014613257513
 20
282.66099294026696
 10
410.6932253059414
 20
282.8046136763361
 10
410.74181841479407
 20
282.9528154267205
 10
410.7758364992009
 20
283.10445239146554
 10
410.7951905992296
 20
283.25837877061633
 10
410.79979175494776
 20
283.41344876421823
 10
410.7895510064231
 20
283.5685165723165
 10
410.7643793937233
 20
283.7224363949564
 10
410.72418795691596
 20
283.87406243218317
 10
410.6688877360688
 20
284.02224888404214
 10
410.5983897712496
 20
284.1658499505785
 10
410.5126051025258
 20
284.30371983183755
 10
410.41144476996527
 20
284.4347127278646
 10
410.2976088805331
 20
284.5548521561755
 10
410.1746080319087
 20
284.6608599689272
 10
410.0435880737172
 20
284.75264740486944
 10
409.90569485558404
 20
284.830125702752
 10
409.7620742271344
 20
284.89320610132484
 10
409.61387203799353
 20
284.9417998393377
 10
409.46223413778677
 20
284.97581815554037
 10
409.30830637613934
 20
284.99517228868274
 10
409.1532346026765
 20
284.9997734775146
 10
408.99816466702356
 20
284.98953296078577
 10
408.8442424188058
 20
284.9643619772461
 10
408.6926137076484
 20
284.9241717656454
 10
408.5444243831767
 20
284.8688735647334
 10
408.400820295016
 20
284.79837861326007
 10
408.26294729279147
 20
284.7125981499752
 10
408.1319512261285
 20
284.6114434136285
 10
408.0118173940314
 20
284.49760174999636
 10
407.9058137867186
 20
284.37459624475906
 10
407.8140293641223
 20
284.243572673036
 10
407.73655308617487
 20
284.1056768099467
 10
407.6734739128087
 20
283.96205443061064
 10
407.62488080395593
 20
283.8138513101472
 10
407.5908627195491
 20
283.6622132236759
 10
407.57150861952044
 20
283.5082859463162
 10
407.56690746380224
 20
283.35321525318756
 10
407.5771482123269
 20
283.19814691940945
 10
407.60231982502677
 20
283.04422672010134
 10
407.64251126183404
 20
282.89260043038263
 10
407.6978114826812
 20
282.7444138253729
 10
407.7683094475005
 20
282.6008126801915
 10
407.8540941162242
 20
282.4629427699579
 10
407.95525444878473
 20
282.3319498697917
  0
LWPOLYLINE
  5
570
330
17
100
AcDbEntity
  8
ESTRUCTURAS
100
AcDbPolyline
 90
4
 70
0
 10
409.0666707356771
 20
281.76666259765625
 10
408.46666124131946
 20
278.999989827474
 10
404.76667616102435
 20
283.33333333333337
 10
407.5999959309896
 20
283.499993218316
  0
LWPOLYLINE
  5
571
330
17
100
AcDbEntity
  8
ESTRUCTURAS
100
AcDbPolyline
 90
5
 70
0
 10
400.16665988498266
 20
341.09998914930554
 10
401.60000271267364
 20
341.09998914930554
 10
401.63333468967016
 20
343.066643608941
 10
400.1999918619792
 20
343.066643608941
 10
400.16665988498266
 20
341.09998914930554
  0
LWPOLYLINE
  5
572
330
17
100
AcDbEntity
  8
ESTRUCTURAS
100
AcDbPolyline
 90
5
 70
0
 10
417.03335232204864
 20
337.83331976996527
 10
416.9666883680556
 20
339.29999457465277
 10
419.0333387586806
 20
339.3999905056424
 10
419.10000271267364
 20
337.9333157009549
 10
417.03335232204864
 20
337.83331976996527
  0
LWPOLYLINE
  5
573
330
17
100
AcDbEntity
  8
ESTRUCTURAS
100
AcDbPolyline
 90
5
 70
0
 10
381.6999986436632
 20
363.86664496527777
 10
383.8333468967014
 20
363.93330891927087
 10
383.933342827691
 20
361.29998101128473
 10
381.76666259765625
 20
361.2333170572917
 10
381.6999986436632
 20
363.86664496527777
  0
LWPOLYLINE
  5
574
330
17
100
AcDbEntity
  8
ESTRUCTURAS
100
AcDbPolyline
 90
5
 70
0
 10
311.6666666666667
 20
424.90000406901044
 10
311.6999986436632
 20
425.70000542534723
 10
312.933349609375
 20
425.633307562934
 10
312.86668565538196
 20
424.8333401150174
 10
311.6666666666667
 20
424.90000406901044
  0
LWPOLYLINE
  5
575
330
17
100
AcDbEntity
  8
ESTRUCTURAS
100
AcDbPolyline
 90
5
 70
0
 10
313.3999972873264
 20
367.1666463216146
 10
313.33333333333337
 20
368.0999755859375
 10
312.3666720920139
 20
368.066643608941
 10
312.43333604600696
 20
367.0999823676215
 10
313.3999972873264
 20
367.1666463216146
  0
LWPOLYLINE
  5
576
330
17
100
AcDbEntity
  8
ESTRUCTURAS
100
AcDbPolyline
 90
5
 70
0
 10
314.73334418402777
 20
370.76666937934027
 10
314.80000813802087
 20
371.8999905056424
 10
313.76668294270837
 20
371.9333224826389
 10
313.7333509657118
 20
370.80000135633685
 10
314.73334418402777
 20
370.76666937934027
  0
LWPOLYLINE
  5
577
330
17
100
AcDbEntity
  8
ESTRUCTURAS
100
AcDbPolyline
 90
65
 70
0
 10
280.7579040527344
 20
278.58366224500867
 10
280.6105568342739
 20
278.6590342678958
 10
280.45927392111884
 20
278.7180298897955
 10
280.30516535043716
 20
278.7609469104144
 10
280.1493411593967
 20
278.788083129459
 10
279.9929113851653
 20
278.79973634663554
 10
279.8369860649109
 20
278.79620436165067
 10
279.6826752358013
 20
278.7777849742108
 10
279.53108893500433
 20
278.74477598402234
 10
279.38333719968796
 20
278.6974751907918
 10
279.24053006702
 20
278.6361803942257
 10
279.1037775741683
 20
278.5611893940303
 10
278.9741897583008
 20
278.47279998991223
 10
278.8528766565853
 20
278.37130998157795
 10
278.74094830618964
 20
278.2570171687338
 10
278.63951474428177
 20
278.13021935108634
 10
278.54968600802954
 20
277.99121432834204
 10
278.47431398514243
 20
277.8438671098815
 10
278.4153183632427
 20
277.6925841967265
 10
278.3724013426238
 20
277.53847562604483
 10
278.3452651235792
 20
277.38265143500433
 10
278.33361190640267
 20
277.226221660773
 10
278.33714389138754
 20
277.07029634051855
 10
278.3555632788274
 20
276.9159855114089
 10
278.38857226901587
 20
276.764399210612
 10
278.4358730622464
 20
276.6166474752956
 10
278.49716785881253
 20
276.4738403426276
 10
278.5721588590079
 20
276.33708784977597
 10
278.660548263126
 20
276.20750003390845
 10
278.76203827146026
 20
276.0861869321929
 10
278.8763310843044
 20
275.9742585817973
 10
279.00312890195187
 20
275.87282501988943
 10
279.14213392469617
 20
275.78299628363715
 10
279.2894811431567
 20
275.7076242607501
 10
279.4407640563117
 20
275.6486286388503
 10
279.5948726269934
 20
275.6057116182314
 10
279.7506968180339
 20
275.5785753991869
 10
279.90712659226523
 20
275.5669221820103
 10
280.06305191251965
 20
275.57045416699515
 10
280.2173627416293
 20
275.58887355443505
 10
280.3689490424262
 20
275.6218825446235
 10
280.5167007777426
 20
275.669183337854
 10
280.6595079104106
 20
275.7304781344202
 10
280.79626040326224
 20
275.8054691346155
 10
280.92584821912976
 20
275.8938585387336
 10
281.0471613208453
 20
275.9953485470679
 10
281.1590896712409
 20
276.109641359912
 10
281.2605232331488
 20
276.2364391775595
 10
281.35035196940106
 20
276.37544420030383
 10
281.4257239922881
 20
276.5227914187643
 10
281.4847196141879
 20
276.67407433191937
 10
281.5276366348068
 20
276.82818290260104
 10
281.5547728538513
 20
276.9840070936415
 10
281.56642607102793
 20
277.1404368678729
 10
281.56289408604306
 20
277.2963621881273
 10
281.54447469860315
 20
277.4506730172369
 10
281.51146570841473
 20
277.6022593180339
 10
281.4641649151842
 20
277.75001105335025
 10
281.402870118618
 20
277.8928181860182
 10
281.3278791184227
 20
278.0295706788699
 10
281.2394897143046
 20
278.1591584947374
 10
281.1379997059703
 20
278.2804715964529
 10
281.0237068931262
 20
278.39239994684857
 10
280.89690907547873
 20
278.49383350875644
 10
280.7579040527344
 20
278.58366224500867
  0
LWPOLYLINE
  5
578
330
17
100
AcDbEntity
  8
ESTRUCTURAS
100
AcDbPolyline
 90
4
 70
0
 10
279.56668429904516
 20
278.73333401150177
 10
279.1999986436632
 20
281.5333218044705
 10
284.1666666666667
 20
278.66665310329864
 10
281.53333875868054
 20
277.5999959309896
  0
LWPOLYLINE
  5
579
330
17
100
AcDbEntity
  8
ESTRUCTURAS
100
AcDbPolyline
 90
5
 70
0
 10
276.0666910807292
 20
277.79998779296875
 10
275.4000176323785
 20
276.16665310329864
 10
278.00001356336804
 20
275.06666395399304
 10
278.66668701171875
 20
276.6999986436632
 10
276.0666910807292
 20
277.79998779296875
  0
LWPOLYLINE
  5
57A
330
17
100
AcDbEntity
  8
ESTRUCTURAS
100
AcDbPolyline
 90
5
 70
0
 10
273.933342827691
 20
263.19998847113715
 10
273.9666748046875
 20
261.4333258734809
 10
276.866692437066
 20
261.499989827474
 10
276.8333265516493
 20
263.3000013563368
 10
273.933342827691
 20
263.19998847113715
  0
LWPOLYLINE
  5
57B
330
17
100
AcDbEntity
  8
ESTRUCTURAS
100
AcDbPolyline
 90
5
 70
0
 10
276.500006781684
 20
263.6333211263021
 10
276.500006781684
 20
265.0333319769965
 10
274.1999986436632
 20
265.06666395399304
 10
274.1666666666667
 20
263.66665310329864
 10
276.500006781684
 20
263.6333211263021
  0
LWPOLYLINE
  5
57C
330
17
100
AcDbEntity
  8
ESTRUCTURAS
100
AcDbPolyline
 90
5
 70
0
 10
277.4666680230035
 20
221.566653781467
 10
277.7000257703993
 20
221.1333211263021
 10
276.53333875868054
 20
220.499996609158
 10
276.3000149197049
 20
220.96666124131946
 10
277.4666680230035
 20
221.566653781467
  0
LWPOLYLINE
  5
57D
330
17
100
AcDbEntity
  8
ESTRUCTURAS
100
AcDbPolyline
 90
65
 70
0
 10
288.64715576171875
 20
198.70039198133682
 10
288.6133100837469
 20
198.86239763349295
 10
288.56424669424695
 20
199.0171845422851
 10
288.500894382596
 20
199.16407577279543
 10
288.4241819381714
 20
199.3023943901062
 10
288.3350381503503
 20
199.4314634592997
 10
288.2343918085098
 20
199.55060604545807
 10
288.1231717020273
 20
199.65914521366358
 10
288.00230662027997
 20
199.7564040289985
 10
287.8727253526449
 20
199.841705556545
 10
287.73535668849945
 20
199.91437286138535
 10
287.59112941722077
 20
199.9737290086018
 10
287.44097232818604
 20
200.01909706327652
 10
287.2858142107725
 20
200.04980009049177
 10
287.1265838543574
 20
200.06516115532983
 10
286.9642100483179
 20
200.06450332287287
 10
286.79962158203125
 20
200.04714965820312
 10
286.6376129455037
 20
200.01330136838888
 10
286.48282342486914
 20
199.96423638529248
 10
286.3359299302101
 20
199.9008833244443
 10
286.1976093716092
 20
199.82417080137466
 10
286.06853865914877
 20
199.73502743161387
 10
285.9493947029114
 20
199.6343818306923
 10
285.8408544129796
 20
199.52316261414026
 10
285.7435946994358
 20
199.40229839748807
 10
285.6582924723625
 20
199.27271779626608
 10
285.58562464184234
 20
199.13534942600464
 10
285.52626811795767
 20
198.99112190223403
 10
285.480899810791
 20
198.84096384048462
 10
285.45019663042495
 20
198.68580385628675
 10
285.4348354869419
 20
198.52657056517072
 10
285.43549329042435
 20
198.36419258266687
 10
285.4528469509549
 20
198.19959852430557
 10
285.48669262892673
 20
198.03759287214942
 10
285.5357560184267
 20
197.8828059633573
 10
285.5991083300776
 20
197.73591473284696
 10
285.67582077450226
 20
197.59759611553616
 10
285.76496456232337
 20
197.4685270463427
 10
285.8656109041638
 20
197.34938446018433
 10
285.9768310106463
 20
197.2408452919788
 10
286.0976960923937
 20
197.1435864766439
 10
286.2272773600287
 20
197.05828494909738
 10
286.3646460241742
 20
196.98561764425702
 10
286.5088732954529
 20
196.9262614970406
 10
286.6590303844876
 20
196.88089344236587
 10
286.8141885019011
 20
196.8501904151506
 10
286.9734188583162
 20
196.83482935031256
 10
287.13579266435573
 20
196.83548718276953
 10
287.3003811306424
 20
196.85284084743924
 10
287.46238976716995
 20
196.8866891372535
 10
287.6171792878045
 20
196.93575412034988
 10
287.76407278246353
 20
196.99910718119807
 10
287.90239334106445
 20
197.07581970426773
 10
288.03146405352487
 20
197.1649630740285
 10
288.15060800976227
 20
197.26560867495007
 10
288.25914829969406
 20
197.37682789150213
 10
288.35640801323785
 20
197.4976921081543
 10
288.4417102403111
 20
197.62727270937629
 10
288.5143780708313
 20
197.76464107963776
 10
288.573734594716
 20
197.90886860340834
 10
288.6191029018826
 20
198.05902666515775
 10
288.6498060822487
 20
198.21418664935564
 10
288.66516722573175
 20
198.37341994047165
 10
288.6645094222493
 20
198.5357979229755
 10
288.64715576171875
 20
198.70039198133682
  0
LWPOLYLINE
  5
57E
330
17
100
AcDbEntity
  8
ESTRUCTURAS
100
AcDbPolyline
 90
4
 70
0
 10
288.00001356336804
 20
199.73332722981772
 10
289.9666680230035
 20
201.7999945746528
 10
290.8666653103299
 20
196.1333211263021
 10
288.3666653103299
 20
197.5
  0
LWPOLYLINE
  5
57F
330
17
100
AcDbEntity
  8
ESTRUCTURAS
100
AcDbPolyline
 90
6
 70
0
 10
302.03335232204864
 20
158.1333245171441
 10
301.500006781684
 20
157.5999959309896
 10
301.500006781684
 20
155.86666531032986
 10
299.000006781684
 20
155.86666531032986
 10
299.000006781684
 20
157.5999959309896
 10
301.500006781684
 20
157.5999959309896
  0
LWPOLYLINE
  5
580
330
17
100
AcDbEntity
  8
ESTRUCTURAS
100
AcDbPolyline
 90
6
 70
0
 10
304.56668429904516
 20
158.1333245171441
 10
304.0666707356771
 20
157.5999959309896
 10
304.0666707356771
 20
155.86666531032986
 10
301.5666707356771
 20
155.86666531032986
 10
301.5666707356771
 20
157.5999959309896
 10
304.0666707356771
 20
157.5999959309896
  0
LWPOLYLINE
  5
581
330
17
100
AcDbEntity
  8
ESTRUCTURAS
100
AcDbPolyline
 90
57
 70
0
 10
307.16668023003473
 20
156.4833238389757
 10
307.1603985130787
 20
156.60772091398638
 10
307.14196112420825
 20
156.72852459881042
 10
307.11197970641985
 20
156.84512332495717
 10
307.07106590270996
 20
156.95690552393597
 10
307.0198313560751
 20
157.06325962725614
 10
306.95888770951166
 20
157.16357406642703
 10
306.8103196885851
 20
157.3436376783583
 10
306.630254983902
 20
157.49220381180447
 10
306.5299404826429
 20
157.55314640286898
 10
306.42358673943414
 20
157.6043799188402
 10
306.3118053972721
 20
157.64529279122752
 10
306.1952080991533
 20
157.67527345154022
 10
306.0744064880742
 20
157.69371033128766
 10
305.95001220703125
 20
157.69999186197919
 10
305.8256179259883
 20
157.69371033128766
 10
305.7048163149092
 20
157.67527345154022
 10
305.5882190167904
 20
157.64529279122752
 10
305.47643767462836
 20
157.6043799188402
 10
305.3700839314196
 20
157.55314640286898
 10
305.2697694301605
 20
157.49220381180447
 10
305.0897047254774
 20
157.3436376783583
 10
304.94113670455084
 20
157.16357406642703
 10
304.8801930579874
 20
157.06325962725614
 10
304.82895851135254
 20
156.95690552393597
 10
304.78804470764265
 20
156.84512332495717
 10
304.75806328985425
 20
156.72852459881042
 10
304.7396259009838
 20
156.60772091398638
 10
304.73334418402777
 20
156.4833238389757
 10
304.7396259009838
 20
156.35892955793275
 10
304.75806328985425
 20
156.23812794685364
 10
304.78804470764265
 20
156.12153064873485
 10
304.82895851135254
 20
156.00974930657281
 10
304.8801930579874
 20
155.90339556336403
 10
304.94113670455084
 20
155.80308106210498
 10
305.0897047254774
 20
155.62301635742188
 10
305.2697694301605
 20
155.4744483364953
 10
305.3700839314196
 20
155.41350468993187
 10
305.47643767462836
 20
155.362270143297
 10
305.5882190167904
 20
155.3213563395871
 10
305.7048163149092
 20
155.2913749217987
 10
305.8256179259883
 20
155.27293753292827
 10
305.95001220703125
 20
155.26665581597223
 10
306.0744064880742
 20
155.27293753292827
 10
306.1952080991533
 20
155.2913749217987
 10
306.3118053972721
 20
155.3213563395871
 10
306.42358673943414
 20
155.362270143297
 10
306.5299404826429
 20
155.41350468993187
 10
306.630254983902
 20
155.4744483364953
 10
306.8103196885851
 20
155.62301635742188
 10
306.95888770951166
 20
155.80308106210498
 10
307.0198313560751
 20
155.90339556336403
 10
307.07106590270996
 20
156.00974930657281
 10
307.11197970641985
 20
156.12153064873485
 10
307.14196112420825
 20
156.23812794685364
 10
307.1603985130787
 20
156.35892955793275
 10
307.16668023003473
 20
156.4833238389757
  0
LWPOLYLINE
  5
582
330
17
100
AcDbEntity
  8
ESTRUCTURAS
100
AcDbPolyline
 90
6
 70
0
 10
315.6666734483507
 20
140.56666056315106
 10
315.16665988498266
 20
140.03333197699652
 10
315.16665988498266
 20
138.29999287923178
 10
312.66665988498266
 20
138.29999287923178
 10
312.66665988498266
 20
140.03333197699652
 10
315.16665988498266
 20
140.03333197699652
  0
LWPOLYLINE
  5
583
330
17
100
AcDbEntity
  8
ESTRUCTURAS
100
AcDbPolyline
 90
57
 70
0
 10
313.7833319769965
 20
137.8333282470703
 10
313.65893769595357
 20
137.8270467163788
 10
313.5381360848745
 20
137.80860983663135
 10
313.42153878675566
 20
137.77862917631865
 10
313.30975744459363
 20
137.73771630393134
 10
313.2034037013849
 20
137.6864827879601
 10
313.1030892001258
 20
137.6255401968956
 10
312.92302449544275
 20
137.47697406344943
 10
312.7744564745161
 20
137.29691045151816
 10
312.71351282795274
 20
137.19659601234727
 10
312.6622782813178
 20
137.0902419090271
 10
312.6213644776079
 20
136.9784597100483
 10
312.5913830598196
 20
136.86186098390155
 10
312.5729456709491
 20
136.7410572990775
 10
312.56666395399304
 20
136.61666022406683
 10
312.5729456709491
 20
136.49226324425803
 10
312.5913830598196
 20
136.37145982848273
 10
312.6213644776079
 20
136.25486152039633
 10
312.6622782813178
 20
136.14307986365424
 10
312.71351282795274
 20
136.03672640191184
 10
312.7744564745161
 20
135.93641267882452
 10
312.92302449544275
 20
135.75635062323676
 10
313.1030892001258
 20
135.6077860461341
 10
313.2034037013849
 20
135.54684417115317
 10
313.30975744459363
 20
135.4956112967597
 10
313.42153878675566
 20
135.4546989666091
 10
313.5381360848745
 20
135.42471872435675
 10
313.65893769595357
 20
135.40628211365805
 10
313.7833319769965
 20
135.4000006781684
 10
313.9077318459749
 20
135.40628211365805
 10
314.0285376045439
 20
135.42471872435675
 10
314.1451377587186
 20
135.4546989666091
 10
314.25692081451416
 20
135.4956112967597
 10
314.3632752779457
 20
135.54684417115317
 10
314.46358965502844
 20
135.6077860461341
 10
314.6436521742079
 20
135.75635062323676
 10
314.79221642017365
 20
135.93641267882452
 10
314.8531579557392
 20
136.03672640191184
 10
314.9043904410468
 20
136.14307986365424
 10
314.94530238211155
 20
136.25486152039633
 10
314.97528228494855
 20
136.37145982848273
 10
314.993718655573
 20
136.49226324425803
 10
315.0
 20
136.61666022406683
 10
314.993718655573
 20
136.7410572990775
 10
314.97528228494855
 20
136.86186098390155
 10
314.94530238211155
 20
136.9784597100483
 10
314.9043904410468
 20
137.0902419090271
 10
314.8531579557392
 20
137.19659601234727
 10
314.79221642017365
 20
137.29691045151816
 10
314.6436521742079
 20
137.47697406344943
 10
314.46358965502844
 20
137.6255401968956
 10
314.3632752779457
 20
137.6864827879601
 10
314.25692081451416
 20
137.73771630393134
 10
314.1451377587186
 20
137.77862917631865
 10
314.0285376045439
 20
137.80860983663135
 10
313.9077318459749
 20
137.8270467163788
 10
313.7833319769965
 20
137.8333282470703
  0
LWPOLYLINE
  5
584
330
17
100
AcDbEntity
  8
ESTRUCTURAS
100
AcDbPolyline
 90
17
 70
0
 10
315.3743150499132
 20
138.20764329698352
 10
315.20343362457226
 20
138.36210128333835
 10
315.02135641045044
 20
138.4959648715125
 10
314.8296827491787
 20
138.60923406150607
 10
314.630011982388
 20
138.70190885331897
 10
314.42394345170925
 20
138.7739892469512
 10
314.2130764987734
 20
138.82547524240283
 10
313.99901046521137
 20
138.8563668396738
 10
313.7833446926541
 20
138.8666640387641
 10
313.56767852273254
 20
138.8563668396738
 10
313.35361129707763
 20
138.82547524240283
 10
313.1427423573203
 20
138.7739892469512
 10
312.93667104509143
 20
138.70190885331897
 10
312.73699670202205
 20
138.60923406150607
 10
312.54531866974304
 20
138.4959648715125
 10
312.3632362898853
 20
138.36210128333835
 10
312.1923489040799
 20
138.20764329698352
  0
LWPOLYLINE
  5
585
330
17
100
AcDbEntity
  8
ESTRUCTURAS
100
AcDbPolyline
 90
6
 70
0
 10
314.0666707356771
 20
136.03333367241754
 10
313.53335910373266
 20
135.499996609158
 10
313.53335910373266
 20
133.76666598849826
 10
311.03335910373266
 20
133.76666598849826
 10
311.03335910373266
 20
135.499996609158
 10
313.53335910373266
 20
135.499996609158
  0
LWPOLYLINE
  5
586
330
17
100
AcDbEntity
  8
ESTRUCTURAS
100
AcDbPolyline
 90
6
 70
0
 10
317.23334418402777
 20
134.6999952528212
 10
316.6999986436632
 20
134.1999986436632
 10
316.6999986436632
 20
132.43332756890192
 10
314.1999986436632
 20
132.43332756890192
 10
314.1999986436632
 20
134.1999986436632
 10
316.6999986436632
 20
134.1999986436632
  0
LWPOLYLINE
  5
587
330
17
100
AcDbEntity
  8
ESTRUCTURAS
100
AcDbPolyline
 90
6
 70
0
 10
384.1666666666667
 20
137.5
 10
383.66668701171875
 20
136.96666293674045
 10
383.66668701171875
 20
135.23333231608075
 10
381.16668701171875
 20
135.23333231608075
 10
381.16668701171875
 20
136.96666293674045
 10
383.66668701171875
 20
136.96666293674045
  0
LWPOLYLINE
  5
588
330
17
100
AcDbEntity
  8
ESTRUCTURAS
100
AcDbPolyline
 90
6
 70
0
 10
388.933342827691
 20
141.36666191948785
 10
388.3999972873264
 20
140.83333333333334
 10
388.3999972873264
 20
139.09999423556857
 10
385.8999972873264
 20
139.09999423556857
 10
385.8999972873264
 20
140.83333333333334
 10
388.3999972873264
 20
140.83333333333334
  0
LWPOLYLINE
  5
589
330
17
100
AcDbEntity
  8
ESTRUCTURAS
100
AcDbPolyline
 90
57
 70
0
 10
397.1000162760417
 20
155.21665785047745
 10
397.1062976204687
 20
155.09226077546677
 10
397.12473399109314
 20
154.97145709064273
 10
397.15471389393014
 20
154.85485836449598
 10
397.19562583499487
 20
154.74307616551718
 10
397.24685832030247
 20
154.636722062197
 10
397.30779985586804
 20
154.53640762302612
 10
397.4563641018338
 20
154.35634401109485
 10
397.63642662101324
 20
154.20777787764868
 10
397.73674099809597
 20
154.14683528658418
 10
397.8430954615275
 20
154.09560177061294
 10
397.9548785173231
 20
154.05468889822563
 10
398.0714786714978
 20
154.02470823791293
 10
398.19228443006676
 20
154.0062713581655
 10
398.31668429904516
 20
153.99998982747397
 10
398.44108416802356
 20
154.0062713581655
 10
398.5618899265925
 20
154.02470823791293
 10
398.67849008076723
 20
154.05468889822563
 10
398.7902731365628
 20
154.09560177061294
 10
398.89662759999436
 20
154.14683528658418
 10
398.9969419770771
 20
154.20777787764868
 10
399.17700449625653
 20
154.35634401109485
 10
399.3255687422223
 20
154.53640762302612
 10
399.38651027778786
 20
154.636722062197
 10
399.43774276309546
 20
154.74307616551718
 10
399.4786547041602
 20
154.85485836449598
 10
399.5086346069972
 20
154.97145709064273
 10
399.52707097762163
 20
155.09226077546677
 10
399.53335232204864
 20
155.21665785047745
 10
399.52707097762163
 20
155.3410549254881
 10
399.5086346069972
 20
155.46185861031216
 10
399.4786547041602
 20
155.5784573364589
 10
399.43774276309546
 20
155.69023953543768
 10
399.38651027778786
 20
155.79659363875788
 10
399.3255687422223
 20
155.89690807792877
 10
399.17700449625653
 20
156.07697168986004
 10
398.9969419770771
 20
156.22553782330618
 10
398.89662759999436
 20
156.28648041437071
 10
398.7902731365628
 20
156.33771393034195
 10
398.67849008076723
 20
156.37862680272923
 10
398.5618899265925
 20
156.40860746304196
 10
398.44108416802356
 20
156.4270443427894
 10
398.31668429904516
 20
156.4333258734809
 10
398.19228443006676
 20
156.4270443427894
 10
398.0714786714978
 20
156.40860746304196
 10
397.9548785173231
 20
156.37862680272923
 10
397.8430954615275
 20
156.33771393034195
 10
397.73674099809597
 20
156.28648041437071
 10
397.63642662101324
 20
156.22553782330618
 10
397.4563641018338
 20
156.07697168986004
 10
397.30779985586804
 20
155.89690807792877
 10
397.24685832030247
 20
155.79659363875788
 10
397.19562583499487
 20
155.69023953543768
 10
397.15471389393014
 20
155.5784573364589
 10
397.12473399109314
 20
155.46185861031216
 10
397.1062976204687
 20
155.3410549254881
 10
397.1000162760417
 20
155.21665785047745
  0
LWPOLYLINE
  5
58A
330
17
100
AcDbEntity
  8
ESTRUCTURAS
100
AcDbPolyline
 90
17
 70
0
 10
396.7257012261285
 20
156.8076409233941
 10
396.57124174965753
 20
156.6367591255241
 10
396.4373768700494
 20
156.45468089315628
 10
396.324106587304
 20
156.26300571693315
 10
396.23143090142145
 20
156.06333308749728
 10
396.1593498124017
 20
155.85726249549126
 10
396.1078633202447
 20
155.64639343155756
 10
396.0769714249505
 20
155.43232538633876
 10
396.0666741265191
 20
155.21665785047745
 10
396.0769714249505
 20
155.0009903146161
 10
396.1078633202447
 20
154.7869222693973
 10
396.1593498124017
 20
154.57605320546364
 10
396.23143090142145
 20
154.36998261345758
 10
396.324106587304
 20
154.1703099840217
 10
396.4373768700494
 20
153.9786348077986
 10
396.57124174965753
 20
153.79655657543077
 10
396.7257012261285
 20
153.62567477756076
  0
LWPOLYLINE
  5
58B
330
17
100
AcDbEntity
  8
ESTRUCTURAS
100
AcDbPolyline
 90
6
 70
0
 10
398.1333414713542
 20
153.7999979654948
 10
397.5999959309896
 20
153.26666937934027
 10
397.5999959309896
 20
151.5333218044705
 10
395.0999959309896
 20
151.5333218044705
 10
395.0999959309896
 20
153.26666937934027
 10
397.5999959309896
 20
153.26666937934027
  0
LWPOLYLINE
  5
58C
330
17
100
AcDbEntity
  8
ESTRUCTURAS
100
AcDbPolyline
 90
6
 70
0
 10
397.5
 20
155.6333245171441
 10
396.9666883680556
 20
155.0999959309896
 10
396.9666883680556
 20
153.36666531032986
 10
394.4666883680556
 20
153.36666531032986
 10
394.4666883680556
 20
155.0999959309896
 10
396.9666883680556
 20
155.0999959309896
  0
LWPOLYLINE
  5
58D
330
17
100
AcDbEntity
  8
ESTRUCTURAS
100
AcDbPolyline
 90
6
 70
0
 10
412.4666680230035
 20
158.36666531032986
 10
411.933356391059
 20
157.86666870117188
 10
411.933356391059
 20
156.09998914930557
 10
409.433356391059
 20
156.09998914930557
 10
409.433356391059
 20
157.86666870117188
 10
411.933356391059
 20
157.86666870117188
  0
LWPOLYLINE
  5
58E
330
17
100
AcDbEntity
  8
ESTRUCTURAS
100
AcDbPolyline
 90
6
 70
0
 10
298.499993218316
 20
263.3666653103299
 10
297.9666815863715
 20
262.8666687011719
 10
297.9666815863715
 20
261.09998914930554
 10
295.4666815863715
 20
261.09998914930554
 10
295.4666815863715
 20
262.8666687011719
 10
297.9666815863715
 20
262.8666687011719
  0
LWPOLYLINE
  5
58F
330
17
100
AcDbEntity
  8
ESTRUCTURAS
100
AcDbPolyline
 90
6
 70
0
 10
297.86668565538196
 20
269.69999525282117
 10
297.3333401150174
 20
269.1666666666667
 10
297.3333401150174
 20
267.39998711480035
 10
294.8333401150174
 20
267.39998711480035
 10
294.8333401150174
 20
269.1666666666667
 10
297.3333401150174
 20
269.1666666666667
  0
LWPOLYLINE
  5
590
330
17
100
AcDbEntity
  8
ESTRUCTURAS
100
AcDbPolyline
 90
6
 70
0
 10
276.933356391059
 20
265.69998847113715
 10
276.40001085069446
 20
265.16665988498266
 10
276.40001085069446
 20
263.43332926432294
 10
273.90001085069446
 20
263.43332926432294
 10
273.90001085069446
 20
265.16665988498266
 10
276.40001085069446
 20
265.16665988498266
  0
LWPOLYLINE
  5
591
330
17
100
AcDbEntity
  8
ESTRUCTURAS
100
AcDbPolyline
 90
6
 70
0
 10
277.63332790798614
 20
227.000003390842
 10
277.1000162760417
 20
226.46665785047745
 10
277.1000162760417
 20
224.73332722981772
 10
274.6000162760417
 20
224.73332722981772
 10
274.6000162760417
 20
226.46665785047745
 10
277.1000162760417
 20
226.46665785047745
  0
LWPOLYLINE
  5
592
330
17
100
AcDbEntity
  8
ESTRUCTURAS
100
AcDbPolyline
 90
6
 70
0
 10
313.8000149197049
 20
427.066650390625
 10
313.26666937934027
 20
426.5333387586806
 10
313.26666937934027
 20
424.7999742296007
 10
310.76666937934027
 20
424.7999742296007
 10
310.76666937934027
 20
426.5333387586806
 10
313.26666937934027
 20
426.5333387586806
  0
LWPOLYLINE
  5
593
330
17
100
AcDbEntity
  8
ESTRUCTURAS
100
AcDbPolyline
 90
6
 70
0
 10
384.0333387586806
 20
349.566650390625
 10
383.3666653103299
 20
349.8666720920139
 10
381.73333062065973
 20
349.1666666666667
 10
380.76666937934027
 20
351.4666748046875
 10
382.3666720920139
 20
352.1666463216146
 10
383.3666653103299
 20
349.8666720920139
  0
LWPOLYLINE
  5
594
330
17
100
AcDbEntity
  8
ESTRUCTURAS
100
AcDbPolyline
 90
6
 70
0
 10
384.93333604600696
 20
352.19997829861114
 10
384.26666259765625
 20
352.4666680230035
 10
382.63332790798614
 20
351.79999457465277
 10
381.6666666666667
 20
354.10000271267364
 10
383.26666937934027
 20
354.7666422526042
 10
384.26666259765625
 20
352.4666680230035
  0
LWPOLYLINE
  5
595
330
17
100
AcDbEntity
  8
ESTRUCTURAS
100
AcDbPolyline
 90
6
 70
0
 10
405.6333414713542
 20
339.1666666666667
 10
405.0999959309896
 20
338.6333211263021
 10
405.0999959309896
 20
336.86665852864587
 10
402.5999959309896
 20
336.86665852864587
 10
402.5999959309896
 20
338.6333211263021
 10
405.0999959309896
 20
338.6333211263021
  0
LWPOLYLINE
  5
596
330
17
100
AcDbEntity
  8
ESTRUCTURAS
100
AcDbPolyline
 90
6
 70
0
 10
398.566657172309
 20
339.36665852864587
 10
397.9000176323785
 20
339.03333875868054
 10
397.3333401150174
 20
337.3666720920139
 10
394.9666680230035
 20
338.1666734483507
 10
395.5333455403646
 20
339.8333401150174
 10
397.9000176323785
 20
339.03333875868054
  0
LWPOLYLINE
  5
597
330
17
100
AcDbEntity
  8
ESTRUCTURAS
100
AcDbPolyline
 90
6
 70
0
 10
399.0666707356771
 20
340.6666734483507
 10
398.3999972873264
 20
340.33331976996527
 10
397.83335367838544
 20
338.66665310329864
 10
395.4666815863715
 20
339.49998643663196
 10
396.0333251953125
 20
341.1333211263021
 10
398.3999972873264
 20
340.33331976996527
  0
LWPOLYLINE
  5
598
330
17
100
AcDbEntity
  8
ESTRUCTURAS
100
AcDbPolyline
 90
6
 70
0
 10
413.33333333333337
 20
288.59998914930554
 10
412.8000217013889
 20
288.066643608941
 10
412.8000217013889
 20
286.29998101128473
 10
410.3000217013889
 20
286.29998101128473
 10
410.3000217013889
 20
288.066643608941
 10
412.8000217013889
 20
288.066643608941
  0
LWPOLYLINE
  5
599
330
17
100
AcDbEntity
  8
ESTRUCTURAS
100
AcDbPolyline
 90
6
 70
0
 10
413.43332926432294
 20
285.999993218316
 10
412.9000176323785
 20
285.49997965494794
 10
412.9000176323785
 20
283.73333401150177
 10
410.4000176323785
 20
283.73333401150177
 10
410.4000176323785
 20
285.49997965494794
 10
412.9000176323785
 20
285.49997965494794
  0
LWPOLYLINE
  5
59A
330
17
100
AcDbEntity
  8
ESTRUCTURAS
100
AcDbPolyline
 90
6
 70
0
 10
408.46666124131946
 20
228.76666598849826
 10
407.933349609375
 20
228.2333204481337
 10
407.933349609375
 20
226.46665785047745
 10
405.433349609375
 20
226.46665785047745
 10
405.433349609375
 20
228.2333204481337
 10
407.933349609375
 20
228.2333204481337
  0
LWPOLYLINE
  5
59B
330
17
100
AcDbEntity
  8
ESTRUCTURAS
100
AcDbPolyline
 90
6
 70
0
 10
407.8000217013889
 20
227.03333536783856
 10
407.26667616102435
 20
226.5333218044705
 10
407.26667616102435
 20
224.76665920681424
 10
404.76667616102435
 20
224.76665920681424
 10
404.76667616102435
 20
226.5333218044705
 10
407.26667616102435
 20
226.5333218044705
  0
LWPOLYLINE
  5
59C
330
17
100
AcDbEntity
  8
ESTRUCTURAS
100
AcDbPolyline
 90
6
 70
0
 10
392.23334418402777
 20
216.86665852864584
 10
391.6999986436632
 20
216.33332994249133
 10
391.6999986436632
 20
214.5999993218316
 10
389.1999986436632
 20
214.5999993218316
 10
389.1999986436632
 20
216.33332994249133
 10
391.6999986436632
 20
216.33332994249133
  0
LWPOLYLINE
  5
59D
330
17
100
AcDbEntity
  8
ESTRUCTURAS
100
AcDbPolyline
 90
6
 70
0
 10
391.8999905056424
 20
218.2666693793403
 10
391.36667887369794
 20
217.7333238389757
 10
391.36667887369794
 20
215.99999321831598
 10
388.86667887369794
 20
215.99999321831598
 10
388.86667887369794
 20
217.7333238389757
 10
391.36667887369794
 20
217.7333238389757
  0
LWPOLYLINE
  5
59E
330
17
100
AcDbEntity
  8
ESTRUCTURAS
100
AcDbPolyline
 90
6
 70
0
 10
301.13335503472223
 20
335.76666937934027
 10
300.60000949435766
 20
335.2333238389757
 10
300.60000949435766
 20
333.499993218316
 10
298.10000949435766
 20
333.499993218316
 10
298.10000949435766
 20
335.2333238389757
 10
300.60000949435766
 20
335.2333238389757
  0
LWPOLYLINE
  5
59F
330
17
100
AcDbEntity
  8
ESTRUCTURAS
100
AcDbPolyline
 90
6
 70
0
 10
315.23335774739587
 20
357.0999823676215
 10
314.70001220703125
 20
356.5666707356771
 10
314.70001220703125
 20
354.8333401150174
 10
312.20001220703125
 20
354.8333401150174
 10
312.20001220703125
 20
356.5666707356771
 10
314.70001220703125
 20
356.5666707356771
  0
LWPOLYLINE
  5
5A0
330
17
100
AcDbEntity
  8
ESTRUCTURAS
100
AcDbPolyline
 90
6
 70
0
 10
313.3999972873264
 20
357.5666639539931
 10
312.86668565538196
 20
357.0333184136285
 10
312.86668565538196
 20
355.26665581597223
 10
310.36668565538196
 20
355.26665581597223
 10
310.36668565538196
 20
357.0333184136285
 10
312.86668565538196
 20
357.0333184136285
  0
LWPOLYLINE
  5
5A1
330
17
100
AcDbEntity
  8
ESTRUCTURAS
100
AcDbPolyline
 90
6
 70
0
 10
415.8999972873264
 20
158.30000135633682
 10
415.4000176323785
 20
157.76665581597223
 10
415.4000176323785
 20
156.0333251953125
 10
412.9000176323785
 20
156.0333251953125
 10
412.9000176323785
 20
157.76665581597223
 10
415.4000176323785
 20
157.76665581597223
  0
LWPOLYLINE
  5
5A2
330
17
100
AcDbEntity
  8
ESTRUCTURAS
100
AcDbPolyline
 90
6
 70
0
 10
387.30000813802087
 20
144.26666259765625
 10
386.76666259765625
 20
143.73333401150174
 10
386.76666259765625
 20
141.999994913737
 10
384.26666259765625
 20
141.999994913737
 10
384.26666259765625
 20
143.73333401150174
 10
386.76666259765625
 20
143.73333401150174
  0
LWPOLYLINE
  5
5A3
330
17
100
AcDbEntity
  8
ESTRUCTURAS
100
AcDbPolyline
 90
6
 70
0
 10
391.40001085069446
 20
220.06666395399307
 10
390.8666653103299
 20
219.53333536783856
 10
390.8666653103299
 20
217.79998779296875
 10
388.3666653103299
 20
217.79998779296875
 10
388.3666653103299
 20
219.53333536783856
 10
390.8666653103299
 20
219.53333536783856
  0
LWPOLYLINE
  5
5A4
330
17
100
AcDbEntity
  8
ESTRUCTURAS
100
AcDbPolyline
 90
6
 70
0
 10
409.23333062065973
 20
230.7666693793403
 10
408.73335096571185
 20
230.2333238389757
 10
408.73335096571185
 20
228.49999321831598
 10
406.23335096571185
 20
228.49999321831598
 10
406.23335096571185
 20
230.2333238389757
 10
408.73335096571185
 20
230.2333238389757
  0
LWPOLYLINE
  5
5A5
330
17
100
AcDbEntity
  8
ESTRUCTURAS
100
AcDbPolyline
 90
6
 70
0
 10
277.83335367838544
 20
224.96666802300348
 10
277.30000813802087
 20
224.46665445963544
 10
277.30000813802087
 20
222.69999186197919
 10
274.80000813802087
 20
222.69999186197919
 10
274.80000813802087
 20
224.46665445963544
 10
277.30000813802087
 20
224.46665445963544
  0
LWPOLYLINE
  5
5A6
330
17
100
AcDbEntity
  8
ESTRUCTURAS
100
AcDbPolyline
 90
6
 70
0
 10
277.16668023003473
 20
263.86666191948785
 10
276.63333468967016
 20
263.33333333333337
 10
276.63333468967016
 20
261.59998575846356
 10
274.13333468967016
 20
261.59998575846356
 10
274.13333468967016
 20
263.33333333333337
 10
276.63333468967016
 20
263.33333333333337
  0
LWPOLYLINE
  5
5A7
330
17
100
AcDbEntity
  8
ESTRUCTURAS
100
AcDbPolyline
 90
6
 70
0
 10
414.13333468967016
 20
283.19998847113715
 10
413.63335503472223
 20
282.66665988498266
 10
413.63335503472223
 20
280.93332926432294
 10
411.13335503472223
 20
280.93332926432294
 10
411.13335503472223
 20
282.66665988498266
 10
413.63335503472223
 20
282.66665988498266
  0
LWPOLYLINE
  5
5A8
330
17
100
AcDbEntity
  8
ESTRUCTURAS
100
AcDbPolyline
 90
6
 70
0
 10
410.60000949435766
 20
293.46666124131946
 10
411.1000230577257
 20
294.000006781684
 10
411.1000230577257
 20
295.73333740234375
 10
413.6000230577257
 20
295.73333740234375
 10
413.6000230577257
 20
294.000006781684
 10
411.1000230577257
 20
294.000006781684
  0
LWPOLYLINE
  5
5A9
330
17
100
AcDbEntity
  8
ESTRUCTURAS
100
AcDbPolyline
 90
6
 70
0
 10
298.90001085069446
 20
334.13333468967016
 10
298.3666653103299
 20
333.59998914930554
 10
298.3666653103299
 20
331.8333265516493
 10
295.8666653103299
 20
331.8333265516493
 10
295.8666653103299
 20
333.59998914930554
 10
298.3666653103299
 20
333.59998914930554
  0
LWPOLYLINE
  5
5AA
330
17
100
AcDbEntity
  8
ESTRUCTURAS
100
AcDbPolyline
 90
6
 70
0
 10
279.80000813802087
 20
334.1666666666667
 10
279.26666259765625
 20
333.6333211263021
 10
279.26666259765625
 20
331.86665852864587
 10
276.76666259765625
 20
331.86665852864587
 10
276.76666259765625
 20
333.6333211263021
 10
279.26666259765625
 20
333.6333211263021
  0
LWPOLYLINE
  5
5AB
330
17
100
AcDbEntity
  8
ESTRUCTURAS
100
AcDbPolyline
 90
6
 70
0
 10
386.0333251953125
 20
349.93333604600696
 10
385.33335367838544
 20
350.1999918619792
 10
383.73335096571185
 20
349.49998643663196
 10
382.73335774739587
 20
351.79999457465277
 10
384.36665852864587
 20
352.5
 10
385.33335367838544
 20
350.1999918619792
  0
LWPOLYLINE
  5
5AC
330
17
100
AcDbEntity
  8
ESTRUCTURAS
100
AcDbPolyline
 90
6
 70
0
 10
388.30000135633685
 20
350.73333740234375
 10
387.63332790798614
 20
351.0333251953125
 10
385.999993218316
 20
350.33331976996527
 10
385.0333319769965
 20
352.63332790798614
 10
386.63333468967016
 20
353.33333333333337
 10
387.63332790798614
 20
351.0333251953125
  0
LWPOLYLINE
  5
5AD
330
17
100
AcDbEntity
  8
ESTRUCTURAS
100
AcDbPolyline
 90
6
 70
0
 10
398.23333740234375
 20
337.76665581597223
 10
397.5666639539931
 20
337.43333604600696
 10
397.0000203450521
 20
335.8000013563368
 10
394.6333482530382
 20
336.60000271267364
 10
395.1999918619792
 20
338.23333740234375
 10
397.5666639539931
 20
337.43333604600696
  0
LWPOLYLINE
  5
5AE
330
17
100
AcDbEntity
  8
ESTRUCTURAS
100
AcDbPolyline
 90
57
 70
0
 10
384.8500230577257
 20
138.66666158040366
 10
384.9744229267041
 20
138.67294311109518
 10
385.09522868527307
 20
138.69137999084262
 10
385.2118288394478
 20
138.72136065115532
 10
385.32361189524335
 20
138.76227352354263
 10
385.4299663586749
 20
138.81350703951387
 10
385.53028073575763
 20
138.87444963057837
 10
385.7103432549371
 20
139.02301576402454
 10
385.85890750090283
 20
139.2030793759558
 10
385.9198490364684
 20
139.3033938151267
 10
385.971081521776
 20
139.40974791844687
 10
386.01199346284073
 20
139.52153011742567
 10
386.04197336567773
 20
139.63812884357242
 10
386.0604097363022
 20
139.75893252839646
 10
386.0666910807292
 20
139.88332960340713
 10
386.0604097363022
 20
140.00772667841778
 10
386.04197336567773
 20
140.12853036324185
 10
386.01199346284073
 20
140.2451290893886
 10
385.971081521776
 20
140.35691128836737
 10
385.9198490364684
 20
140.46326539168757
 10
385.85890750090283
 20
140.56357983085846
 10
385.7103432549371
 20
140.74364344278973
 10
385.53028073575763
 20
140.89220957623587
 10
385.4299663586749
 20
140.9531521673004
 10
385.32361189524335
 20
141.00438568327164
 10
385.2118288394478
 20
141.04529855565892
 10
385.09522868527307
 20
141.07527921597165
 10
384.9744229267041
 20
141.0937160957191
 10
384.8500230577257
 20
141.09999762641058
 10
384.7256231887473
 20
141.0937160957191
 10
384.60481743017834
 20
141.07527921597165
 10
384.48821727600364
 20
141.04529855565892
 10
384.37643422020807
 20
141.00438568327164
 10
384.2700797567765
 20
140.9531521673004
 10
384.1697653796938
 20
140.89220957623587
 10
383.98970286051434
 20
140.74364344278973
 10
383.8411386145486
 20
140.56357983085846
 10
383.780197078983
 20
140.46326539168757
 10
383.7289645936754
 20
140.35691128836737
 10
383.6880526526107
 20
140.2451290893886
 10
383.6580727497737
 20
140.12853036324185
 10
383.63963637914924
 20
140.00772667841778
 10
383.63335503472223
 20
139.88332960340713
 10
383.63963637914924
 20
139.75893252839646
 10
383.6580727497737
 20
139.63812884357242
 10
383.6880526526107
 20
139.52153011742567
 10
383.7289645936754
 20
139.40974791844687
 10
383.780197078983
 20
139.3033938151267
 10
383.8411386145486
 20
139.2030793759558
 10
383.98970286051434
 20
139.02301576402454
 10
384.1697653796938
 20
138.87444963057837
 10
384.2700797567765
 20
138.81350703951387
 10
384.37643422020807
 20
138.76227352354263
 10
384.48821727600364
 20
138.72136065115532
 10
384.60481743017834
 20
138.69137999084262
 10
384.7256231887473
 20
138.67294311109518
 10
384.8500230577257
 20
138.66666158040366
  0
LWPOLYLINE
  5
5AF
330
17
100
AcDbEntity
  8
ESTRUCTURAS
100
AcDbPolyline
 90
17
 70
0
 10
383.259039984809
 20
138.29233805338544
 10
383.42992178267906
 20
138.13788304726285
 10
383.6120000150469
 20
138.0040220419566
 10
383.80367519127
 20
137.8907550374667
 10
384.00334782070587
 20
137.79808203379315
 10
384.2094184127119
 20
137.72600303093594
 10
384.42028747664557
 20
137.67451802889508
 10
384.6343555218644
 20
137.64362702767056
 10
384.8500230577257
 20
137.6333300272624
 10
385.065690593587
 20
137.64362702767056
 10
385.27975863880584
 20
137.67451802889508
 10
385.4906277027395
 20
137.72600303093594
 10
385.69669829474554
 20
137.79808203379315
 10
385.89637092418144
 20
137.8907550374667
 10
386.08804610040454
 20
138.0040220419566
 10
386.27012433277235
 20
138.13788304726285
 10
386.4410061306424
 20
138.29233805338544
  0
LWPOLYLINE
  5
5B0
330
17
100
AcDbEntity
  8
ESTRUCTURAS
100
AcDbPolyline
 90
57
 70
0
 10
405.70000542534723
 20
230.81666734483508
 10
405.6937237083912
 20
230.94106162587804
 10
405.67528631952075
 20
231.06186323695712
 10
405.64530490173235
 20
231.17846053507594
 10
405.60439109802246
 20
231.29024187723797
 10
405.5531565513876
 20
231.39659562044673
 10
405.49221290482416
 20
231.4969101217058
 10
405.3436448838976
 20
231.67697482638889
 10
405.1635801792145
 20
231.8255428473155
 10
405.0632656779554
 20
231.8864864938789
 10
404.95691193474664
 20
231.9377210405138
 10
404.8451305925846
 20
231.97863484422368
 10
404.7285332944658
 20
232.00861626201205
 10
404.6077316833867
 20
232.02705365088252
 10
404.48333740234375
 20
232.03333536783856
 10
404.3589431213008
 20
232.02705365088252
 10
404.23814151022174
 20
232.00861626201205
 10
404.1215442121029
 20
231.97863484422368
 10
404.00976286994086
 20
231.9377210405138
 10
403.90340912673213
 20
231.8864864938789
 10
403.803094625473
 20
231.8255428473155
 10
403.62302992079
 20
231.67697482638889
 10
403.47446189986334
 20
231.4969101217058
 10
403.41351825329997
 20
231.39659562044673
 10
403.36228370666504
 20
231.29024187723797
 10
403.32136990295515
 20
231.17846053507594
 10
403.2913884851668
 20
231.06186323695712
 10
403.2729510962963
 20
230.94106162587804
 10
403.26666937934027
 20
230.81666734483508
 10
403.2729510962963
 20
230.6922702698244
 10
403.2913884851668
 20
230.57146658500037
 10
403.32136990295515
 20
230.45486785885362
 10
403.36228370666504
 20
230.34308565987482
 10
403.41351825329997
 20
230.23673155655464
 10
403.47446189986334
 20
230.13641711738376
 10
403.62302992079
 20
229.95635350545248
 10
403.803094625473
 20
229.80778737200632
 10
403.90340912673213
 20
229.7468447809418
 10
404.00976286994086
 20
229.69561126497058
 10
404.1215442121029
 20
229.65469839258327
 10
404.23814151022174
 20
229.62471773227057
 10
404.3589431213008
 20
229.60628085252313
 10
404.48333740234375
 20
229.5999993218316
 10
404.6077316833867
 20
229.60628085252313
 10
404.7285332944658
 20
229.62471773227057
 10
404.8451305925846
 20
229.65469839258327
 10
404.95691193474664
 20
229.69561126497058
 10
405.0632656779554
 20
229.7468447809418
 10
405.1635801792145
 20
229.80778737200632
 10
405.3436448838976
 20
229.95635350545248
 10
405.49221290482416
 20
230.13641711738376
 10
405.5531565513876
 20
230.23673155655464
 10
405.60439109802246
 20
230.34308565987482
 10
405.64530490173235
 20
230.45486785885362
 10
405.67528631952075
 20
230.57146658500037
 10
405.6937237083912
 20
230.6922702698244
 10
405.70000542534723
 20
230.81666734483508
  0
LWPOLYLINE
  5
5B1
330
17
100
AcDbEntity
  8
ESTRUCTURAS
100
AcDbPolyline
 90
17
 70
0
 10
406.07432047526044
 20
229.22568427191842
 10
406.2287739912669
 20
229.3965658835239
 10
406.36263370513916
 20
229.57864360676874
 10
406.47589961687726
 20
229.77031802551616
 10
406.56857172648114
 20
229.96998972362942
 10
406.6406500339508
 20
230.17605928497184
 10
406.6921345392863
 20
230.38692729340661
 10
406.7230252424876
 20
230.600994332797
 10
406.7333221435547
 20
230.81666098700632
 10
406.7230252424876
 20
231.03232783989776
 10
406.6921345392863
 20
231.2463954753346
 10
406.6406500339508
 20
231.45726447718013
 10
406.56857172648114
 20
231.66333542929758
 10
406.47589961687726
 20
231.86300891555018
 10
406.36263370513916
 20
232.05468551980127
 10
406.2287739912669
 20
232.23676582591403
 10
406.07432047526044
 20
232.40765041775174
  0
LWPOLYLINE
  5
5B2
330
17
100
AcDbEntity
  8
ESTRUCTURAS
100
AcDbPolyline
 90
57
 70
0
 10
388.5333251953125
 20
221.9833204481337
 10
388.5396065397395
 20
221.85892337312302
 10
388.55804291036395
 20
221.73811968829898
 10
388.58802281320095
 20
221.62152096215223
 10
388.6289347542657
 20
221.50973876317343
 10
388.6801672395733
 20
221.40338465985326
 10
388.74110877513885
 20
221.30307022068237
 10
388.8896730211046
 20
221.1230066087511
 10
389.06973554028406
 20
220.97444047530493
 10
389.1700499173668
 20
220.91349788424043
 10
389.27640438079834
 20
220.8622643682692
 10
389.3881874365939
 20
220.82135149588188
 10
389.5047875907686
 20
220.79137083556918
 10
389.6255933493376
 20
220.77293395582174
 10
389.749993218316
 20
220.76665242513022
 10
389.8743930872944
 20
220.77293395582174
 10
389.99519884586334
 20
220.79137083556918
 10
390.11179900003805
 20
220.82135149588188
 10
390.2235820558336
 20
220.8622643682692
 10
390.3299365192652
 20
220.91349788424043
 10
390.4302508963479
 20
220.97444047530493
 10
390.61031341552734
 20
221.1230066087511
 10
390.7588776614931
 20
221.30307022068237
 10
390.8198191970587
 20
221.40338465985326
 10
390.87105168236627
 20
221.50973876317343
 10
390.911963623431
 20
221.62152096215223
 10
390.941943526268
 20
221.73811968829898
 10
390.96037989689245
 20
221.85892337312302
 10
390.96666124131946
 20
221.9833204481337
 10
390.96037989689245
 20
222.10771752314437
 10
390.941943526268
 20
222.2285212079684
 10
390.911963623431
 20
222.34511993411516
 10
390.87105168236627
 20
222.45690213309396
 10
390.8198191970587
 20
222.56325623641413
 10
390.7588776614931
 20
222.66357067558502
 10
390.61031341552734
 20
222.8436342875163
 10
390.4302508963479
 20
222.99220042096246
 10
390.3299365192652
 20
223.05314301202696
 10
390.2235820558336
 20
223.1043765279982
 10
390.11179900003805
 20
223.1452894003855
 10
389.99519884586334
 20
223.1752700606982
 10
389.8743930872944
 20
223.19370694044565
 10
389.749993218316
 20
223.19998847113717
 10
389.6255933493376
 20
223.19370694044565
 10
389.5047875907686
 20
223.1752700606982
 10
389.3881874365939
 20
223.1452894003855
 10
389.27640438079834
 20
223.1043765279982
 10
389.1700499173668
 20
223.05314301202696
 10
389.06973554028406
 20
222.99220042096246
 10
388.8896730211046
 20
222.8436342875163
 10
388.74110877513885
 20
222.66357067558502
 10
388.6801672395733
 20
222.56325623641413
 10
388.6289347542657
 20
222.45690213309396
 10
388.58802281320095
 20
222.34511993411516
 10
388.55804291036395
 20
222.2285212079684
 10
388.5396065397395
 20
222.10771752314437
 10
388.5333251953125
 20
221.9833204481337
  0
LWPOLYLINE
  5
5B3
330
17
100
AcDbEntity
  8
ESTRUCTURAS
100
AcDbPolyline
 90
17
 70
0
 10
388.15901014539935
 20
223.57430352105035
 10
388.0045506689284
 20
223.40342172318034
 10
387.87068578932025
 20
223.22134349081253
 10
387.7574155065749
 20
223.0296683145894
 10
387.6647398206923
 20
222.82999568515353
 10
387.59265873167254
 20
222.6239250931475
 10
387.54117223951556
 20
222.4130560292138
 10
387.51028034422137
 20
222.198987983995
 10
387.49998304579
 20
221.9833204481337
 10
387.51028034422137
 20
221.76765291227235
 10
387.54117223951556
 20
221.55358486705356
 10
387.59265873167254
 20
221.3427158031199
 10
387.6647398206923
 20
221.13664521111383
 10
387.7574155065749
 20
220.93697258167796
 10
387.87068578932025
 20
220.74529740545486
 10
388.0045506689284
 20
220.56321917308702
 10
388.15901014539935
 20
220.392337375217
  0
LWPOLYLINE
  5
5B4
330
17
100
AcDbEntity
  8
ESTRUCTURAS
100
AcDbPolyline
 90
57
 70
0
 10
410.2333238389757
 20
282.9166666666667
 10
410.22704250282715
 20
283.04106094770964
 10
410.20860619015167
 20
283.16186255878875
 10
410.1786264446047
 20
283.27845985690755
 10
410.1377148098416
 20
283.3902411990696
 10
410.0864828295178
 20
283.49659494227836
 10
410.0255420472887
 20
283.5969094435374
 10
409.87698025173614
 20
283.7769741482205
 10
409.69692177242706
 20
283.9255421691471
 10
409.5966101355023
 20
283.9864858157105
 10
409.4902589586046
 20
284.0377203623454
 10
409.3784797853894
 20
284.0786341660553
 10
409.261884159512
 20
284.1086155838437
 10
409.14108362462787
 20
284.1270529727141
 10
409.0166897243924
 20
284.13333468967016
 10
408.892289855414
 20
284.1270529727141
 10
408.77148409684503
 20
284.1086155838437
 10
408.6548839426703
 20
284.0786341660553
 10
408.54310088687475
 20
284.0377203623454
 10
408.4367464234432
 20
283.9864858157105
 10
408.33643204636047
 20
283.9255421691471
 10
408.156369527181
 20
283.7769741482205
 10
408.00780528121527
 20
283.5969094435374
 10
407.9468637456497
 20
283.49659494227836
 10
407.8956312603421
 20
283.3902411990696
 10
407.85471931927736
 20
283.27845985690755
 10
407.82473941644037
 20
283.16186255878875
 10
407.8063030458159
 20
283.04106094770964
 10
407.8000217013889
 20
282.9166666666667
 10
407.8063030458159
 20
282.792269591656
 10
407.82473941644037
 20
282.67146590683194
 10
407.85471931927736
 20
282.5548671806852
 10
407.8956312603421
 20
282.4430849817064
 10
407.9468637456497
 20
282.3367308783862
 10
408.00780528121527
 20
282.23641643921536
 10
408.156369527181
 20
282.05635282728406
 10
408.33643204636047
 20
281.9077866938379
 10
408.4367464234432
 20
281.8468441027734
 10
408.54310088687475
 20
281.7956105868022
 10
408.6548839426703
 20
281.7546977144149
 10
408.77148409684503
 20
281.72471705410214
 10
408.892289855414
 20
281.70628017435473
 10
409.0166897243924
 20
281.6999986436632
 10
409.14108362462787
 20
281.70628017435473
 10
409.261884159512
 20
281.72471705410214
 10
409.3784797853894
 20
281.7546977144149
 10
409.4902589586046
 20
281.7956105868022
 10
409.5966101355023
 20
281.8468441027734
 10
409.69692177242706
 20
281.9077866938379
 10
409.87698025173614
 20
282.05635282728406
 10
410.0255420472887
 20
282.23641643921536
 10
410.0864828295178
 20
282.3367308783862
 10
410.1377148098416
 20
282.4430849817064
 10
410.1786264446047
 20
282.5548671806852
 10
410.20860619015167
 20
282.67146590683194
 10
410.22704250282715
 20
282.792269591656
 10
410.2333238389757
 20
282.9166666666667
  0
LWPOLYLINE
  5
5B5
330
17
100
AcDbEntity
  8
ESTRUCTURAS
100
AcDbPolyline
 90
17
 70
0
 10
410.607672797309
 20
281.32568359375
 10
410.7621263133155
 20
281.4965652053555
 10
410.8959860271878
 20
281.6786429286003
 10
411.00925193892584
 20
281.87031734734774
 10
411.1019240485297
 20
282.06998904546106
 10
411.17400235599945
 20
282.2760586068034
 10
411.2254868613349
 20
282.4869266152382
 10
411.2563775645362
 20
282.70099365462863
 10
411.26667446560333
 20
282.9166603088379
 10
411.2563775645362
 20
283.13232716172934
 10
411.2254868613349
 20
283.3463947971662
 10
411.17400235599945
 20
283.5572637990117
 10
411.1019240485297
 20
283.76333475112915
 10
411.00925193892584
 20
283.9630082373818
 10
410.8959860271878
 20
284.15468484163284
 10
410.7621263133155
 20
284.3367651477456
 10
410.607672797309
 20
284.50764973958337
  0
LWPOLYLINE
  5
5B6
330
17
100
AcDbEntity
  8
ESTRUCTURAS
100
AcDbPolyline
 90
57
 70
0
 10
400.5333455403646
 20
336.8499755859375
 10
400.5270638234086
 20
336.9743754549159
 10
400.50862643453814
 20
337.09518121348486
 10
400.47864501674974
 20
337.21178136765957
 10
400.43773121303985
 20
337.32356442345514
 10
400.386496666405
 20
337.4299188868867
 10
400.32555301984155
 20
337.5302332639694
 10
400.176984998915
 20
337.71029578314887
 10
399.99692029423187
 20
337.8588600291146
 10
399.8966057929728
 20
337.9198015646802
 10
399.79025204976404
 20
337.9710340499878
 10
399.678470707602
 20
338.0119459910525
 10
399.5618734094832
 20
338.0419258938895
 10
399.4410717984041
 20
338.06036226451397
 10
399.31667751736114
 20
338.066643608941
 10
399.1922832363182
 20
338.06036226451397
 10
399.0714816252391
 20
338.0419258938895
 10
398.9548843271203
 20
338.0119459910525
 10
398.84310298495825
 20
337.9710340499878
 10
398.73674924174946
 20
337.9198015646802
 10
398.6364347404904
 20
337.8588600291146
 10
398.4563700358073
 20
337.71029578314887
 10
398.30780201488074
 20
337.5302332639694
 10
398.2468583683173
 20
337.4299188868867
 10
398.19562382168243
 20
337.32356442345514
 10
398.15471001797255
 20
337.21178136765957
 10
398.12472860018414
 20
337.09518121348486
 10
398.1062912113137
 20
336.9743754549159
 10
398.10000949435766
 20
336.8499755859375
 10
398.1062912113137
 20
336.725581685702
 10
398.12472860018414
 20
336.60478115081787
 10
398.15471001797255
 20
336.4881855249405
 10
398.19562382168243
 20
336.3764063517253
 10
398.2468583683173
 20
336.2700551748276
 10
398.30780201488074
 20
336.16974353790283
 10
398.4563700358073
 20
335.98968505859375
 10
398.6364347404904
 20
335.8411232630412
 10
398.73674924174946
 20
335.7801824808121
 10
398.84310298495825
 20
335.7289505004883
 10
398.9548843271203
 20
335.6880388657252
 10
399.0714816252391
 20
335.6580591201782
 10
399.1922832363182
 20
335.63962280750275
 10
399.31667751736114
 20
335.6333414713542
 10
399.4410717984041
 20
335.63962280750275
 10
399.5618734094832
 20
335.6580591201782
 10
399.678470707602
 20
335.6880388657252
 10
399.79025204976404
 20
335.7289505004883
 10
399.8966057929728
 20
335.7801824808121
 10
399.99692029423187
 20
335.8411232630412
 10
400.176984998915
 20
335.98968505859375
 10
400.32555301984155
 20
336.16974353790283
 10
400.386496666405
 20
336.2700551748276
 10
400.43773121303985
 20
336.3764063517253
 10
400.47864501674974
 20
336.4881855249405
 10
400.50862643453814
 20
336.60478115081787
 10
400.5270638234086
 20
336.725581685702
 10
400.5333455403646
 20
336.8499755859375
  0
LWPOLYLINE
  5
5B7
330
17
100
AcDbEntity
  8
ESTRUCTURAS
100
AcDbPolyline
 90
57
 70
0
 10
382.9000176323785
 20
357.05000135633685
 10
382.89373591542244
 20
357.17439563737975
 10
382.875298526552
 20
357.29519724845886
 10
382.8453171087636
 20
357.4117945465777
 10
382.8044033050537
 20
357.5235758887397
 10
382.75316875841884
 20
357.62992963194847
 10
382.6922251118554
 20
357.7302441332076
 10
382.54365709092883
 20
357.9103088378906
 10
382.3635923862457
 20
358.0588768588172
 10
382.2632778849867
 20
358.11982050538063
 10
382.1569241417779
 20
358.17105505201556
 10
382.04514279961586
 20
358.2119688557254
 10
381.92854550149707
 20
358.2419502735138
 10
381.80774389041795
 20
358.2603876623843
 10
381.683349609375
 20
358.26666937934027
 10
381.5589497403966
 20
358.2603876623843
 10
381.43814398182764
 20
358.2419502735138
 10
381.32154382765293
 20
358.2119688557254
 10
381.20976077185736
 20
358.17105505201556
 10
381.1034063084258
 20
358.11982050538063
 10
381.0030919313431
 20
358.0588768588172
 10
380.82302941216363
 20
357.9103088378906
 10
380.6744651661979
 20
357.7302441332076
 10
380.6135236306323
 20
357.62992963194847
 10
380.5622911453247
 20
357.5235758887397
 10
380.52137920426
 20
357.4117945465777
 10
380.491399301423
 20
357.29519724845886
 10
380.47296293079853
 20
357.17439563737975
 10
380.4666815863715
 20
357.05000135633685
 10
380.47296293079853
 20
356.92560148735845
 10
380.491399301423
 20
356.80479572878943
 10
380.52137920426
 20
356.6881955746148
 10
380.5622911453247
 20
356.5764125188192
 10
380.6135236306323
 20
356.4700580553876
 10
380.6744651661979
 20
356.3697436783049
 10
380.82302941216363
 20
356.1896811591254
 10
381.0030919313431
 20
356.0411169131597
 10
381.1034063084258
 20
355.9801753775941
 10
381.20976077185736
 20
355.92894289228656
 10
381.32154382765293
 20
355.8880309512218
 10
381.43814398182764
 20
355.85805104838477
 10
381.5589497403966
 20
355.8396146777604
 10
381.683349609375
 20
355.83333333333337
 10
381.80774389041795
 20
355.8396146777604
 10
381.92854550149707
 20
355.85805104838477
 10
382.04514279961586
 20
355.8880309512218
 10
382.1569241417779
 20
355.92894289228656
 10
382.2632778849867
 20
355.9801753775941
 10
382.3635923862457
 20
356.0411169131597
 10
382.54365709092883
 20
356.1896811591254
 10
382.6922251118554
 20
356.3697436783049
 10
382.75316875841884
 20
356.4700580553876
 10
382.8044033050537
 20
356.5764125188192
 10
382.8453171087636
 20
356.6881955746148
 10
382.875298526552
 20
356.80479572878943
 10
382.89373591542244
 20
356.92560148735845
 10
382.9000176323785
 20
357.05000135633685
  0
LWPOLYLINE
  5
5B8
330
17
100
AcDbEntity
  8
ESTRUCTURAS
100
AcDbPolyline
 90
17
 70
0
 10
383.2743326822917
 20
355.45901828342016
 10
383.42878619829816
 20
355.6298997087611
 10
383.5626459121704
 20
355.81197692288293
 10
383.6759118239085
 20
356.0036505841547
 10
383.7685839335124
 20
356.2033213509454
 10
383.84066224098206
 20
356.4093898816241
 10
383.89214674631756
 20
356.62025683456
 10
383.92303744951886
 20
356.834322868122
 10
383.93333435058594
 20
357.04998864067926
 10
383.92303744951886
 20
357.26565481060084
 10
383.89214674631756
 20
357.47972203625574
 10
383.84066224098206
 20
357.6905909760131
 10
383.7685839335124
 20
357.89666228824194
 10
383.6759118239085
 20
358.0963366313113
 10
383.5626459121704
 20
358.28801466359033
 10
383.42878619829816
 20
358.47009704344805
 10
383.2743326822917
 20
358.6409844292535
  0
LWPOLYLINE
  5
5B9
330
17
100
AcDbEntity
  8
ESTRUCTURAS
100
AcDbPolyline
 90
57
 70
0
 10
312.88333468967016
 20
361.0999891493056
 10
312.7589404086272
 20
361.09370743234956
 10
312.6381387975481
 20
361.07527004347907
 10
312.5215414994293
 20
361.0452886256907
 10
312.40976015726727
 20
361.00437482198083
 10
312.3034064140585
 20
360.9531402753459
 10
312.20309191279944
 20
360.89219662878253
 10
312.02302720811633
 20
360.7436286078559
 10
311.87445918718976
 20
360.56356390317285
 10
311.8135155406263
 20
360.46324940191374
 10
311.76228099399145
 20
360.356895658705
 10
311.72136719028157
 20
360.245114316543
 10
311.69138577249316
 20
360.12851701842413
 10
311.6729483836227
 20
360.0077154073451
 10
311.6666666666667
 20
359.8833211263021
 10
311.6729483836227
 20
359.75892684525917
 10
311.69138577249316
 20
359.63812523418005
 10
311.72136719028157
 20
359.52152793606126
 10
311.76228099399145
 20
359.40974659389923
 10
311.8135155406263
 20
359.30339285069044
 10
311.87445918718976
 20
359.2030783494314
 10
312.02302720811633
 20
359.0230136447483
 10
312.20309191279944
 20
358.8744456238217
 10
312.3034064140585
 20
358.8135019772583
 10
312.40976015726727
 20
358.7622674306234
 10
312.5215414994293
 20
358.7213536269135
 10
312.6381387975481
 20
358.6913722091251
 10
312.7589404086272
 20
358.6729348202547
 10
312.88333468967016
 20
358.66665310329864
 10
313.00773455864856
 20
358.6729348202547
 10
313.1285403172175
 20
358.6913722091251
 10
313.24514047139223
 20
358.7213536269135
 10
313.3569235271878
 20
358.7622674306234
 10
313.46327799061936
 20
358.8135019772583
 10
313.5635923677021
 20
358.8744456238217
 10
313.74365488688153
 20
359.0230136447483
 10
313.8922191328473
 20
359.2030783494314
 10
313.95316066841286
 20
359.30339285069044
 10
314.00439315372046
 20
359.40974659389923
 10
314.0453050947852
 20
359.52152793606126
 10
314.0752849976222
 20
359.63812523418005
 10
314.09372136824663
 20
359.75892684525917
 10
314.10000271267364
 20
359.8833211263021
 10
314.09372136824663
 20
360.0077154073451
 10
314.0752849976222
 20
360.12851701842413
 10
314.0453050947852
 20
360.245114316543
 10
314.00439315372046
 20
360.356895658705
 10
313.95316066841286
 20
360.46324940191374
 10
313.8922191328473
 20
360.56356390317285
 10
313.74365488688153
 20
360.7436286078559
 10
313.5635923677021
 20
360.89219662878253
 10
313.46327799061936
 20
360.9531402753459
 10
313.3569235271878
 20
361.00437482198083
 10
313.24514047139223
 20
361.0452886256907
 10
313.1285403172175
 20
361.07527004347907
 10
313.00773455864856
 20
361.09370743234956
 10
312.88333468967016
 20
361.0999891493056
  0
LWPOLYLINE
  5
5BA
330
17
100
AcDbEntity
  8
ESTRUCTURAS
100
AcDbPolyline
 90
17
 70
0
 10
314.4743177625868
 20
361.47430419921875
 10
314.30343633724584
 20
361.6287577152252
 10
314.121359123124
 20
361.76261742909753
 10
313.9296854618523
 20
361.87588334083557
 10
313.7300146950616
 20
361.96855545043945
 10
313.52394616438283
 20
362.0406337579092
 10
313.31307921144696
 20
362.09211826324463
 10
313.09901317788496
 20
362.1230089664459
 10
312.8833474053277
 20
362.13330586751306
 10
312.6676812354061
 20
362.1230089664459
 10
312.4536140097512
 20
362.09211826324463
 10
312.2427450699939
 20
362.0406337579092
 10
312.036673757765
 20
361.96855545043945
 10
311.83699941469564
 20
361.87588334083557
 10
311.6453213824166
 20
361.76261742909753
 10
311.4632390025589
 20
361.6287577152252
 10
311.2923516167535
 20
361.47430419921875
  0
LWPOLYLINE
  5
5BB
330
17
100
AcDbEntity
  8
ESTRUCTURAS
100
AcDbPolyline
 90
57
 70
0
 10
292.9666815863715
 20
333.0833265516493
 10
292.9603998694155
 20
333.20772083269225
 10
292.94196248054504
 20
333.32852244377136
 10
292.91198106275664
 20
333.44511974189015
 10
292.87106725904675
 20
333.5569010840522
 10
292.8198327124119
 20
333.66325482726097
 10
292.75888906584845
 20
333.76356932852
 10
292.6103210449219
 20
333.9436340332031
 10
292.43025634023877
 20
334.0922020541297
 10
292.3299418389797
 20
334.15314570069313
 10
292.22358809577094
 20
334.204380247328
 10
292.1118067536089
 20
334.2452940510379
 10
291.9952094554901
 20
334.2752754688263
 10
291.874407844411
 20
334.29371285769673
 10
291.75001356336804
 20
334.29999457465277
 10
291.62561928232515
 20
334.29371285769673
 10
291.50481767124603
 20
334.2752754688263
 10
291.3882203731272
 20
334.2452940510379
 10
291.2764390309652
 20
334.204380247328
 10
291.1700852877564
 20
334.15314570069313
 10
291.0697707864973
 20
334.0922020541297
 10
290.88970608181427
 20
333.9436340332031
 10
290.7411380608877
 20
333.76356932852
 10
290.68019441432426
 20
333.66325482726097
 10
290.62895986768933
 20
333.5569010840522
 10
290.5880460639795
 20
333.44511974189015
 10
290.5580646461911
 20
333.32852244377136
 10
290.5396272573206
 20
333.20772083269225
 10
290.5333455403646
 20
333.0833265516493
 10
290.5396272573206
 20
332.9589322706064
 10
290.5580646461911
 20
332.8381306595273
 10
290.5880460639795
 20
332.72153336140843
 10
290.62895986768933
 20
332.60975201924646
 10
290.68019441432426
 20
332.5033982760377
 10
290.7411380608877
 20
332.40308377477857
 10
290.88970608181427
 20
332.2230190700955
 10
291.0697707864973
 20
332.07445104916894
 10
291.1700852877564
 20
332.0135074026055
 10
291.2764390309652
 20
331.9622728559706
 10
291.3882203731272
 20
331.92135905226075
 10
291.50481767124603
 20
331.89137763447235
 10
291.62561928232515
 20
331.87294024560185
 10
291.75001356336804
 20
331.86665852864587
 10
291.874407844411
 20
331.87294024560185
 10
291.9952094554901
 20
331.89137763447235
 10
292.1118067536089
 20
331.92135905226075
 10
292.22358809577094
 20
331.9622728559706
 10
292.3299418389797
 20
332.0135074026055
 10
292.43025634023877
 20
332.07445104916894
 10
292.6103210449219
 20
332.2230190700955
 10
292.75888906584845
 20
332.40308377477857
 10
292.8198327124119
 20
332.5033982760377
 10
292.87106725904675
 20
332.60975201924646
 10
292.91198106275664
 20
332.72153336140843
 10
292.94196248054504
 20
332.8381306595273
 10
292.9603998694155
 20
332.9589322706064
 10
292.9666815863715
 20
333.0833265516493
  0
LWPOLYLINE
  5
5BC
330
17
100
AcDbEntity
  8
ESTRUCTURAS
100
AcDbPolyline
 90
17
 70
0
 10
293.34099663628473
 20
331.49234347873266
 10
293.4954501522912
 20
331.66322527660265
 10
293.62930986616345
 20
331.84530350897046
 10
293.74257577790155
 20
332.0369786851936
 10
293.83524788750543
 20
332.23665131462946
 10
293.9073261949751
 20
332.4427219066355
 10
293.9588107003106
 20
332.6535909705692
 10
293.9897014035119
 20
332.867659015788
 10
293.999998304579
 20
333.0833265516493
 10
293.9897014035119
 20
333.29899408751066
 10
293.9588107003106
 20
333.51306213272943
 10
293.9073261949751
 20
333.7239311966631
 10
293.83524788750543
 20
333.9300017886692
 10
293.74257577790155
 20
334.129674418105
 10
293.62930986616345
 20
334.3213495943281
 10
293.4954501522912
 20
334.503427826696
 10
293.34099663628473
 20
334.674309624566
  0
LWPOLYLINE
  5
5BD
330
17
100
AcDbEntity
  8
ESTRUCTURAS
100
AcDbPolyline
 90
57
 70
0
 10
281.40001085069446
 20
262.88333468967016
 10
281.3937291337384
 20
263.0077287803094
 10
281.375291744868
 20
263.128529853291
 10
281.3453103270796
 20
263.2451263152891
 10
281.3043965233697
 20
263.3569065729777
 10
281.2531619767348
 20
263.46325903303097
 10
281.1922183301714
 20
263.56357210212286
 10
281.0436503092448
 20
263.74363369411896
 10
280.8635856045617
 20
263.8921986023585
 10
280.76327110330266
 20
263.9531408167548
 10
280.65691736009387
 20
264.00437408023413
 10
280.54513601793184
 20
264.0452867994706
 10
280.42853871981305
 20
264.0752673811383
 10
280.30773710873393
 20
264.09370423191126
 10
280.183342827691
 20
264.09998575846356
 10
280.058948546648
 20
264.09370423191126
 10
279.9381469355689
 20
264.0752673811383
 10
279.8215496374501
 20
264.0452867994706
 10
279.7097682952881
 20
264.00437408023413
 10
279.6034145520793
 20
263.9531408167548
 10
279.50310005082025
 20
263.8921986023585
 10
279.32303534613715
 20
263.74363369411896
 10
279.17446732521057
 20
263.56357210212286
 10
279.11352367864714
 20
263.46325903303097
 10
279.06228913201227
 20
263.3569065729777
 10
279.0213753283024
 20
263.2451263152891
 10
278.991393910514
 20
263.128529853291
 10
278.97295652164354
 20
263.0077287803094
 10
278.9666748046875
 20
262.88333468967016
 10
278.97295652164354
 20
262.7589376146595
 10
278.991393910514
 20
262.6381339298354
 10
279.0213753283024
 20
262.5215352036887
 10
279.06228913201227
 20
262.4097530047099
 10
279.11352367864714
 20
262.3033989013897
 10
279.17446732521057
 20
262.20308446221884
 10
279.32303534613715
 20
262.02302085028754
 10
279.50310005082025
 20
261.8744547168414
 10
279.6034145520793
 20
261.81351212577687
 10
279.7097682952881
 20
261.76227860980566
 10
279.8215496374501
 20
261.72136573741835
 10
279.9381469355689
 20
261.6913850771056
 10
280.058948546648
 20
261.6729481973582
 10
280.183342827691
 20
261.6666666666667
 10
280.30773710873393
 20
261.6729481973582
 10
280.42853871981305
 20
261.6913850771056
 10
280.54513601793184
 20
261.72136573741835
 10
280.65691736009387
 20
261.76227860980566
 10
280.76327110330266
 20
261.81351212577687
 10
280.8635856045617
 20
261.8744547168414
 10
281.0436503092448
 20
262.02302085028754
 10
281.1922183301714
 20
262.20308446221884
 10
281.2531619767348
 20
262.3033989013897
 10
281.3043965233697
 20
262.4097530047099
 10
281.3453103270796
 20
262.5215352036887
 10
281.375291744868
 20
262.6381339298354
 10
281.3937291337384
 20
262.7589376146595
 10
281.40001085069446
 20
262.88333468967016
  0
LWPOLYLINE
  5
5BE
330
17
100
AcDbEntity
  8
ESTRUCTURAS
100
AcDbPolyline
 90
17
 70
0
 10
281.77432590060766
 20
261.2923516167535
 10
281.92877941661413
 20
261.46323322835894
 10
282.0626391304864
 20
261.6453109516038
 10
282.1759050422245
 20
261.8369853703512
 10
282.26857715182837
 20
262.0366570684645
 10
282.34065545929803
 20
262.2427266298069
 10
282.39213996463354
 20
262.45359463824167
 10
282.42303066783484
 20
262.66766167763205
 10
282.4333275689019
 20
262.88332833184137
 10
282.42303066783484
 20
263.0989951847328
 10
282.39213996463354
 20
263.31306282016965
 10
282.34065545929803
 20
263.5239318220152
 10
282.26857715182837
 20
263.73000277413263
 10
282.1759050422245
 20
263.92967626038524
 10
282.0626391304864
 20
264.1213528646363
 10
281.92877941661413
 20
264.3034331707491
 10
281.77432590060766
 20
264.4743177625868
  0
LWPOLYLINE
  5
5BF
330
17
100
AcDbEntity
  8
ESTRUCTURAS
100
AcDbPolyline
 90
57
 70
0
 10
275.4666815863715
 20
220.01666598849826
 10
275.4603998694155
 20
220.1410602695412
 10
275.44196248054504
 20
220.26186188062033
 10
275.41198106275664
 20
220.37845917873912
 10
275.37106725904675
 20
220.49024052090115
 10
275.3198327124119
 20
220.59659426410994
 10
275.25888906584845
 20
220.696908765369
 10
275.1103210449219
 20
220.8769734700521
 10
274.93025634023877
 20
221.02554149097867
 10
274.8299418389797
 20
221.0864851375421
 10
274.72358809577094
 20
221.13771968417697
 10
274.6118067536089
 20
221.17863348788686
 10
274.4952094554901
 20
221.20861490567526
 10
274.374407844411
 20
221.2270522945457
 10
274.25001356336804
 20
221.23333401150174
 10
274.12561928232515
 20
221.2270522945457
 10
274.00481767124603
 20
221.20861490567526
 10
273.8882203731272
 20
221.17863348788686
 10
273.7764390309652
 20
221.13771968417697
 10
273.6700852877564
 20
221.0864851375421
 10
273.5697707864973
 20
221.02554149097867
 10
273.38970608181427
 20
220.8769734700521
 10
273.2411380608877
 20
220.696908765369
 10
273.18019441432426
 20
220.59659426410994
 10
273.12895986768933
 20
220.49024052090115
 10
273.0880460639795
 20
220.37845917873912
 10
273.0580646461911
 20
220.26186188062033
 10
273.0396272573206
 20
220.1410602695412
 10
273.0333455403646
 20
220.01666598849826
 10
273.0396272573206
 20
219.8922689134876
 10
273.0580646461911
 20
219.77146522866357
 10
273.0880460639795
 20
219.6548665025168
 10
273.12895986768933
 20
219.54308430353802
 10
273.18019441432426
 20
219.43673020021785
 10
273.2411380608877
 20
219.33641576104694
 10
273.38970608181427
 20
219.1563521491157
 10
273.5697707864973
 20
219.00778601566952
 10
273.6700852877564
 20
218.94684342460502
 10
273.7764390309652
 20
218.89560990863376
 10
273.8882203731272
 20
218.85469703624648
 10
274.00481767124603
 20
218.82471637593378
 10
274.12561928232515
 20
218.8062794961863
 10
274.25001356336804
 20
218.7999979654948
 10
274.374407844411
 20
218.8062794961863
 10
274.4952094554901
 20
218.82471637593378
 10
274.6118067536089
 20
218.85469703624648
 10
274.72358809577094
 20
218.89560990863376
 10
274.8299418389797
 20
218.94684342460502
 10
274.93025634023877
 20
219.00778601566952
 10
275.1103210449219
 20
219.1563521491157
 10
275.25888906584845
 20
219.33641576104694
 10
275.3198327124119
 20
219.43673020021785
 10
275.37106725904675
 20
219.54308430353802
 10
275.41198106275664
 20
219.6548665025168
 10
275.44196248054504
 20
219.77146522866357
 10
275.4603998694155
 20
219.8922689134876
 10
275.4666815863715
 20
220.01666598849826
  0
LWPOLYLINE
  5
5C0
330
17
100
AcDbEntity
  8
ESTRUCTURAS
100
AcDbPolyline
 90
17
 70
0
 10
275.84099663628473
 20
218.4256829155816
 10
275.9954501522912
 20
218.5965645271871
 10
276.12930986616345
 20
218.77864225043191
 10
276.24257577790155
 20
218.97031666917934
 10
276.33524788750543
 20
219.16998836729263
 10
276.4073261949751
 20
219.37605792863502
 10
276.4588107003106
 20
219.5869259370698
 10
276.4897014035119
 20
219.8009929764602
 10
276.499998304579
 20
220.0166596306695
 10
276.4897014035119
 20
220.23232648356094
 10
276.4588107003106
 20
220.4463941189978
 10
276.4073261949751
 20
220.6572631208433
 10
276.33524788750543
 20
220.86333407296075
 10
276.24257577790155
 20
221.0630075592134
 10
276.12930986616345
 20
221.25468416346445
 10
275.9954501522912
 20
221.4367644695772
 10
275.84099663628473
 20
221.60764906141495
  0
LWPOLYLINE
  5
5C1
330
17
100
AcDbEntity
  8
ESTRUCTURAS
100
AcDbPolyline
 90
25
 70
0
 10
400.0666639539931
 20
219.8833211263021
 10
400.0561669800017
 20
219.98744507630667
 10
400.004304457042
 20
220.12959075470766
 10
399.91533491346576
 20
220.248654683431
 10
399.7962709847424
 20
220.33762422700724
 10
399.6541253063414
 20
220.38948674996695
 10
399.55000135633685
 20
220.39998372395834
 10
399.4458774063323
 20
220.38948674996695
 10
399.3037317279313
 20
220.33762422700724
 10
399.18466779920794
 20
220.248654683431
 10
399.0956982556317
 20
220.12959075470766
 10
399.043835732672
 20
219.98744507630667
 10
399.0333387586806
 20
219.8833211263021
 10
399.043835732672
 20
219.77919717629752
 10
399.0956982556317
 20
219.63705149789652
 10
399.18466779920794
 20
219.5179875691732
 10
399.3037317279313
 20
219.42901802559695
 10
399.4458774063323
 20
219.37715550263724
 10
399.55000135633685
 20
219.36665852864584
 10
399.6541253063414
 20
219.37715550263724
 10
399.7962709847424
 20
219.42901802559695
 10
399.91533491346576
 20
219.5179875691732
 10
400.004304457042
 20
219.63705149789652
 10
400.0561669800017
 20
219.77919717629752
 10
400.0666639539931
 20
219.8833211263021
  0
LWPOLYLINE
  5
5C2
330
17
100
AcDbEntity
  8
ESTRUCTURAS
100
AcDbPolyline
 90
25
 70
0
 10
285.83333333333337
 20
268.51665920681427
 10
285.822836359342
 20
268.62078315681885
 10
285.77097383638227
 20
268.76292883521984
 10
285.682004292806
 20
268.8819927639432
 10
285.5629403640827
 20
268.9709623075194
 10
285.4207946856817
 20
269.0228248304791
 10
285.3166707356771
 20
269.0333218044705
 10
285.21254678567254
 20
269.0228248304791
 10
285.07040110727155
 20
268.9709623075194
 10
284.9513371785482
 20
268.8819927639432
 10
284.862367634972
 20
268.76292883521984
 10
284.81050511201227
 20
268.62078315681885
 10
284.80000813802087
 20
268.51665920681427
 10
284.81050511201227
 20
268.4125352568097
 10
284.862367634972
 20
268.2703895784087
 10
284.9513371785482
 20
268.15132564968536
 10
285.07040110727155
 20
268.0623561061091
 10
285.21254678567254
 20
268.0104935831494
 10
285.3166707356771
 20
267.999996609158
 10
285.4207946856817
 20
268.0104935831494
 10
285.5629403640827
 20
268.0623561061091
 10
285.682004292806
 20
268.15132564968536
 10
285.77097383638227
 20
268.2703895784087
 10
285.822836359342
 20
268.4125352568097
 10
285.83333333333337
 20
268.51665920681427
  0
LWPOLYLINE
  5
5C3
330
17
100
AcDbEntity
  8
ESTRUCTURAS
100
AcDbPolyline
 90
41
 70
0
 10
386.16668701171875
 20
94.68332926432292
 10
386.16143797006873
 20
94.78727754205465
 10
386.1460315518909
 20
94.88822311162949
 10
386.08679082658557
 20
95.07906198501587
 10
385.99305331707
 20
95.25175760189693
 10
385.86890750461157
 20
95.4022216796875
 10
385.7184418704775
 20
95.52636593580246
 10
385.54574489593506
 20
95.62010208765666
 10
385.35490506225165
 20
95.67934185266495
 10
385.25395922362804
 20
95.69474800179403
 10
385.15001085069446
 20
95.69999694824219
 10
385.04606247776087
 20
95.69474800179403
 10
384.94511663913727
 20
95.67934185266495
 10
384.75427680545386
 20
95.62010208765666
 10
384.58157983091144
 20
95.52636593580246
 10
384.43111419677734
 20
95.4022216796875
 10
384.3069683843189
 20
95.25175760189693
 10
384.21323087480334
 20
95.07906198501587
 10
384.153990149498
 20
94.88822311162949
 10
384.1385837313202
 20
94.78727754205465
 10
384.13333468967016
 20
94.68332926432292
 10
384.1385837313202
 20
94.57938098659119
 10
384.153990149498
 20
94.47843541701636
 10
384.21323087480334
 20
94.28759654362997
 10
384.3069683843189
 20
94.11490092674892
 10
384.43111419677734
 20
93.96443684895834
 10
384.58157983091144
 20
93.84029259284338
 10
384.75427680545386
 20
93.74655644098918
 10
384.94511663913727
 20
93.6873166759809
 10
385.04606247776087
 20
93.67191052685182
 10
385.15001085069446
 20
93.66666158040366
 10
385.25395922362804
 20
93.67191052685182
 10
385.35490506225165
 20
93.6873166759809
 10
385.54574489593506
 20
93.74655644098918
 10
385.7184418704775
 20
93.84029259284338
 10
385.86890750461157
 20
93.96443684895834
 10
385.99305331707
 20
94.11490092674892
 10
386.08679082658557
 20
94.28759654362997
 10
386.1460315518909
 20
94.47843541701636
 10
386.16143797006873
 20
94.57938098659119
 10
386.16668701171875
 20
94.68332926432292
  0
LWPOLYLINE
  5
5C4
330
17
100
AcDbEntity
  8
ESTRUCTURAS
100
AcDbPolyline
 90
65
 70
0
 10
386.6666666666667
 20
94.68332926432292
 10
386.6588364955452
 20
94.83839948765106
 10
386.6358541780048
 20
94.98899021082455
 10
386.5984820077817
 20
95.13433907801907
 10
386.54748227861194
 20
95.27368373341031
 10
386.48361728423174
 20
95.40626182117397
 10
386.4076493183772
 20
95.53131098548572
 10
386.32034067478446
 20
95.64806887052126
 10
386.2224536471897
 20
95.75577312045628
 10
386.114750529329
 20
95.85366137946646
 10
385.99799361493854
 20
95.9409712917275
 10
385.87294519775446
 20
96.01694050141508
 10
385.7403675715129
 20
96.08080665270488
 10
385.60102302994994
 20
96.1318073897726
 10
385.4556738668018
 20
96.16918035679394
 10
385.3050823758046
 20
96.19216319794457
 10
385.15001085069446
 20
96.19999355740018
 10
384.9949393255843
 20
96.19216319794457
 10
384.8443478345871
 20
96.16918035679394
 10
384.69899867143897
 20
96.1318073897726
 10
384.55965412987604
 20
96.08080665270488
 10
384.42707650363445
 20
96.01694050141508
 10
384.3020280864504
 20
95.9409712917275
 10
384.1852711720599
 20
95.85366137946646
 10
384.0775680541992
 20
95.75577312045628
 10
383.97968102660445
 20
95.64806887052126
 10
383.8923723830117
 20
95.53131098548572
 10
383.8164044171572
 20
95.40626182117397
 10
383.752539422777
 20
95.27368373341031
 10
383.70153969360723
 20
95.13433907801907
 10
383.6641675233841
 20
94.98899021082455
 10
383.6411852058437
 20
94.83839948765106
 10
383.63335503472223
 20
94.68332926432292
 10
383.6411852058437
 20
94.52825904099478
 10
383.6641675233841
 20
94.37766831782129
 10
383.70153969360723
 20
94.23231945062678
 10
383.752539422777
 20
94.09297479523553
 10
383.8164044171572
 20
93.96039670747187
 10
383.8923723830117
 20
93.83534754316013
 10
383.97968102660445
 20
93.71858965812459
 10
384.0775680541992
 20
93.61088540818956
 10
384.1852711720599
 20
93.51299714917938
 10
384.3020280864504
 20
93.42568723691835
 10
384.42707650363445
 20
93.34971802723076
 10
384.55965412987604
 20
93.28585187594096
 10
384.69899867143897
 20
93.23485113887324
 10
384.8443478345871
 20
93.1974781718519
 10
384.9949393255843
 20
93.17449533070128
 10
385.15001085069446
 20
93.16666497124567
 10
385.3050823758046
 20
93.17449533070128
 10
385.4556738668018
 20
93.1974781718519
 10
385.60102302994994
 20
93.23485113887324
 10
385.7403675715129
 20
93.28585187594096
 10
385.87294519775446
 20
93.34971802723076
 10
385.99799361493854
 20
93.42568723691835
 10
386.114750529329
 20
93.51299714917938
 10
386.2224536471897
 20
93.61088540818956
 10
386.32034067478446
 20
93.71858965812459
 10
386.4076493183772
 20
93.83534754316013
 10
386.48361728423174
 20
93.96039670747187
 10
386.54748227861194
 20
94.09297479523553
 10
386.5984820077817
 20
94.23231945062678
 10
386.6358541780048
 20
94.37766831782129
 10
386.6588364955452
 20
94.52825904099478
 10
386.6666666666667
 20
94.68332926432292
  0
LINE
  5
5C5
330
17
100
AcDbEntity
  8
ESTRUCTURAS
100
AcDbLine
 10
612.6000298394098
 20
130.63333299424914
 30
0.0
 11
624.8000081380209
 21
130.63333299424914
 31
0.0
  0
LINE
  5
5C6
330
17
100
AcDbEntity
  8
ESTRUCTURAS
100
AcDbLine
 10
618.2999674479167
 20
142.86666870117188
 30
0.0
 11
618.7000189887153
 21
143.26666937934027
 31
0.0
  0
LINE
  5
5C7
330
17
100
AcDbEntity
  8
ESTRUCTURAS
100
AcDbLine
 10
618.7000189887153
 20
143.26666937934027
 30
0.0
 11
619.2333306206598
 21
143.76666598849826
 31
0.0
  0
LINE
  5
5C8
330
17
100
AcDbEntity
  8
ESTRUCTURAS
100
AcDbLine
 10
618.1666395399305
 20
142.9000006781684
 30
0.0
 11
618.7000189887153
 21
143.46666124131946
 31
0.0
  0
LINE
  5
5C9
330
17
100
AcDbEntity
  8
ESTRUCTURAS
100
AcDbLine
 10
618.7000189887153
 20
143.46666124131946
 30
0.0
 11
619.1000027126736
 21
143.83332994249133
 31
0.0
  0
LINE
  5
5CA
330
17
100
AcDbEntity
  8
ESTRUCTURAS
100
AcDbLine
 10
618.0333116319445
 20
142.96666463216147
 30
0.0
 11
618.7000189887153
 21
143.63333808051215
 31
0.0
  0
LINE
  5
5CB
330
17
100
AcDbEntity
  8
ESTRUCTURAS
100
AcDbLine
 10
617.8999837239584
 20
143.0333285861545
 30
0.0
 11
618.7000189887153
 21
143.83332994249133
 31
0.0
  0
LINE
  5
5CC
330
17
100
AcDbEntity
  8
ESTRUCTURAS
100
AcDbLine
 10
617.7666558159723
 20
143.09999254014758
 30
0.0
 11
618.7000189887153
 21
144.0333218044705
 31
0.0
  0
LINE
  5
5CD
330
17
100
AcDbEntity
  8
ESTRUCTURAS
100
AcDbLine
 10
617.6333279079861
 20
143.16665649414062
 30
0.0
 11
618.5999891493055
 21
144.10000271267361
 31
0.0
  0
LINE
  5
5CE
330
17
100
AcDbEntity
  8
ESTRUCTURAS
100
AcDbLine
 10
617.5
 20
143.23333740234375
 30
0.0
 11
618.4666612413195
 21
144.16666666666669
 31
0.0
  0
LINE
  5
5CF
330
17
100
AcDbEntity
  8
ESTRUCTURAS
100
AcDbLine
 10
617.4000379774305
 20
143.26666937934027
 30
0.0
 11
618.3333333333334
 21
144.23333062065973
 31
0.0
  0
LINE
  5
5D0
330
17
100
AcDbEntity
  8
ESTRUCTURAS
100
AcDbLine
 10
617.3333062065973
 20
143.43332926432294
 30
0.0
 11
618.2000054253473
 21
144.29999457465277
 31
0.0
  0
LINE
  5
5D1
330
17
100
AcDbEntity
  8
ESTRUCTURAS
100
AcDbLine
 10
617.3333062065973
 20
143.63333808051215
 30
0.0
 11
618.0999755859375
 21
144.36665852864584
 31
0.0
  0
LINE
  5
5D2
330
17
100
AcDbEntity
  8
ESTRUCTURAS
100
AcDbLine
 10
617.3333062065973
 20
143.83332994249133
 30
0.0
 11
617.9666476779514
 21
144.43332248263889
 31
0.0
  0
LINE
  5
5D3
330
17
100
AcDbEntity
  8
ESTRUCTURAS
100
AcDbLine
 10
617.3333062065973
 20
143.99998982747397
 30
0.0
 11
617.8333197699653
 21
144.500003390842
 31
0.0
  0
LINE
  5
5D4
330
17
100
AcDbEntity
  8
ESTRUCTURAS
100
AcDbLine
 10
617.3333062065973
 20
144.1999986436632
 30
0.0
 11
617.6999918619792
 21
144.56666734483508
 31
0.0
  0
LINE
  5
5D5
330
17
100
AcDbEntity
  8
ESTRUCTURAS
100
AcDbLine
 10
618.7000189887153
 20
143.06666056315106
 30
0.0
 11
619.3666585286459
 21
143.73333401150174
 31
0.0
  0
LINE
  5
5D6
330
17
100
AcDbEntity
  8
ESTRUCTURAS
100
AcDbLine
 10
618.7000189887153
 20
142.86666870117188
 30
0.0
 11
619.499986436632
 21
143.6666700575087
 31
0.0
  0
LINE
  5
5D7
330
17
100
AcDbEntity
  8
ESTRUCTURAS
100
AcDbLine
 10
618.7000189887153
 20
142.69999186197919
 30
0.0
 11
619.6000162760417
 21
143.59998914930557
 31
0.0
  0
LINE
  5
5D8
330
17
100
AcDbEntity
  8
ESTRUCTURAS
100
AcDbLine
 10
618.8333468967014
 20
142.5999959309896
 30
0.0
 11
619.7333441840278
 21
143.5333251953125
 31
0.0
  0
LINE
  5
5D9
330
17
100
AcDbEntity
  8
ESTRUCTURAS
100
AcDbLine
 10
618.9666748046875
 20
142.56666395399307
 30
0.0
 11
619.8666720920139
 21
143.46666124131946
 31
0.0
  0
LINE
  5
5DA
330
17
100
AcDbEntity
  8
ESTRUCTURAS
100
AcDbLine
 10
619.1000027126736
 20
142.5
 30
0.0
 11
620.0
 21
143.39999728732639
 31
0.0
  0
LINE
  5
5DB
330
17
100
AcDbEntity
  8
ESTRUCTURAS
100
AcDbLine
 10
619.2333306206598
 20
142.43333604600696
 30
0.0
 11
620.1000298394098
 21
143.30000135633682
 31
0.0
  0
LINE
  5
5DC
330
17
100
AcDbEntity
  8
ESTRUCTURAS
100
AcDbLine
 10
619.3666585286459
 20
142.36665513780383
 30
0.0
 11
620.1000298394098
 21
143.09999254014758
 31
0.0
  0
LINE
  5
5DD
330
17
100
AcDbEntity
  8
ESTRUCTURAS
100
AcDbLine
 10
619.4666883680555
 20
142.29999118381076
 30
0.0
 11
620.1000298394098
 21
142.93333265516495
 31
0.0
  0
LINE
  5
5DE
330
17
100
AcDbEntity
  8
ESTRUCTURAS
100
AcDbLine
 10
619.6000162760417
 20
142.26665920681424
 30
0.0
 11
620.1000298394098
 21
142.7333238389757
 31
0.0
  0
LINE
  5
5DF
330
17
100
AcDbEntity
  8
ESTRUCTURAS
100
AcDbLine
 10
619.7333441840278
 20
142.1999952528212
 30
0.0
 11
620.1000298394098
 21
142.53333197699652
 31
0.0
  0
LINE
  5
5E0
330
17
100
AcDbEntity
  8
ESTRUCTURAS
100
AcDbLine
 10
619.7333441840278
 20
142.1999952528212
 30
0.0
 11
618.7000189887153
 21
143.23333740234375
 31
0.0
  0
LINE
  5
5E1
330
17
100
AcDbEntity
  8
ESTRUCTURAS
100
AcDbLine
 10
618.7000189887153
 20
143.23333740234375
 30
0.0
 11
617.3333062065973
 21
144.5999993218316
 31
0.0
  0
LINE
  5
5E2
330
17
100
AcDbEntity
  8
ESTRUCTURAS
100
AcDbLine
 10
619.4000244140625
 20
142.36665513780383
 30
0.0
 11
618.7000189887153
 21
143.0333285861545
 31
0.0
  0
LINE
  5
5E3
330
17
100
AcDbEntity
  8
ESTRUCTURAS
100
AcDbLine
 10
618.7000189887153
 20
143.0333285861545
 30
0.0
 11
617.3333062065973
 21
144.39999050564236
 31
0.0
  0
LINE
  5
5E4
330
17
100
AcDbEntity
  8
ESTRUCTURAS
100
AcDbLine
 10
619.0333387586805
 20
142.53333197699652
 30
0.0
 11
618.7000189887153
 21
142.83333672417535
 31
0.0
  0
LINE
  5
5E5
330
17
100
AcDbEntity
  8
ESTRUCTURAS
100
AcDbLine
 10
618.7000189887153
 20
142.83333672417535
 30
0.0
 11
617.3333062065973
 21
144.1999986436632
 31
0.0
  0
LINE
  5
5E6
330
17
100
AcDbEntity
  8
ESTRUCTURAS
100
AcDbLine
 10
618.6666531032986
 20
142.69999186197919
 30
0.0
 11
617.3333062065973
 21
143.99998982747397
 31
0.0
  0
LINE
  5
5E7
330
17
100
AcDbEntity
  8
ESTRUCTURAS
100
AcDbLine
 10
618.3333333333334
 20
142.83333672417535
 30
0.0
 11
617.3333062065973
 21
143.83332994249133
 31
0.0
  0
LINE
  5
5E8
330
17
100
AcDbEntity
  8
ESTRUCTURAS
100
AcDbLine
 10
617.9666476779514
 20
142.999996609158
 30
0.0
 11
617.3333062065973
 21
143.63333808051215
 31
0.0
  0
LINE
  5
5E9
330
17
100
AcDbEntity
  8
ESTRUCTURAS
100
AcDbLine
 10
620.1000298394098
 20
142.03332689073352
 30
0.0
 11
618.7000189887153
 21
143.39999728732639
 31
0.0
  0
LINE
  5
5EA
330
17
100
AcDbEntity
  8
ESTRUCTURAS
100
AcDbLine
 10
618.7000189887153
 20
143.39999728732639
 30
0.0
 11
617.433336046007
 21
144.6999952528212
 31
0.0
  0
LINE
  5
5EB
330
17
100
AcDbEntity
  8
ESTRUCTURAS
100
AcDbLine
 10
620.1000298394098
 20
142.23332722981772
 30
0.0
 11
618.7000189887153
 21
143.59998914930557
 31
0.0
  0
LINE
  5
5EC
330
17
100
AcDbEntity
  8
ESTRUCTURAS
100
AcDbLine
 10
618.7000189887153
 20
143.59998914930557
 30
0.0
 11
617.8333197699653
 21
144.500003390842
 31
0.0
  0
LINE
  5
5ED
330
17
100
AcDbEntity
  8
ESTRUCTURAS
100
AcDbLine
 10
620.1000298394098
 20
142.43333604600696
 30
0.0
 11
618.7000189887153
 21
143.7999979654948
 31
0.0
  0
LINE
  5
5EE
330
17
100
AcDbEntity
  8
ESTRUCTURAS
100
AcDbLine
 10
618.7000189887153
 20
143.7999979654948
 30
0.0
 11
618.2000054253473
 21
144.29999457465277
 31
0.0
  0
LINE
  5
5EF
330
17
100
AcDbEntity
  8
ESTRUCTURAS
100
AcDbLine
 10
620.1000298394098
 20
142.5999959309896
 30
0.0
 11
618.7000189887153
 21
143.99998982747397
 31
0.0
  0
LINE
  5
5F0
330
17
100
AcDbEntity
  8
ESTRUCTURAS
100
AcDbLine
 10
620.1000298394098
 20
142.80000474717883
 30
0.0
 11
618.9666748046875
 21
143.89999389648438
 31
0.0
  0
LINE
  5
5F1
330
17
100
AcDbEntity
  8
ESTRUCTURAS
100
AcDbLine
 10
620.1000298394098
 20
142.999996609158
 30
0.0
 11
619.3666585286459
 21
143.70000203450522
 31
0.0
  0
LINE
  5
5F2
330
17
100
AcDbEntity
  8
ESTRUCTURAS
100
AcDbLine
 10
620.1000298394098
 20
143.19998847113715
 30
0.0
 11
619.7666422526042
 21
143.49999321831598
 31
0.0
  0
LINE
  5
5F3
330
17
100
AcDbEntity
  8
ESTRUCTURAS
100
AcDbLine
 10
617.3333062065973
 20
143.30000135633682
 30
0.0
 11
617.3333062065973
 21
144.73332722981772
 31
0.0
  0
LWPOLYLINE
  5
5F4
330
17
100
AcDbEntity
  8
ESTRUCTURAS
100
AcDbPolyline
 90
3
 70
0
 10
620.1000298394098
 20
143.33333333333334
 10
620.1000298394098
 20
142.03332689073352
 10
617.3333062065973
 20
143.30000135633682
  0
LINE
  5
5F5
330
17
100
AcDbEntity
  8
ESTRUCTURAS
100
AcDbLine
 10
617.3333062065973
 20
144.73332722981772
 30
0.0
 11
620.1000298394098
 21
143.33333333333334
 31
0.0
  0
LINE
  5
5F6
330
17
100
AcDbEntity
  8
ESTRUCTURAS
100
AcDbLine
 10
617.3333062065973
 20
144.73332722981772
 30
0.0
 11
617.3333062065973
 21
141.499998304579
 31
0.0
  0
LINE
  5
5F7
330
17
100
AcDbEntity
  8
ESTRUCTURAS
100
AcDbLine
 10
620.1000298394098
 20
142.03332689073352
 30
0.0
 11
620.1000298394098
 21
145.26665581597223
 31
0.0
  0
LINE
  5
5F8
330
17
100
AcDbEntity
  8
ESTRUCTURAS
100
AcDbLine
 10
618.7000189887153
 20
159.90000406901044
 30
0.0
 11
618.7000189887153
 21
130.63333299424914
 31
0.0
  0
LINE
  5
5F9
330
17
100
AcDbEntity
  8
ESTRUCTURAS
100
AcDbLine
 10
618.36669921875
 20
112.26666768391928
 30
0.0
 11
619.0333387586805
 21
112.93333265516493
 31
0.0
  0
LINE
  5
5FA
330
17
100
AcDbEntity
  8
ESTRUCTURAS
100
AcDbLine
 10
618.36669921875
 20
112.46666802300348
 30
0.0
 11
619.0333387586805
 21
113.13333299424913
 31
0.0
  0
LINE
  5
5FB
330
17
100
AcDbEntity
  8
ESTRUCTURAS
100
AcDbLine
 10
618.36669921875
 20
112.66666836208768
 30
0.0
 11
619.0333387586805
 21
113.33333333333334
 31
0.0
  0
LINE
  5
5FC
330
17
100
AcDbEntity
  8
ESTRUCTURAS
100
AcDbLine
 10
618.36669921875
 20
112.86666022406685
 30
0.0
 11
619.0333387586805
 21
113.500001695421
 31
0.0
  0
LINE
  5
5FD
330
17
100
AcDbEntity
  8
ESTRUCTURAS
100
AcDbLine
 10
618.36669921875
 20
113.03332858615452
 30
0.0
 11
619.0333387586805
 21
113.69999355740018
 31
0.0
  0
LINE
  5
5FE
330
17
100
AcDbEntity
  8
ESTRUCTURAS
100
AcDbLine
 10
618.3999972873264
 20
113.23332892523872
 30
0.0
 11
619.0333387586805
 21
113.86666191948785
 31
0.0
  0
LINE
  5
5FF
330
17
100
AcDbEntity
  8
ESTRUCTURAS
100
AcDbLine
 10
618.3999972873264
 20
113.43332926432292
 30
0.0
 11
618.9999728732639
 21
114.06666225857205
 31
0.0
  0
LINE
  5
600
330
17
100
AcDbEntity
  8
ESTRUCTURAS
100
AcDbLine
 10
618.3999972873264
 20
113.63332960340712
 30
0.0
 11
618.9999728732639
 21
114.26666259765625
 31
0.0
  0
LINE
  5
601
330
17
100
AcDbEntity
  8
ESTRUCTURAS
100
AcDbLine
 10
618.3999972873264
 20
113.83332994249132
 30
0.0
 11
618.9999728732639
 21
114.43333095974393
 31
0.0
  0
LINE
  5
602
330
17
100
AcDbEntity
  8
ESTRUCTURAS
100
AcDbLine
 10
618.3999972873264
 20
114.03333028157553
 30
0.0
 11
618.9999728732639
 21
114.63333129882812
 31
0.0
  0
LINE
  5
603
330
17
100
AcDbEntity
  8
ESTRUCTURAS
100
AcDbLine
 10
618.3999972873264
 20
114.23333062065973
 30
0.0
 11
618.9999728732639
 21
114.83333163791234
 31
0.0
  0
LINE
  5
604
330
17
100
AcDbEntity
  8
ESTRUCTURAS
100
AcDbLine
 10
618.3999972873264
 20
114.3999989827474
 30
0.0
 11
618.9999728732639
 21
115.0
 31
0.0
  0
LINE
  5
605
330
17
100
AcDbEntity
  8
ESTRUCTURAS
100
AcDbLine
 10
618.3999972873264
 20
114.5999993218316
 30
0.0
 11
618.9999728732639
 21
115.20000033908421
 31
0.0
  0
LINE
  5
606
330
17
100
AcDbEntity
  8
ESTRUCTURAS
100
AcDbLine
 10
618.3999972873264
 20
114.7999996609158
 30
0.0
 11
618.9999728732639
 21
115.40000067816841
 31
0.0
  0
LINE
  5
607
330
17
100
AcDbEntity
  8
ESTRUCTURAS
100
AcDbLine
 10
618.3999972873264
 20
115.0
 30
0.0
 11
618.9999728732639
 21
115.56666056315105
 31
0.0
  0
LINE
  5
608
330
17
100
AcDbEntity
  8
ESTRUCTURAS
100
AcDbLine
 10
618.433363172743
 20
115.20000033908421
 30
0.0
 11
618.9999728732639
 21
115.76666090223524
 31
0.0
  0
LINE
  5
609
330
17
100
AcDbEntity
  8
ESTRUCTURAS
100
AcDbLine
 10
618.433363172743
 20
115.40000067816841
 30
0.0
 11
618.9666748046875
 21
115.93332926432292
 31
0.0
  0
LINE
  5
60A
330
17
100
AcDbEntity
  8
ESTRUCTURAS
100
AcDbLine
 10
618.433363172743
 20
115.60000101725261
 30
0.0
 11
618.9666748046875
 21
116.13332960340712
 31
0.0
  0
LINE
  5
60B
330
17
100
AcDbEntity
  8
ESTRUCTURAS
100
AcDbLine
 10
618.433363172743
 20
115.76666090223524
 30
0.0
 11
618.9666748046875
 21
116.33332994249132
 31
0.0
  0
LINE
  5
60C
330
17
100
AcDbEntity
  8
ESTRUCTURAS
100
AcDbLine
 10
618.433363172743
 20
115.96666124131944
 30
0.0
 11
618.9666748046875
 21
116.499998304579
 31
0.0
  0
LINE
  5
60D
330
17
100
AcDbEntity
  8
ESTRUCTURAS
100
AcDbLine
 10
618.433363172743
 20
116.16666158040366
 30
0.0
 11
618.9666748046875
 21
116.69999864366319
 31
0.0
  0
LINE
  5
60E
330
17
100
AcDbEntity
  8
ESTRUCTURAS
100
AcDbLine
 10
618.433363172743
 20
116.36666191948785
 30
0.0
 11
618.9666748046875
 21
116.8999989827474
 31
0.0
  0
LINE
  5
60F
330
17
100
AcDbEntity
  8
ESTRUCTURAS
100
AcDbLine
 10
618.433363172743
 20
116.56666225857205
 30
0.0
 11
618.9666748046875
 21
117.06666734483507
 31
0.0
  0
LINE
  5
610
330
17
100
AcDbEntity
  8
ESTRUCTURAS
100
AcDbLine
 10
618.433363172743
 20
116.76666259765625
 30
0.0
 11
618.9666748046875
 21
117.26666768391928
 31
0.0
  0
LINE
  5
611
330
17
100
AcDbEntity
  8
ESTRUCTURAS
100
AcDbLine
 10
618.4666612413195
 20
116.96666293674046
 30
0.0
 11
618.9666748046875
 21
117.46666802300348
 31
0.0
  0
LINE
  5
612
330
17
100
AcDbEntity
  8
ESTRUCTURAS
100
AcDbLine
 10
618.4666612413195
 20
117.13333129882812
 30
0.0
 11
618.9666748046875
 21
117.63332790798611
 31
0.0
  0
LINE
  5
613
330
17
100
AcDbEntity
  8
ESTRUCTURAS
100
AcDbLine
 10
618.4666612413195
 20
117.33333163791234
 30
0.0
 11
618.9333089192709
 21
117.83332824707031
 31
0.0
  0
LINE
  5
614
330
17
100
AcDbEntity
  8
ESTRUCTURAS
100
AcDbLine
 10
618.4666612413195
 20
117.53333197699654
 30
0.0
 11
618.9333089192709
 21
118.03332858615452
 31
0.0
  0
LINE
  5
615
330
17
100
AcDbEntity
  8
ESTRUCTURAS
100
AcDbLine
 10
618.4666612413195
 20
117.73333231608073
 30
0.0
 11
618.9333089192709
 21
118.19999694824219
 31
0.0
  0
LINE
  5
616
330
17
100
AcDbEntity
  8
ESTRUCTURAS
100
AcDbLine
 10
618.4666612413195
 20
117.93333265516493
 30
0.0
 11
618.9333089192709
 21
118.3999972873264
 31
0.0
  0
LINE
  5
617
330
17
100
AcDbEntity
  8
ESTRUCTURAS
100
AcDbLine
 10
618.4666612413195
 20
118.13333299424913
 30
0.0
 11
618.9333089192709
 21
118.56666564941406
 31
0.0
  0
LINE
  5
618
330
17
100
AcDbEntity
  8
ESTRUCTURAS
100
AcDbLine
 10
618.4666612413195
 20
118.33333333333334
 30
0.0
 11
618.9333089192709
 21
118.76666598849827
 31
0.0
  0
LINE
  5
619
330
17
100
AcDbEntity
  8
ESTRUCTURAS
100
AcDbLine
 10
618.4666612413195
 20
118.49999321831598
 30
0.0
 11
618.9333089192709
 21
118.96666632758247
 31
0.0
  0
LINE
  5
61A
330
17
100
AcDbEntity
  8
ESTRUCTURAS
100
AcDbLine
 10
618.5000271267361
 20
118.69999355740018
 30
0.0
 11
618.9333089192709
 21
119.13333468967015
 31
0.0
  0
LINE
  5
61B
330
17
100
AcDbEntity
  8
ESTRUCTURAS
100
AcDbLine
 10
618.5000271267361
 20
118.89999389648438
 30
0.0
 11
618.9333089192709
 21
119.33332655164931
 31
0.0
  0
LINE
  5
61C
330
17
100
AcDbEntity
  8
ESTRUCTURAS
100
AcDbLine
 10
618.5000271267361
 20
119.09999423556859
 30
0.0
 11
618.9000108506945
 21
119.5333268907335
 31
0.0
  0
LINE
  5
61D
330
17
100
AcDbEntity
  8
ESTRUCTURAS
100
AcDbLine
 10
618.5000271267361
 20
119.29999457465279
 30
0.0
 11
618.9000108506945
 21
119.69999525282118
 31
0.0
  0
LINE
  5
61E
330
17
100
AcDbEntity
  8
ESTRUCTURAS
100
AcDbLine
 10
618.5000271267361
 20
119.49999491373698
 30
0.0
 11
618.9000108506945
 21
119.89999559190538
 31
0.0
  0
LINE
  5
61F
330
17
100
AcDbEntity
  8
ESTRUCTURAS
100
AcDbLine
 10
618.5000271267361
 20
119.69999525282118
 30
0.0
 11
618.9000108506945
 21
120.09999593098959
 31
0.0
  0
LINE
  5
620
330
17
100
AcDbEntity
  8
ESTRUCTURAS
100
AcDbLine
 10
618.5000271267361
 20
119.86666361490886
 30
0.0
 11
618.9000108506945
 21
120.26666429307726
 31
0.0
  0
LINE
  5
621
330
17
100
AcDbEntity
  8
ESTRUCTURAS
100
AcDbLine
 10
618.5000271267361
 20
120.06666395399306
 30
0.0
 11
618.9000108506945
 21
120.46666463216147
 31
0.0
  0
LINE
  5
622
330
17
100
AcDbEntity
  8
ESTRUCTURAS
100
AcDbLine
 10
618.5000271267361
 20
120.26666429307726
 30
0.0
 11
618.9000108506945
 21
120.66666497124567
 31
0.0
  0
LINE
  5
623
330
17
100
AcDbEntity
  8
ESTRUCTURAS
100
AcDbLine
 10
618.5333251953125
 20
120.46666463216147
 30
0.0
 11
618.9000108506945
 21
120.83333333333334
 31
0.0
  0
LINE
  5
624
330
17
100
AcDbEntity
  8
ESTRUCTURAS
100
AcDbLine
 10
618.5333251953125
 20
120.66666497124567
 30
0.0
 11
618.9000108506945
 21
121.03333367241754
 31
0.0
  0
LINE
  5
625
330
17
100
AcDbEntity
  8
ESTRUCTURAS
100
AcDbLine
 10
618.5333251953125
 20
120.86666531032986
 30
0.0
 11
618.9000108506945
 21
121.19999355740018
 31
0.0
  0
LINE
  5
626
330
17
100
AcDbEntity
  8
ESTRUCTURAS
100
AcDbLine
 10
618.5333251953125
 20
121.06666564941406
 30
0.0
 11
618.8666449652778
 21
121.39999389648438
 31
0.0
  0
LINE
  5
627
330
17
100
AcDbEntity
  8
ESTRUCTURAS
100
AcDbLine
 10
618.5333251953125
 20
121.23333401150174
 30
0.0
 11
618.8666449652778
 21
121.59999423556859
 31
0.0
  0
LINE
  5
628
330
17
100
AcDbEntity
  8
ESTRUCTURAS
100
AcDbLine
 10
618.5333251953125
 20
121.43333435058594
 30
0.0
 11
618.8666449652778
 21
121.76666259765625
 31
0.0
  0
LINE
  5
629
330
17
100
AcDbEntity
  8
ESTRUCTURAS
100
AcDbLine
 10
618.5333251953125
 20
121.63333468967015
 30
0.0
 11
618.8666449652778
 21
121.96666293674046
 31
0.0
  0
LINE
  5
62A
330
17
100
AcDbEntity
  8
ESTRUCTURAS
100
AcDbLine
 10
618.5333251953125
 20
121.83332655164931
 30
0.0
 11
618.8666449652778
 21
122.16666327582466
 31
0.0
  0
LINE
  5
62B
330
17
100
AcDbEntity
  8
ESTRUCTURAS
100
AcDbLine
 10
618.5333251953125
 20
122.0333268907335
 30
0.0
 11
618.8666449652778
 21
122.33333163791234
 31
0.0
  0
LINE
  5
62C
330
17
100
AcDbEntity
  8
ESTRUCTURAS
100
AcDbLine
 10
618.5666910807292
 20
122.23332722981772
 30
0.0
 11
618.8666449652778
 21
122.53333197699654
 31
0.0
  0
LINE
  5
62D
330
17
100
AcDbEntity
  8
ESTRUCTURAS
100
AcDbLine
 10
618.5666910807292
 20
122.43332756890192
 30
0.0
 11
618.8666449652778
 21
122.73333231608073
 31
0.0
  0
LINE
  5
62E
330
17
100
AcDbEntity
  8
ESTRUCTURAS
100
AcDbLine
 10
618.5666910807292
 20
122.59999593098959
 30
0.0
 11
618.8666449652778
 21
122.90000067816841
 31
0.0
  0
LINE
  5
62F
330
17
100
AcDbEntity
  8
ESTRUCTURAS
100
AcDbLine
 10
618.36669921875
 20
112.06666734483507
 30
0.0
 11
619.0333387586805
 21
112.76666429307726
 31
0.0
  0
LINE
  5
630
330
17
100
AcDbEntity
  8
ESTRUCTURAS
100
AcDbLine
 10
618.36669921875
 20
111.86666700575087
 30
0.0
 11
619.0333387586805
 21
112.56666395399306
 31
0.0
  0
LINE
  5
631
330
17
100
AcDbEntity
  8
ESTRUCTURAS
100
AcDbLine
 10
618.36669921875
 20
111.69999864366319
 30
0.0
 11
619.0333387586805
 21
112.36666361490886
 31
0.0
  0
LINE
  5
632
330
17
100
AcDbEntity
  8
ESTRUCTURAS
100
AcDbLine
 10
618.36669921875
 20
111.499998304579
 30
0.0
 11
619.0667046440973
 21
112.19999525282118
 31
0.0
  0
LINE
  5
633
330
17
100
AcDbEntity
  8
ESTRUCTURAS
100
AcDbLine
 10
618.3333333333334
 20
111.2999979654948
 30
0.0
 11
619.0667046440973
 21
111.99999491373698
 31
0.0
  0
LINE
  5
634
330
17
100
AcDbEntity
  8
ESTRUCTURAS
100
AcDbLine
 10
618.3333333333334
 20
111.0999976264106
 30
0.0
 11
619.0667046440973
 21
111.79999457465279
 31
0.0
  0
LINE
  5
635
330
17
100
AcDbEntity
  8
ESTRUCTURAS
100
AcDbLine
 10
618.3333333333334
 20
110.8999972873264
 30
0.0
 11
619.0667046440973
 21
111.63333468967015
 31
0.0
  0
LINE
  5
636
330
17
100
AcDbEntity
  8
ESTRUCTURAS
100
AcDbLine
 10
618.3333333333334
 20
110.69999694824219
 30
0.0
 11
619.0667046440973
 21
111.43333435058594
 31
0.0
  0
LINE
  5
637
330
17
100
AcDbEntity
  8
ESTRUCTURAS
100
AcDbLine
 10
618.3333333333334
 20
110.49999660915799
 30
0.0
 11
619.0667046440973
 21
111.23333401150174
 31
0.0
  0
LINE
  5
638
330
17
100
AcDbEntity
  8
ESTRUCTURAS
100
AcDbLine
 10
618.3333333333334
 20
110.33332824707031
 30
0.0
 11
619.0667046440973
 21
111.06666564941406
 31
0.0
  0
LINE
  5
639
330
17
100
AcDbEntity
  8
ESTRUCTURAS
100
AcDbLine
 10
618.3333333333334
 20
110.13332790798611
 30
0.0
 11
619.0667046440973
 21
110.86666531032986
 31
0.0
  0
LINE
  5
63A
330
17
100
AcDbEntity
  8
ESTRUCTURAS
100
AcDbLine
 10
618.3333333333334
 20
109.93332756890192
 30
0.0
 11
619.0667046440973
 21
110.69999694824219
 31
0.0
  0
LINE
  5
63B
330
17
100
AcDbEntity
  8
ESTRUCTURAS
100
AcDbLine
 10
618.3333333333334
 20
109.73332722981772
 30
0.0
 11
619.0667046440973
 21
110.49999660915799
 31
0.0
  0
LINE
  5
63C
330
17
100
AcDbEntity
  8
ESTRUCTURAS
100
AcDbLine
 10
618.2999674479167
 20
109.5333268907335
 30
0.0
 11
619.1000027126736
 21
110.29999627007379
 31
0.0
  0
LINE
  5
63D
330
17
100
AcDbEntity
  8
ESTRUCTURAS
100
AcDbLine
 10
618.2999674479167
 20
109.33333502875435
 30
0.0
 11
619.1000027126736
 21
110.13332790798611
 31
0.0
  0
LINE
  5
63E
330
17
100
AcDbEntity
  8
ESTRUCTURAS
100
AcDbLine
 10
618.2999674479167
 20
109.13333468967015
 30
0.0
 11
619.1000027126736
 21
109.93332756890192
 31
0.0
  0
LINE
  5
63F
330
17
100
AcDbEntity
  8
ESTRUCTURAS
100
AcDbLine
 10
618.2999674479167
 20
108.96666632758247
 30
0.0
 11
619.1000027126736
 21
109.73332722981772
 31
0.0
  0
LINE
  5
640
330
17
100
AcDbEntity
  8
ESTRUCTURAS
100
AcDbLine
 10
618.2999674479167
 20
108.76666598849827
 30
0.0
 11
619.1000027126736
 21
109.56666734483507
 31
0.0
  0
LINE
  5
641
330
17
100
AcDbEntity
  8
ESTRUCTURAS
100
AcDbLine
 10
618.2999674479167
 20
108.56666564941406
 30
0.0
 11
619.1000027126736
 21
109.36666700575087
 31
0.0
  0
LINE
  5
642
330
17
100
AcDbEntity
  8
ESTRUCTURAS
100
AcDbLine
 10
618.2999674479167
 20
108.36666531032986
 30
0.0
 11
619.1000027126736
 21
109.16666666666667
 31
0.0
  0
LINE
  5
643
330
17
100
AcDbEntity
  8
ESTRUCTURAS
100
AcDbLine
 10
618.2999674479167
 20
108.16666497124567
 30
0.0
 11
619.1000027126736
 21
108.999998304579
 31
0.0
  0
LINE
  5
644
330
17
100
AcDbEntity
  8
ESTRUCTURAS
100
AcDbLine
 10
618.2999674479167
 20
107.96666463216147
 30
0.0
 11
619.1000027126736
 21
108.7999979654948
 31
0.0
  0
LINE
  5
645
330
17
100
AcDbEntity
  8
ESTRUCTURAS
100
AcDbLine
 10
618.2666693793403
 20
107.76666429307726
 30
0.0
 11
619.13330078125
 21
108.5999976264106
 31
0.0
  0
LINE
  5
646
330
17
100
AcDbEntity
  8
ESTRUCTURAS
100
AcDbLine
 10
618.2666693793403
 20
107.59999593098959
 30
0.0
 11
619.13330078125
 21
108.43332926432292
 31
0.0
  0
LINE
  5
647
330
17
100
AcDbEntity
  8
ESTRUCTURAS
100
AcDbLine
 10
618.2666693793403
 20
107.39999559190538
 30
0.0
 11
619.13330078125
 21
108.23332892523872
 31
0.0
  0
LINE
  5
648
330
17
100
AcDbEntity
  8
ESTRUCTURAS
100
AcDbLine
 10
618.2666693793403
 20
107.19999525282118
 30
0.0
 11
619.13330078125
 21
108.06666056315105
 31
0.0
  0
LINE
  5
649
330
17
100
AcDbEntity
  8
ESTRUCTURAS
100
AcDbLine
 10
618.2666693793403
 20
106.99999491373698
 30
0.0
 11
619.13330078125
 21
107.86666022406685
 31
0.0
  0
LINE
  5
64A
330
17
100
AcDbEntity
  8
ESTRUCTURAS
100
AcDbLine
 10
618.2666693793403
 20
106.79999457465279
 30
0.0
 11
619.13330078125
 21
107.66666836208768
 31
0.0
  0
LINE
  5
64B
330
17
100
AcDbEntity
  8
ESTRUCTURAS
100
AcDbLine
 10
618.2666693793403
 20
106.59999423556859
 30
0.0
 11
619.13330078125
 21
107.5
 31
0.0
  0
LINE
  5
64C
330
17
100
AcDbEntity
  8
ESTRUCTURAS
100
AcDbLine
 10
618.2666693793403
 20
106.39999389648438
 30
0.0
 11
619.13330078125
 21
107.2999996609158
 31
0.0
  0
LINE
  5
64D
330
17
100
AcDbEntity
  8
ESTRUCTURAS
100
AcDbLine
 10
618.2666693793403
 20
106.23333401150174
 30
0.0
 11
619.13330078125
 21
107.0999993218316
 31
0.0
  0
LINE
  5
64E
330
17
100
AcDbEntity
  8
ESTRUCTURAS
100
AcDbLine
 10
618.2333713107639
 20
106.03333367241754
 30
0.0
 11
619.13330078125
 21
106.93333095974393
 31
0.0
  0
LINE
  5
64F
330
17
100
AcDbEntity
  8
ESTRUCTURAS
100
AcDbLine
 10
618.2333713107639
 20
105.83333333333334
 30
0.0
 11
619.1666666666667
 21
106.73333062065973
 31
0.0
  0
LINE
  5
650
330
17
100
AcDbEntity
  8
ESTRUCTURAS
100
AcDbLine
 10
618.2333713107639
 20
105.63333299424913
 30
0.0
 11
619.1666666666667
 21
106.53333028157553
 31
0.0
  0
LINE
  5
651
330
17
100
AcDbEntity
  8
ESTRUCTURAS
100
AcDbLine
 10
618.2333713107639
 20
105.43333265516493
 30
0.0
 11
619.1666666666667
 21
106.36666191948785
 31
0.0
  0
LINE
  5
652
330
17
100
AcDbEntity
  8
ESTRUCTURAS
100
AcDbLine
 10
618.2333713107639
 20
105.23333231608073
 30
0.0
 11
619.1666666666667
 21
106.16666158040366
 31
0.0
  0
LINE
  5
653
330
17
100
AcDbEntity
  8
ESTRUCTURAS
100
AcDbLine
 10
618.2333713107639
 20
105.03333197699654
 30
0.0
 11
619.1666666666667
 21
105.96666124131944
 31
0.0
  0
LINE
  5
654
330
17
100
AcDbEntity
  8
ESTRUCTURAS
100
AcDbLine
 10
618.2333713107639
 20
104.86666361490886
 30
0.0
 11
619.1666666666667
 21
105.80000135633681
 31
0.0
  0
LINE
  5
655
330
17
100
AcDbEntity
  8
ESTRUCTURAS
100
AcDbLine
 10
618.2333713107639
 20
104.66666327582466
 30
0.0
 11
619.1666666666667
 21
105.60000101725261
 31
0.0
  0
LINE
  5
656
330
17
100
AcDbEntity
  8
ESTRUCTURAS
100
AcDbLine
 10
618.2333713107639
 20
104.46666293674046
 30
0.0
 11
619.1666666666667
 21
105.43333265516493
 31
0.0
  0
LINE
  5
657
330
17
100
AcDbEntity
  8
ESTRUCTURAS
100
AcDbLine
 10
618.2000054253473
 20
104.26666259765625
 30
0.0
 11
619.1666666666667
 21
105.23333231608073
 31
0.0
  0
LINE
  5
658
330
17
100
AcDbEntity
  8
ESTRUCTURAS
100
AcDbLine
 10
618.2000054253473
 20
104.06666225857205
 30
0.0
 11
619.2000325520834
 21
105.03333197699654
 31
0.0
  0
LINE
  5
659
330
17
100
AcDbEntity
  8
ESTRUCTURAS
100
AcDbLine
 10
618.2000054253473
 20
103.86666191948785
 30
0.0
 11
619.2000325520834
 21
104.86666361490886
 31
0.0
  0
LINE
  5
65A
330
17
100
AcDbEntity
  8
ESTRUCTURAS
100
AcDbLine
 10
618.2000054253473
 20
103.66666158040366
 30
0.0
 11
619.2000325520834
 21
104.66666327582466
 31
0.0
  0
LINE
  5
65B
330
17
100
AcDbEntity
  8
ESTRUCTURAS
100
AcDbLine
 10
618.2000054253473
 20
103.500001695421
 30
0.0
 11
619.2000325520834
 21
104.46666293674046
 31
0.0
  0
LINE
  5
65C
330
17
100
AcDbEntity
  8
ESTRUCTURAS
100
AcDbLine
 10
618.2000054253473
 20
103.30000135633681
 30
0.0
 11
619.2000325520834
 21
104.29999457465279
 31
0.0
  0
LINE
  5
65D
330
17
100
AcDbEntity
  8
ESTRUCTURAS
100
AcDbLine
 10
618.2000054253473
 20
103.10000101725261
 30
0.0
 11
619.2000325520834
 21
104.09999423556859
 31
0.0
  0
LINE
  5
65E
330
17
100
AcDbEntity
  8
ESTRUCTURAS
100
AcDbLine
 10
618.2000054253473
 20
102.90000067816841
 30
0.0
 11
619.2000325520834
 21
103.89999389648438
 31
0.0
  0
LINE
  5
65F
330
17
100
AcDbEntity
  8
ESTRUCTURAS
100
AcDbLine
 10
618.2000054253473
 20
102.70000033908421
 30
0.0
 11
619.2000325520834
 21
103.73333401150174
 31
0.0
  0
LINE
  5
660
330
17
100
AcDbEntity
  8
ESTRUCTURAS
100
AcDbLine
 10
618.1666395399305
 20
102.5
 30
0.0
 11
619.2000325520834
 21
103.53333367241754
 31
0.0
  0
LINE
  5
661
330
17
100
AcDbEntity
  8
ESTRUCTURAS
100
AcDbLine
 10
618.1666395399305
 20
102.2999996609158
 30
0.0
 11
619.2000325520834
 21
103.36666531032986
 31
0.0
  0
LINE
  5
662
330
17
100
AcDbEntity
  8
ESTRUCTURAS
100
AcDbLine
 10
618.1666395399305
 20
102.13333129882812
 30
0.0
 11
619.2333306206598
 21
103.16666497124567
 31
0.0
  0
LINE
  5
663
330
17
100
AcDbEntity
  8
ESTRUCTURAS
100
AcDbLine
 10
618.1666395399305
 20
101.93333095974393
 30
0.0
 11
619.2333306206598
 21
102.96666463216147
 31
0.0
  0
LINE
  5
664
330
17
100
AcDbEntity
  8
ESTRUCTURAS
100
AcDbLine
 10
618.1666395399305
 20
101.73333062065973
 30
0.0
 11
619.2333306206598
 21
102.79999627007379
 31
0.0
  0
LINE
  5
665
330
17
100
AcDbEntity
  8
ESTRUCTURAS
100
AcDbLine
 10
618.1666395399305
 20
101.53333028157553
 30
0.0
 11
619.2333306206598
 21
102.59999593098959
 31
0.0
  0
LINE
  5
666
330
17
100
AcDbEntity
  8
ESTRUCTURAS
100
AcDbLine
 10
618.1666395399305
 20
101.33332994249132
 30
0.0
 11
619.2333306206598
 21
102.39999559190538
 31
0.0
  0
LINE
  5
667
330
17
100
AcDbEntity
  8
ESTRUCTURAS
100
AcDbLine
 10
618.1666395399305
 20
101.13332960340712
 30
0.0
 11
619.2333306206598
 21
102.23332722981772
 31
0.0
  0
LINE
  5
668
330
17
100
AcDbEntity
  8
ESTRUCTURAS
100
AcDbLine
 10
618.1666395399305
 20
100.93332926432292
 30
0.0
 11
619.2333306206598
 21
102.0333268907335
 31
0.0
  0
LINE
  5
669
330
17
100
AcDbEntity
  8
ESTRUCTURAS
100
AcDbLine
 10
618.1666395399305
 20
100.76666090223524
 30
0.0
 11
619.2333306206598
 21
101.83333502875435
 31
0.0
  0
LINE
  5
66A
330
17
100
AcDbEntity
  8
ESTRUCTURAS
100
AcDbLine
 10
618.1333414713542
 20
100.56666056315105
 30
0.0
 11
619.2333306206598
 21
101.66666666666667
 31
0.0
  0
LINE
  5
66B
330
17
100
AcDbEntity
  8
ESTRUCTURAS
100
AcDbLine
 10
618.1333414713542
 20
100.36666022406685
 30
0.0
 11
619.2666965060764
 21
101.46666632758247
 31
0.0
  0
LINE
  5
66C
330
17
100
AcDbEntity
  8
ESTRUCTURAS
100
AcDbLine
 10
618.1333414713542
 20
100.16666836208768
 30
0.0
 11
619.2666965060764
 21
101.26666598849827
 31
0.0
  0
LINE
  5
66D
330
17
100
AcDbEntity
  8
ESTRUCTURAS
100
AcDbLine
 10
618.1333414713542
 20
99.96666802300348
 30
0.0
 11
619.2666965060764
 21
101.0999976264106
 31
0.0
  0
LINE
  5
66E
330
17
100
AcDbEntity
  8
ESTRUCTURAS
100
AcDbLine
 10
618.1333414713542
 20
99.76666768391928
 30
0.0
 11
619.2666965060764
 21
100.8999972873264
 31
0.0
  0
LINE
  5
66F
330
17
100
AcDbEntity
  8
ESTRUCTURAS
100
AcDbLine
 10
618.1333414713542
 20
99.56666734483507
 30
0.0
 11
619.2666965060764
 21
100.73332892523872
 31
0.0
  0
LINE
  5
670
330
17
100
AcDbEntity
  8
ESTRUCTURAS
100
AcDbLine
 10
618.1333414713542
 20
99.3999989827474
 30
0.0
 11
619.2666965060764
 21
100.53332858615452
 31
0.0
  0
LINE
  5
671
330
17
100
AcDbEntity
  8
ESTRUCTURAS
100
AcDbLine
 10
618.1333414713542
 20
99.19999864366319
 30
0.0
 11
619.2666965060764
 21
100.33332824707031
 31
0.0
  0
LINE
  5
672
330
17
100
AcDbEntity
  8
ESTRUCTURAS
100
AcDbLine
 10
618.1333414713542
 20
98.999998304579
 30
0.0
 11
619.2666965060764
 21
100.16666836208768
 31
0.0
  0
LINE
  5
673
330
17
100
AcDbEntity
  8
ESTRUCTURAS
100
AcDbLine
 10
618.0999755859375
 20
98.7999979654948
 30
0.0
 11
619.2666965060764
 21
99.96666802300348
 31
0.0
  0
LINE
  5
674
330
17
100
AcDbEntity
  8
ESTRUCTURAS
100
AcDbLine
 10
618.0999755859375
 20
98.5999976264106
 30
0.0
 11
619.2666965060764
 21
99.76666768391928
 31
0.0
  0
LINE
  5
675
330
17
100
AcDbEntity
  8
ESTRUCTURAS
100
AcDbLine
 10
618.0999755859375
 20
98.3999972873264
 30
0.0
 11
619.2999945746528
 21
99.5999993218316
 31
0.0
  0
LINE
  5
676
330
17
100
AcDbEntity
  8
ESTRUCTURAS
100
AcDbLine
 10
618.0999755859375
 20
98.19999694824219
 30
0.0
 11
619.2999945746528
 21
99.3999989827474
 31
0.0
  0
LINE
  5
677
330
17
100
AcDbEntity
  8
ESTRUCTURAS
100
AcDbLine
 10
618.0999755859375
 20
98.03332858615452
 30
0.0
 11
619.2999945746528
 21
99.19999864366319
 31
0.0
  0
LINE
  5
678
330
17
100
AcDbEntity
  8
ESTRUCTURAS
100
AcDbLine
 10
618.0999755859375
 20
97.83332824707031
 30
0.0
 11
619.2999945746528
 21
99.03333028157553
 31
0.0
  0
LINE
  5
679
330
17
100
AcDbEntity
  8
ESTRUCTURAS
100
AcDbLine
 10
618.0999755859375
 20
97.63332790798611
 30
0.0
 11
619.2999945746528
 21
98.83332994249132
 31
0.0
  0
LINE
  5
67A
330
17
100
AcDbEntity
  8
ESTRUCTURAS
100
AcDbLine
 10
618.0999755859375
 20
97.43332756890192
 30
0.0
 11
619.2999945746528
 21
98.63332960340712
 31
0.0
  0
LINE
  5
67B
330
17
100
AcDbEntity
  8
ESTRUCTURAS
100
AcDbLine
 10
618.0999755859375
 20
97.23332722981772
 30
0.0
 11
619.2999945746528
 21
98.46666124131944
 31
0.0
  0
LINE
  5
67C
330
17
100
AcDbEntity
  8
ESTRUCTURAS
100
AcDbLine
 10
618.0666775173611
 20
97.03333536783855
 30
0.0
 11
619.2999945746528
 21
98.26666090223524
 31
0.0
  0
LINE
  5
67D
330
17
100
AcDbEntity
  8
ESTRUCTURAS
100
AcDbLine
 10
618.0666775173611
 20
96.83333502875435
 30
0.0
 11
619.2999945746528
 21
98.10000101725261
 31
0.0
  0
LINE
  5
67E
330
17
100
AcDbEntity
  8
ESTRUCTURAS
100
AcDbLine
 10
618.0666775173611
 20
96.66666666666667
 30
0.0
 11
619.3333604600695
 21
97.90000067816841
 31
0.0
  0
LINE
  5
67F
330
17
100
AcDbEntity
  8
ESTRUCTURAS
100
AcDbLine
 10
618.0666775173611
 20
96.46666632758247
 30
0.0
 11
619.3333604600695
 21
97.70000033908421
 31
0.0
  0
LINE
  5
680
330
17
100
AcDbEntity
  8
ESTRUCTURAS
100
AcDbLine
 10
618.0666775173611
 20
96.26666598849827
 30
0.0
 11
619.3333604600695
 21
97.53333197699654
 31
0.0
  0
LINE
  5
681
330
17
100
AcDbEntity
  8
ESTRUCTURAS
100
AcDbLine
 10
618.0666775173611
 20
96.06666564941406
 30
0.0
 11
619.3333604600695
 21
97.33333163791234
 31
0.0
  0
LINE
  5
682
330
17
100
AcDbEntity
  8
ESTRUCTURAS
100
AcDbLine
 10
618.0666775173611
 20
95.86666531032986
 30
0.0
 11
619.3333604600695
 21
97.13333129882812
 31
0.0
  0
LINE
  5
683
330
17
100
AcDbEntity
  8
ESTRUCTURAS
100
AcDbLine
 10
618.0666775173611
 20
95.66666497124567
 30
0.0
 11
619.3333604600695
 21
96.96666293674046
 31
0.0
  0
LINE
  5
684
330
17
100
AcDbEntity
  8
ESTRUCTURAS
100
AcDbLine
 10
618.0666775173611
 20
95.46666463216147
 30
0.0
 11
619.3333604600695
 21
96.76666259765625
 31
0.0
  0
LINE
  5
685
330
17
100
AcDbEntity
  8
ESTRUCTURAS
100
AcDbLine
 10
618.0333116319445
 20
95.29999627007379
 30
0.0
 11
619.3333604600695
 21
96.56666225857205
 31
0.0
  0
LINE
  5
686
330
17
100
AcDbEntity
  8
ESTRUCTURAS
100
AcDbLine
 10
618.0333116319445
 20
95.09999593098959
 30
0.0
 11
619.3333604600695
 21
96.39999389648438
 31
0.0
  0
LINE
  5
687
330
17
100
AcDbEntity
  8
ESTRUCTURAS
100
AcDbLine
 10
618.0333116319445
 20
94.89999559190538
 30
0.0
 11
619.3333604600695
 21
96.20000203450522
 31
0.0
  0
LINE
  5
688
330
17
100
AcDbEntity
  8
ESTRUCTURAS
100
AcDbLine
 10
618.2333713107639
 20
94.89999559190538
 30
0.0
 11
619.3666585286459
 21
96.000001695421
 31
0.0
  0
LINE
  5
689
330
17
100
AcDbEntity
  8
ESTRUCTURAS
100
AcDbLine
 10
618.3999972873264
 20
94.89999559190538
 30
0.0
 11
619.3666585286459
 21
95.83333333333334
 31
0.0
  0
LINE
  5
68A
330
17
100
AcDbEntity
  8
ESTRUCTURAS
100
AcDbLine
 10
618.5999891493055
 20
94.89999559190538
 30
0.0
 11
619.3666585286459
 21
95.63333299424913
 31
0.0
  0
LINE
  5
68B
330
17
100
AcDbEntity
  8
ESTRUCTURAS
100
AcDbLine
 10
618.7999810112848
 20
94.89999559190538
 30
0.0
 11
619.3666585286459
 21
95.46666463216147
 31
0.0
  0
LINE
  5
68C
330
17
100
AcDbEntity
  8
ESTRUCTURAS
100
AcDbLine
 10
618.9999728732639
 20
94.89999559190538
 30
0.0
 11
619.3666585286459
 21
95.26666429307726
 31
0.0
  0
LINE
  5
68D
330
17
100
AcDbEntity
  8
ESTRUCTURAS
100
AcDbLine
 10
619.0667046440973
 20
112.23332722981772
 30
0.0
 11
618.36669921875
 21
112.90000067816841
 31
0.0
  0
LINE
  5
68E
330
17
100
AcDbEntity
  8
ESTRUCTURAS
100
AcDbLine
 10
619.0667046440973
 20
112.0333268907335
 30
0.0
 11
618.36669921875
 21
112.73333231608073
 31
0.0
  0
LINE
  5
68F
330
17
100
AcDbEntity
  8
ESTRUCTURAS
100
AcDbLine
 10
619.0667046440973
 20
111.83333502875435
 30
0.0
 11
618.36669921875
 21
112.53333197699654
 31
0.0
  0
LINE
  5
690
330
17
100
AcDbEntity
  8
ESTRUCTURAS
100
AcDbLine
 10
619.0667046440973
 20
111.63333468967015
 30
0.0
 11
618.36669921875
 21
112.33333163791234
 31
0.0
  0
LINE
  5
691
330
17
100
AcDbEntity
  8
ESTRUCTURAS
100
AcDbLine
 10
619.0667046440973
 20
111.46666632758247
 30
0.0
 11
618.36669921875
 21
112.16666327582466
 31
0.0
  0
LINE
  5
692
330
17
100
AcDbEntity
  8
ESTRUCTURAS
100
AcDbLine
 10
619.0667046440973
 20
111.26666598849827
 30
0.0
 11
618.36669921875
 21
111.96666293674046
 31
0.0
  0
LINE
  5
693
330
17
100
AcDbEntity
  8
ESTRUCTURAS
100
AcDbLine
 10
619.0667046440973
 20
111.06666564941406
 30
0.0
 11
618.36669921875
 21
111.76666259765625
 31
0.0
  0
LINE
  5
694
330
17
100
AcDbEntity
  8
ESTRUCTURAS
100
AcDbLine
 10
619.0667046440973
 20
110.86666531032986
 30
0.0
 11
618.36669921875
 21
111.59999423556859
 31
0.0
  0
LINE
  5
695
330
17
100
AcDbEntity
  8
ESTRUCTURAS
100
AcDbLine
 10
619.0667046440973
 20
110.66666497124567
 30
0.0
 11
618.3333333333334
 21
111.39999389648438
 31
0.0
  0
LINE
  5
696
330
17
100
AcDbEntity
  8
ESTRUCTURAS
100
AcDbLine
 10
619.1000027126736
 20
110.46666463216147
 30
0.0
 11
618.3333333333334
 21
111.19999355740018
 31
0.0
  0
LINE
  5
697
330
17
100
AcDbEntity
  8
ESTRUCTURAS
100
AcDbLine
 10
619.1000027126736
 20
110.26666429307726
 30
0.0
 11
618.3333333333334
 21
111.03333367241754
 31
0.0
  0
LINE
  5
698
330
17
100
AcDbEntity
  8
ESTRUCTURAS
100
AcDbLine
 10
619.1000027126736
 20
110.09999593098959
 30
0.0
 11
618.3333333333334
 21
110.83333333333334
 31
0.0
  0
LINE
  5
699
330
17
100
AcDbEntity
  8
ESTRUCTURAS
100
AcDbLine
 10
619.1000027126736
 20
109.89999559190538
 30
0.0
 11
618.3333333333334
 21
110.66666497124567
 31
0.0
  0
LINE
  5
69A
330
17
100
AcDbEntity
  8
ESTRUCTURAS
100
AcDbLine
 10
619.1000027126736
 20
109.69999525282118
 30
0.0
 11
618.3333333333334
 21
110.46666463216147
 31
0.0
  0
LINE
  5
69B
330
17
100
AcDbEntity
  8
ESTRUCTURAS
100
AcDbLine
 10
619.1000027126736
 20
109.49999491373698
 30
0.0
 11
618.3333333333334
 21
110.26666429307726
 31
0.0
  0
LINE
  5
69C
330
17
100
AcDbEntity
  8
ESTRUCTURAS
100
AcDbLine
 10
619.1000027126736
 20
109.29999457465279
 30
0.0
 11
618.3333333333334
 21
110.09999593098959
 31
0.0
  0
LINE
  5
69D
330
17
100
AcDbEntity
  8
ESTRUCTURAS
100
AcDbLine
 10
619.1000027126736
 20
109.09999423556859
 30
0.0
 11
618.3333333333334
 21
109.89999559190538
 31
0.0
  0
LINE
  5
69E
330
17
100
AcDbEntity
  8
ESTRUCTURAS
100
AcDbLine
 10
619.1000027126736
 20
108.89999389648438
 30
0.0
 11
618.3333333333334
 21
109.69999525282118
 31
0.0
  0
LINE
  5
69F
330
17
100
AcDbEntity
  8
ESTRUCTURAS
100
AcDbLine
 10
619.1000027126736
 20
108.73333401150174
 30
0.0
 11
618.2999674479167
 21
109.5333268907335
 31
0.0
  0
LINE
  5
6A0
330
17
100
AcDbEntity
  8
ESTRUCTURAS
100
AcDbLine
 10
619.13330078125
 20
108.53333367241754
 30
0.0
 11
618.2999674479167
 21
109.33333502875435
 31
0.0
  0
LINE
  5
6A1
330
17
100
AcDbEntity
  8
ESTRUCTURAS
100
AcDbLine
 10
619.13330078125
 20
108.33333333333334
 30
0.0
 11
618.2999674479167
 21
109.13333468967015
 31
0.0
  0
LINE
  5
6A2
330
17
100
AcDbEntity
  8
ESTRUCTURAS
100
AcDbLine
 10
619.13330078125
 20
108.13333299424913
 30
0.0
 11
618.2999674479167
 21
108.96666632758247
 31
0.0
  0
LINE
  5
6A3
330
17
100
AcDbEntity
  8
ESTRUCTURAS
100
AcDbLine
 10
619.13330078125
 20
107.93333265516493
 30
0.0
 11
618.2999674479167
 21
108.76666598849827
 31
0.0
  0
LINE
  5
6A4
330
17
100
AcDbEntity
  8
ESTRUCTURAS
100
AcDbLine
 10
619.13330078125
 20
107.73333231608073
 30
0.0
 11
618.2999674479167
 21
108.56666564941406
 31
0.0
  0
LINE
  5
6A5
330
17
100
AcDbEntity
  8
ESTRUCTURAS
100
AcDbLine
 10
619.13330078125
 20
107.53333197699654
 30
0.0
 11
618.2999674479167
 21
108.3999972873264
 31
0.0
  0
LINE
  5
6A6
330
17
100
AcDbEntity
  8
ESTRUCTURAS
100
AcDbLine
 10
619.13330078125
 20
107.36666361490886
 30
0.0
 11
618.2999674479167
 21
108.19999694824219
 31
0.0
  0
LINE
  5
6A7
330
17
100
AcDbEntity
  8
ESTRUCTURAS
100
AcDbLine
 10
619.13330078125
 20
107.16666327582466
 30
0.0
 11
618.2999674479167
 21
108.03332858615452
 31
0.0
  0
LINE
  5
6A8
330
17
100
AcDbEntity
  8
ESTRUCTURAS
100
AcDbLine
 10
619.13330078125
 20
106.96666293674046
 30
0.0
 11
618.2666693793403
 21
107.83332824707031
 31
0.0
  0
LINE
  5
6A9
330
17
100
AcDbEntity
  8
ESTRUCTURAS
100
AcDbLine
 10
619.1666666666667
 20
106.76666259765625
 30
0.0
 11
618.2666693793403
 21
107.63332790798611
 31
0.0
  0
LINE
  5
6AA
330
17
100
AcDbEntity
  8
ESTRUCTURAS
100
AcDbLine
 10
619.1666666666667
 20
106.56666225857205
 30
0.0
 11
618.2666693793403
 21
107.46666802300348
 31
0.0
  0
LINE
  5
6AB
330
17
100
AcDbEntity
  8
ESTRUCTURAS
100
AcDbLine
 10
619.1666666666667
 20
106.36666191948785
 30
0.0
 11
618.2666693793403
 21
107.26666768391928
 31
0.0
  0
LINE
  5
6AC
330
17
100
AcDbEntity
  8
ESTRUCTURAS
100
AcDbLine
 10
619.1666666666667
 20
106.16666158040366
 30
0.0
 11
618.2666693793403
 21
107.06666734483507
 31
0.0
  0
LINE
  5
6AD
330
17
100
AcDbEntity
  8
ESTRUCTURAS
100
AcDbLine
 10
619.1666666666667
 20
106.000001695421
 30
0.0
 11
618.2666693793403
 21
106.8999989827474
 31
0.0
  0
LINE
  5
6AE
330
17
100
AcDbEntity
  8
ESTRUCTURAS
100
AcDbLine
 10
619.1666666666667
 20
105.80000135633681
 30
0.0
 11
618.2666693793403
 21
106.69999864366319
 31
0.0
  0
LINE
  5
6AF
330
17
100
AcDbEntity
  8
ESTRUCTURAS
100
AcDbLine
 10
619.1666666666667
 20
105.60000101725261
 30
0.0
 11
618.2666693793403
 21
106.499998304579
 31
0.0
  0
LINE
  5
6B0
330
17
100
AcDbEntity
  8
ESTRUCTURAS
100
AcDbLine
 10
619.1666666666667
 20
105.40000067816841
 30
0.0
 11
618.2666693793403
 21
106.33332994249132
 31
0.0
  0
LINE
  5
6B1
330
17
100
AcDbEntity
  8
ESTRUCTURAS
100
AcDbLine
 10
619.1666666666667
 20
105.20000033908421
 30
0.0
 11
618.2666693793403
 21
106.13332960340712
 31
0.0
  0
LINE
  5
6B2
330
17
100
AcDbEntity
  8
ESTRUCTURAS
100
AcDbLine
 10
619.2000325520834
 20
105.0
 30
0.0
 11
618.2333713107639
 21
105.93332926432292
 31
0.0
  0
LINE
  5
6B3
330
17
100
AcDbEntity
  8
ESTRUCTURAS
100
AcDbLine
 10
619.2000325520834
 20
104.7999996609158
 30
0.0
 11
618.2333713107639
 21
105.76666090223524
 31
0.0
  0
LINE
  5
6B4
330
17
100
AcDbEntity
  8
ESTRUCTURAS
100
AcDbLine
 10
619.2000325520834
 20
104.63333129882812
 30
0.0
 11
618.2333713107639
 21
105.56666056315105
 31
0.0
  0
LINE
  5
6B5
330
17
100
AcDbEntity
  8
ESTRUCTURAS
100
AcDbLine
 10
619.2000325520834
 20
104.43333095974393
 30
0.0
 11
618.2333713107639
 21
105.40000067816841
 31
0.0
  0
LINE
  5
6B6
330
17
100
AcDbEntity
  8
ESTRUCTURAS
100
AcDbLine
 10
619.2000325520834
 20
104.23333062065973
 30
0.0
 11
618.2333713107639
 21
105.20000033908421
 31
0.0
  0
LINE
  5
6B7
330
17
100
AcDbEntity
  8
ESTRUCTURAS
100
AcDbLine
 10
619.2000325520834
 20
104.03333028157553
 30
0.0
 11
618.2333713107639
 21
105.0
 31
0.0
  0
LINE
  5
6B8
330
17
100
AcDbEntity
  8
ESTRUCTURAS
100
AcDbLine
 10
619.2000325520834
 20
103.83332994249132
 30
0.0
 11
618.2333713107639
 21
104.83333163791234
 31
0.0
  0
LINE
  5
6B9
330
17
100
AcDbEntity
  8
ESTRUCTURAS
100
AcDbLine
 10
619.2000325520834
 20
103.63332960340712
 30
0.0
 11
618.2333713107639
 21
104.63333129882812
 31
0.0
  0
LINE
  5
6BA
330
17
100
AcDbEntity
  8
ESTRUCTURAS
100
AcDbLine
 10
619.2000325520834
 20
103.43332926432292
 30
0.0
 11
618.2333713107639
 21
104.43333095974393
 31
0.0
  0
LINE
  5
6BB
330
17
100
AcDbEntity
  8
ESTRUCTURAS
100
AcDbLine
 10
619.2333306206598
 20
103.26666090223524
 30
0.0
 11
618.2000054253473
 21
104.26666259765625
 31
0.0
  0
LINE
  5
6BC
330
17
100
AcDbEntity
  8
ESTRUCTURAS
100
AcDbLine
 10
619.2333306206598
 20
103.06666056315105
 30
0.0
 11
618.2000054253473
 21
104.06666225857205
 31
0.0
  0
LINE
  5
6BD
330
17
100
AcDbEntity
  8
ESTRUCTURAS
100
AcDbLine
 10
619.2333306206598
 20
102.86666022406685
 30
0.0
 11
618.2000054253473
 21
103.86666191948785
 31
0.0
  0
LINE
  5
6BE
330
17
100
AcDbEntity
  8
ESTRUCTURAS
100
AcDbLine
 10
619.2333306206598
 20
102.66666836208768
 30
0.0
 11
618.2000054253473
 21
103.69999355740018
 31
0.0
  0
LINE
  5
6BF
330
17
100
AcDbEntity
  8
ESTRUCTURAS
100
AcDbLine
 10
619.2333306206598
 20
102.46666802300348
 30
0.0
 11
618.2000054253473
 21
103.500001695421
 31
0.0
  0
LINE
  5
6C0
330
17
100
AcDbEntity
  8
ESTRUCTURAS
100
AcDbLine
 10
619.2333306206598
 20
102.26666768391928
 30
0.0
 11
618.2000054253473
 21
103.30000135633681
 31
0.0
  0
LINE
  5
6C1
330
17
100
AcDbEntity
  8
ESTRUCTURAS
100
AcDbLine
 10
619.2333306206598
 20
102.0999993218316
 30
0.0
 11
618.2000054253473
 21
103.13333299424913
 31
0.0
  0
LINE
  5
6C2
330
17
100
AcDbEntity
  8
ESTRUCTURAS
100
AcDbLine
 10
619.2333306206598
 20
101.8999989827474
 30
0.0
 11
618.2000054253473
 21
102.93333265516493
 31
0.0
  0
LINE
  5
6C3
330
17
100
AcDbEntity
  8
ESTRUCTURAS
100
AcDbLine
 10
619.2333306206598
 20
101.69999864366319
 30
0.0
 11
618.2000054253473
 21
102.76666429307726
 31
0.0
  0
LINE
  5
6C4
330
17
100
AcDbEntity
  8
ESTRUCTURAS
100
AcDbLine
 10
619.2666965060764
 20
101.499998304579
 30
0.0
 11
618.2000054253473
 21
102.56666395399306
 31
0.0
  0
LINE
  5
6C5
330
17
100
AcDbEntity
  8
ESTRUCTURAS
100
AcDbLine
 10
619.2666965060764
 20
101.2999979654948
 30
0.0
 11
618.1666395399305
 21
102.36666361490886
 31
0.0
  0
LINE
  5
6C6
330
17
100
AcDbEntity
  8
ESTRUCTURAS
100
AcDbLine
 10
619.2666965060764
 20
101.0999976264106
 30
0.0
 11
618.1666395399305
 21
102.19999525282118
 31
0.0
  0
LINE
  5
6C7
330
17
100
AcDbEntity
  8
ESTRUCTURAS
100
AcDbLine
 10
619.2666965060764
 20
100.8999972873264
 30
0.0
 11
618.1666395399305
 21
101.99999491373698
 31
0.0
  0
LINE
  5
6C8
330
17
100
AcDbEntity
  8
ESTRUCTURAS
100
AcDbLine
 10
619.2666965060764
 20
100.73332892523872
 30
0.0
 11
618.1666395399305
 21
101.79999457465279
 31
0.0
  0
LINE
  5
6C9
330
17
100
AcDbEntity
  8
ESTRUCTURAS
100
AcDbLine
 10
619.2666965060764
 20
100.53332858615452
 30
0.0
 11
618.1666395399305
 21
101.63333468967015
 31
0.0
  0
LINE
  5
6CA
330
17
100
AcDbEntity
  8
ESTRUCTURAS
100
AcDbLine
 10
619.2666965060764
 20
100.33332824707031
 30
0.0
 11
618.1666395399305
 21
101.43333435058594
 31
0.0
  0
LINE
  5
6CB
330
17
100
AcDbEntity
  8
ESTRUCTURAS
100
AcDbLine
 10
619.2666965060764
 20
100.13332790798611
 30
0.0
 11
618.1666395399305
 21
101.23333401150174
 31
0.0
  0
LINE
  5
6CC
330
17
100
AcDbEntity
  8
ESTRUCTURAS
100
AcDbLine
 10
619.2666965060764
 20
99.93332756890192
 30
0.0
 11
618.1666395399305
 21
101.06666564941406
 31
0.0
  0
LINE
  5
6CD
330
17
100
AcDbEntity
  8
ESTRUCTURAS
100
AcDbLine
 10
619.2999945746528
 20
99.73332722981772
 30
0.0
 11
618.1666395399305
 21
100.86666531032986
 31
0.0
  0
LINE
  5
6CE
330
17
100
AcDbEntity
  8
ESTRUCTURAS
100
AcDbLine
 10
619.2999945746528
 20
99.5333268907335
 30
0.0
 11
618.1333414713542
 21
100.69999694824219
 31
0.0
  0
LINE
  5
6CF
330
17
100
AcDbEntity
  8
ESTRUCTURAS
100
AcDbLine
 10
619.2999945746528
 20
99.36666700575087
 30
0.0
 11
618.1333414713542
 21
100.49999660915799
 31
0.0
  0
LINE
  5
6D0
330
17
100
AcDbEntity
  8
ESTRUCTURAS
100
AcDbLine
 10
619.2999945746528
 20
99.16666666666667
 30
0.0
 11
618.1333414713542
 21
100.29999627007379
 31
0.0
  0
LINE
  5
6D1
330
17
100
AcDbEntity
  8
ESTRUCTURAS
100
AcDbLine
 10
619.2999945746528
 20
98.96666632758247
 30
0.0
 11
618.1333414713542
 21
100.13332790798611
 31
0.0
  0
LINE
  5
6D2
330
17
100
AcDbEntity
  8
ESTRUCTURAS
100
AcDbLine
 10
619.2999945746528
 20
98.76666598849827
 30
0.0
 11
618.1333414713542
 21
99.93332756890192
 31
0.0
  0
LINE
  5
6D3
330
17
100
AcDbEntity
  8
ESTRUCTURAS
100
AcDbLine
 10
619.2999945746528
 20
98.56666564941406
 30
0.0
 11
618.1333414713542
 21
99.73332722981772
 31
0.0
  0
LINE
  5
6D4
330
17
100
AcDbEntity
  8
ESTRUCTURAS
100
AcDbLine
 10
619.2999945746528
 20
98.36666531032986
 30
0.0
 11
618.1333414713542
 21
99.56666734483507
 31
0.0
  0
LINE
  5
6D5
330
17
100
AcDbEntity
  8
ESTRUCTURAS
100
AcDbLine
 10
619.2999945746528
 20
98.16666497124567
 30
0.0
 11
618.1333414713542
 21
99.36666700575087
 31
0.0
  0
LINE
  5
6D6
330
17
100
AcDbEntity
  8
ESTRUCTURAS
100
AcDbLine
 10
619.2999945746528
 20
97.99999660915799
 30
0.0
 11
618.1333414713542
 21
99.16666666666667
 31
0.0
  0
LINE
  5
6D7
330
17
100
AcDbEntity
  8
ESTRUCTURAS
100
AcDbLine
 10
619.3333604600695
 20
97.79999627007379
 30
0.0
 11
618.1333414713542
 21
98.999998304579
 31
0.0
  0
LINE
  5
6D8
330
17
100
AcDbEntity
  8
ESTRUCTURAS
100
AcDbLine
 10
619.3333604600695
 20
97.59999593098959
 30
0.0
 11
618.0999755859375
 21
98.7999979654948
 31
0.0
  0
LINE
  5
6D9
330
17
100
AcDbEntity
  8
ESTRUCTURAS
100
AcDbLine
 10
619.3333604600695
 20
97.39999559190538
 30
0.0
 11
618.0999755859375
 21
98.5999976264106
 31
0.0
  0
LINE
  5
6DA
330
17
100
AcDbEntity
  8
ESTRUCTURAS
100
AcDbLine
 10
619.3333604600695
 20
97.19999525282118
 30
0.0
 11
618.0999755859375
 21
98.43332926432292
 31
0.0
  0
LINE
  5
6DB
330
17
100
AcDbEntity
  8
ESTRUCTURAS
100
AcDbLine
 10
619.3333604600695
 20
96.99999491373698
 30
0.0
 11
618.0999755859375
 21
98.23332892523872
 31
0.0
  0
LINE
  5
6DC
330
17
100
AcDbEntity
  8
ESTRUCTURAS
100
AcDbLine
 10
619.3333604600695
 20
96.79999457465279
 30
0.0
 11
618.0999755859375
 21
98.06666056315105
 31
0.0
  0
LINE
  5
6DD
330
17
100
AcDbEntity
  8
ESTRUCTURAS
100
AcDbLine
 10
619.3333604600695
 20
96.63333468967015
 30
0.0
 11
618.0999755859375
 21
97.86666870117188
 31
0.0
  0
LINE
  5
6DE
330
17
100
AcDbEntity
  8
ESTRUCTURAS
100
AcDbLine
 10
619.3333604600695
 20
96.43333435058594
 30
0.0
 11
618.0999755859375
 21
97.66666836208768
 31
0.0
  0
LINE
  5
6DF
330
17
100
AcDbEntity
  8
ESTRUCTURAS
100
AcDbLine
 10
619.3333604600695
 20
96.23333401150174
 30
0.0
 11
618.0999755859375
 21
97.5
 31
0.0
  0
LINE
  5
6E0
330
17
100
AcDbEntity
  8
ESTRUCTURAS
100
AcDbLine
 10
619.3666585286459
 20
96.03333367241754
 30
0.0
 11
618.0999755859375
 21
97.2999996609158
 31
0.0
  0
LINE
  5
6E1
330
17
100
AcDbEntity
  8
ESTRUCTURAS
100
AcDbLine
 10
619.3666585286459
 20
95.83333333333334
 30
0.0
 11
618.0666775173611
 21
97.0999993218316
 31
0.0
  0
LINE
  5
6E2
330
17
100
AcDbEntity
  8
ESTRUCTURAS
100
AcDbLine
 10
619.3666585286459
 20
95.63333299424913
 30
0.0
 11
618.0666775173611
 21
96.93333095974393
 31
0.0
  0
LINE
  5
6E3
330
17
100
AcDbEntity
  8
ESTRUCTURAS
100
AcDbLine
 10
619.3666585286459
 20
95.43333265516493
 30
0.0
 11
618.0666775173611
 21
96.73333062065973
 31
0.0
  0
LINE
  5
6E4
330
17
100
AcDbEntity
  8
ESTRUCTURAS
100
AcDbLine
 10
619.3666585286459
 20
95.26666429307726
 30
0.0
 11
618.0666775173611
 21
96.53333028157553
 31
0.0
  0
LINE
  5
6E5
330
17
100
AcDbEntity
  8
ESTRUCTURAS
100
AcDbLine
 10
619.3666585286459
 20
95.06666395399306
 30
0.0
 11
618.0666775173611
 21
96.36666191948785
 31
0.0
  0
LINE
  5
6E6
330
17
100
AcDbEntity
  8
ESTRUCTURAS
100
AcDbLine
 10
619.3666585286459
 20
94.89999559190538
 30
0.0
 11
618.0666775173611
 21
96.16666158040366
 31
0.0
  0
LINE
  5
6E7
330
17
100
AcDbEntity
  8
ESTRUCTURAS
100
AcDbLine
 10
619.1666666666667
 20
94.89999559190538
 30
0.0
 11
618.0666775173611
 21
95.96666124131944
 31
0.0
  0
LINE
  5
6E8
330
17
100
AcDbEntity
  8
ESTRUCTURAS
100
AcDbLine
 10
618.9666748046875
 20
94.89999559190538
 30
0.0
 11
618.0666775173611
 21
95.80000135633681
 31
0.0
  0
LINE
  5
6E9
330
17
100
AcDbEntity
  8
ESTRUCTURAS
100
AcDbLine
 10
618.7666829427084
 20
94.89999559190538
 30
0.0
 11
618.0666775173611
 21
95.60000101725261
 31
0.0
  0
LINE
  5
6EA
330
17
100
AcDbEntity
  8
ESTRUCTURAS
100
AcDbLine
 10
618.5999891493055
 20
94.89999559190538
 30
0.0
 11
618.0666775173611
 21
95.43333265516493
 31
0.0
  0
LINE
  5
6EB
330
17
100
AcDbEntity
  8
ESTRUCTURAS
100
AcDbLine
 10
618.3999972873264
 20
94.89999559190538
 30
0.0
 11
618.0333116319445
 21
95.23333231608073
 31
0.0
  0
LINE
  5
6EC
330
17
100
AcDbEntity
  8
ESTRUCTURAS
100
AcDbLine
 10
619.0333387586805
 20
112.43332756890192
 30
0.0
 11
618.36669921875
 21
113.10000101725261
 31
0.0
  0
LINE
  5
6ED
330
17
100
AcDbEntity
  8
ESTRUCTURAS
100
AcDbLine
 10
619.0333387586805
 20
112.63332790798611
 30
0.0
 11
618.3999972873264
 21
113.26666090223524
 31
0.0
  0
LINE
  5
6EE
330
17
100
AcDbEntity
  8
ESTRUCTURAS
100
AcDbLine
 10
619.0333387586805
 20
112.83332824707031
 30
0.0
 11
618.3999972873264
 21
113.46666124131944
 31
0.0
  0
LINE
  5
6EF
330
17
100
AcDbEntity
  8
ESTRUCTURAS
100
AcDbLine
 10
619.0333387586805
 20
112.99999660915799
 30
0.0
 11
618.3999972873264
 21
113.66666158040366
 31
0.0
  0
LINE
  5
6F0
330
17
100
AcDbEntity
  8
ESTRUCTURAS
100
AcDbLine
 10
619.0333387586805
 20
113.19999694824219
 30
0.0
 11
618.3999972873264
 21
113.83332994249132
 31
0.0
  0
LINE
  5
6F1
330
17
100
AcDbEntity
  8
ESTRUCTURAS
100
AcDbLine
 10
619.0333387586805
 20
113.3999972873264
 30
0.0
 11
618.3999972873264
 21
114.03333028157553
 31
0.0
  0
LINE
  5
6F2
330
17
100
AcDbEntity
  8
ESTRUCTURAS
100
AcDbLine
 10
619.0333387586805
 20
113.5999976264106
 30
0.0
 11
618.3999972873264
 21
114.23333062065973
 31
0.0
  0
LINE
  5
6F3
330
17
100
AcDbEntity
  8
ESTRUCTURAS
100
AcDbLine
 10
619.0333387586805
 20
113.7999979654948
 30
0.0
 11
618.3999972873264
 21
114.3999989827474
 31
0.0
  0
LINE
  5
6F4
330
17
100
AcDbEntity
  8
ESTRUCTURAS
100
AcDbLine
 10
619.0333387586805
 20
113.999998304579
 30
0.0
 11
618.3999972873264
 21
114.5999993218316
 31
0.0
  0
LINE
  5
6F5
330
17
100
AcDbEntity
  8
ESTRUCTURAS
100
AcDbLine
 10
618.9999728732639
 20
114.19999864366319
 30
0.0
 11
618.3999972873264
 21
114.7999996609158
 31
0.0
  0
LINE
  5
6F6
330
17
100
AcDbEntity
  8
ESTRUCTURAS
100
AcDbLine
 10
618.9999728732639
 20
114.36666700575087
 30
0.0
 11
618.3999972873264
 21
114.96666802300348
 31
0.0
  0
LINE
  5
6F7
330
17
100
AcDbEntity
  8
ESTRUCTURAS
100
AcDbLine
 10
618.9999728732639
 20
114.56666734483507
 30
0.0
 11
618.433363172743
 21
115.16665988498265
 31
0.0
  0
LINE
  5
6F8
330
17
100
AcDbEntity
  8
ESTRUCTURAS
100
AcDbLine
 10
618.9999728732639
 20
114.76666768391928
 30
0.0
 11
618.433363172743
 21
115.36666022406685
 31
0.0
  0
LINE
  5
6F9
330
17
100
AcDbEntity
  8
ESTRUCTURAS
100
AcDbLine
 10
618.9999728732639
 20
114.96666802300348
 30
0.0
 11
618.433363172743
 21
115.53332858615452
 31
0.0
  0
LINE
  5
6FA
330
17
100
AcDbEntity
  8
ESTRUCTURAS
100
AcDbLine
 10
618.9999728732639
 20
115.16665988498265
 30
0.0
 11
618.433363172743
 21
115.73332892523872
 31
0.0
  0
LINE
  5
6FB
330
17
100
AcDbEntity
  8
ESTRUCTURAS
100
AcDbLine
 10
618.9999728732639
 20
115.36666022406685
 30
0.0
 11
618.433363172743
 21
115.8999972873264
 31
0.0
  0
LINE
  5
6FC
330
17
100
AcDbEntity
  8
ESTRUCTURAS
100
AcDbLine
 10
618.9999728732639
 20
115.56666056315105
 30
0.0
 11
618.433363172743
 21
116.0999976264106
 31
0.0
  0
LINE
  5
6FD
330
17
100
AcDbEntity
  8
ESTRUCTURAS
100
AcDbLine
 10
618.9999728732639
 20
115.73332892523872
 30
0.0
 11
618.433363172743
 21
116.2999979654948
 31
0.0
  0
LINE
  5
6FE
330
17
100
AcDbEntity
  8
ESTRUCTURAS
100
AcDbLine
 10
618.9666748046875
 20
115.93332926432292
 30
0.0
 11
618.433363172743
 21
116.46666632758247
 31
0.0
  0
LINE
  5
6FF
330
17
100
AcDbEntity
  8
ESTRUCTURAS
100
AcDbLine
 10
618.9666748046875
 20
116.13332960340712
 30
0.0
 11
618.433363172743
 21
116.66666666666667
 31
0.0
  0
LINE
  5
700
330
17
100
AcDbEntity
  8
ESTRUCTURAS
100
AcDbLine
 10
618.9666748046875
 20
116.33332994249132
 30
0.0
 11
618.4666612413195
 21
116.86666700575087
 31
0.0
  0
LINE
  5
701
330
17
100
AcDbEntity
  8
ESTRUCTURAS
100
AcDbLine
 10
618.9666748046875
 20
116.53333028157553
 30
0.0
 11
618.4666612413195
 21
117.0333268907335
 31
0.0
  0
LINE
  5
702
330
17
100
AcDbEntity
  8
ESTRUCTURAS
100
AcDbLine
 10
618.9666748046875
 20
116.73333062065973
 30
0.0
 11
618.4666612413195
 21
117.23332722981772
 31
0.0
  0
LINE
  5
703
330
17
100
AcDbEntity
  8
ESTRUCTURAS
100
AcDbLine
 10
618.9666748046875
 20
116.93333095974393
 30
0.0
 11
618.4666612413195
 21
117.43332756890192
 31
0.0
  0
LINE
  5
704
330
17
100
AcDbEntity
  8
ESTRUCTURAS
100
AcDbLine
 10
618.9666748046875
 20
117.0999993218316
 30
0.0
 11
618.4666612413195
 21
117.59999593098959
 31
0.0
  0
LINE
  5
705
330
17
100
AcDbEntity
  8
ESTRUCTURAS
100
AcDbLine
 10
618.9666748046875
 20
117.2999996609158
 30
0.0
 11
618.4666612413195
 21
117.79999627007379
 31
0.0
  0
LINE
  5
706
330
17
100
AcDbEntity
  8
ESTRUCTURAS
100
AcDbLine
 10
618.9666748046875
 20
117.5
 30
0.0
 11
618.4666612413195
 21
117.99999660915799
 31
0.0
  0
LINE
  5
707
330
17
100
AcDbEntity
  8
ESTRUCTURAS
100
AcDbLine
 10
618.9333089192709
 20
117.70000033908421
 30
0.0
 11
618.4666612413195
 21
118.16666497124567
 31
0.0
  0
LINE
  5
708
330
17
100
AcDbEntity
  8
ESTRUCTURAS
100
AcDbLine
 10
618.9333089192709
 20
117.90000067816841
 30
0.0
 11
618.4666612413195
 21
118.36666531032986
 31
0.0
  0
LINE
  5
709
330
17
100
AcDbEntity
  8
ESTRUCTURAS
100
AcDbLine
 10
618.9333089192709
 20
118.10000101725261
 30
0.0
 11
618.4666612413195
 21
118.53333367241754
 31
0.0
  0
LINE
  5
70A
330
17
100
AcDbEntity
  8
ESTRUCTURAS
100
AcDbLine
 10
618.9333089192709
 20
118.30000135633681
 30
0.0
 11
618.5000271267361
 21
118.73333401150174
 31
0.0
  0
LINE
  5
70B
330
17
100
AcDbEntity
  8
ESTRUCTURAS
100
AcDbLine
 10
618.9333089192709
 20
118.46666124131944
 30
0.0
 11
618.5000271267361
 21
118.93333435058594
 31
0.0
  0
LINE
  5
70C
330
17
100
AcDbEntity
  8
ESTRUCTURAS
100
AcDbLine
 10
618.9333089192709
 20
118.66666158040366
 30
0.0
 11
618.5000271267361
 21
119.09999423556859
 31
0.0
  0
LINE
  5
70D
330
17
100
AcDbEntity
  8
ESTRUCTURAS
100
AcDbLine
 10
618.9333089192709
 20
118.86666191948785
 30
0.0
 11
618.5000271267361
 21
119.29999457465279
 31
0.0
  0
LINE
  5
70E
330
17
100
AcDbEntity
  8
ESTRUCTURAS
100
AcDbLine
 10
618.9333089192709
 20
119.06666225857205
 30
0.0
 11
618.5000271267361
 21
119.49999491373698
 31
0.0
  0
LINE
  5
70F
330
17
100
AcDbEntity
  8
ESTRUCTURAS
100
AcDbLine
 10
618.9333089192709
 20
119.26666259765625
 30
0.0
 11
618.5000271267361
 21
119.66666327582466
 31
0.0
  0
LINE
  5
710
330
17
100
AcDbEntity
  8
ESTRUCTURAS
100
AcDbLine
 10
618.9000108506945
 20
119.46666293674046
 30
0.0
 11
618.5000271267361
 21
119.86666361490886
 31
0.0
  0
LINE
  5
711
330
17
100
AcDbEntity
  8
ESTRUCTURAS
100
AcDbLine
 10
618.9000108506945
 20
119.66666327582466
 30
0.0
 11
618.5000271267361
 21
120.06666395399306
 31
0.0
  0
LINE
  5
712
330
17
100
AcDbEntity
  8
ESTRUCTURAS
100
AcDbLine
 10
618.9000108506945
 20
119.83333163791234
 30
0.0
 11
618.5000271267361
 21
120.23333231608073
 31
0.0
  0
LINE
  5
713
330
17
100
AcDbEntity
  8
ESTRUCTURAS
100
AcDbLine
 10
618.9000108506945
 20
120.03333197699654
 30
0.0
 11
618.5333251953125
 21
120.43333265516493
 31
0.0
  0
LINE
  5
714
330
17
100
AcDbEntity
  8
ESTRUCTURAS
100
AcDbLine
 10
618.9000108506945
 20
120.23333231608073
 30
0.0
 11
618.5333251953125
 21
120.60000101725261
 31
0.0
  0
LINE
  5
715
330
17
100
AcDbEntity
  8
ESTRUCTURAS
100
AcDbLine
 10
618.9000108506945
 20
120.43333265516493
 30
0.0
 11
618.5333251953125
 21
120.80000135633681
 31
0.0
  0
LINE
  5
716
330
17
100
AcDbEntity
  8
ESTRUCTURAS
100
AcDbLine
 10
618.9000108506945
 20
120.63333299424913
 30
0.0
 11
618.5333251953125
 21
120.99999321831598
 31
0.0
  0
LINE
  5
717
330
17
100
AcDbEntity
  8
ESTRUCTURAS
100
AcDbLine
 10
618.9000108506945
 20
120.83333333333334
 30
0.0
 11
618.5333251953125
 21
121.16666158040366
 31
0.0
  0
LINE
  5
718
330
17
100
AcDbEntity
  8
ESTRUCTURAS
100
AcDbLine
 10
618.9000108506945
 20
121.03333367241754
 30
0.0
 11
618.5333251953125
 21
121.36666191948785
 31
0.0
  0
LINE
  5
719
330
17
100
AcDbEntity
  8
ESTRUCTURAS
100
AcDbLine
 10
618.9000108506945
 20
121.19999355740018
 30
0.0
 11
618.5333251953125
 21
121.56666225857205
 31
0.0
  0
LINE
  5
71A
330
17
100
AcDbEntity
  8
ESTRUCTURAS
100
AcDbLine
 10
618.8666449652778
 20
121.39999389648438
 30
0.0
 11
618.5333251953125
 21
121.73333062065973
 31
0.0
  0
LINE
  5
71B
330
17
100
AcDbEntity
  8
ESTRUCTURAS
100
AcDbLine
 10
618.8666449652778
 20
121.59999423556859
 30
0.0
 11
618.5333251953125
 21
121.93333095974393
 31
0.0
  0
LINE
  5
71C
330
17
100
AcDbEntity
  8
ESTRUCTURAS
100
AcDbLine
 10
618.8666449652778
 20
121.79999457465279
 30
0.0
 11
618.5333251953125
 21
122.13333129882812
 31
0.0
  0
LINE
  5
71D
330
17
100
AcDbEntity
  8
ESTRUCTURAS
100
AcDbLine
 10
618.8666449652778
 20
121.99999491373698
 30
0.0
 11
618.5666910807292
 21
122.2999996609158
 31
0.0
  0
LINE
  5
71E
330
17
100
AcDbEntity
  8
ESTRUCTURAS
100
AcDbLine
 10
618.8666449652778
 20
122.19999525282118
 30
0.0
 11
618.5666910807292
 21
122.5
 31
0.0
  0
LINE
  5
71F
330
17
100
AcDbEntity
  8
ESTRUCTURAS
100
AcDbLine
 10
618.8666449652778
 20
122.36666361490886
 30
0.0
 11
618.5666910807292
 21
122.70000033908421
 31
0.0
  0
LINE
  5
720
330
17
100
AcDbEntity
  8
ESTRUCTURAS
100
AcDbLine
 10
618.8666449652778
 20
122.56666395399306
 30
0.0
 11
618.5666910807292
 21
122.86666022406685
 31
0.0
  0
LINE
  5
721
330
17
100
AcDbEntity
  8
ESTRUCTURAS
100
AcDbLine
 10
618.8666449652778
 20
122.76666429307726
 30
0.0
 11
618.5666910807292
 21
123.06666056315105
 31
0.0
  0
LWPOLYLINE
  5
722
330
17
100
AcDbEntity
  8
ESTRUCTURAS
100
AcDbPolyline
 90
3
 70
0
 10
618.0333116319445
 20
94.89999559190538
 10
619.3666585286459
 20
94.89999559190538
 10
618.7000189887153
 20
130.63333299424914
  0
LINE
  5
723
330
17
100
AcDbEntity
  8
ESTRUCTURAS
100
AcDbLine
 10
618.0333116319445
 20
94.89999559190538
 30
0.0
 11
618.7000189887153
 21
130.63333299424914
 31
0.0
  0
LWPOLYLINE
  5
724
330
17
100
AcDbEntity
  8
ESTRUCTURAS
100
AcDbPolyline
 90
7
 70
0
 10
616.7666965060764
 20
141.06666564941406
 10
616.9000244140625
 20
141.03333367241754
 10
617.066650390625
 20
141.06666564941406
 10
617.1999782986111
 20
141.13332960340713
 10
617.3000081380209
 20
141.26666598849826
 10
617.3333062065973
 20
141.39999389648438
 10
617.3333062065973
 20
141.499998304579
  0
LWPOLYLINE
  5
725
330
17
100
AcDbEntity
  8
ESTRUCTURAS
100
AcDbPolyline
 90
6
 70
0
 10
616.9333224826389
 20
141.46666632758246
 10
616.7999945746528
 20
141.46666632758246
 10
616.6666666666667
 20
141.39999389648438
 10
616.63330078125
 20
141.26666598849826
 10
616.63330078125
 20
141.16666158040366
 10
616.7333306206598
 20
141.06666564941406
  0
LINE
  5
726
330
17
100
AcDbEntity
  8
ESTRUCTURAS
100
AcDbLine
 10
618.7000189887153
 20
157.63332790798611
 30
0.0
 11
618.9999728732639
 21
157.93333265516495
 31
0.0
  0
LINE
  5
727
330
17
100
AcDbEntity
  8
ESTRUCTURAS
100
AcDbLine
 10
618.7000189887153
 20
157.43333604600696
 30
0.0
 11
619.0333387586805
 21
157.76665581597223
 31
0.0
  0
LINE
  5
728
330
17
100
AcDbEntity
  8
ESTRUCTURAS
100
AcDbLine
 10
618.7000189887153
 20
157.26665920681424
 30
0.0
 11
619.0667046440973
 21
157.5999959309896
 31
0.0
  0
LINE
  5
729
330
17
100
AcDbEntity
  8
ESTRUCTURAS
100
AcDbLine
 10
618.7000189887153
 20
157.06666734483508
 30
0.0
 11
619.1000027126736
 21
157.46666802300348
 31
0.0
  0
LINE
  5
72A
330
17
100
AcDbEntity
  8
ESTRUCTURAS
100
AcDbLine
 10
618.7000189887153
 20
156.89999050564236
 30
0.0
 11
619.1000027126736
 21
157.29999118381076
 31
0.0
  0
LINE
  5
72B
330
17
100
AcDbEntity
  8
ESTRUCTURAS
100
AcDbLine
 10
618.7000189887153
 20
156.73333062065973
 30
0.0
 11
619.13330078125
 21
157.16666327582465
 31
0.0
  0
LINE
  5
72C
330
17
100
AcDbEntity
  8
ESTRUCTURAS
100
AcDbLine
 10
618.7000189887153
 20
156.5333218044705
 30
0.0
 11
619.1666666666667
 21
157.000003390842
 31
0.0
  0
LINE
  5
72D
330
17
100
AcDbEntity
  8
ESTRUCTURAS
100
AcDbLine
 10
618.7000189887153
 20
156.36666191948785
 30
0.0
 11
619.2000325520834
 21
156.83332655164932
 31
0.0
  0
LINE
  5
72E
330
17
100
AcDbEntity
  8
ESTRUCTURAS
100
AcDbLine
 10
618.7000189887153
 20
156.1666700575087
 30
0.0
 11
619.2000325520834
 21
156.6999986436632
 31
0.0
  0
LINE
  5
72F
330
17
100
AcDbEntity
  8
ESTRUCTURAS
100
AcDbLine
 10
618.7000189887153
 20
155.99999321831598
 30
0.0
 11
619.2333306206598
 21
156.5333218044705
 31
0.0
  0
LINE
  5
730
330
17
100
AcDbEntity
  8
ESTRUCTURAS
100
AcDbLine
 10
618.7000189887153
 20
155.83333333333334
 30
0.0
 11
619.2666965060764
 21
156.36666191948785
 31
0.0
  0
LINE
  5
731
330
17
100
AcDbEntity
  8
ESTRUCTURAS
100
AcDbLine
 10
618.7000189887153
 20
155.6333245171441
 30
0.0
 11
619.2999945746528
 21
156.23333401150174
 31
0.0
  0
LINE
  5
732
330
17
100
AcDbEntity
  8
ESTRUCTURAS
100
AcDbLine
 10
618.7000189887153
 20
155.46666463216147
 30
0.0
 11
619.2999945746528
 21
156.06665717230902
 31
0.0
  0
LINE
  5
733
330
17
100
AcDbEntity
  8
ESTRUCTURAS
100
AcDbLine
 10
618.7000189887153
 20
155.30000474717883
 30
0.0
 11
619.3333604600695
 21
155.89999728732639
 31
0.0
  0
LINE
  5
734
330
17
100
AcDbEntity
  8
ESTRUCTURAS
100
AcDbLine
 10
618.7000189887153
 20
155.0999959309896
 30
0.0
 11
619.3666585286459
 21
155.76666937934027
 31
0.0
  0
LINE
  5
735
330
17
100
AcDbEntity
  8
ESTRUCTURAS
100
AcDbLine
 10
618.7000189887153
 20
154.93333604600696
 30
0.0
 11
619.3666585286459
 21
155.59999254014758
 31
0.0
  0
LINE
  5
736
330
17
100
AcDbEntity
  8
ESTRUCTURAS
100
AcDbLine
 10
618.7000189887153
 20
154.73332722981772
 30
0.0
 11
619.4000244140625
 21
155.43333265516495
 31
0.0
  0
LINE
  5
737
330
17
100
AcDbEntity
  8
ESTRUCTURAS
100
AcDbLine
 10
618.7000189887153
 20
154.56666734483508
 30
0.0
 11
619.4333224826389
 21
155.30000474717883
 31
0.0
  0
LINE
  5
738
330
17
100
AcDbEntity
  8
ESTRUCTURAS
100
AcDbLine
 10
618.7000189887153
 20
154.39999050564236
 30
0.0
 11
619.4666883680555
 21
155.13332790798611
 31
0.0
  0
LINE
  5
739
330
17
100
AcDbEntity
  8
ESTRUCTURAS
100
AcDbLine
 10
618.7000189887153
 20
154.1999986436632
 30
0.0
 11
619.4666883680555
 21
154.96666802300348
 31
0.0
  0
LINE
  5
73A
330
17
100
AcDbEntity
  8
ESTRUCTURAS
100
AcDbLine
 10
618.7000189887153
 20
154.0333218044705
 30
0.0
 11
619.499986436632
 21
154.8333231608073
 31
0.0
  0
LINE
  5
73B
330
17
100
AcDbEntity
  8
ESTRUCTURAS
100
AcDbLine
 10
618.7000189887153
 20
153.83332994249133
 30
0.0
 11
619.5333523220486
 21
154.66666327582465
 31
0.0
  0
LINE
  5
73C
330
17
100
AcDbEntity
  8
ESTRUCTURAS
100
AcDbLine
 10
618.7000189887153
 20
153.6666700575087
 30
0.0
 11
619.566650390625
 21
154.500003390842
 31
0.0
  0
LINE
  5
73D
330
17
100
AcDbEntity
  8
ESTRUCTURAS
100
AcDbLine
 10
618.7000189887153
 20
153.49999321831598
 30
0.0
 11
619.566650390625
 21
154.36665852864584
 31
0.0
  0
LINE
  5
73E
330
17
100
AcDbEntity
  8
ESTRUCTURAS
100
AcDbLine
 10
618.7000189887153
 20
153.30000135633682
 30
0.0
 11
619.6000162760417
 21
154.1999986436632
 31
0.0
  0
LINE
  5
73F
330
17
100
AcDbEntity
  8
ESTRUCTURAS
100
AcDbLine
 10
618.7000189887153
 20
153.1333245171441
 30
0.0
 11
619.633314344618
 21
154.0333218044705
 31
0.0
  0
LINE
  5
740
330
17
100
AcDbEntity
  8
ESTRUCTURAS
100
AcDbLine
 10
618.7000189887153
 20
152.96666463216147
 30
0.0
 11
619.633314344618
 21
153.89999389648438
 31
0.0
  0
LINE
  5
741
330
17
100
AcDbEntity
  8
ESTRUCTURAS
100
AcDbLine
 10
618.7000189887153
 20
152.76665581597223
 30
0.0
 11
619.6666802300348
 21
153.73333401150174
 31
0.0
  0
LINE
  5
742
330
17
100
AcDbEntity
  8
ESTRUCTURAS
100
AcDbLine
 10
618.7000189887153
 20
152.5999959309896
 30
0.0
 11
619.6999782986111
 21
153.56665717230902
 31
0.0
  0
LINE
  5
743
330
17
100
AcDbEntity
  8
ESTRUCTURAS
100
AcDbLine
 10
618.7000189887153
 20
152.40000406901044
 30
0.0
 11
619.7333441840278
 21
153.43332926432294
 31
0.0
  0
LINE
  5
744
330
17
100
AcDbEntity
  8
ESTRUCTURAS
100
AcDbLine
 10
618.7000189887153
 20
152.23332722981772
 30
0.0
 11
619.7333441840278
 21
153.26666937934027
 31
0.0
  0
LINE
  5
745
330
17
100
AcDbEntity
  8
ESTRUCTURAS
100
AcDbLine
 10
618.7000189887153
 20
152.06666734483508
 30
0.0
 11
619.7666422526042
 21
153.09999254014758
 31
0.0
  0
LINE
  5
746
330
17
100
AcDbEntity
  8
ESTRUCTURAS
100
AcDbLine
 10
618.7000189887153
 20
151.86665852864584
 30
0.0
 11
619.8000081380209
 21
152.96666463216147
 31
0.0
  0
LINE
  5
747
330
17
100
AcDbEntity
  8
ESTRUCTURAS
100
AcDbLine
 10
618.7000189887153
 20
151.6999986436632
 30
0.0
 11
619.8333062065973
 21
152.80000474717883
 31
0.0
  0
LINE
  5
748
330
17
100
AcDbEntity
  8
ESTRUCTURAS
100
AcDbLine
 10
618.7000189887153
 20
151.49998982747397
 30
0.0
 11
619.8333062065973
 21
152.63332790798611
 31
0.0
  0
LINE
  5
749
330
17
100
AcDbEntity
  8
ESTRUCTURAS
100
AcDbLine
 10
619.2333306206598
 20
151.86665852864584
 30
0.0
 11
619.8666720920139
 21
152.5
 31
0.0
  0
LINE
  5
74A
330
17
100
AcDbEntity
  8
ESTRUCTURAS
100
AcDbLine
 10
619.4333224826389
 20
151.86665852864584
 30
0.0
 11
619.9000379774305
 21
152.3333231608073
 31
0.0
  0
LINE
  5
74B
330
17
100
AcDbEntity
  8
ESTRUCTURAS
100
AcDbLine
 10
619.6000162760417
 20
151.86665852864584
 30
0.0
 11
619.9000379774305
 21
152.16666327582465
 31
0.0
  0
LINE
  5
74C
330
17
100
AcDbEntity
  8
ESTRUCTURAS
100
AcDbLine
 10
619.0667046440973
 20
151.79999457465277
 30
0.0
 11
618.7000189887153
 21
152.16666327582465
 31
0.0
  0
LINE
  5
74D
330
17
100
AcDbEntity
  8
ESTRUCTURAS
100
AcDbLine
 10
619.2000325520834
 20
151.86665852864584
 30
0.0
 11
618.7000189887153
 21
152.36665513780383
 31
0.0
  0
LINE
  5
74E
330
17
100
AcDbEntity
  8
ESTRUCTURAS
100
AcDbLine
 10
619.3666585286459
 20
151.86665852864584
 30
0.0
 11
618.7000189887153
 21
152.53333197699652
 31
0.0
  0
LINE
  5
74F
330
17
100
AcDbEntity
  8
ESTRUCTURAS
100
AcDbLine
 10
619.5333523220486
 20
151.86665852864584
 30
0.0
 11
618.7000189887153
 21
152.69999186197919
 31
0.0
  0
LINE
  5
750
330
17
100
AcDbEntity
  8
ESTRUCTURAS
100
AcDbLine
 10
620.0
 20
151.60000271267361
 30
0.0
 11
618.7000189887153
 21
152.9000006781684
 31
0.0
  0
LINE
  5
751
330
17
100
AcDbEntity
  8
ESTRUCTURAS
100
AcDbLine
 10
619.9666341145834
 20
151.79999457465277
 30
0.0
 11
618.7000189887153
 21
153.06666056315106
 31
0.0
  0
LINE
  5
752
330
17
100
AcDbEntity
  8
ESTRUCTURAS
100
AcDbLine
 10
619.933336046007
 20
152.000003390842
 30
0.0
 11
618.7000189887153
 21
153.23333740234375
 31
0.0
  0
LINE
  5
753
330
17
100
AcDbEntity
  8
ESTRUCTURAS
100
AcDbLine
 10
619.9000379774305
 20
152.23332722981772
 30
0.0
 11
618.7000189887153
 21
153.43332926432294
 31
0.0
  0
LINE
  5
754
330
17
100
AcDbEntity
  8
ESTRUCTURAS
100
AcDbLine
 10
619.8666720920139
 20
152.43333604600696
 30
0.0
 11
618.7000189887153
 21
153.59998914930557
 31
0.0
  0
LINE
  5
755
330
17
100
AcDbEntity
  8
ESTRUCTURAS
100
AcDbLine
 10
619.8333062065973
 20
152.66665988498264
 30
0.0
 11
618.7000189887153
 21
153.7999979654948
 31
0.0
  0
LINE
  5
756
330
17
100
AcDbEntity
  8
ESTRUCTURAS
100
AcDbLine
 10
619.8000081380209
 20
152.86666870117188
 30
0.0
 11
618.7000189887153
 21
153.96665785047745
 31
0.0
  0
LINE
  5
757
330
17
100
AcDbEntity
  8
ESTRUCTURAS
100
AcDbLine
 10
619.7666422526042
 20
153.06666056315106
 30
0.0
 11
618.7000189887153
 21
154.13333468967014
 31
0.0
  0
LINE
  5
758
330
17
100
AcDbEntity
  8
ESTRUCTURAS
100
AcDbLine
 10
619.7333441840278
 20
153.30000135633682
 30
0.0
 11
618.7000189887153
 21
154.33332655164932
 31
0.0
  0
LINE
  5
759
330
17
100
AcDbEntity
  8
ESTRUCTURAS
100
AcDbLine
 10
619.6999782986111
 20
153.49999321831598
 30
0.0
 11
618.7000189887153
 21
154.500003390842
 31
0.0
  0
LINE
  5
75A
330
17
100
AcDbEntity
  8
ESTRUCTURAS
100
AcDbLine
 10
619.6666802300348
 20
153.73333401150174
 30
0.0
 11
618.7000189887153
 21
154.6999952528212
 31
0.0
  0
LINE
  5
75B
330
17
100
AcDbEntity
  8
ESTRUCTURAS
100
AcDbLine
 10
619.633314344618
 20
153.9333258734809
 30
0.0
 11
618.7000189887153
 21
154.86665513780383
 31
0.0
  0
LINE
  5
75C
330
17
100
AcDbEntity
  8
ESTRUCTURAS
100
AcDbLine
 10
619.6000162760417
 20
154.13333468967014
 30
0.0
 11
618.7000189887153
 21
155.03333197699652
 31
0.0
  0
LINE
  5
75D
330
17
100
AcDbEntity
  8
ESTRUCTURAS
100
AcDbLine
 10
619.566650390625
 20
154.36665852864584
 30
0.0
 11
618.7000189887153
 21
155.2333238389757
 31
0.0
  0
LINE
  5
75E
330
17
100
AcDbEntity
  8
ESTRUCTURAS
100
AcDbLine
 10
619.5333523220486
 20
154.56666734483508
 30
0.0
 11
618.7000189887153
 21
155.4000006781684
 31
0.0
  0
LINE
  5
75F
330
17
100
AcDbEntity
  8
ESTRUCTURAS
100
AcDbLine
 10
619.499986436632
 20
154.79999118381076
 30
0.0
 11
618.7000189887153
 21
155.56666056315106
 31
0.0
  0
LINE
  5
760
330
17
100
AcDbEntity
  8
ESTRUCTURAS
100
AcDbLine
 10
619.4666883680555
 20
155.0
 30
0.0
 11
618.7000189887153
 21
155.76666937934027
 31
0.0
  0
LINE
  5
761
330
17
100
AcDbEntity
  8
ESTRUCTURAS
100
AcDbLine
 10
619.4333224826389
 20
155.19999186197919
 30
0.0
 11
618.7000189887153
 21
155.93332926432294
 31
0.0
  0
LINE
  5
762
330
17
100
AcDbEntity
  8
ESTRUCTURAS
100
AcDbLine
 10
619.4000244140625
 20
155.43333265516495
 30
0.0
 11
618.7000189887153
 21
156.13333808051215
 31
0.0
  0
LINE
  5
763
330
17
100
AcDbEntity
  8
ESTRUCTURAS
100
AcDbLine
 10
619.3666585286459
 20
155.6333245171441
 30
0.0
 11
618.7000189887153
 21
156.2999979654948
 31
0.0
  0
LINE
  5
764
330
17
100
AcDbEntity
  8
ESTRUCTURAS
100
AcDbLine
 10
619.3333604600695
 20
155.83333333333334
 30
0.0
 11
618.7000189887153
 21
156.46665785047745
 31
0.0
  0
LINE
  5
765
330
17
100
AcDbEntity
  8
ESTRUCTURAS
100
AcDbLine
 10
619.2999945746528
 20
156.06665717230902
 30
0.0
 11
618.7000189887153
 21
156.66666666666669
 31
0.0
  0
LINE
  5
766
330
17
100
AcDbEntity
  8
ESTRUCTURAS
100
AcDbLine
 10
619.2666965060764
 20
156.26666598849826
 30
0.0
 11
618.7000189887153
 21
156.83332655164932
 31
0.0
  0
LINE
  5
767
330
17
100
AcDbEntity
  8
ESTRUCTURAS
100
AcDbLine
 10
619.2333306206598
 20
156.49998982747397
 30
0.0
 11
618.7000189887153
 21
157.03333536783856
 31
0.0
  0
LINE
  5
768
330
17
100
AcDbEntity
  8
ESTRUCTURAS
100
AcDbLine
 10
619.2000325520834
 20
156.6999986436632
 30
0.0
 11
618.7000189887153
 21
157.1999952528212
 31
0.0
  0
LINE
  5
769
330
17
100
AcDbEntity
  8
ESTRUCTURAS
100
AcDbLine
 10
619.1666666666667
 20
156.89999050564236
 30
0.0
 11
618.7000189887153
 21
157.36665513780383
 31
0.0
  0
LINE
  5
76A
330
17
100
AcDbEntity
  8
ESTRUCTURAS
100
AcDbLine
 10
619.13330078125
 20
157.13333129882812
 30
0.0
 11
618.7000189887153
 21
157.56666395399307
 31
0.0
  0
LINE
  5
76B
330
17
100
AcDbEntity
  8
ESTRUCTURAS
100
AcDbLine
 10
619.1000027126736
 20
157.3333231608073
 30
0.0
 11
618.7000189887153
 21
157.7333238389757
 31
0.0
  0
LINE
  5
76C
330
17
100
AcDbEntity
  8
ESTRUCTURAS
100
AcDbLine
 10
619.0667046440973
 20
157.56666395399307
 30
0.0
 11
618.7000189887153
 21
157.93333265516495
 31
0.0
  0
LINE
  5
76D
330
17
100
AcDbEntity
  8
ESTRUCTURAS
100
AcDbLine
 10
619.0333387586805
 20
157.76665581597223
 30
0.0
 11
618.7000189887153
 21
158.09999254014758
 31
0.0
  0
LINE
  5
76E
330
17
100
AcDbEntity
  8
ESTRUCTURAS
100
AcDbLine
 10
618.9999728732639
 20
157.96666463216147
 30
0.0
 11
618.7000189887153
 21
158.26666937934027
 31
0.0
  0
LINE
  5
76F
330
17
100
AcDbEntity
  8
ESTRUCTURAS
100
AcDbLine
 10
618.2666693793403
 20
147.999996609158
 30
0.0
 11
618.7000189887153
 21
148.43332926432294
 31
0.0
  0
LINE
  5
770
330
17
100
AcDbEntity
  8
ESTRUCTURAS
100
AcDbLine
 10
618.7000189887153
 20
148.43332926432294
 30
0.0
 11
619.2000325520834
 21
148.89999389648438
 31
0.0
  0
LINE
  5
771
330
17
100
AcDbEntity
  8
ESTRUCTURAS
100
AcDbLine
 10
618.2000054253473
 20
148.09999254014758
 30
0.0
 11
618.7000189887153
 21
148.63333808051215
 31
0.0
  0
LINE
  5
772
330
17
100
AcDbEntity
  8
ESTRUCTURAS
100
AcDbLine
 10
618.7000189887153
 20
148.63333808051215
 30
0.0
 11
619.0667046440973
 21
148.99998982747397
 31
0.0
  0
LINE
  5
773
330
17
100
AcDbEntity
  8
ESTRUCTURAS
100
AcDbLine
 10
618.1333414713542
 20
148.23333740234375
 30
0.0
 11
618.7000189887153
 21
148.7999979654948
 31
0.0
  0
LINE
  5
774
330
17
100
AcDbEntity
  8
ESTRUCTURAS
100
AcDbLine
 10
618.0999755859375
 20
148.39999728732639
 30
0.0
 11
618.7000189887153
 21
148.99998982747397
 31
0.0
  0
LINE
  5
775
330
17
100
AcDbEntity
  8
ESTRUCTURAS
100
AcDbLine
 10
618.0999755859375
 20
148.59998914930557
 30
0.0
 11
618.5999891493055
 21
149.0666707356771
 31
0.0
  0
LINE
  5
776
330
17
100
AcDbEntity
  8
ESTRUCTURAS
100
AcDbLine
 10
618.3999972873264
 20
147.93333265516495
 30
0.0
 11
618.7000189887153
 21
148.23333740234375
 31
0.0
  0
LINE
  5
777
330
17
100
AcDbEntity
  8
ESTRUCTURAS
100
AcDbLine
 10
618.7000189887153
 20
148.23333740234375
 30
0.0
 11
619.2666965060764
 21
148.7999979654948
 31
0.0
  0
LINE
  5
778
330
17
100
AcDbEntity
  8
ESTRUCTURAS
100
AcDbLine
 10
618.7000189887153
 20
148.0333285861545
 30
0.0
 11
619.3333604600695
 21
148.6666700575087
 31
0.0
  0
LINE
  5
779
330
17
100
AcDbEntity
  8
ESTRUCTURAS
100
AcDbLine
 10
618.7000189887153
 20
147.86666870117188
 30
0.0
 11
619.3666585286459
 21
148.49999321831598
 31
0.0
  0
LINE
  5
77A
330
17
100
AcDbEntity
  8
ESTRUCTURAS
100
AcDbLine
 10
618.9000108506945
 20
147.83333672417535
 30
0.0
 11
619.3333604600695
 21
148.30000135633682
 31
0.0
  0
LINE
  5
77B
330
17
100
AcDbEntity
  8
ESTRUCTURAS
100
AcDbLine
 10
619.13330078125
 20
147.96666463216147
 30
0.0
 11
618.7000189887153
 21
148.39999728732639
 31
0.0
  0
LINE
  5
77C
330
17
100
AcDbEntity
  8
ESTRUCTURAS
100
AcDbLine
 10
618.7000189887153
 20
148.39999728732639
 30
0.0
 11
618.2333713107639
 21
148.86666191948785
 31
0.0
  0
LINE
  5
77D
330
17
100
AcDbEntity
  8
ESTRUCTURAS
100
AcDbLine
 10
619.0333387586805
 20
147.9000006781684
 30
0.0
 11
618.7000189887153
 21
148.19998847113715
 31
0.0
  0
LINE
  5
77E
330
17
100
AcDbEntity
  8
ESTRUCTURAS
100
AcDbLine
 10
618.7000189887153
 20
148.19998847113715
 30
0.0
 11
618.1666395399305
 21
148.73333401150174
 31
0.0
  0
LINE
  5
77F
330
17
100
AcDbEntity
  8
ESTRUCTURAS
100
AcDbLine
 10
618.7000189887153
 20
147.999996609158
 30
0.0
 11
618.0999755859375
 21
148.59998914930557
 31
0.0
  0
LINE
  5
780
330
17
100
AcDbEntity
  8
ESTRUCTURAS
100
AcDbLine
 10
618.7000189887153
 20
147.83333672417535
 30
0.0
 11
618.0999755859375
 21
148.43332926432294
 31
0.0
  0
LINE
  5
781
330
17
100
AcDbEntity
  8
ESTRUCTURAS
100
AcDbLine
 10
619.2333306206598
 20
148.06666056315106
 30
0.0
 11
618.7000189887153
 21
148.59998914930557
 31
0.0
  0
LINE
  5
782
330
17
100
AcDbEntity
  8
ESTRUCTURAS
100
AcDbLine
 10
618.7000189887153
 20
148.59998914930557
 30
0.0
 11
618.3333333333334
 21
148.96665785047745
 31
0.0
  0
LINE
  5
783
330
17
100
AcDbEntity
  8
ESTRUCTURAS
100
AcDbLine
 10
619.2999945746528
 20
148.19998847113715
 30
0.0
 11
618.7000189887153
 21
148.76666598849826
 31
0.0
  0
LINE
  5
784
330
17
100
AcDbEntity
  8
ESTRUCTURAS
100
AcDbLine
 10
619.3666585286459
 20
148.33333333333334
 30
0.0
 11
618.7000189887153
 21
148.96665785047745
 31
0.0
  0
LINE
  5
785
330
17
100
AcDbEntity
  8
ESTRUCTURAS
100
AcDbLine
 10
619.3666585286459
 20
148.49999321831598
 30
0.0
 11
618.7666829427084
 21
149.10000271267361
 31
0.0
  0
LWPOLYLINE
  5
786
330
17
100
AcDbEntity
  8
ESTRUCTURAS
100
AcDbPolyline
 90
6
 70
0
 10
620.5333116319445
 20
145.30000474717883
 10
620.6333414713542
 20
145.30000474717883
 10
620.7333713107639
 20
145.30000474717883
 10
620.8333333333334
 20
145.43333265516495
 10
620.8333333333334
 20
145.56666056315106
 10
620.7333713107639
 20
145.69998847113715
  0
LWPOLYLINE
  5
787
330
17
100
AcDbEntity
  8
ESTRUCTURAS
100
AcDbPolyline
 90
7
 70
0
 10
620.7000054253473
 20
145.69998847113715
 10
620.5999755859375
 20
145.73333740234375
 10
620.4666476779514
 20
145.73333740234375
 10
620.3000217013889
 20
145.66665649414062
 10
620.1999918619792
 20
145.56666056315106
 10
620.1000298394098
 20
145.43333265516495
 10
620.1000298394098
 20
145.26665581597223
  0
LINE
  5
788
330
17
100
AcDbEntity
  8
ESTRUCTURAS
100
AcDbLine
 10
618.7000189887153
 20
159.90000406901044
 30
0.0
 11
617.3000081380209
 21
151.23333401150174
 31
0.0
  0
LWPOLYLINE
  5
789
330
17
100
AcDbEntity
  8
ESTRUCTURAS
100
AcDbPolyline
 90
8
 70
0
 10
618.7000189887153
 20
151.23333401150174
 10
618.7000189887153
 20
159.90000406901044
 10
620.066663953993
 20
151.23333401150174
 10
619.933336046007
 20
151.63333468967014
 10
619.6000162760417
 20
151.86665852864584
 10
619.1666666666667
 20
151.86665852864584
 10
618.8333468967014
 20
151.63333468967014
 10
618.7000189887153
 20
151.23333401150174
  0
LWPOLYLINE
  5
78A
330
17
100
AcDbEntity
  8
ESTRUCTURAS
100
AcDbPolyline
 90
7
 70
0
 10
587.5333658854167
 20
83.53333367241754
 10
587.5333658854167
 20
81.03333367241754
 10
597.5333658854167
 20
83.53333367241754
 10
587.5333658854167
 20
83.53333367241754
 10
597.5333658854167
 20
83.53333367241754
 10
597.5333658854167
 20
81.03333367241754
 10
587.5333658854167
 20
81.03333367241754
  0
LWPOLYLINE
  5
78B
330
17
100
AcDbEntity
  8
ESTRUCTURAS
100
AcDbPolyline
 90
7
 70
0
 10
597.5333658854167
 20
81.03333367241754
 10
597.5333658854167
 20
78.53333367241754
 10
607.5333658854167
 20
81.03333367241754
 10
597.5333658854167
 20
81.03333367241754
 10
607.5333658854167
 20
81.03333367241754
 10
607.5333658854167
 20
78.53333367241754
 10
597.5333658854167
 20
78.53333367241754
  0
LWPOLYLINE
  5
78C
330
17
100
AcDbEntity
  8
ESTRUCTURAS
100
AcDbPolyline
 90
4
 70
0
 10
629.6000162760417
 20
87.63332790798611
 10
629.499986436632
 20
87.76666429307726
 10
629.4000244140625
 20
87.63332790798611
 10
629.6000162760417
 20
87.63332790798611
  0
LWPOLYLINE
  5
78D
330
17
100
AcDbEntity
  8
ESTRUCTURAS
100
AcDbPolyline
 90
4
 70
0
 10
629.6000162760417
 20
87.63332790798611
 10
629.6000162760417
 20
87.39999559190538
 10
629.499986436632
 20
87.16666327582466
 10
629.4000244140625
 20
87.03333536783855
  0
LWPOLYLINE
  5
78E
330
17
100
AcDbEntity
  8
ESTRUCTURAS
100
AcDbPolyline
 90
3
 70
0
 10
646.4000108506945
 20
87.2999996609158
 10
645.4666476779514
 20
85.63333299424913
 10
646.8666585286459
 20
85.63333299424913
  0
LWPOLYLINE
  5
78F
330
17
100
AcDbEntity
  8
ESTRUCTURAS
100
AcDbPolyline
 90
4
 70
0
 10
649.5333523220486
 20
87.63332790798611
 10
649.4666883680555
 20
87.76666429307726
 10
649.3666585286459
 20
87.63332790798611
 10
649.4666883680555
 20
87.53333197699654
  0
LWPOLYLINE
  5
790
330
17
100
AcDbEntity
  8
ESTRUCTURAS
100
AcDbPolyline
 90
4
 70
0
 10
649.5333523220486
 20
87.63332790798611
 10
649.5333523220486
 20
87.39999559190538
 10
649.4666883680555
 20
87.16666327582466
 10
649.3666585286459
 20
87.03333536783855
  0
LWPOLYLINE
  5
791
330
17
100
AcDbEntity
  8
ESTRUCTURAS
100
AcDbPolyline
 90
4
 70
0
 10
599.7333441840278
 20
87.63332790798611
 10
599.633314344618
 20
87.76666429307726
 10
599.5333523220486
 20
87.63332790798611
 10
599.7333441840278
 20
87.63332790798611
  0
LWPOLYLINE
  5
792
330
17
100
AcDbEntity
  8
ESTRUCTURAS
100
AcDbPolyline
 90
4
 70
0
 10
599.7333441840278
 20
87.63332790798611
 10
599.7333441840278
 20
87.39999559190538
 10
599.633314344618
 20
87.16666327582466
 10
599.5333523220486
 20
87.03333536783855
  0
LWPOLYLINE
  5
793
330
17
100
AcDbEntity
  8
ESTRUCTURAS
100
AcDbPolyline
 90
4
 70
0
 10
589.6000162760417
 20
87.63332790798611
 10
589.499986436632
 20
87.76666429307726
 10
589.4000244140625
 20
87.63332790798611
 10
589.6000162760417
 20
87.63332790798611
  0
LWPOLYLINE
  5
794
330
17
100
AcDbEntity
  8
ESTRUCTURAS
100
AcDbPolyline
 90
4
 70
0
 10
589.6000162760417
 20
87.63332790798611
 10
589.6000162760417
 20
87.39999559190538
 10
589.499986436632
 20
87.16666327582466
 10
589.4000244140625
 20
87.03333536783855
  0
LINE
  5
796
330
17
100
AcDbEntity
  8
DIGITALIZADO
100
AcDbLine
 10
452.89998372395837
 20
247.43333604600696
 30
0.0
 11
452.89998372395837
 21
245.43333265516495
 31
0.0
  0
LINE
  5
797
330
17
100
AcDbEntity
  8
DIGITALIZADO
100
AcDbLine
 10
352.9000176323785
 20
247.66665988498264
 30
0.0
 11
352.9000176323785
 21
245.66665649414062
 31
0.0
  0
LINE
  5
798
330
17
100
AcDbEntity
  8
DIGITALIZADO
100
AcDbLine
 10
252.90001763237848
 20
247.90000067816842
 30
0.0
 11
252.90001763237848
 21
245.89999728732639
 31
0.0
  0
LINE
  5
799
330
17
100
AcDbEntity
  8
DIGITALIZADO
100
AcDbLine
 10
152.86668565538196
 20
248.1333245171441
 30
0.0
 11
152.86668565538196
 21
246.1333211263021
 31
0.0
  0
LINE
  5
79A
330
17
100
AcDbEntity
  8
DIGITALIZADO
100
AcDbLine
 10
312.3666720920139
 20
272.76665581597223
 30
0.0
 11
312.3666720920139
 21
275.0999959309896
 31
0.0
  0
LWPOLYLINE
  5
79B
330
17
100
AcDbEntity
  8
DIGITALIZADO
100
AcDbPolyline
 90
25
 70
0
 10
312.35195583767364
 20
276.1333211263021
 10
312.2477933433321
 20
276.12321386734646
 10
312.105456483033
 20
276.07188320408267
 10
311.9860627916124
 20
275.9833590189616
 10
311.896649044421
 20
275.8646277959148
 10
311.84425201680926
 20
275.72267601887387
 10
311.83336046006946
 20
275.61859130859375
 10
311.84347258673773
 20
275.5144281188647
 10
311.89480589495764
 20
275.3720885391037
 10
311.9833289252387
 20
275.2526919047038
 10
312.10205720530615
 20
275.1632770026724
 10
312.2440062628852
 20
275.11088262001675
 10
312.34809027777777
 20
275.0999959309896
 10
312.4522527721193
 20
275.1101031899452
 10
312.59458963241843
 20
275.161433853209
 10
312.713983323839
 20
275.2499580383301
 10
312.8033970710304
 20
275.36868926137686
 10
312.85579409864215
 20
275.5106410384178
 10
312.86668565538196
 20
275.61472574869794
 10
312.8565735287137
 20
275.71888893842697
 10
312.8052402204938
 20
275.861228518188
 10
312.7167171902127
 20
275.9806251525879
 10
312.59798891014526
 20
276.0700400546193
 10
312.4560398525662
 20
276.12243443727493
 10
312.35195583767364
 20
276.1333211263021
  0
LWPOLYLINE
  5
79C
330
17
100
AcDbEntity
  8
DIGITALIZADO
100
AcDbPolyline
 90
3
 70
0
 10
312.3666720920139
 20
276.09998914930554
 10
312.3666720920139
 20
278.59998914930554
 10
312.3666720920139
 20
280.8999972873264
  0
LINE
  5
79D
330
17
100
AcDbEntity
  8
DIGITALIZADO
100
AcDbLine
 10
312.3666720920139
 20
272.76665581597223
 30
0.0
 11
311.20001898871527
 21
272.79998779296875
 31
0.0
  0
LINE
  5
79E
330
17
100
AcDbEntity
  8
DIGITALIZADO
100
AcDbLine
 10
383.73335096571185
 20
219.39999050564236
 30
0.0
 11
383.76668294270837
 21
222.53333197699655
 31
0.0
  0
LINE
  5
79F
330
17
100
AcDbEntity
  8
DIGITALIZADO
100
AcDbLine
 10
383.76668294270837
 20
222.53333197699655
 30
0.0
 11
387.9666815863715
 21
222.5
 31
0.0
  0
LINE
  5
7A0
330
17
100
AcDbEntity
  8
DIGITALIZADO
100
AcDbLine
 10
392.7333238389757
 20
222.5
 30
0.0
 11
393.30000135633685
 21
222.46666802300348
 31
0.0
  0
LINE
  5
7A1
330
17
100
AcDbEntity
  8
DIGITALIZADO
100
AcDbLine
 10
312.23334418402777
 20
221.83332655164932
 30
0.0
 11
312.23334418402777
 21
219.6999952528212
 31
0.0
  0
LINE
  5
7A2
330
17
100
AcDbEntity
  8
DIGITALIZADO
100
AcDbLine
 10
312.23334418402777
 20
221.83332655164932
 30
0.0
 11
306.8333265516493
 21
221.83332655164932
 31
0.0
  0
LINE
  5
7A3
330
17
100
AcDbEntity
  8
DIGITALIZADO
100
AcDbLine
 10
396.63333468967016
 20
291.63333468967016
 30
0.0
 11
397.1333482530382
 21
291.63333468967016
 31
0.0
  0
LWPOLYLINE
  5
7A4
330
17
100
AcDbEntity
  8
DIGITALIZADO
100
AcDbPolyline
 90
4
 70
0
 10
383.86667887369794
 20
367.0333184136285
 10
382.9000176323785
 20
388.3666653103299
 10
382.66665988498266
 20
426.6999986436632
 10
382.66665988498266
 20
432.9666476779514
  0
LWPOLYLINE
  5
7A5
330
17
100
AcDbEntity
  8
DIGITALIZADO
100
AcDbPolyline
 90
5
 70
0
 10
403.6000230577257
 20
125.96666124131946
 10
403.6000230577257
 20
124.5999993218316
 10
393.70001898871527
 20
124.3999989827474
 10
393.66668701171875
 20
125.76666090223524
 10
403.6000230577257
 20
125.96666124131946
  0
LINE
  5
7A6
330
17
100
AcDbEntity
  8
DIGITALIZADO
100
AcDbLine
 10
433.66668701171875
 20
263.7999979654948
 30
0.0
 11
406.76666259765625
 21
263.9666578504774
 31
0.0
  0
LINE
  5
7A7
330
17
100
AcDbEntity
  8
DIGITALIZADO
100
AcDbLine
 10
277.73335774739587
 20
158.49999321831598
 30
0.0
 11
277.73335774739587
 21
155.5333285861545
 31
0.0
  0
LWPOLYLINE
  5
7A8
330
17
100
AcDbEntity
  8
DIGITALIZADO
100
AcDbPolyline
 90
3
 70
0
 10
454.93333604600696
 20
158.49999321831598
 10
437.76665581597223
 20
158.49999321831598
 10
437.26667616102435
 20
158.49999321831598
  0
LWPOLYLINE
  5
7A9
330
17
100
AcDbEntity
  8
DIGITALIZADO
100
AcDbPolyline
 90
5
 70
0
 10
524.933336046007
 20
158.36666531032986
 10
514.6000162760417
 20
158.39999728732639
 10
497.3333401150174
 20
158.43332926432294
 10
474.90000406901044
 20
158.43332926432294
 10
454.93333604600696
 20
158.49999321831598
  0
LWPOLYLINE
  5
7AA
330
17
100
AcDbEntity
  8
DIGITALIZADO
100
AcDbPolyline
 90
6
 70
0
 10
427.3666720920139
 20
192.43333604600696
 10
452.86668565538196
 20
192.43333604600696
 10
473.7333170572917
 20
192.29999118381076
 10
496.0999891493056
 20
192.26665920681424
 10
515.3333197699653
 20
192.23332722981772
 10
524.933336046007
 20
192.16666327582467
  0
LINE
  5
7AB
330
17
100
AcDbEntity
  8
DIGITALIZADO
100
AcDbLine
 10
258.90001085069446
 20
334.73331027560766
 30
0.0
 11
258.90001085069446
 21
329.46665445963544
 31
0.0
  0
LWPOLYLINE
  5
7AC
330
17
100
AcDbEntity
  8
DIGITALIZADO
100
AcDbPolyline
 90
29
 70
0
 10
258.90001085069446
 20
332.1166653103299
 10
258.8874813583162
 20
332.24093523290423
 10
258.8515467113919
 20
332.3566844728258
 10
258.794687655237
 20
332.46143228477905
 10
258.67559243407516
 20
332.5924996948905
 10
258.52337148454455
 20
332.68485969967315
 10
258.407622244623
 20
332.7207943465975
 10
258.28335232204864
 20
332.7333238389757
 10
258.15907266404895
 20
332.7207943465975
 10
258.0433188544379
 20
332.68485969967315
 10
257.9385704464383
 20
332.62800064351825
 10
257.8075069851346
 20
332.5089054223564
 10
257.7151531643338
 20
332.3566844728258
 10
257.679221895006
 20
332.24093523290423
 10
257.66669379340277
 20
332.1166653103299
 10
257.679221895006
 20
331.9923856523302
 10
257.7151531643338
 20
331.8766318427192
 10
257.7720080481635
 20
331.77188343471954
 10
257.89109812842474
 20
331.64081997341583
 10
258.0433188544379
 20
331.54846615261505
 10
258.15907266404895
 20
331.51253488328723
 10
258.28335232204864
 20
331.500006781684
 10
258.407622244623
 20
331.51253488328723
 10
258.52337148454455
 20
331.54846615261505
 10
258.6281192964978
 20
331.60532103644476
 10
258.7591867066092
 20
331.724411116706
 10
258.8515467113919
 20
331.8766318427192
 10
258.8874813583162
 20
331.9923856523302
 10
258.90001085069446
 20
332.1166653103299
  0
LINE
  5
7AD
330
17
100
AcDbEntity
  8
DIGITALIZADO
100
AcDbLine
 10
258.66668701171875
 20
334.73331027560766
 30
0.0
 11
258.66668701171875
 21
329.46665445963544
 31
0.0
  0
LINE
  5
7AE
330
17
100
AcDbEntity
  8
DIGITALIZADO
100
AcDbLine
 10
285.5333455403646
 20
267.16666327582465
 30
0.0
 11
285.5333455403646
 21
261.9333224826389
 31
0.0
  0
LWPOLYLINE
  5
7AF
330
17
100
AcDbEntity
  8
DIGITALIZADO
100
AcDbPolyline
 90
29
 70
0
 10
285.5333455403646
 20
264.58333333333337
 10
285.5208160479864
 20
264.707612991333
 10
285.484881401062
 20
264.82336680094403
 10
285.42802234490716
 20
264.9281152089437
 10
285.3089271237453
 20
265.05917867024743
 10
285.1567061742147
 20
265.1515324910482
 10
285.04095693429315
 20
265.187463760376
 10
284.91668701171875
 20
265.1999918619792
 10
284.7924058967167
 20
265.187463760376
 10
284.6766482459174
 20
265.1515324910482
 10
284.57189440727234
 20
265.09467760721844
 10
284.4408215582371
 20
264.9755875269572
 10
284.3484592437744
 20
264.82336680094403
 10
284.3125241332584
 20
264.707612991333
 10
284.29999457465277
 20
264.58333333333337
 10
284.3125241332584
 20
264.45905294683246
 10
284.3484592437744
 20
264.3432972166273
 10
284.4053195582496
 20
264.238546093305
 10
284.52441902624236
 20
264.1074779381355
 10
284.6766482459174
 20
264.0151198705038
 10
284.7924058967167
 20
263.97918668058185
 10
284.91668701171875
 20
263.9666578504774
 10
285.04095693429315
 20
263.97918668058185
 10
285.1567061742147
 20
264.0151198705038
 10
285.2614539861679
 20
264.0719774696562
 10
285.39252139627934
 20
264.1910722437832
 10
285.484881401062
 20
264.3432972166273
 10
285.5208160479864
 20
264.45905294683246
 10
285.5333455403646
 20
264.58333333333337
  0
LINE
  5
7B0
330
17
100
AcDbEntity
  8
DIGITALIZADO
100
AcDbLine
 10
285.3000217013889
 20
267.16666327582465
 30
0.0
 11
285.3000217013889
 21
261.9333224826389
 31
0.0
  0
LINE
  5
7B1
330
17
100
AcDbEntity
  8
DIGITALIZADO
100
AcDbLine
 10
269.73334418402777
 20
227.63332790798611
 30
0.0
 11
269.73334418402777
 21
232.86666870117188
 31
0.0
  0
LWPOLYLINE
  5
7B2
330
17
100
AcDbEntity
  8
DIGITALIZADO
100
AcDbPolyline
 90
29
 70
0
 10
270.93332926432294
 20
230.2833218044705
 10
270.9208011627197
 20
230.40760219097137
 10
270.88486989339196
 20
230.52335792117648
 10
270.8280150095622
 20
230.62810904449887
 10
270.70892492930096
 20
230.75917719966836
 10
270.5567042032878
 20
230.85153526730008
 10
270.44095039367676
 20
230.88746845722198
 10
270.3166707356771
 20
230.89999728732639
 10
270.1924008131027
 20
230.88746845722198
 10
270.07665157318115
 20
230.85153526730008
 10
269.97190376122796
 20
230.7946776681476
 10
269.84083635111654
 20
230.6755828940206
 10
269.74847634633386
 20
230.52335792117648
 10
269.7125416994095
 20
230.40760219097137
 10
269.70001220703125
 20
230.2833218044705
 10
269.7125416994095
 20
230.15904214647082
 10
269.74847634633386
 20
230.04328833685983
 10
269.8053354024887
 20
229.93853992886014
 10
269.92443062365055
 20
229.80747646755643
 10
270.07665157318115
 20
229.71512264675565
 10
270.1924008131027
 20
229.67919137742786
 10
270.3166707356771
 20
229.66666327582467
 10
270.44095039367676
 20
229.67919137742786
 10
270.5567042032878
 20
229.71512264675565
 10
270.6614526112875
 20
229.77197753058542
 10
270.7925160725912
 20
229.89106761084665
 10
270.88486989339196
 20
230.04328833685983
 10
270.9208011627197
 20
230.15904214647082
 10
270.93332926432294
 20
230.2833218044705
  0
LINE
  5
7B3
330
17
100
AcDbEntity
  8
DIGITALIZADO
100
AcDbLine
 10
269.9666680230035
 20
227.63332790798611
 30
0.0
 11
269.9666680230035
 21
232.86666870117188
 31
0.0
  0
LINE
  5
7B4
330
17
100
AcDbEntity
  8
DIGITALIZADO
100
AcDbLine
 10
282.3666720920139
 20
231.26666598849826
 30
0.0
 11
282.3666720920139
 21
226.0333251953125
 31
0.0
  0
LWPOLYLINE
  5
7B5
330
17
100
AcDbEntity
  8
DIGITALIZADO
100
AcDbPolyline
 90
29
 70
0
 10
282.3666720920139
 20
228.68333604600696
 10
282.3541425996357
 20
228.80761570400662
 10
282.3182079527113
 20
228.92336951361764
 10
282.26134889655646
 20
229.0281179216173
 10
282.1422536753946
 20
229.15918138292102
 10
281.990032725864
 20
229.2515352037218
 10
281.87428348594244
 20
229.2874664730496
 10
281.75001356336804
 20
229.2999945746528
 10
281.6257339053684
 20
229.2874664730496
 10
281.5099800957574
 20
229.2515352037218
 10
281.4052316877577
 20
229.19468031989206
 10
281.274168226454
 20
229.07559023963083
 10
281.1818144056532
 20
228.92336951361764
 10
281.14588313632544
 20
228.80761570400662
 10
281.13335503472223
 20
228.68333604600696
 10
281.14588313632544
 20
228.55905565950607
 10
281.1818144056532
 20
228.44329992930096
 10
281.23866928948297
 20
228.33854880597858
 10
281.3577593697442
 20
228.2074806508091
 10
281.5099800957574
 20
228.11512258317737
 10
281.6257339053684
 20
228.07918939325546
 10
281.75001356336804
 20
228.06666056315106
 10
281.87428348594244
 20
228.07918939325546
 10
281.990032725864
 20
228.11512258317737
 10
282.0947805378172
 20
228.17198018232983
 10
282.2258479479286
 20
228.29107495645684
 10
282.3182079527113
 20
228.44329992930096
 10
282.3541425996357
 20
228.55905565950607
 10
282.3666720920139
 20
228.68333604600696
  0
LINE
  5
7B6
330
17
100
AcDbEntity
  8
DIGITALIZADO
100
AcDbLine
 10
282.1333482530382
 20
231.26666598849826
 30
0.0
 11
282.1333482530382
 21
226.0333251953125
 31
0.0
  0
LINE
  5
7B7
330
17
100
AcDbEntity
  8
DIGITALIZADO
100
AcDbLine
 10
270.8666653103299
 20
192.90000067816842
 30
0.0
 11
270.8666653103299
 21
198.1333245171441
 31
0.0
  0
LWPOLYLINE
  5
7B8
330
17
100
AcDbEntity
  8
DIGITALIZADO
100
AcDbPolyline
 90
29
 70
0
 10
272.06668429904516
 20
195.5499945746528
 10
272.05415480666693
 20
195.67427496115369
 10
272.01822015974255
 20
195.7900306913588
 10
271.9613611035877
 20
195.89478181468118
 10
271.84226588242586
 20
196.02584996985067
 10
271.69004493289526
 20
196.1182080374824
 10
271.5742956929737
 20
196.1541412274043
 10
271.4500257703993
 20
196.1666700575087
 10
271.3257446553972
 20
196.1541412274043
 10
271.209987004598
 20
196.1182080374824
 10
271.1052331659529
 20
196.06135043832992
 10
270.9741603169176
 20
195.94225566420292
 10
270.88179800245496
 20
195.7900306913588
 10
270.84586289193896
 20
195.67427496115369
 10
270.83333333333337
 20
195.5499945746528
 10
270.84586289193896
 20
195.4257149166531
 10
270.88179800245496
 20
195.3099611070421
 10
270.9386583169302
 20
195.20521269904245
 10
271.05775778492296
 20
195.07414923773874
 10
271.209987004598
 20
194.98179541693796
 10
271.3257446553972
 20
194.94586414761014
 10
271.4500257703993
 20
194.93333604600696
 10
271.5742956929737
 20
194.94586414761014
 10
271.69004493289526
 20
194.98179541693796
 10
271.79479274484845
 20
195.0386503007677
 10
271.9258601549599
 20
195.15774038102893
 10
272.01822015974255
 20
195.3099611070421
 10
272.05415480666693
 20
195.4257149166531
 10
272.06668429904516
 20
195.5499945746528
  0
LINE
  5
7B9
330
17
100
AcDbEntity
  8
DIGITALIZADO
100
AcDbLine
 10
271.1000230577257
 20
192.90000067816842
 30
0.0
 11
271.1000230577257
 21
198.1333245171441
 31
0.0
  0
LINE
  5
7BA
330
17
100
AcDbEntity
  8
DIGITALIZADO
100
AcDbLine
 10
288.20000542534723
 20
155.4000006781684
 30
0.0
 11
282.9666815863715
 21
155.4000006781684
 31
0.0
  0
LWPOLYLINE
  5
7BB
330
17
100
AcDbEntity
  8
DIGITALIZADO
100
AcDbPolyline
 90
29
 70
0
 10
286.20001898871527
 20
156.01665920681424
 10
286.1874894301097
 20
156.14093959331512
 10
286.15155431959363
 20
156.25669532352023
 10
286.09469400511847
 20
156.36144644684262
 10
285.9755945371257
 20
156.4925146020121
 10
285.8233653174506
 20
156.58487266964383
 10
285.7076076666514
 20
156.62080585956573
 10
285.5833265516493
 20
156.63333468967014
 10
285.45905662907495
 20
156.62080585956573
 10
285.3433073891534
 20
156.58487266964383
 10
285.23855957720014
 20
156.52801507049136
 10
285.1074921670887
 20
156.40892029636436
 10
285.01513216230603
 20
156.25669532352023
 10
284.9791975153817
 20
156.14093959331512
 10
284.9666680230035
 20
156.01665920681424
 10
284.9791975153817
 20
155.89237954881457
 10
285.01513216230603
 20
155.77662573920355
 10
285.07199121846094
 20
155.6718773312039
 10
285.1910864396228
 20
155.54081386990018
 10
285.3433073891534
 20
155.4484600490994
 10
285.45905662907495
 20
155.4125287797716
 10
285.5833265516493
 20
155.4000006781684
 10
285.7076076666514
 20
155.4125287797716
 10
285.8233653174506
 20
155.4484600490994
 10
285.9281191560957
 20
155.50531493292914
 10
286.05919200513097
 20
155.62440501319037
 10
286.15155431959363
 20
155.77662573920355
 10
286.1874894301097
 20
155.89237954881457
 10
286.20001898871527
 20
156.01665920681424
  0
LINE
  5
7BC
330
17
100
AcDbEntity
  8
DIGITALIZADO
100
AcDbLine
 10
288.20000542534723
 20
155.6333245171441
 30
0.0
 11
282.9666815863715
 21
155.6333245171441
 31
0.0
  0
LWPOLYLINE
  5
7BD
330
17
100
AcDbEntity
  8
DIGITALIZADO
100
AcDbPolyline
 90
29
 70
0
 10
398.8000149197049
 20
118.41666327582466
 10
398.7874868181017
 20
118.54094329807494
 10
398.75155554877387
 20
118.656698067983
 10
398.69470066494415
 20
118.76144783364403
 10
398.5756105846829
 20
118.89251364188063
 10
398.42338985866974
 20
118.98486958609688
 10
398.3076360490587
 20
119.02080181572173
 10
398.183356391059
 20
119.03333028157553
 10
398.0590767330594
 20
119.02080181572173
 10
397.94332292344836
 20
118.98486958609688
 10
397.83857451544867
 20
118.92801334460577
 10
397.70751105414496
 20
118.80892091741165
 10
397.6151572333442
 20
118.656698067983
 10
397.5792259640164
 20
118.54094329807494
 10
397.5666978624132
 20
118.41666327582466
 10
397.5792259640164
 20
118.29238325357437
 10
397.6151572333442
 20
118.17662848366632
 10
397.67201211717395
 20
118.0718787180053
 10
397.7911021974352
 20
117.9408129097687
 10
397.94332292344836
 20
117.84845696555244
 10
398.0590767330594
 20
117.81252473592758
 10
398.183356391059
 20
117.79999627007379
 10
398.3076360490587
 20
117.81252473592758
 10
398.42338985866974
 20
117.84845696555244
 10
398.5281382666694
 20
117.90531320704355
 10
398.6592017279731
 20
118.02440563423767
 10
398.75155554877387
 20
118.17662848366632
 10
398.7874868181017
 20
118.29238325357437
 10
398.8000149197049
 20
118.41666327582466
  0
LINE
  5
7BE
330
17
100
AcDbEntity
  8
DIGITALIZADO
100
AcDbLine
 10
385.8666653103299
 20
123.26666090223524
 30
0.0
 11
380.6333414713542
 21
123.26666090223524
 31
0.0
  0
LWPOLYLINE
  5
7BF
330
17
100
AcDbEntity
  8
DIGITALIZADO
100
AcDbPolyline
 90
29
 70
0
 10
383.86667887369794
 20
123.88332790798611
 10
383.8541493813197
 20
124.0076079302364
 10
383.8182147343954
 20
124.12336270014445
 10
383.7613556782405
 20
124.22811246580548
 10
383.64226045707863
 20
124.35917827404208
 10
383.49003950754803
 20
124.45153421825833
 10
383.37429026762646
 20
124.4874664478832
 10
383.2500203450521
 20
124.49999491373698
 10
383.12573923005
 20
124.4874664478832
 10
383.0099815792508
 20
124.45153421825833
 10
382.9052277406057
 20
124.39467797676723
 10
382.77415489157045
 20
124.27558554957311
 10
382.6817925771078
 20
124.12336270014445
 10
382.64585746659174
 20
124.0076079302364
 10
382.63332790798614
 20
123.88332790798611
 10
382.64585746659174
 20
123.75904788573584
 10
382.6817925771078
 20
123.64329311582777
 10
382.73865289158294
 20
123.53854335016675
 10
382.8577523595757
 20
123.40747754193015
 10
383.0099815792508
 20
123.3151215977139
 10
383.12573923005
 20
123.27918936808905
 10
383.2500203450521
 20
123.26666090223524
 10
383.37429026762646
 20
123.27918936808905
 10
383.49003950754803
 20
123.3151215977139
 10
383.5947873195013
 20
123.371977839205
 10
383.7258547296127
 20
123.49107026639912
 10
383.8182147343954
 20
123.64329311582777
 10
383.8541493813197
 20
123.75904788573584
 10
383.86667887369794
 20
123.88332790798611
  0
LINE
  5
7C0
330
17
100
AcDbEntity
  8
DIGITALIZADO
100
AcDbLine
 10
385.8666653103299
 20
123.49999321831598
 30
0.0
 11
380.6333414713542
 21
123.49999321831598
 31
0.0
  0
LINE
  5
7C1
330
17
100
AcDbEntity
  8
DIGITALIZADO
100
AcDbLine
 10
403.499993218316
 20
230.40000067816842
 30
0.0
 11
398.26666937934027
 21
230.40000067816842
 31
0.0
  0
LWPOLYLINE
  5
7C2
330
17
100
AcDbEntity
  8
DIGITALIZADO
100
AcDbPolyline
 90
29
 70
0
 10
401.500006781684
 20
231.01665920681424
 10
401.4874772893058
 20
231.14093959331512
 10
401.45154264238147
 20
231.25669532352023
 10
401.39468358622656
 20
231.36144644684262
 10
401.2755883650647
 20
231.4925146020121
 10
401.1233674155341
 20
231.58487266964383
 10
401.00761817561255
 20
231.62080585956573
 10
400.8833482530382
 20
231.63333468967014
 10
400.7590685950385
 20
231.62080585956573
 10
400.64331478542755
 20
231.58487266964383
 10
400.53856637742786
 20
231.52801507049136
 10
400.40750291612414
 20
231.40892029636436
 10
400.31514909532336
 20
231.25669532352023
 10
400.27921782599554
 20
231.14093959331512
 10
400.2666897243924
 20
231.01665920681424
 10
400.27921782599554
 20
230.89237954881457
 10
400.31514909532336
 20
230.77662573920358
 10
400.37200397915313
 20
230.6718773312039
 10
400.49109405941437
 20
230.54081386990018
 10
400.64331478542755
 20
230.4484600490994
 10
400.7590685950385
 20
230.4125287797716
 10
400.8833482530382
 20
230.40000067816842
 10
401.00761817561255
 20
230.4125287797716
 10
401.1233674155341
 20
230.4484600490994
 10
401.22811522748736
 20
230.50531493292917
 10
401.3591826375988
 20
230.6244050131904
 10
401.45154264238147
 20
230.77662573920358
 10
401.4874772893058
 20
230.89237954881457
 10
401.500006781684
 20
231.01665920681424
  0
LINE
  5
7C3
330
17
100
AcDbEntity
  8
DIGITALIZADO
100
AcDbLine
 10
403.499993218316
 20
230.66665649414062
 30
0.0
 11
398.26666937934027
 21
230.66665649414062
 31
0.0
  0
LINE
  5
7C4
330
17
100
AcDbEntity
  8
DIGITALIZADO
100
AcDbLine
 10
417.9666815863715
 20
281.16665310329864
 30
0.0
 11
414.26666259765625
 21
284.8666720920139
 31
0.0
  0
LWPOLYLINE
  5
7C5
330
17
100
AcDbEntity
  8
DIGITALIZADO
100
AcDbPolyline
 90
29
 70
0
 10
417.16668023003473
 20
283.44999525282117
 10
417.1541507376565
 20
283.5742700431082
 10
417.1182160907322
 20
283.6900215678745
 10
417.06135703457727
 20
283.7947696778509
 10
416.9422618134154
 20
283.9258351135585
 10
416.7900408638848
 20
284.0181920263502
 10
416.67429162396326
 20
284.0541249844763
 10
416.5500217013889
 20
284.06665378146704
 10
416.4257405863868
 20
284.0541249844763
 10
416.3099829355876
 20
284.0181920263502
 10
416.2052290969425
 20
283.96133505635794
 10
416.07415624790724
 20
283.8422424056464
 10
415.9817939334446
 20
283.6900215678745
 10
415.9458588229285
 20
283.5742700431082
 10
415.93332926432294
 20
283.44999525282117
 10
415.9458588229285
 20
283.325719734033
 10
415.9817939334446
 20
283.20996628867255
 10
416.03865424791974
 20
283.1052154633734
 10
416.1577537159125
 20
282.97414533380004
 10
416.3099829355876
 20
282.88178417417737
 10
416.4257405863868
 20
282.84584929545724
 10
416.5500217013889
 20
282.83331976996527
 10
416.67429162396326
 20
282.84584929545724
 10
416.7900408638848
 20
282.88178417417737
 10
416.8947886758381
 20
282.9386438594924
 10
417.0258560859495
 20
283.0577412040697
 10
417.1182160907322
 20
283.20996628867255
 10
417.1541507376565
 20
283.325719734033
 10
417.16668023003473
 20
283.44999525282117
  0
LINE
  5
7C6
330
17
100
AcDbEntity
  8
DIGITALIZADO
100
AcDbLine
 10
418.1666734483507
 20
281.33332994249133
 30
0.0
 11
414.433356391059
 21
285.0333319769965
 31
0.0
  0
LINE
  5
7C7
330
17
100
AcDbEntity
  8
DIGITALIZADO
100
AcDbLine
 10
406.5666707356771
 20
289.1666666666667
 30
0.0
 11
406.5666707356771
 21
294.3999905056424
 31
0.0
  0
LWPOLYLINE
  5
7C8
330
17
100
AcDbEntity
  8
DIGITALIZADO
100
AcDbPolyline
 90
29
 70
0
 10
407.7666897243924
 20
291.816643608941
 10
407.75416016578674
 20
291.9409247239431
 10
407.71822505527075
 20
292.0566823747423
 10
407.6613647407956
 20
292.1614362133874
 10
407.5422652728028
 20
292.29250906242265
 10
407.39003605312774
 20
292.3848713768853
 10
407.2742784023285
 20
292.42080648740136
 10
407.1499972873264
 20
292.43333604600696
 10
407.0257273647521
 20
292.42080648740136
 10
406.9099781248305
 20
292.3848713768853
 10
406.80523031287726
 20
292.32801106241016
 10
406.67416290276583
 20
292.2089115944174
 10
406.58180289798315
 20
292.0566823747423
 10
406.54586825105883
 20
291.9409247239431
 10
406.5333387586806
 20
291.816643608941
 10
406.54586825105883
 20
291.69237368636664
 10
406.58180289798315
 20
291.57662444644507
 10
406.63866195413806
 20
291.4718766344918
 10
406.7577571752999
 20
291.3408092243804
 10
406.9099781248305
 20
291.2484492195977
 10
407.0257273647521
 20
291.2125145726734
 10
407.1499972873264
 20
291.19998508029516
 10
407.2742784023285
 20
291.2125145726734
 10
407.39003605312774
 20
291.2484492195977
 10
407.4947898917728
 20
291.3053082757526
 10
407.6258627408081
 20
291.42440349691446
 10
407.71822505527075
 20
291.57662444644507
 10
407.75416016578674
 20
291.69237368636664
 10
407.7666897243924
 20
291.816643608941
  0
LINE
  5
7C9
330
17
100
AcDbEntity
  8
DIGITALIZADO
100
AcDbLine
 10
406.79999457465277
 20
289.1666666666667
 30
0.0
 11
406.79999457465277
 21
294.3999905056424
 31
0.0
  0
LINE
  5
7CA
330
17
100
AcDbEntity
  8
DIGITALIZADO
100
AcDbLine
 10
406.16668701171875
 20
291.433342827691
 30
0.0
 11
406.16668701171875
 21
296.6666666666667
 31
0.0
  0
LWPOLYLINE
  5
7CB
330
17
100
AcDbEntity
  8
DIGITALIZADO
100
AcDbPolyline
 90
29
 70
0
 10
407.3666720920139
 20
294.04998779296875
 10
407.3541425996357
 20
294.17426745096844
 10
407.31820795271136
 20
294.29002126057946
 10
407.26134889655646
 20
294.3947696685791
 10
407.1422536753946
 20
294.5258331298828
 10
406.990032725864
 20
294.6181869506836
 10
406.87428348594244
 20
294.6541182200114
 10
406.7500135633681
 20
294.6666463216146
 10
406.6257339053684
 20
294.6541182200114
 10
406.5099800957574
 20
294.6181869506836
 10
406.40523168775775
 20
294.5613320668539
 10
406.27416822645404
 20
294.44224198659265
 10
406.18181440565326
 20
294.29002126057946
 10
406.14588313632544
 20
294.17426745096844
 10
406.13335503472223
 20
294.04998779296875
 10
406.14588313632544
 20
293.9257178703944
 10
406.18181440565326
 20
293.80996863047284
 10
406.23866928948297
 20
293.7052208185196
 10
406.3577593697442
 20
293.57415340840816
 10
406.5099800957574
 20
293.4817934036255
 10
406.6257339053684
 20
293.44585875670117
 10
406.7500135633681
 20
293.43332926432294
 10
406.87428348594244
 20
293.44585875670117
 10
406.990032725864
 20
293.4817934036255
 10
407.09478053781726
 20
293.5386524597804
 10
407.2258479479287
 20
293.65774768094224
 10
407.31820795271136
 20
293.80996863047284
 10
407.3541425996357
 20
293.9257178703944
 10
407.3666720920139
 20
294.04998779296875
  0
LINE
  5
7CC
330
17
100
AcDbEntity
  8
DIGITALIZADO
100
AcDbLine
 10
406.40001085069446
 20
291.433342827691
 30
0.0
 11
406.40001085069446
 21
296.6666666666667
 31
0.0
  0
LINE
  5
7CD
330
17
100
AcDbEntity
  8
DIGITALIZADO
100
AcDbLine
 10
441.6999986436632
 20
152.06666734483508
 30
0.0
 11
441.6666666666667
 21
157.29999118381076
 31
0.0
  0
LWPOLYLINE
  5
7CE
330
17
100
AcDbEntity
  8
DIGITALIZADO
100
AcDbPolyline
 90
29
 70
0
 10
442.86668565538196
 20
154.71666124131946
 10
442.8541561630037
 20
154.84094162782034
 10
442.8182215160794
 20
154.95669735802545
 10
442.7613624599245
 20
155.06144848134784
 10
442.64226723876266
 20
155.19251663651733
 10
442.49004628923205
 20
155.28487470414905
 10
442.3742970493105
 20
155.32080789407095
 10
442.25002712673614
 20
155.33333672417535
 10
442.125746011734
 20
155.32080789407095
 10
442.0099883609348
 20
155.28487470414905
 10
441.90523452228973
 20
155.22801710499658
 10
441.77416167325447
 20
155.10892233086958
 10
441.6817993587918
 20
154.95669735802545
 10
441.64586424827576
 20
154.84094162782034
 10
441.63333468967016
 20
154.71666124131946
 10
441.64586424827576
 20
154.59238158331976
 10
441.6817993587918
 20
154.47662777370877
 10
441.73865967326697
 20
154.3718793657091
 10
441.85775914125975
 20
154.2408159044054
 10
442.0099883609348
 20
154.1484620836046
 10
442.125746011734
 20
154.1125308142768
 10
442.25002712673614
 20
154.10000271267361
 10
442.3742970493105
 20
154.1125308142768
 10
442.49004628923205
 20
154.1484620836046
 10
442.5947941011853
 20
154.20531696743436
 10
442.7258615112967
 20
154.3244070476956
 10
442.8182215160794
 20
154.47662777370877
 10
442.8541561630037
 20
154.59238158331976
 10
442.86668565538196
 20
154.71666124131946
  0
LINE
  5
7CF
330
17
100
AcDbEntity
  8
DIGITALIZADO
100
AcDbLine
 10
441.9333224826389
 20
152.06666734483508
 30
0.0
 11
441.9000244140625
 21
157.29999118381076
 31
0.0
  0
LWPOLYLINE
  5
7D0
330
17
100
AcDbEntity
  8
DIGITALIZADO
100
AcDbPolyline
 90
5
 70
0
 10
237.80002170138889
 20
294.9666680230035
 10
240.5333455403646
 20
294.9666680230035
 10
240.5333455403646
 20
293.1666734483507
 10
237.80002170138889
 20
293.1666734483507
 10
237.80002170138889
 20
294.9666680230035
  0
LINE
  5
7D1
330
17
100
AcDbEntity
  8
DIGITALIZADO
100
AcDbLine
 10
237.80002170138889
 20
294.36665852864587
 30
0.0
 11
240.5333455403646
 21
294.36665852864587
 31
0.0
  0
LINE
  5
7D2
330
17
100
AcDbEntity
  8
DIGITALIZADO
100
AcDbLine
 10
239.53335232204861
 20
294.36665852864587
 30
0.0
 11
239.53335232204861
 21
295.16665988498266
 31
0.0
  0
LINE
  5
7D3
330
17
100
AcDbEntity
  8
DIGITALIZADO
100
AcDbLine
 10
238.13334147135419
 20
293.1666734483507
 30
0.0
 11
238.13334147135419
 21
294.36665852864587
 31
0.0
  0
LINE
  5
7D4
330
17
100
AcDbEntity
  8
DIGITALIZADO
100
AcDbLine
 10
237.83335367838544
 20
293.1666734483507
 30
0.0
 11
237.83335367838544
 21
294.36665852864587
 31
0.0
  0
LINE
  5
7D5
330
17
100
AcDbEntity
  8
DIGITALIZADO
100
AcDbLine
 10
240.50001356336807
 20
293.1666734483507
 30
0.0
 11
240.50001356336807
 21
294.36665852864587
 31
0.0
  0
LINE
  5
7D6
330
17
100
AcDbEntity
  8
DIGITALIZADO
100
AcDbLine
 10
238.80001491970486
 20
294.36665852864587
 30
0.0
 11
238.80001491970486
 21
295.16665988498266
 31
0.0
  0
LINE
  5
7D7
330
17
100
AcDbEntity
  8
DIGITALIZADO
100
AcDbLine
 10
238.1666734483507
 20
293.1666734483507
 30
0.0
 11
238.1666734483507
 21
294.36665852864587
 31
0.0
  0
LINE
  5
7D8
330
17
100
AcDbEntity
  8
DIGITALIZADO
100
AcDbLine
 10
238.46666124131946
 20
293.1666734483507
 30
0.0
 11
238.46666124131946
 21
294.36665852864587
 31
0.0
  0
LINE
  5
7D9
330
17
100
AcDbEntity
  8
DIGITALIZADO
100
AcDbLine
 10
238.50002712673611
 20
293.1666734483507
 30
0.0
 11
238.50002712673611
 21
294.36665852864587
 31
0.0
  0
LINE
  5
7DA
330
17
100
AcDbEntity
  8
DIGITALIZADO
100
AcDbLine
 10
238.80001491970486
 20
293.1666734483507
 30
0.0
 11
238.80001491970486
 21
294.36665852864587
 31
0.0
  0
LINE
  5
7DB
330
17
100
AcDbEntity
  8
DIGITALIZADO
100
AcDbLine
 10
238.83334689670139
 20
293.1666734483507
 30
0.0
 11
238.83334689670139
 21
294.36665852864587
 31
0.0
  0
LINE
  5
7DC
330
17
100
AcDbEntity
  8
DIGITALIZADO
100
AcDbLine
 10
239.13333468967014
 20
293.1666734483507
 30
0.0
 11
239.13333468967014
 21
294.36665852864587
 31
0.0
  0
LINE
  5
7DD
330
17
100
AcDbEntity
  8
DIGITALIZADO
100
AcDbLine
 10
239.16666666666669
 20
293.1666734483507
 30
0.0
 11
239.16666666666669
 21
294.36665852864587
 31
0.0
  0
LINE
  5
7DE
330
17
100
AcDbEntity
  8
DIGITALIZADO
100
AcDbLine
 10
239.5000203450521
 20
293.1666734483507
 30
0.0
 11
239.5000203450521
 21
294.36665852864587
 31
0.0
  0
LINE
  5
7DF
330
17
100
AcDbEntity
  8
DIGITALIZADO
100
AcDbLine
 10
239.53335232204861
 20
293.1666734483507
 30
0.0
 11
239.53335232204861
 21
294.36665852864587
 31
0.0
  0
LINE
  5
7E0
330
17
100
AcDbEntity
  8
DIGITALIZADO
100
AcDbLine
 10
239.83334011501736
 20
293.1666734483507
 30
0.0
 11
239.83334011501736
 21
294.36665852864587
 31
0.0
  0
LINE
  5
7E1
330
17
100
AcDbEntity
  8
DIGITALIZADO
100
AcDbLine
 10
239.86667209201389
 20
293.1666734483507
 30
0.0
 11
239.86667209201389
 21
294.36665852864587
 31
0.0
  0
LINE
  5
7E2
330
17
100
AcDbEntity
  8
DIGITALIZADO
100
AcDbLine
 10
240.1666937934028
 20
293.1666734483507
 30
0.0
 11
240.1666937934028
 21
294.36665852864587
 31
0.0
  0
LINE
  5
7E3
330
17
100
AcDbEntity
  8
DIGITALIZADO
100
AcDbLine
 10
240.20002577039932
 20
293.1666734483507
 30
0.0
 11
240.20002577039932
 21
294.36665852864587
 31
0.0
  0
LWPOLYLINE
  5
7E4
330
17
100
AcDbEntity
  8
DIGITALIZADO
100
AcDbPolyline
 90
29
 70
0
 10
393.86667887369794
 20
69.14999643961589
 10
393.8541507720947
 20
69.27427646186617
 10
393.81821950276696
 20
69.39003123177423
 10
393.7613646189372
 20
69.49478099743526
 10
393.64227453867596
 20
69.62584680567186
 10
393.4900538126628
 20
69.7182027498881
 10
393.37430000305176
 20
69.75413497951295
 10
393.2500203450521
 20
69.76666344536676
 10
393.1257406870524
 20
69.75413497951295
 10
393.0099868774414
 20
69.7182027498881
 10
392.90523846944177
 20
69.661346508397
 10
392.77417500813806
 20
69.54225408120288
 10
392.6818211873373
 20
69.39003123177423
 10
392.64588991800946
 20
69.27427646186617
 10
392.63336181640625
 20
69.14999643961589
 10
392.64588991800946
 20
69.0257164173656
 10
392.6818211873373
 20
68.90996164745755
 10
392.738676071167
 20
68.80521188179652
 10
392.8577661514282
 20
68.67414607355992
 10
393.0099868774414
 20
68.58179012934367
 10
393.1257406870524
 20
68.54585789971881
 10
393.2500203450521
 20
68.53332943386502
 10
393.37430000305176
 20
68.54585789971881
 10
393.4900538126628
 20
68.58179012934367
 10
393.5948022206625
 20
68.63864637083478
 10
393.7258656819662
 20
68.7577387980289
 10
393.81821950276696
 20
68.90996164745755
 10
393.8541507720947
 20
69.0257164173656
 10
393.86667887369794
 20
69.14999643961589
  0
LINE
  5
7E5
330
17
100
AcDbEntity
  8
DIGITALIZADO
100
AcDbLine
 10
469.1999986436632
 20
340.53331163194446
 30
0.0
 11
469.1999986436632
 21
335.29998779296875
 31
0.0
  0
LWPOLYLINE
  5
7E6
330
17
100
AcDbEntity
  8
DIGITALIZADO
100
AcDbPolyline
 90
29
 70
0
 10
469.1999986436632
 20
337.9166666666667
 10
469.18747054206
 20
338.040936589241
 10
469.15153927273224
 20
338.1566858291626
 10
469.09468438890246
 20
338.26143364111584
 10
468.97559430864123
 20
338.39250105122727
 10
468.82337358262805
 20
338.48486105600995
 10
468.70761977301703
 20
338.52079570293427
 10
468.5833401150174
 20
338.5333251953125
 10
468.45905900001526
 20
338.52079570293427
 10
468.34330134921606
 20
338.48486105600995
 10
468.238547510571
 20
338.42800199985504
 10
468.1074746615357
 20
338.3089067786932
 10
468.01511234707306
 20
338.1566858291626
 10
467.979177236557
 20
338.040936589241
 10
467.9666476779514
 20
337.9166666666667
 10
467.979177236557
 20
337.792387008667
 10
468.01511234707306
 20
337.676633199056
 10
468.0719726615482
 20
337.57188479105633
 10
468.191072129541
 20
337.4408213297526
 10
468.34330134921606
 20
337.34846750895184
 10
468.45905900001526
 20
337.312536239624
 10
468.5833401150174
 20
337.30000813802087
 10
468.70761977301703
 20
337.312536239624
 10
468.82337358262805
 20
337.34846750895184
 10
468.92812199062774
 20
337.4053223927816
 10
469.05918545193146
 20
337.52441247304284
 10
469.15153927273224
 20
337.676633199056
 10
469.18747054206
 20
337.792387008667
 10
469.1999986436632
 20
337.9166666666667
  0
LINE
  5
7E7
330
17
100
AcDbEntity
  8
DIGITALIZADO
100
AcDbLine
 10
468.9666748046875
 20
340.53331163194446
 30
0.0
 11
468.9666748046875
 21
335.29998779296875
 31
0.0
  0
LINE
  5
7E8
330
17
100
AcDbEntity
  8
DIGITALIZADO
100
AcDbLine
 10
435.4666815863715
 20
339.93333604600696
 30
0.0
 11
435.4666815863715
 21
334.69997829861114
 31
0.0
  0
LWPOLYLINE
  5
7E9
330
17
100
AcDbEntity
  8
DIGITALIZADO
100
AcDbPolyline
 90
29
 70
0
 10
435.4666815863715
 20
337.34998914930554
 10
435.4541520939933
 20
337.47426880730524
 10
435.41821744706897
 20
337.59002261691626
 10
435.36135839091406
 20
337.6947710249159
 10
435.2422631697522
 20
337.8258344862196
 10
435.0900422202216
 20
337.9181883070204
 10
434.97429298030005
 20
337.9541195763482
 10
434.8500230577257
 20
337.9666476779514
 10
434.72574194272363
 20
337.9541195763482
 10
434.6099842919244
 20
337.9181883070204
 10
434.5052304532793
 20
337.8613334231907
 10
434.37415760424403
 20
337.74224334292944
 10
434.28179528978137
 20
337.59002261691626
 10
434.2458601792654
 20
337.47426880730524
 10
434.23333062065973
 20
337.34998914930554
 10
434.2458601792654
 20
337.2257192267312
 10
434.28179528978137
 20
337.10996998680963
 10
434.33865560425653
 20
337.0052221748564
 10
434.4577550722493
 20
336.87415476474496
 10
434.6099842919244
 20
336.7817947599623
 10
434.72574194272363
 20
336.74586011303796
 10
434.8500230577257
 20
336.73333062065973
 10
434.97429298030005
 20
336.74586011303796
 10
435.0900422202216
 20
336.7817947599623
 10
435.19479003217486
 20
336.8386538161172
 10
435.3258574422863
 20
336.95774903727903
 10
435.41821744706897
 20
337.10996998680963
 10
435.4541520939933
 20
337.2257192267312
 10
435.4666815863715
 20
337.34998914930554
  0
LINE
  5
7EA
330
17
100
AcDbEntity
  8
DIGITALIZADO
100
AcDbLine
 10
435.2333238389757
 20
339.93333604600696
 30
0.0
 11
435.2333238389757
 21
334.69997829861114
 31
0.0
  0
LINE
  5
7EB
330
17
100
AcDbEntity
  8
DIGITALIZADO
100
AcDbLine
 10
413.63335503472223
 20
338.20000542534723
 30
0.0
 11
413.63335503472223
 21
332.9666476779514
 31
0.0
  0
LWPOLYLINE
  5
7EC
330
17
100
AcDbEntity
  8
DIGITALIZADO
100
AcDbPolyline
 90
29
 70
0
 10
413.63335503472223
 20
335.5833265516493
 10
413.62082547611664
 20
335.7075964742237
 10
413.5848903656006
 20
335.82334571414526
 10
413.5280300511254
 20
335.92809352609845
 10
413.40893058313264
 20
336.0591609362099
 10
413.2567013634576
 20
336.15152094099255
 10
413.1409437126584
 20
336.18745558791693
 10
413.01666259765625
 20
336.19998508029516
 10
412.8923926750819
 20
336.18745558791693
 10
412.77664343516034
 20
336.15152094099255
 10
412.6718956232071
 20
336.0946618848377
 10
412.54082821309566
 20
335.97556666367586
 10
412.448468208313
 20
335.82334571414526
 10
412.41253356138867
 20
335.7075964742237
 10
412.40000406901044
 20
335.5833265516493
 10
412.41253356138867
 20
335.45904689364966
 10
412.448468208313
 20
335.34329308403863
 10
412.5053272644679
 20
335.23854467603894
 10
412.62442248562974
 20
335.10748121473523
 10
412.77664343516034
 20
335.01512739393445
 10
412.8923926750819
 20
334.9791961246067
 10
413.01666259765625
 20
334.9666680230035
 10
413.1409437126584
 20
334.9791961246067
 10
413.2567013634576
 20
335.01512739393445
 10
413.36145520210266
 20
335.0719822777642
 10
413.4925280511379
 20
335.19107235802545
 10
413.5848903656006
 20
335.34329308403863
 10
413.62082547611664
 20
335.45904689364966
 10
413.63335503472223
 20
335.5833265516493
  0
LINE
  5
7ED
330
17
100
AcDbEntity
  8
DIGITALIZADO
100
AcDbLine
 10
413.3999972873264
 20
338.20000542534723
 30
0.0
 11
413.3999972873264
 21
332.9666476779514
 31
0.0
  0
LINE
  5
7EE
330
17
100
AcDbEntity
  8
DIGITALIZADO
100
AcDbLine
 10
144.20003255208334
 20
204.39999050564236
 30
0.0
 11
146.56670464409723
 21
204.39999050564236
 31
0.0
  0
LINE
  5
7EF
330
17
100
AcDbEntity
  8
DIGITALIZADO
100
AcDbLine
 10
145.53337944878473
 20
204.39999050564236
 30
0.0
 11
145.53337944878473
 21
205.19999186197919
 31
0.0
  0
LINE
  5
7F0
330
17
100
AcDbEntity
  8
DIGITALIZADO
100
AcDbLine
 10
146.53333875868057
 20
203.19998847113717
 30
0.0
 11
146.53333875868057
 21
204.39999050564236
 31
0.0
  0
LINE
  5
7F1
330
17
100
AcDbEntity
  8
DIGITALIZADO
100
AcDbLine
 10
144.8333740234375
 20
204.39999050564236
 30
0.0
 11
144.8333740234375
 21
205.19999186197919
 31
0.0
  0
LINE
  5
7F2
330
17
100
AcDbEntity
  8
DIGITALIZADO
100
AcDbLine
 10
144.49998643663196
 20
203.19998847113717
 30
0.0
 11
144.49998643663196
 21
204.39999050564236
 31
0.0
  0
LINE
  5
7F3
330
17
100
AcDbEntity
  8
DIGITALIZADO
100
AcDbLine
 10
144.53335232204861
 20
203.19998847113717
 30
0.0
 11
144.53335232204861
 21
204.39999050564236
 31
0.0
  0
LINE
  5
7F4
330
17
100
AcDbEntity
  8
DIGITALIZADO
100
AcDbLine
 10
144.8333740234375
 20
203.19998847113717
 30
0.0
 11
144.8333740234375
 21
204.39999050564236
 31
0.0
  0
LINE
  5
7F5
330
17
100
AcDbEntity
  8
DIGITALIZADO
100
AcDbLine
 10
144.86667209201389
 20
203.19998847113717
 30
0.0
 11
144.86667209201389
 21
204.39999050564236
 31
0.0
  0
LINE
  5
7F6
330
17
100
AcDbEntity
  8
DIGITALIZADO
100
AcDbLine
 10
145.16669379340277
 20
203.19998847113717
 30
0.0
 11
145.16669379340277
 21
204.39999050564236
 31
0.0
  0
LINE
  5
7F7
330
17
100
AcDbEntity
  8
DIGITALIZADO
100
AcDbLine
 10
145.19999186197919
 20
203.19998847113717
 30
0.0
 11
145.19999186197919
 21
204.39999050564236
 31
0.0
  0
LINE
  5
7F8
330
17
100
AcDbEntity
  8
DIGITALIZADO
100
AcDbLine
 10
145.50001356336807
 20
203.19998847113717
 30
0.0
 11
145.50001356336807
 21
204.39999050564236
 31
0.0
  0
LINE
  5
7F9
330
17
100
AcDbEntity
  8
DIGITALIZADO
100
AcDbLine
 10
145.53337944878473
 20
203.19998847113717
 30
0.0
 11
145.53337944878473
 21
204.39999050564236
 31
0.0
  0
LINE
  5
7FA
330
17
100
AcDbEntity
  8
DIGITALIZADO
100
AcDbLine
 10
145.86669921875
 20
203.19998847113717
 30
0.0
 11
145.86669921875
 21
204.39999050564236
 31
0.0
  0
LINE
  5
7FB
330
17
100
AcDbEntity
  8
DIGITALIZADO
100
AcDbLine
 10
145.89999728732639
 20
203.19998847113717
 30
0.0
 11
145.89999728732639
 21
204.39999050564236
 31
0.0
  0
LINE
  5
7FC
330
17
100
AcDbEntity
  8
DIGITALIZADO
100
AcDbLine
 10
146.20001898871527
 20
203.19998847113717
 30
0.0
 11
146.20001898871527
 21
204.39999050564236
 31
0.0
  0
LINE
  5
7FD
330
17
100
AcDbEntity
  8
DIGITALIZADO
100
AcDbLine
 10
146.23331705729169
 20
203.19998847113717
 30
0.0
 11
146.23331705729169
 21
204.39999050564236
 31
0.0
  0
LWPOLYLINE
  5
7FE
330
17
100
AcDbEntity
  8
DIGITALIZADO
100
AcDbPolyline
 90
5
 70
0
 10
314.80000813802087
 20
369.80000813802087
 10
314.80000813802087
 20
372.5333319769965
 10
316.5666707356771
 20
372.5333319769965
 10
316.5666707356771
 20
369.80000813802087
 10
314.80000813802087
 20
369.80000813802087
  0
LINE
  5
7FF
330
17
100
AcDbEntity
  8
DIGITALIZADO
100
AcDbLine
 10
315.36668565538196
 20
369.80000813802087
 30
0.0
 11
315.36668565538196
 21
372.5333319769965
 31
0.0
  0
LINE
  5
800
330
17
100
AcDbEntity
  8
DIGITALIZADO
100
AcDbLine
 10
315.36668565538196
 20
371.5333387586806
 30
0.0
 11
314.56668429904516
 21
371.5333387586806
 31
0.0
  0
LINE
  5
801
330
17
100
AcDbEntity
  8
DIGITALIZADO
100
AcDbLine
 10
316.5666707356771
 20
370.13332790798614
 30
0.0
 11
315.36668565538196
 21
370.13332790798614
 31
0.0
  0
LINE
  5
802
330
17
100
AcDbEntity
  8
DIGITALIZADO
100
AcDbLine
 10
316.5666707356771
 20
369.8333401150174
 30
0.0
 11
315.36668565538196
 21
369.8333401150174
 31
0.0
  0
LINE
  5
803
330
17
100
AcDbEntity
  8
DIGITALIZADO
100
AcDbLine
 10
316.5666707356771
 20
372.5333319769965
 30
0.0
 11
315.36668565538196
 21
372.5333319769965
 31
0.0
  0
LINE
  5
804
330
17
100
AcDbEntity
  8
DIGITALIZADO
100
AcDbLine
 10
315.36668565538196
 20
370.83333333333337
 30
0.0
 11
314.56668429904516
 21
370.83333333333337
 31
0.0
  0
LINE
  5
805
330
17
100
AcDbEntity
  8
DIGITALIZADO
100
AcDbLine
 10
316.5666707356771
 20
370.16665988498266
 30
0.0
 11
315.36668565538196
 21
370.16665988498266
 31
0.0
  0
LINE
  5
806
330
17
100
AcDbEntity
  8
DIGITALIZADO
100
AcDbLine
 10
316.5666707356771
 20
370.4666476779514
 30
0.0
 11
315.36668565538196
 21
370.4666476779514
 31
0.0
  0
LINE
  5
807
330
17
100
AcDbEntity
  8
DIGITALIZADO
100
AcDbLine
 10
316.5666707356771
 20
370.49997965494794
 30
0.0
 11
315.36668565538196
 21
370.49997965494794
 31
0.0
  0
LINE
  5
808
330
17
100
AcDbEntity
  8
DIGITALIZADO
100
AcDbLine
 10
316.5666707356771
 20
370.83333333333337
 30
0.0
 11
315.36668565538196
 21
370.83333333333337
 31
0.0
  0
LINE
  5
809
330
17
100
AcDbEntity
  8
DIGITALIZADO
100
AcDbLine
 10
316.5666707356771
 20
370.8666653103299
 30
0.0
 11
315.36668565538196
 21
370.8666653103299
 31
0.0
  0
LINE
  5
80A
330
17
100
AcDbEntity
  8
DIGITALIZADO
100
AcDbLine
 10
316.5666707356771
 20
371.16665310329864
 30
0.0
 11
315.36668565538196
 21
371.16665310329864
 31
0.0
  0
LINE
  5
80B
330
17
100
AcDbEntity
  8
DIGITALIZADO
100
AcDbLine
 10
316.5666707356771
 20
371.19998508029516
 30
0.0
 11
315.36668565538196
 21
371.19998508029516
 31
0.0
  0
LINE
  5
80C
330
17
100
AcDbEntity
  8
DIGITALIZADO
100
AcDbLine
 10
316.5666707356771
 20
371.500006781684
 30
0.0
 11
315.36668565538196
 21
371.500006781684
 31
0.0
  0
LINE
  5
80D
330
17
100
AcDbEntity
  8
DIGITALIZADO
100
AcDbLine
 10
316.5666707356771
 20
371.5333387586806
 30
0.0
 11
315.36668565538196
 21
371.5333387586806
 31
0.0
  0
LWPOLYLINE
  5
80E
330
17
100
AcDbEntity
  8
DIGITALIZADO
100
AcDbPolyline
 90
3
 70
0
 10
316.5666707356771
 20
371.86665852864587
 10
315.36668565538196
 20
371.86665852864587
 10
316.5666707356771
 20
371.86665852864587
  0
LINE
  5
80F
330
17
100
AcDbEntity
  8
DIGITALIZADO
100
AcDbLine
 10
316.5666707356771
 20
372.19997829861114
 30
0.0
 11
315.36668565538196
 21
372.19997829861114
 31
0.0
  0
LINE
  5
810
330
17
100
AcDbEntity
  8
DIGITALIZADO
100
AcDbLine
 10
316.5666707356771
 20
372.23331027560766
 30
0.0
 11
315.36668565538196
 21
372.23331027560766
 31
0.0
  0
LWPOLYLINE
  5
811
330
17
100
AcDbEntity
  8
DIGITALIZADO
100
AcDbPolyline
 90
4
 70
0
 10
479.9666680230035
 20
432.9666476779514
 10
482.20001220703125
 20
432.9666476779514
 10
479.9666680230035
 20
432.9666476779514
 10
482.26667616102435
 20
432.9666476779514
  0
LWPOLYLINE
  5
812
330
17
100
AcDbEntity
  8
DIGITALIZADO
100
AcDbPolyline
 90
4
 70
0
 10
482.26667616102435
 20
432.9666476779514
 10
479.9666680230035
 20
432.9666476779514
 10
482.30000813802087
 20
432.89998372395837
 10
479.9666680230035
 20
432.89998372395837
  0
LWPOLYLINE
  5
813
330
17
100
AcDbEntity
  8
DIGITALIZADO
100
AcDbPolyline
 90
4
 70
0
 10
482.30000813802087
 20
432.89998372395837
 10
479.9666680230035
 20
432.89998372395837
 10
482.30000813802087
 20
432.79998779296875
 10
479.9666680230035
 20
432.79998779296875
  0
LWPOLYLINE
  5
814
330
17
100
AcDbEntity
  8
DIGITALIZADO
100
AcDbPolyline
 90
7
 70
0
 10
482.30000813802087
 20
432.79998779296875
 10
479.9666680230035
 20
432.79998779296875
 10
482.30000813802087
 20
431.79999457465277
 10
482.30000813802087
 20
432.79998779296875
 10
482.30000813802087
 20
431.79999457465277
 10
479.9666680230035
 20
431.79999457465277
 10
479.9666680230035
 20
432.79998779296875
  0
LWPOLYLINE
  5
815
330
17
100
AcDbEntity
  8
DIGITALIZADO
100
AcDbPolyline
 90
4
 70
0
 10
482.30000813802087
 20
431.79999457465277
 10
479.9666680230035
 20
431.79999457465277
 10
482.30000813802087
 20
431.73333062065973
 10
479.9666680230035
 20
431.73333062065973
  0
LWPOLYLINE
  5
816
330
17
100
AcDbEntity
  8
DIGITALIZADO
100
AcDbPolyline
 90
4
 70
0
 10
482.30000813802087
 20
431.73333062065973
 10
479.9666680230035
 20
431.73333062065973
 10
482.30000813802087
 20
431.63333468967016
 10
480.0
 20
431.63333468967016
  0
LWPOLYLINE
  5
817
330
17
100
AcDbEntity
  8
DIGITALIZADO
100
AcDbPolyline
 90
4
 70
0
 10
482.30000813802087
 20
431.63333468967016
 10
480.0
 20
431.63333468967016
 10
482.30000813802087
 20
431.5666707356771
 10
480.0333319769965
 20
431.5666707356771
  0
LWPOLYLINE
  5
818
330
17
100
AcDbEntity
  8
DIGITALIZADO
100
AcDbPolyline
 90
4
 70
0
 10
482.30000813802087
 20
431.5666707356771
 10
480.0333319769965
 20
431.5666707356771
 10
482.30000813802087
 20
431.500006781684
 10
480.10002983940973
 20
431.500006781684
  0
LWPOLYLINE
  5
819
330
17
100
AcDbEntity
  8
DIGITALIZADO
100
AcDbPolyline
 90
4
 70
0
 10
482.30000813802087
 20
431.500006781684
 10
480.10002983940973
 20
431.500006781684
 10
482.30000813802087
 20
431.43330891927087
 10
480.13332790798614
 20
431.43330891927087
  0
LWPOLYLINE
  5
81A
330
17
100
AcDbEntity
  8
DIGITALIZADO
100
AcDbPolyline
 90
5
 70
0
 10
482.30000813802087
 20
431.43330891927087
 10
480.13332790798614
 20
431.43330891927087
 10
482.30000813802087
 20
431.36664496527777
 10
480.23335774739587
 20
431.36664496527777
 10
480.13332790798614
 20
431.43330891927087
  0
LWPOLYLINE
  5
81B
330
17
100
AcDbEntity
  8
DIGITALIZADO
100
AcDbPolyline
 90
5
 70
0
 10
482.30000813802087
 20
431.36664496527777
 10
480.23335774739587
 20
431.36664496527777
 10
482.30000813802087
 20
431.33331298828125
 10
480.3000217013889
 20
431.33331298828125
 10
482.30000813802087
 20
431.33331298828125
  0
LWPOLYLINE
  5
81C
330
17
100
AcDbEntity
  8
DIGITALIZADO
100
AcDbPolyline
 90
3
 70
0
 10
480.3000217013889
 20
431.33331298828125
 10
482.30000813802087
 20
431.33331298828125
 10
480.3000217013889
 20
431.33331298828125
  0
LWPOLYLINE
  5
81D
330
17
100
AcDbEntity
  8
DIGITALIZADO
100
AcDbPolyline
 90
4
 70
0
 10
482.30000813802087
 20
431.33331298828125
 10
480.36668565538196
 20
431.33331298828125
 10
482.30000813802087
 20
431.29998101128473
 10
480.4666476779514
 20
431.29998101128473
  0
LINE
  5
81E
330
17
100
AcDbEntity
  8
DIGITALIZADO
100
AcDbLine
 10
479.9666680230035
 20
432.9666476779514
 30
0.0
 11
479.9666680230035
 21
431.79999457465277
 31
0.0
  0
LWPOLYLINE
  5
81F
330
17
100
AcDbEntity
  8
DIGITALIZADO
100
AcDbPolyline
 90
7
 70
0
 10
479.93333604600696
 20
431.816643608941
 10
479.94383301999835
 20
431.7125196589364
 10
479.99569554295806
 20
431.5703739805354
 10
480.0846650865343
 20
431.4513100518121
 10
480.20372901525764
 20
431.36234050823583
 10
480.34587469365863
 20
431.3104779852761
 10
480.4499986436632
 20
431.29998101128473
  0
LWPOLYLINE
  5
820
330
17
100
AcDbEntity
  8
DIGITALIZADO
100
AcDbPolyline
 90
3
 70
0
 10
480.4666476779514
 20
431.29998101128473
 10
482.30000813802087
 20
431.29998101128473
 10
482.30000813802087
 20
432.79998779296875
  0
LWPOLYLINE
  5
821
330
17
100
AcDbEntity
  8
DIGITALIZADO
100
AcDbPolyline
 90
7
 70
0
 10
480.4666476779514
 20
431.4666408962674
 10
481.79999457465277
 20
431.4666408962674
 10
480.4666476779514
 20
432.9666476779514
 10
480.4666476779514
 20
431.4666408962674
 10
480.4666476779514
 20
432.9666476779514
 10
481.79999457465277
 20
432.9666476779514
 10
481.79999457465277
 20
431.4666408962674
  0
LINE
  5
822
330
17
100
AcDbEntity
  8
DIGITALIZADO
100
AcDbLine
 10
384.0666707356771
 20
104.86666361490886
 30
0.0
 11
384.0666707356771
 21
100.20000033908421
 31
0.0
  0
LINE
  5
823
330
17
100
AcDbEntity
  8
DIGITALIZADO
100
AcDbLine
 10
384.4000244140625
 20
104.86666361490886
 30
0.0
 11
384.4000244140625
 21
100.20000033908421
 31
0.0
  0
LINE
  5
824
330
17
100
AcDbEntity
  8
DIGITALIZADO
100
AcDbLine
 10
384.56668429904516
 20
104.86666361490886
 30
0.0
 11
384.56668429904516
 21
100.20000033908421
 31
0.0
  0
LINE
  5
825
330
17
100
AcDbEntity
  8
DIGITALIZADO
100
AcDbLine
 10
384.90000406901044
 20
104.86666361490886
 30
0.0
 11
384.90000406901044
 21
100.20000033908421
 31
0.0
  0
LINE
  5
826
330
17
100
AcDbEntity
  8
DIGITALIZADO
100
AcDbLine
 10
385.0666639539931
 20
104.86666361490886
 30
0.0
 11
385.0666639539931
 21
100.20000033908421
 31
0.0
  0
LINE
  5
827
330
17
100
AcDbEntity
  8
DIGITALIZADO
100
AcDbLine
 10
385.4000176323785
 20
104.86666361490886
 30
0.0
 11
385.4000176323785
 21
100.20000033908421
 31
0.0
  0
LINE
  5
828
330
17
100
AcDbEntity
  8
DIGITALIZADO
100
AcDbLine
 10
385.56667751736114
 20
104.86666361490886
 30
0.0
 11
385.56667751736114
 21
100.20000033908421
 31
0.0
  0
LWPOLYLINE
  5
829
330
17
100
AcDbEntity
  8
DIGITALIZADO
100
AcDbPolyline
 90
4
 70
0
 10
383.9666748046875
 20
100.03333197699654
 10
385.96666124131946
 20
100.03333197699654
 10
385.96666124131946
 20
105.03333197699654
 10
383.9666748046875
 20
105.03333197699654
  0
LINE
  5
82A
330
17
100
AcDbEntity
  8
DIGITALIZADO
100
AcDbLine
 10
385.80000135633685
 20
105.03333197699654
 30
0.0
 11
385.80000135633685
 21
100.03333197699654
 31
0.0
  0
LINE
  5
82B
330
17
100
AcDbEntity
  8
DIGITALIZADO
100
AcDbLine
 10
385.80000135633685
 20
104.86666361490886
 30
0.0
 11
383.9666748046875
 21
104.86666361490886
 31
0.0
  0
LINE
  5
82C
330
17
100
AcDbEntity
  8
DIGITALIZADO
100
AcDbLine
 10
385.80000135633685
 20
100.20000033908421
 30
0.0
 11
383.9666748046875
 21
100.20000033908421
 31
0.0
  0
LWPOLYLINE
  5
82D
330
17
100
AcDbEntity
  8
DIGITALIZADO
100
AcDbPolyline
 90
7
 70
0
 10
385.56667751736114
 20
100.20000033908421
 10
385.56667751736114
 20
104.86666361490886
 10
385.4000176323785
 20
100.20000033908421
 10
385.56667751736114
 20
100.20000033908421
 10
385.4000176323785
 20
100.20000033908421
 10
385.4000176323785
 20
104.86666361490886
 10
385.56667751736114
 20
104.86666361490886
  0
LWPOLYLINE
  5
82E
330
17
100
AcDbEntity
  8
DIGITALIZADO
100
AcDbPolyline
 90
7
 70
0
 10
385.0666639539931
 20
100.20000033908421
 10
385.0666639539931
 20
104.86666361490886
 10
384.90000406901044
 20
100.20000033908421
 10
385.0666639539931
 20
100.20000033908421
 10
384.90000406901044
 20
100.20000033908421
 10
384.90000406901044
 20
104.86666361490886
 10
385.0666639539931
 20
104.86666361490886
  0
LWPOLYLINE
  5
82F
330
17
100
AcDbEntity
  8
DIGITALIZADO
100
AcDbPolyline
 90
7
 70
0
 10
384.56668429904516
 20
100.20000033908421
 10
384.56668429904516
 20
104.86666361490886
 10
384.4000244140625
 20
100.20000033908421
 10
384.56668429904516
 20
100.20000033908421
 10
384.4000244140625
 20
100.20000033908421
 10
384.4000244140625
 20
104.86666361490886
 10
384.56668429904516
 20
104.86666361490886
  0
LINE
  5
830
330
17
100
AcDbEntity
  8
DIGITALIZADO
100
AcDbLine
 10
384.13333468967016
 20
116.06666564941406
 30
0.0
 11
384.13333468967016
 21
111.39999389648438
 31
0.0
  0
LINE
  5
831
330
17
100
AcDbEntity
  8
DIGITALIZADO
100
AcDbLine
 10
384.4666883680556
 20
116.06666564941406
 30
0.0
 11
384.4666883680556
 21
111.39999389648438
 31
0.0
  0
LINE
  5
832
330
17
100
AcDbEntity
  8
DIGITALIZADO
100
AcDbLine
 10
384.6333482530382
 20
116.06666564941406
 30
0.0
 11
384.6333482530382
 21
111.39999389648438
 31
0.0
  0
LINE
  5
833
330
17
100
AcDbEntity
  8
DIGITALIZADO
100
AcDbLine
 10
384.9666680230035
 20
116.06666564941406
 30
0.0
 11
384.9666680230035
 21
111.39999389648438
 31
0.0
  0
LINE
  5
834
330
17
100
AcDbEntity
  8
DIGITALIZADO
100
AcDbLine
 10
385.13332790798614
 20
116.06666564941406
 30
0.0
 11
385.13332790798614
 21
111.39999389648438
 31
0.0
  0
LINE
  5
835
330
17
100
AcDbEntity
  8
DIGITALIZADO
100
AcDbLine
 10
385.4666815863715
 20
116.06666564941406
 30
0.0
 11
385.4666815863715
 21
111.39999389648438
 31
0.0
  0
LINE
  5
836
330
17
100
AcDbEntity
  8
DIGITALIZADO
100
AcDbLine
 10
385.6333414713542
 20
116.06666564941406
 30
0.0
 11
385.6333414713542
 21
111.39999389648438
 31
0.0
  0
LWPOLYLINE
  5
837
330
17
100
AcDbEntity
  8
DIGITALIZADO
100
AcDbPolyline
 90
4
 70
0
 10
384.0666707356771
 20
111.23333401150174
 10
386.0666910807292
 20
111.23333401150174
 10
386.0666910807292
 20
116.23333401150174
 10
384.0666707356771
 20
116.23333401150174
  0
LINE
  5
838
330
17
100
AcDbEntity
  8
DIGITALIZADO
100
AcDbLine
 10
385.8999972873264
 20
116.23333401150174
 30
0.0
 11
385.8999972873264
 21
111.23333401150174
 31
0.0
  0
LINE
  5
839
330
17
100
AcDbEntity
  8
DIGITALIZADO
100
AcDbLine
 10
385.8999972873264
 20
116.06666564941406
 30
0.0
 11
384.0666707356771
 21
116.06666564941406
 31
0.0
  0
LINE
  5
83A
330
17
100
AcDbEntity
  8
DIGITALIZADO
100
AcDbLine
 10
385.8999972873264
 20
111.39999389648438
 30
0.0
 11
384.0666707356771
 21
111.39999389648438
 31
0.0
  0
LWPOLYLINE
  5
83B
330
17
100
AcDbEntity
  8
DIGITALIZADO
100
AcDbPolyline
 90
7
 70
0
 10
385.6333414713542
 20
111.39999389648438
 10
385.6333414713542
 20
116.06666564941406
 10
385.4666815863715
 20
111.39999389648438
 10
385.6333414713542
 20
111.39999389648438
 10
385.4666815863715
 20
111.39999389648438
 10
385.4666815863715
 20
116.06666564941406
 10
385.6333414713542
 20
116.06666564941406
  0
LWPOLYLINE
  5
83C
330
17
100
AcDbEntity
  8
DIGITALIZADO
100
AcDbPolyline
 90
7
 70
0
 10
385.13332790798614
 20
111.39999389648438
 10
385.13332790798614
 20
116.06666564941406
 10
384.9666680230035
 20
111.39999389648438
 10
385.13332790798614
 20
111.39999389648438
 10
384.9666680230035
 20
111.39999389648438
 10
384.9666680230035
 20
116.06666564941406
 10
385.13332790798614
 20
116.06666564941406
  0
LWPOLYLINE
  5
83D
330
17
100
AcDbEntity
  8
DIGITALIZADO
100
AcDbPolyline
 90
7
 70
0
 10
384.6333482530382
 20
111.39999389648438
 10
384.6333482530382
 20
116.06666564941406
 10
384.4666883680556
 20
111.39999389648438
 10
384.6333482530382
 20
111.39999389648438
 10
384.4666883680556
 20
111.39999389648438
 10
384.4666883680556
 20
116.06666564941406
 10
384.6333482530382
 20
116.06666564941406
  0
LWPOLYLINE
  5
83E
330
17
100
AcDbEntity
  8
DIGITALIZADO
100
AcDbPolyline
 90
4
 70
0
 10
334.10000271267364
 20
93.26666090223524
 10
336.60000271267364
 20
92.86666870117188
 10
334.10000271267364
 20
92.43332756890192
 10
334.10000271267364
 20
93.26666090223524
  0
LWPOLYLINE
  5
83F
330
17
100
AcDbEntity
  8
DIGITALIZADO
100
AcDbPolyline
 90
3
 70
0
 10
334.10000271267364
 20
92.86666870117188
 10
302.63332790798614
 20
92.83332824707031
 10
301.63333468967016
 20
92.83332824707031
  0
LWPOLYLINE
  5
840
330
17
100
AcDbEntity
  8
DIGITALIZADO
100
AcDbPolyline
 90
4
 70
0
 10
216.26668294270834
 20
334.63331434461804
 10
215.86666531032986
 20
332.13331434461804
 10
215.433349609375
 20
334.63331434461804
 10
216.26668294270834
 20
334.63331434461804
  0
LWPOLYLINE
  5
841
330
17
100
AcDbEntity
  8
DIGITALIZADO
100
AcDbPolyline
 90
3
 70
0
 10
215.86666531032986
 20
334.63331434461804
 10
215.86666531032986
 20
345.0333319769965
 10
215.86666531032986
 20
346.0333251953125
  0
LWPOLYLINE
  5
842
330
17
100
AcDbEntity
  8
DIGITALIZADO
100
AcDbPolyline
 90
4
 70
0
 10
442.66669379340277
 20
335.8000013563368
 10
442.26667616102435
 20
333.3000013563368
 10
441.83336046006946
 20
335.8000013563368
 10
442.66669379340277
 20
335.8000013563368
  0
LWPOLYLINE
  5
843
330
17
100
AcDbEntity
  8
DIGITALIZADO
100
AcDbPolyline
 90
3
 70
0
 10
442.26667616102435
 20
335.8000013563368
 10
442.26667616102435
 20
351.73333062065973
 10
442.26667616102435
 20
352.7333238389757
  0
LWPOLYLINE
  5
844
330
17
100
AcDbEntity
  8
DIGITALIZADO
100
AcDbPolyline
 90
4
 70
0
 10
183.10000949435764
 20
321.60000271267364
 10
182.70002577039932
 20
319.10000271267364
 10
182.26667616102432
 20
321.60000271267364
 10
183.10000949435764
 20
321.60000271267364
  0
LWPOLYLINE
  5
845
330
17
100
AcDbEntity
  8
DIGITALIZADO
100
AcDbPolyline
 90
3
 70
0
 10
182.6666937934028
 20
321.60000271267364
 10
182.6666937934028
 20
345.06666395399304
 10
182.6666937934028
 20
346.066657172309
  0
LWPOLYLINE
  5
846
330
17
100
AcDbEntity
  8
DIGITALIZADO
100
AcDbPolyline
 90
4
 70
0
 10
460.0666639539931
 20
338.66665310329864
 10
459.66668023003473
 20
336.16665310329864
 10
459.23333062065973
 20
338.66665310329864
 10
460.0666639539931
 20
338.66665310329864
  0
LWPOLYLINE
  5
847
330
17
100
AcDbEntity
  8
DIGITALIZADO
100
AcDbPolyline
 90
3
 70
0
 10
459.66668023003473
 20
338.66665310329864
 10
459.66668023003473
 20
351.73333062065973
 10
459.66668023003473
 20
352.7333238389757
  0
LWPOLYLINE
  5
848
330
17
100
AcDbEntity
  8
DIGITALIZADO
100
AcDbPolyline
 90
4
 70
0
 10
167.40000406901044
 20
162.29999118381076
 10
167.80002170138889
 20
164.79999118381076
 10
168.23333740234375
 20
162.29999118381076
 10
167.40000406901044
 20
162.29999118381076
  0
LWPOLYLINE
  5
849
330
17
100
AcDbEntity
  8
DIGITALIZADO
100
AcDbPolyline
 90
3
 70
0
 10
167.80002170138889
 20
162.29999118381076
 10
167.80002170138889
 20
147.13333129882812
 10
167.80002170138889
 20
146.13333808051215
  0
LWPOLYLINE
  5
84A
330
17
100
AcDbEntity
  8
DIGITALIZADO
100
AcDbPolyline
 90
4
 70
0
 10
313.46666124131946
 20
383.20000542534723
 10
315.96666124131946
 20
382.76665581597223
 10
313.46666124131946
 20
382.3666720920139
 10
313.46666124131946
 20
383.20000542534723
  0
LWPOLYLINE
  5
84B
330
17
100
AcDbEntity
  8
DIGITALIZADO
100
AcDbPolyline
 90
3
 70
0
 10
313.46666124131946
 20
382.76665581597223
 10
300.76666937934027
 20
382.76665581597223
 10
296.933356391059
 20
382.76665581597223
  0
LWPOLYLINE
  5
84C
330
17
100
AcDbEntity
  8
DIGITALIZADO
100
AcDbPolyline
 90
4
 70
0
 10
460.80000135633685
 20
147.80000474717883
 10
461.2333170572917
 20
150.30000474717883
 10
461.63333468967016
 20
147.80000474717883
 10
460.80000135633685
 20
147.80000474717883
  0
LWPOLYLINE
  5
84D
330
17
100
AcDbEntity
  8
DIGITALIZADO
100
AcDbPolyline
 90
3
 70
0
 10
461.2333170572917
 20
147.80000474717883
 10
461.2333170572917
 20
120.56666056315105
 10
461.2333170572917
 20
119.56666734483507
  0
LWPOLYLINE
  5
84E
330
17
100
AcDbEntity
  8
DIGITALIZADO
100
AcDbPolyline
 90
4
 70
0
 10
471.9333224826389
 20
122.86666022406685
 10
472.3666720920139
 20
125.36666022406685
 10
472.76665581597223
 20
122.86666022406685
 10
471.9333224826389
 20
122.86666022406685
  0
LWPOLYLINE
  5
84F
330
17
100
AcDbEntity
  8
DIGITALIZADO
100
AcDbPolyline
 90
3
 70
0
 10
472.3666720920139
 20
122.86666022406685
 10
472.3666720920139
 20
116.93333095974393
 10
472.3666720920139
 20
115.93332926432292
  0
LWPOLYLINE
  5
850
330
17
100
AcDbEntity
  8
DIGITALIZADO
100
AcDbPolyline
 90
4
 70
0
 10
220.83333333333334
 20
239.33332655164932
 10
221.23335096571182
 20
241.83332655164932
 10
221.66666666666669
 20
239.36665852864584
 10
220.83333333333334
 20
239.33332655164932
  0
LWPOLYLINE
  5
851
330
17
100
AcDbEntity
  8
DIGITALIZADO
100
AcDbPolyline
 90
3
 70
0
 10
221.23335096571182
 20
239.33332655164932
 10
221.9000244140625
 20
147.26665920681424
 10
221.9000244140625
 20
146.26666598849826
  0
LWPOLYLINE
  5
852
330
17
100
AcDbEntity
  8
DIGITALIZADO
100
AcDbPolyline
 90
4
 70
0
 10
171.00002712673611
 20
326.73333062065973
 10
170.56667751736111
 20
324.23333062065973
 10
170.16669379340277
 20
326.73333062065973
 10
171.00002712673611
 20
326.73333062065973
  0
LWPOLYLINE
  5
853
330
17
100
AcDbEntity
  8
DIGITALIZADO
100
AcDbPolyline
 90
3
 70
0
 10
170.56667751736111
 20
326.73333062065973
 10
170.63334147135419
 20
345.06666395399304
 10
170.63334147135419
 20
346.066657172309
  0
LWPOLYLINE
  5
854
330
17
100
AcDbEntity
  8
DIGITALIZADO
100
AcDbPolyline
 90
4
 70
0
 10
323.33333333333337
 20
228.86666191948785
 10
325.06666395399304
 20
230.69998847113717
 10
324.03333875868054
 20
228.39999728732639
 10
323.33333333333337
 20
228.86666191948785
  0
LWPOLYLINE
  5
855
330
17
100
AcDbEntity
  8
DIGITALIZADO
100
AcDbPolyline
 90
3
 70
0
 10
323.70001898871527
 20
228.6333211263021
 10
269.70001220703125
 20
146.89999050564236
 10
269.70001220703125
 20
145.89999728732639
  0
LWPOLYLINE
  5
856
330
17
100
AcDbEntity
  8
DIGITALIZADO
100
AcDbPolyline
 90
4
 70
0
 10
406.13335503472223
 20
153.70000203450522
 10
405.5000135633681
 20
156.1666700575087
 10
406.8999905056424
 20
154.0333218044705
 10
406.13335503472223
 20
153.70000203450522
  0
LWPOLYLINE
  5
857
330
17
100
AcDbEntity
  8
DIGITALIZADO
100
AcDbPolyline
 90
3
 70
0
 10
406.500006781684
 20
153.86666191948785
 10
417.6999918619792
 20
128.53333367241754
 10
417.6999918619792
 20
127.53333197699654
  0
LWPOLYLINE
  5
858
330
17
100
AcDbEntity
  8
DIGITALIZADO
100
AcDbPolyline
 90
4
 70
0
 10
209.4000244140625
 20
158.36666531032986
 10
209.83334011501736
 20
160.86666531032986
 10
210.23335774739584
 20
158.36666531032986
 10
209.4000244140625
 20
158.36666531032986
  0
LWPOLYLINE
  5
859
330
17
100
AcDbEntity
  8
DIGITALIZADO
100
AcDbPolyline
 90
3
 70
0
 10
209.80000813802084
 20
158.36666531032986
 10
209.80000813802084
 20
147.13333129882812
 10
209.80000813802084
 20
146.13333808051215
  0
LWPOLYLINE
  5
85A
330
17
100
AcDbEntity
  8
DIGITALIZADO
100
AcDbPolyline
 90
4
 70
0
 10
194.43335639105905
 20
160.03333197699652
 10
194.83334011501736
 20
162.53333197699652
 10
195.26668972439236
 20
160.03333197699652
 10
194.43335639105905
 20
160.03333197699652
  0
LWPOLYLINE
  5
85B
330
17
100
AcDbEntity
  8
DIGITALIZADO
100
AcDbPolyline
 90
3
 70
0
 10
194.83334011501736
 20
160.03333197699652
 10
194.83334011501736
 20
147.13333129882812
 10
194.83334011501736
 20
146.13333808051215
  0
LWPOLYLINE
  5
85C
330
17
100
AcDbEntity
  8
DIGITALIZADO
100
AcDbPolyline
 90
4
 70
0
 10
232.40000406901044
 20
168.06666056315106
 10
232.80002170138889
 20
170.56666056315106
 10
233.23333740234375
 20
168.06666056315106
 10
232.40000406901044
 20
168.06666056315106
  0
LWPOLYLINE
  5
85D
330
17
100
AcDbEntity
  8
DIGITALIZADO
100
AcDbPolyline
 90
3
 70
0
 10
232.80002170138889
 20
168.06666056315106
 10
232.80002170138889
 20
147.13333129882812
 10
232.80002170138889
 20
146.13333808051215
  0
LWPOLYLINE
  5
85E
330
17
100
AcDbEntity
  8
DIGITALIZADO
100
AcDbPolyline
 90
4
 70
0
 10
303.63335503472223
 20
236.16665310329861
 10
305.16665988498266
 20
238.19998847113717
 10
304.366692437066
 20
235.80000135633682
 10
303.63335503472223
 20
236.16665310329861
  0
LWPOLYLINE
  5
85F
330
17
100
AcDbEntity
  8
DIGITALIZADO
100
AcDbPolyline
 90
3
 70
0
 10
304.000006781684
 20
235.96666124131946
 10
256.83336046006946
 20
146.66666666666669
 10
256.83336046006946
 20
145.66665649414062
  0
LWPOLYLINE
  5
860
330
17
100
AcDbEntity
  8
DIGITALIZADO
100
AcDbPolyline
 90
4
 70
0
 10
327.86668565538196
 20
308.6333211263021
 10
328.86667887369794
 20
306.29998101128473
 10
327.16668023003473
 20
308.1666734483507
 10
327.86668565538196
 20
308.6333211263021
  0
LWPOLYLINE
  5
861
330
17
100
AcDbEntity
  8
DIGITALIZADO
100
AcDbPolyline
 90
3
 70
0
 10
327.5
 20
308.3999972873264
 10
294.80000813802087
 20
359.000006781684
 10
293.8000149197049
 20
359.000006781684
  0
LWPOLYLINE
  5
862
330
17
100
AcDbEntity
  8
DIGITALIZADO
100
AcDbPolyline
 90
4
 70
0
 10
323.33333333333337
 20
397.2999742296007
 10
325.83333333333337
 20
396.8999905056424
 10
323.3000013563368
 20
396.4666408962674
 10
323.33333333333337
 20
397.2999742296007
  0
LWPOLYLINE
  5
863
330
17
100
AcDbEntity
  8
DIGITALIZADO
100
AcDbPolyline
 90
3
 70
0
 10
323.3000013563368
 20
396.8999905056424
 10
298.86667887369794
 20
396.8999905056424
 10
295.36668565538196
 20
396.8999905056424
  0
LWPOLYLINE
  5
864
330
17
100
AcDbEntity
  8
DIGITALIZADO
100
AcDbPolyline
 90
4
 70
0
 10
183.76668294270834
 20
201.73333062065973
 10
184.1999986436632
 20
204.23333062065973
 10
184.60001627604169
 20
201.73333062065973
 10
183.76668294270834
 20
201.73333062065973
  0
LWPOLYLINE
  5
865
330
17
100
AcDbEntity
  8
DIGITALIZADO
100
AcDbPolyline
 90
3
 70
0
 10
184.1999986436632
 20
201.73333062065973
 10
184.16666666666669
 20
147.26665920681424
 10
184.16666666666669
 20
146.26666598849826
  0
LWPOLYLINE
  5
866
330
17
100
AcDbEntity
  8
DIGITALIZADO
100
AcDbPolyline
 90
4
 70
0
 10
311.63333468967016
 20
130.89999728732639
 10
314.1666666666667
 20
130.499996609158
 10
311.6666666666667
 20
130.06666395399307
 10
311.63333468967016
 20
130.89999728732639
  0
LWPOLYLINE
  5
867
330
17
100
AcDbEntity
  8
DIGITALIZADO
100
AcDbPolyline
 90
3
 70
0
 10
311.6666666666667
 20
130.499996609158
 10
297.30000813802087
 20
130.43333265516495
 10
297.30000813802087
 20
129.43333095974393
  0
LWPOLYLINE
  5
868
330
17
100
AcDbEntity
  8
DIGITALIZADO
100
AcDbPolyline
 90
4
 70
0
 10
251.83336046006946
 20
271.09998914930554
 10
253.73335096571182
 20
269.46665445963544
 10
251.40001085069446
 20
270.4000006781684
 10
251.83336046006946
 20
271.09998914930554
  0
LWPOLYLINE
  5
869
330
17
100
AcDbEntity
  8
DIGITALIZADO
100
AcDbPolyline
 90
3
 70
0
 10
251.60000271267361
 20
270.76665242513025
 10
193.9666748046875
 20
305.70000542534723
 10
193.9666748046875
 20
345.73333740234375
  0
LWPOLYLINE
  5
86A
330
17
100
AcDbEntity
  8
DIGITALIZADO
100
AcDbPolyline
 90
4
 70
0
 10
233.1666734483507
 20
296.2666490342882
 10
235.13332790798611
 20
294.63331434461804
 10
232.73335774739584
 20
295.53331163194446
 10
233.1666734483507
 20
296.2666490342882
  0
LWPOLYLINE
  5
86B
330
17
100
AcDbEntity
  8
DIGITALIZADO
100
AcDbPolyline
 90
3
 70
0
 10
232.96668158637155
 20
295.8999972873264
 10
206.00002712673611
 20
311.6666666666667
 10
206.00002712673611
 20
346.066657172309
  0
LWPOLYLINE
  5
86C
330
17
100
AcDbEntity
  8
DIGITALIZADO
100
AcDbPolyline
 90
4
 70
0
 10
360.8666653103299
 20
209.26666259765625
 10
359.8333401150174
 20
211.566653781467
 10
361.5666707356771
 20
209.6999952528212
 10
360.8666653103299
 20
209.26666259765625
  0
LWPOLYLINE
  5
86D
330
17
100
AcDbEntity
  8
DIGITALIZADO
100
AcDbPolyline
 90
3
 70
0
 10
361.20001898871527
 20
209.500003390842
 10
405.73333740234375
 20
141.06666564941406
 10
405.73333740234375
 20
140.06666395399307
  0
LWPOLYLINE
  5
86E
330
17
100
AcDbEntity
  8
DIGITALIZADO
100
AcDbPolyline
 90
4
 70
0
 10
412.4666680230035
 20
167.03333536783856
 10
411.9666883680556
 20
169.53333536783856
 10
413.23333740234375
 20
167.3333231608073
 10
412.4666680230035
 20
167.03333536783856
  0
LWPOLYLINE
  5
86F
330
17
100
AcDbEntity
  8
DIGITALIZADO
100
AcDbPolyline
 90
3
 70
0
 10
412.86668565538196
 20
167.1999952528212
 10
425.73333740234375
 20
132.73333231608075
 10
425.73333740234375
 20
131.73333062065973
  0
LWPOLYLINE
  5
870
330
17
100
AcDbEntity
  8
DIGITALIZADO
100
AcDbPolyline
 90
4
 70
0
 10
418.9666748046875
 20
309.5999823676215
 10
418.23333740234375
 20
307.1666463216146
 10
418.1333414713542
 20
309.69997829861114
 10
418.9666748046875
 20
309.5999823676215
  0
LWPOLYLINE
  5
871
330
17
100
AcDbEntity
  8
DIGITALIZADO
100
AcDbPolyline
 90
3
 70
0
 10
418.5333251953125
 20
309.63331434461804
 10
424.10000271267364
 20
351.73333062065973
 10
424.10000271267364
 20
352.7333238389757
  0
LWPOLYLINE
  5
872
330
17
100
AcDbEntity
  8
DIGITALIZADO
100
AcDbPolyline
 90
4
 70
0
 10
247.40000406901044
 20
185.16665988498264
 10
247.83335367838544
 20
187.66665988498264
 10
248.23333740234375
 20
185.16665988498264
 10
247.40000406901044
 20
185.16665988498264
  0
LWPOLYLINE
  5
873
330
17
100
AcDbEntity
  8
DIGITALIZADO
100
AcDbPolyline
 90
3
 70
0
 10
247.83335367838544
 20
185.16665988498264
 10
247.76668972439236
 20
147.13333129882812
 10
247.76668972439236
 20
146.13333808051215
  0
LWPOLYLINE
  5
874
330
17
100
AcDbEntity
  8
DIGITALIZADO
100
AcDbPolyline
 90
4
 70
0
 10
327.06668429904516
 20
214.66666327582467
 10
328.76668294270837
 20
216.5333218044705
 10
327.7666897243924
 20
214.1999986436632
 10
327.06668429904516
 20
214.66666327582467
  0
LWPOLYLINE
  5
875
330
17
100
AcDbEntity
  8
DIGITALIZADO
100
AcDbPolyline
 90
3
 70
0
 10
327.43333604600696
 20
214.43332248263889
 10
284.03333875868054
 20
147.13333129882812
 10
284.03333875868054
 20
146.13333808051215
  0
LWPOLYLINE
  5
876
330
17
100
AcDbEntity
  8
DIGITALIZADO
100
AcDbPolyline
 90
4
 70
0
 10
155.76666937934027
 20
295.06666395399304
 10
154.30002848307294
 20
297.13331434461804
 10
156.36667887369794
 20
295.6333414713542
 10
155.76666937934027
 20
295.06666395399304
  0
LWPOLYLINE
  5
877
330
17
100
AcDbEntity
  8
DIGITALIZADO
100
AcDbPolyline
 90
3
 70
0
 10
156.06669108072919
 20
295.33331976996527
 10
161.86669243706598
 20
289.3999905056424
 10
162.86668565538196
 20
289.3999905056424
  0
LWPOLYLINE
  5
878
330
17
100
AcDbEntity
  8
DIGITALIZADO
100
AcDbPolyline
 90
4
 70
0
 10
326.76666259765625
 20
327.0333184136285
 10
327.7666897243924
 20
324.69997829861114
 10
326.0666910807292
 20
326.5666707356771
 10
326.76666259765625
 20
327.0333184136285
  0
LWPOLYLINE
  5
879
330
17
100
AcDbEntity
  8
DIGITALIZADO
100
AcDbPolyline
 90
3
 70
0
 10
326.40001085069446
 20
326.79999457465277
 10
296.6999986436632
 20
371.86665852864587
 10
295.70000542534723
 20
371.86665852864587
  0
LWPOLYLINE
  5
87A
330
17
100
AcDbEntity
  8
DIGITALIZADO
100
AcDbPolyline
 90
4
 70
0
 10
433.1666734483507
 20
204.93333604600696
 10
433.566657172309
 20
207.43333604600696
 10
434.000006781684
 20
204.93333604600696
 10
433.1666734483507
 20
204.93333604600696
  0
LWPOLYLINE
  5
87B
330
17
100
AcDbEntity
  8
DIGITALIZADO
100
AcDbPolyline
 90
3
 70
0
 10
433.6000230577257
 20
204.93333604600696
 10
434.433356391059
 20
127.3999955919054
 10
434.433356391059
 20
126.39999389648438
  0
LWPOLYLINE
  5
87C
330
17
100
AcDbEntity
  8
DIGITALIZADO
100
AcDbPolyline
 90
4
 70
0
 10
472.83331976996527
 20
335.5999755859375
 10
472.43333604600696
 20
333.10000949435766
 10
471.99998643663196
 20
335.5999755859375
 10
472.83331976996527
 20
335.5999755859375
  0
LWPOLYLINE
  5
87D
330
17
100
AcDbEntity
  8
DIGITALIZADO
100
AcDbPolyline
 90
3
 70
0
 10
472.43333604600696
 20
335.5999755859375
 10
472.43333604600696
 20
351.5666707356771
 10
472.43333604600696
 20
352.56666395399304
  0
LINE
  5
87E
330
17
100
AcDbEntity
  8
DIGITALIZADO
100
AcDbLine
 10
229.75362141927084
 20
412.22195095486114
 30
0.0
 11
247.08418104383682
 21
407.21944173177087
 31
0.0
  0
LINE
  5
87F
330
17
100
AcDbEntity
  8
DIGITALIZADO
100
AcDbLine
 10
248.1561279296875
 20
412.57944742838544
 30
0.0
 11
231.71888563368057
 21
407.21944173177087
 31
0.0
  0
LINE
  5
880
330
17
100
AcDbEntity
  8
DIGITALIZADO
100
AcDbLine
 10
261.179436577691
 20
95.62032911512587
 30
0.0
 11
278.89723036024304
 21
90.558107164171
 31
0.0
  0
LINE
  5
881
330
17
100
AcDbEntity
  8
DIGITALIZADO
100
AcDbLine
 10
261.92389594184027
 20
92.34477572970921
 30
0.0
 11
278.15277099609375
 21
95.0247785780165
 31
0.0
  0
LINE
  5
883
330
17
100
AcDbEntity
  8
METRO_RW
100
AcDbLine
 10
296.866692437066
 20
296.79999457465277
 30
0.0
 11
300.96666124131946
 21
292.66665988498266
 31
0.0
  0
LINE
  5
884
330
17
100
AcDbEntity
  8
METRO_RW
100
AcDbLine
 10
306.500006781684
 20
214.26666259765625
 30
0.0
 11
306.79999457465277
 21
279.29999457465277
 31
0.0
  0
LINE
  5
885
330
17
100
AcDbEntity
  8
METRO_RW
100
AcDbLine
 10
296.433342827691
 20
196.7999945746528
 30
0.0
 11
300.56667751736114
 21
200.89999728732639
 31
0.0
  0
LINE
  5
886
330
17
100
AcDbEntity
  8
METRO_RW
100
AcDbLine
 10
144.20003255208334
 20
197.16666327582467
 30
0.0
 11
348.43332926432294
 21
196.6999986436632
 31
0.0
  0
LINE
  5
887
330
17
100
AcDbEntity
  8
METRO_RW
100
AcDbLine
 10
144.20003255208334
 20
297.1666463216146
 30
0.0
 11
348.86667887369794
 21
296.6999986436632
 31
0.0
  0
LINE
  5
888
330
17
100
AcDbEntity
  8
METRO_RW
100
AcDbLine
 10
348.43332926432294
 20
196.6999986436632
 30
0.0
 11
524.933336046007
 21
196.2999979654948
 31
0.0
  0
LINE
  5
889
330
17
100
AcDbEntity
  8
METRO_RW
100
AcDbLine
 10
396.3333468967014
 20
200.69998847113717
 30
0.0
 11
400.433349609375
 21
196.5666707356771
 31
0.0
  0
LINE
  5
88A
330
17
100
AcDbEntity
  8
METRO_RW
100
AcDbLine
 10
390.5000135633681
 20
214.10000271267361
 30
0.0
 11
390.80000135633685
 21
279.09998575846356
 31
0.0
  0
LINE
  5
88B
330
17
100
AcDbEntity
  8
METRO_RW
100
AcDbLine
 10
396.73333062065973
 20
292.4666680230035
 30
0.0
 11
400.8666653103299
 21
296.5666707356771
 31
0.0
  0
LINE
  5
88C
330
17
100
AcDbEntity
  8
METRO_RW
100
AcDbLine
 10
348.86667887369794
 20
296.6999986436632
 30
0.0
 11
524.933336046007
 21
296.2666490342882
 31
0.0
  0
LINE
  5
88D
330
17
100
AcDbEntity
  8
METRO_RW
100
AcDbLine
 10
144.20003255208334
 20
247.16666327582467
 30
0.0
 11
144.80000813802084
 21
247.16666327582467
 31
0.0
  0
LINE
  5
88E
330
17
100
AcDbEntity
  8
METRO_RW
100
AcDbLine
 10
152.30000813802084
 20
247.13333129882812
 30
0.0
 11
189.80000813802084
 21
247.06666734483508
 31
0.0
  0
LINE
  5
88F
330
17
100
AcDbEntity
  8
METRO_RW
100
AcDbLine
 10
197.30000813802084
 20
247.03333536783856
 30
0.0
 11
234.80000813802084
 21
246.96665445963544
 31
0.0
  0
LINE
  5
890
330
17
100
AcDbEntity
  8
METRO_RW
100
AcDbLine
 10
242.30000813802084
 20
246.93332248263889
 30
0.0
 11
257.30000813802087
 21
246.89999050564236
 31
0.0
  0
LINE
  5
891
330
17
100
AcDbEntity
  8
METRO_RW
100
AcDbLine
 10
264.80000813802087
 20
246.86665852864584
 30
0.0
 11
279.80000813802087
 21
246.83332655164932
 31
0.0
  0
LINE
  5
892
330
17
100
AcDbEntity
  8
METRO_RW
100
AcDbLine
 10
287.30000813802087
 20
246.83332655164932
 30
0.0
 11
302.30000813802087
 21
246.7999945746528
 31
0.0
  0
LINE
  5
893
330
17
100
AcDbEntity
  8
METRO_RW
100
AcDbLine
 10
309.80000813802087
 20
246.76666259765625
 30
0.0
 11
324.80000813802087
 21
246.73333062065973
 31
0.0
  0
LINE
  5
894
330
17
100
AcDbEntity
  8
METRO_RW
100
AcDbLine
 10
332.30000813802087
 20
246.73333062065973
 30
0.0
 11
347.3333401150174
 21
246.6999986436632
 31
0.0
  0
LINE
  5
895
330
17
100
AcDbEntity
  8
METRO_RW
100
AcDbLine
 10
354.8333401150174
 20
246.66666666666669
 30
0.0
 11
369.8333401150174
 21
246.63333468967014
 31
0.0
  0
LINE
  5
896
330
17
100
AcDbEntity
  8
METRO_RW
100
AcDbLine
 10
377.3333401150174
 20
246.63333468967014
 30
0.0
 11
392.3333401150174
 21
246.60000271267361
 31
0.0
  0
LINE
  5
897
330
17
100
AcDbEntity
  8
METRO_RW
100
AcDbLine
 10
399.8333401150174
 20
246.566653781467
 30
0.0
 11
414.8333401150174
 21
246.5333218044705
 31
0.0
  0
LINE
  5
898
330
17
100
AcDbEntity
  8
METRO_RW
100
AcDbLine
 10
422.3333401150174
 20
246.5333218044705
 30
0.0
 11
437.3333401150174
 21
246.49998982747397
 31
0.0
  0
LINE
  5
899
330
17
100
AcDbEntity
  8
METRO_RW
100
AcDbLine
 10
444.8333401150174
 20
246.46665785047745
 30
0.0
 11
459.8333401150174
 21
246.43332587348092
 31
0.0
  0
LINE
  5
89A
330
17
100
AcDbEntity
  8
METRO_RW
100
AcDbLine
 10
467.3333401150174
 20
246.39999389648438
 30
0.0
 11
482.3333401150174
 21
246.36666191948785
 31
0.0
  0
LINE
  5
89B
330
17
100
AcDbEntity
  8
METRO_RW
100
AcDbLine
 10
489.8333401150174
 20
246.36666191948785
 30
0.0
 11
504.8333401150174
 21
246.33332994249133
 31
0.0
  0
LINE
  5
89C
330
17
100
AcDbEntity
  8
METRO_RW
100
AcDbLine
 10
147.30000813802084
 20
247.16666327582467
 30
0.0
 11
149.80000813802084
 21
247.13333129882812
 31
0.0
  0
LINE
  5
89D
330
17
100
AcDbEntity
  8
METRO_RW
100
AcDbLine
 10
192.30000813802084
 20
247.06666734483508
 30
0.0
 11
194.80000813802084
 21
247.03333536783856
 31
0.0
  0
LINE
  5
89E
330
17
100
AcDbEntity
  8
METRO_RW
100
AcDbLine
 10
237.30000813802084
 20
246.93332248263889
 30
0.0
 11
239.80000813802084
 21
246.93332248263889
 31
0.0
  0
LINE
  5
89F
330
17
100
AcDbEntity
  8
METRO_RW
100
AcDbLine
 10
259.80000813802087
 20
246.89999050564236
 30
0.0
 11
262.30000813802087
 21
246.89999050564236
 31
0.0
  0
LINE
  5
8A0
330
17
100
AcDbEntity
  8
METRO_RW
100
AcDbLine
 10
282.30000813802087
 20
246.83332655164932
 30
0.0
 11
284.80000813802087
 21
246.83332655164932
 31
0.0
  0
LINE
  5
8A1
330
17
100
AcDbEntity
  8
METRO_RW
100
AcDbLine
 10
304.80000813802087
 20
246.7999945746528
 30
0.0
 11
307.30000813802087
 21
246.7999945746528
 31
0.0
  0
LINE
  5
8A2
330
17
100
AcDbEntity
  8
METRO_RW
100
AcDbLine
 10
327.30000813802087
 20
246.73333062065973
 30
0.0
 11
329.80000813802087
 21
246.73333062065973
 31
0.0
  0
LINE
  5
8A3
330
17
100
AcDbEntity
  8
METRO_RW
100
AcDbLine
 10
372.3333401150174
 20
246.63333468967014
 30
0.0
 11
374.8333401150174
 21
246.63333468967014
 31
0.0
  0
LINE
  5
8A4
330
17
100
AcDbEntity
  8
METRO_RW
100
AcDbLine
 10
394.8333401150174
 20
246.566653781467
 30
0.0
 11
397.3333401150174
 21
246.566653781467
 31
0.0
  0
LINE
  5
8A5
330
17
100
AcDbEntity
  8
METRO_RW
100
AcDbLine
 10
417.3333401150174
 20
246.5333218044705
 30
0.0
 11
419.8333401150174
 21
246.5333218044705
 31
0.0
  0
LINE
  5
8A6
330
17
100
AcDbEntity
  8
METRO_RW
100
AcDbLine
 10
439.8333401150174
 20
246.46665785047745
 30
0.0
 11
442.3333401150174
 21
246.46665785047745
 31
0.0
  0
LINE
  5
8A7
330
17
100
AcDbEntity
  8
METRO_RW
100
AcDbLine
 10
462.3333401150174
 20
246.43332587348092
 30
0.0
 11
464.8333401150174
 21
246.43332587348092
 31
0.0
  0
LINE
  5
8A8
330
17
100
AcDbEntity
  8
METRO_RW
100
AcDbLine
 10
349.8333401150174
 20
246.6999986436632
 30
0.0
 11
352.3333401150174
 21
246.66666666666669
 31
0.0
  0
LINE
  5
8A9
330
17
100
AcDbEntity
  8
METRO_RW
100
AcDbLine
 10
484.8333401150174
 20
246.36666191948785
 30
0.0
 11
487.3333401150174
 21
246.36666191948785
 31
0.0
  0
LINE
  5
8AA
330
17
100
AcDbEntity
  8
METRO_RW
100
AcDbLine
 10
507.3333401150174
 20
246.33332994249133
 30
0.0
 11
509.8333401150174
 21
246.33332994249133
 31
0.0
  0
LINE
  5
8AB
330
17
100
AcDbEntity
  8
METRO_RW
100
AcDbLine
 10
512.3333401150173
 20
246.2999979654948
 30
0.0
 11
524.933336046007
 21
246.26666598849826
 31
0.0
  0
LINE
  5
8AC
330
17
100
AcDbEntity
  8
METRO_RW
100
AcDbLine
 10
348.46666124131946
 20
75.33332824707031
 30
0.0
 11
348.6000230577257
 21
112.83332824707031
 31
0.0
  0
LINE
  5
8AD
330
17
100
AcDbEntity
  8
METRO_RW
100
AcDbLine
 10
348.63335503472223
 20
120.33332824707031
 30
0.0
 11
348.70001898871527
 21
135.3333282470703
 31
0.0
  0
LINE
  5
8AE
330
17
100
AcDbEntity
  8
METRO_RW
100
AcDbLine
 10
348.7333509657118
 20
142.83333672417535
 30
0.0
 11
348.76668294270837
 21
157.83333672417535
 31
0.0
  0
LINE
  5
8AF
330
17
100
AcDbEntity
  8
METRO_RW
100
AcDbLine
 10
348.8000149197049
 20
165.33333672417535
 30
0.0
 11
348.8333468967014
 21
176.6999986436632
 31
0.0
  0
LINE
  5
8B0
330
17
100
AcDbEntity
  8
METRO_RW
100
AcDbLine
 10
348.70001898871527
 20
137.8333282470703
 30
0.0
 11
348.70001898871527
 21
140.3333282470703
 31
0.0
  0
LINE
  5
8B1
330
17
100
AcDbEntity
  8
METRO_RW
100
AcDbLine
 10
348.8000149197049
 20
160.33333672417535
 30
0.0
 11
348.8000149197049
 21
162.83333672417535
 31
0.0
  0
LINE
  5
8B2
330
17
100
AcDbEntity
  8
METRO_RW
100
AcDbLine
 10
348.43332926432294
 20
70.33333248562283
 30
0.0
 11
348.46666124131946
 21
72.83332824707031
 31
0.0
  0
LINE
  5
8B3
330
17
100
AcDbEntity
  8
METRO_RW
100
AcDbLine
 10
348.6000230577257
 20
115.33332824707031
 30
0.0
 11
348.63335503472223
 21
117.83332824707031
 31
0.0
  0
LINE
  5
8B4
330
17
100
AcDbEntity
  8
METRO_RW
100
AcDbLine
 10
144.20003255208334
 20
177.16666327582465
 30
0.0
 11
157.66669379340277
 21
177.13333129882812
 31
0.0
  0
LINE
  5
8B5
330
17
100
AcDbEntity
  8
METRO_RW
100
AcDbLine
 10
160.16669379340277
 20
177.13333129882812
 30
0.0
 11
202.6666937934028
 21
177.03333536783856
 31
0.0
  0
LINE
  5
8B6
330
17
100
AcDbEntity
  8
METRO_RW
100
AcDbLine
 10
210.1666937934028
 20
177.000003390842
 30
0.0
 11
247.6666937934028
 21
176.93332248263889
 31
0.0
  0
LINE
  5
8B7
330
17
100
AcDbEntity
  8
METRO_RW
100
AcDbLine
 10
255.1666937934028
 20
176.89999050564236
 30
0.0
 11
270.16665988498266
 21
176.86665852864584
 31
0.0
  0
LINE
  5
8B8
330
17
100
AcDbEntity
  8
METRO_RW
100
AcDbLine
 10
277.66665988498266
 20
176.86665852864584
 30
0.0
 11
292.7000257703993
 21
176.83332655164932
 31
0.0
  0
LINE
  5
8B9
330
17
100
AcDbEntity
  8
METRO_RW
100
AcDbLine
 10
300.2000257703993
 20
176.79999457465277
 30
0.0
 11
315.2000257703993
 21
176.76666259765625
 31
0.0
  0
LINE
  5
8BA
330
17
100
AcDbEntity
  8
METRO_RW
100
AcDbLine
 10
322.7000257703993
 20
176.73333062065973
 30
0.0
 11
337.6999918619792
 21
176.6999986436632
 31
0.0
  0
LINE
  5
8BB
330
17
100
AcDbEntity
  8
METRO_RW
100
AcDbLine
 10
345.1999918619792
 20
176.6999986436632
 30
0.0
 11
360.1999918619792
 21
176.66666666666669
 31
0.0
  0
LINE
  5
8BC
330
17
100
AcDbEntity
  8
METRO_RW
100
AcDbLine
 10
367.6999918619792
 20
176.63333468967014
 30
0.0
 11
382.6999918619792
 21
176.60000271267361
 31
0.0
  0
LINE
  5
8BD
330
17
100
AcDbEntity
  8
METRO_RW
100
AcDbLine
 10
390.1999918619792
 20
176.60000271267361
 30
0.0
 11
405.1999918619792
 21
176.5666707356771
 31
0.0
  0
LINE
  5
8BE
330
17
100
AcDbEntity
  8
METRO_RW
100
AcDbLine
 10
412.6999918619792
 20
176.5333218044705
 30
0.0
 11
427.6999918619792
 21
176.49998982747397
 31
0.0
  0
LINE
  5
8BF
330
17
100
AcDbEntity
  8
METRO_RW
100
AcDbLine
 10
435.1999918619792
 20
176.49998982747397
 30
0.0
 11
450.1999918619792
 21
176.46665785047745
 31
0.0
  0
LINE
  5
8C0
330
17
100
AcDbEntity
  8
METRO_RW
100
AcDbLine
 10
457.6999918619792
 20
176.4333258734809
 30
0.0
 11
472.6999918619792
 21
176.39999389648438
 31
0.0
  0
LINE
  5
8C1
330
17
100
AcDbEntity
  8
METRO_RW
100
AcDbLine
 10
480.1999918619792
 20
176.39999389648438
 30
0.0
 11
495.1999918619792
 21
176.36666191948785
 31
0.0
  0
LINE
  5
8C2
330
17
100
AcDbEntity
  8
METRO_RW
100
AcDbLine
 10
502.6999918619792
 20
176.33332994249133
 30
0.0
 11
517.6999918619792
 21
176.2999979654948
 31
0.0
  0
LINE
  5
8C3
330
17
100
AcDbEntity
  8
METRO_RW
100
AcDbLine
 10
205.1666937934028
 20
177.03333536783856
 30
0.0
 11
207.6666937934028
 21
177.000003390842
 31
0.0
  0
LINE
  5
8C4
330
17
100
AcDbEntity
  8
METRO_RW
100
AcDbLine
 10
250.1666937934028
 20
176.93332248263889
 30
0.0
 11
252.6666937934028
 21
176.89999050564236
 31
0.0
  0
LINE
  5
8C5
330
17
100
AcDbEntity
  8
METRO_RW
100
AcDbLine
 10
272.66665988498266
 20
176.86665852864584
 30
0.0
 11
275.16665988498266
 21
176.86665852864584
 31
0.0
  0
LINE
  5
8C6
330
17
100
AcDbEntity
  8
METRO_RW
100
AcDbLine
 10
295.2000257703993
 20
176.79999457465277
 30
0.0
 11
297.7000257703993
 21
176.79999457465277
 31
0.0
  0
LINE
  5
8C7
330
17
100
AcDbEntity
  8
METRO_RW
100
AcDbLine
 10
317.7000257703993
 20
176.76666259765625
 30
0.0
 11
320.2000257703993
 21
176.76666259765625
 31
0.0
  0
LINE
  5
8C8
330
17
100
AcDbEntity
  8
METRO_RW
100
AcDbLine
 10
340.1999918619792
 20
176.6999986436632
 30
0.0
 11
342.6999918619792
 21
176.6999986436632
 31
0.0
  0
LINE
  5
8C9
330
17
100
AcDbEntity
  8
METRO_RW
100
AcDbLine
 10
362.6999918619792
 20
176.66666666666669
 30
0.0
 11
365.1999918619792
 21
176.66666666666669
 31
0.0
  0
LINE
  5
8CA
330
17
100
AcDbEntity
  8
METRO_RW
100
AcDbLine
 10
385.1999918619792
 20
176.60000271267361
 30
0.0
 11
387.6999918619792
 21
176.60000271267361
 31
0.0
  0
LINE
  5
8CB
330
17
100
AcDbEntity
  8
METRO_RW
100
AcDbLine
 10
430.1999918619792
 20
176.49998982747397
 30
0.0
 11
432.6999918619792
 21
176.49998982747397
 31
0.0
  0
LINE
  5
8CC
330
17
100
AcDbEntity
  8
METRO_RW
100
AcDbLine
 10
452.6999918619792
 20
176.4333258734809
 30
0.0
 11
455.1999918619792
 21
176.4333258734809
 31
0.0
  0
LINE
  5
8CD
330
17
100
AcDbEntity
  8
METRO_RW
100
AcDbLine
 10
475.1999918619792
 20
176.39999389648438
 30
0.0
 11
477.6999918619792
 21
176.39999389648438
 31
0.0
  0
LINE
  5
8CE
330
17
100
AcDbEntity
  8
METRO_RW
100
AcDbLine
 10
407.6999918619792
 20
176.5666707356771
 30
0.0
 11
410.1999918619792
 21
176.5333218044705
 31
0.0
  0
LINE
  5
8CF
330
17
100
AcDbEntity
  8
METRO_RW
100
AcDbLine
 10
497.6999918619792
 20
176.33332994249133
 30
0.0
 11
500.1999918619792
 21
176.33332994249133
 31
0.0
  0
LINE
  5
8D0
330
17
100
AcDbEntity
  8
METRO_RW
100
AcDbLine
 10
520.1999918619792
 20
176.2999979654948
 30
0.0
 11
522.6999918619792
 21
176.2999979654948
 31
0.0
  0
LINE
  5
8D1
330
17
100
AcDbEntity
  8
METRO_RW
100
AcDbLine
 10
145.433349609375
 20
317.1666463216146
 30
0.0
 11
187.933349609375
 21
317.066650390625
 31
0.0
  0
LINE
  5
8D2
330
17
100
AcDbEntity
  8
METRO_RW
100
AcDbLine
 10
195.433349609375
 20
317.0333184136285
 30
0.0
 11
232.933349609375
 21
316.96665445963544
 31
0.0
  0
LINE
  5
8D3
330
17
100
AcDbEntity
  8
METRO_RW
100
AcDbLine
 10
240.46668158637155
 20
316.9333224826389
 30
0.0
 11
255.46668158637155
 21
316.8999905056424
 31
0.0
  0
LINE
  5
8D4
330
17
100
AcDbEntity
  8
METRO_RW
100
AcDbLine
 10
262.9666815863715
 20
316.8999905056424
 30
0.0
 11
277.9666815863715
 21
316.86665852864587
 31
0.0
  0
LINE
  5
8D5
330
17
100
AcDbEntity
  8
METRO_RW
100
AcDbLine
 10
285.4666815863715
 20
316.8333265516493
 30
0.0
 11
300.4666815863715
 21
316.79999457465277
 31
0.0
  0
LINE
  5
8D6
330
17
100
AcDbEntity
  8
METRO_RW
100
AcDbLine
 10
330.4666815863715
 20
316.73333062065973
 30
0.0
 11
345.4666815863715
 21
316.6999986436632
 31
0.0
  0
LINE
  5
8D7
330
17
100
AcDbEntity
  8
METRO_RW
100
AcDbLine
 10
352.9666815863715
 20
316.6666666666667
 30
0.0
 11
367.9666815863715
 21
316.63333468967016
 31
0.0
  0
LINE
  5
8D8
330
17
100
AcDbEntity
  8
METRO_RW
100
AcDbLine
 10
375.4666815863715
 20
316.63333468967016
 30
0.0
 11
390.4666815863715
 21
316.60000271267364
 31
0.0
  0
LINE
  5
8D9
330
17
100
AcDbEntity
  8
METRO_RW
100
AcDbLine
 10
397.9666815863715
 20
316.5666707356771
 30
0.0
 11
412.9666815863715
 21
316.53333875868054
 31
0.0
  0
LINE
  5
8DA
330
17
100
AcDbEntity
  8
METRO_RW
100
AcDbLine
 10
420.4666815863715
 20
316.53333875868054
 30
0.0
 11
435.4666815863715
 21
316.500006781684
 31
0.0
  0
LINE
  5
8DB
330
17
100
AcDbEntity
  8
METRO_RW
100
AcDbLine
 10
442.9666476779514
 20
316.4666748046875
 30
0.0
 11
457.9666476779514
 21
316.433342827691
 31
0.0
  0
LINE
  5
8DC
330
17
100
AcDbEntity
  8
METRO_RW
100
AcDbLine
 10
465.4666476779514
 20
316.433342827691
 30
0.0
 11
480.4666476779514
 21
316.3999769422743
 31
0.0
  0
LINE
  5
8DD
330
17
100
AcDbEntity
  8
METRO_RW
100
AcDbLine
 10
488.0000135633681
 20
316.36664496527777
 30
0.0
 11
503.0000135633681
 21
316.33331298828125
 31
0.0
  0
LINE
  5
8DE
330
17
100
AcDbEntity
  8
METRO_RW
100
AcDbLine
 10
510.5000135633681
 20
316.29998101128473
 30
0.0
 11
524.933336046007
 21
316.2666490342882
 31
0.0
  0
LINE
  5
8DF
330
17
100
AcDbEntity
  8
METRO_RW
100
AcDbLine
 10
190.433349609375
 20
317.066650390625
 30
0.0
 11
192.933349609375
 21
317.0333184136285
 31
0.0
  0
LINE
  5
8E0
330
17
100
AcDbEntity
  8
METRO_RW
100
AcDbLine
 10
235.433349609375
 20
316.96665445963544
 30
0.0
 11
237.933349609375
 21
316.9333224826389
 31
0.0
  0
LINE
  5
8E1
330
17
100
AcDbEntity
  8
METRO_RW
100
AcDbLine
 10
257.9666815863715
 20
316.8999905056424
 30
0.0
 11
260.4666815863715
 21
316.8999905056424
 31
0.0
  0
LINE
  5
8E2
330
17
100
AcDbEntity
  8
METRO_RW
100
AcDbLine
 10
280.4666815863715
 20
316.8333265516493
 30
0.0
 11
282.9666815863715
 21
316.8333265516493
 31
0.0
  0
LINE
  5
8E3
330
17
100
AcDbEntity
  8
METRO_RW
100
AcDbLine
 10
302.9666815863715
 20
316.79999457465277
 30
0.0
 11
305.4666815863715
 21
316.79999457465277
 31
0.0
  0
LINE
  5
8E4
330
17
100
AcDbEntity
  8
METRO_RW
100
AcDbLine
 10
325.4666815863715
 20
316.73333062065973
 30
0.0
 11
327.9666815863715
 21
316.73333062065973
 31
0.0
  0
LINE
  5
8E5
330
17
100
AcDbEntity
  8
METRO_RW
100
AcDbLine
 10
347.9666815863715
 20
316.6999986436632
 30
0.0
 11
350.4666815863715
 21
316.6999986436632
 31
0.0
  0
LINE
  5
8E6
330
17
100
AcDbEntity
  8
METRO_RW
100
AcDbLine
 10
370.4666815863715
 20
316.63333468967016
 30
0.0
 11
372.9666815863715
 21
316.63333468967016
 31
0.0
  0
LINE
  5
8E7
330
17
100
AcDbEntity
  8
METRO_RW
100
AcDbLine
 10
415.4666815863715
 20
316.53333875868054
 30
0.0
 11
417.9666815863715
 21
316.53333875868054
 31
0.0
  0
LINE
  5
8E8
330
17
100
AcDbEntity
  8
METRO_RW
100
AcDbLine
 10
437.9666476779514
 20
316.4666748046875
 30
0.0
 11
440.4666476779514
 21
316.4666748046875
 31
0.0
  0
LINE
  5
8E9
330
17
100
AcDbEntity
  8
METRO_RW
100
AcDbLine
 10
460.4666476779514
 20
316.433342827691
 30
0.0
 11
462.9666476779514
 21
316.433342827691
 31
0.0
  0
LINE
  5
8EA
330
17
100
AcDbEntity
  8
METRO_RW
100
AcDbLine
 10
307.9666815863715
 20
316.79999457465277
 30
0.0
 11
322.9666815863715
 21
316.73333062065973
 31
0.0
  0
LINE
  5
8EB
330
17
100
AcDbEntity
  8
METRO_RW
100
AcDbLine
 10
392.9666815863715
 20
316.60000271267364
 30
0.0
 11
395.4666815863715
 21
316.5666707356771
 31
0.0
  0
LINE
  5
8EC
330
17
100
AcDbEntity
  8
METRO_RW
100
AcDbLine
 10
482.9666476779514
 20
316.36664496527777
 30
0.0
 11
485.4666476779514
 21
316.36664496527777
 31
0.0
  0
LINE
  5
8ED
330
17
100
AcDbEntity
  8
METRO_RW
100
AcDbLine
 10
505.5000135633681
 20
316.33331298828125
 30
0.0
 11
508.0000135633681
 21
316.33331298828125
 31
0.0
  0
LINE
  5
8EE
330
17
100
AcDbEntity
  8
METRO_RW
100
AcDbLine
 10
348.33333333333337
 20
176.6999986436632
 30
0.0
 11
348.3999972873264
 21
186.6999986436632
 31
0.0
  0
LINE
  5
8EF
330
17
100
AcDbEntity
  8
METRO_RW
100
AcDbLine
 10
348.3999972873264
 20
189.1999986436632
 30
0.0
 11
348.3999972873264
 21
191.6999986436632
 31
0.0
  0
LINE
  5
8F0
330
17
100
AcDbEntity
  8
METRO_RW
100
AcDbLine
 10
348.499993218316
 20
211.6999986436632
 30
0.0
 11
348.499993218316
 21
214.1999986436632
 31
0.0
  0
LINE
  5
8F1
330
17
100
AcDbEntity
  8
METRO_RW
100
AcDbLine
 10
348.6000230577257
 20
234.1999986436632
 30
0.0
 11
348.6000230577257
 21
236.6999986436632
 31
0.0
  0
LINE
  5
8F2
330
17
100
AcDbEntity
  8
METRO_RW
100
AcDbLine
 10
348.43332926432294
 20
194.1999986436632
 30
0.0
 11
348.499993218316
 21
209.1999986436632
 31
0.0
  0
LINE
  5
8F3
330
17
100
AcDbEntity
  8
METRO_RW
100
AcDbLine
 10
348.5333251953125
 20
216.6999986436632
 30
0.0
 11
348.6000230577257
 21
231.6999986436632
 31
0.0
  0
LINE
  5
8F4
330
17
100
AcDbEntity
  8
METRO_RW
100
AcDbLine
 10
348.63335503472223
 20
239.1999986436632
 30
0.0
 11
348.70001898871527
 21
254.1999986436632
 31
0.0
  0
LINE
  5
8F5
330
17
100
AcDbEntity
  8
METRO_RW
100
AcDbLine
 10
348.70001898871527
 20
261.6999986436632
 30
0.0
 11
348.76668294270837
 21
276.6999986436632
 31
0.0
  0
LINE
  5
8F6
330
17
100
AcDbEntity
  8
METRO_RW
100
AcDbLine
 10
348.8000149197049
 20
284.1999986436632
 30
0.0
 11
348.86667887369794
 21
299.23333062065973
 31
0.0
  0
LINE
  5
8F7
330
17
100
AcDbEntity
  8
METRO_RW
100
AcDbLine
 10
349.0666707356771
 20
341.19998508029516
 30
0.0
 11
349.13333468967016
 21
356.19998508029516
 31
0.0
  0
LINE
  5
8F8
330
17
100
AcDbEntity
  8
METRO_RW
100
AcDbLine
 10
349.13333468967016
 20
363.69998508029516
 30
0.0
 11
349.1999986436632
 21
378.69998508029516
 31
0.0
  0
LINE
  5
8F9
330
17
100
AcDbEntity
  8
METRO_RW
100
AcDbLine
 10
349.23333062065973
 20
386.19998508029516
 30
0.0
 11
349.29999457465277
 21
401.19998508029516
 31
0.0
  0
LINE
  5
8FA
330
17
100
AcDbEntity
  8
METRO_RW
100
AcDbLine
 10
349.3333265516493
 20
408.69998508029516
 30
0.0
 11
349.4000244140625
 21
423.69998508029516
 31
0.0
  0
LINE
  5
8FB
330
17
100
AcDbEntity
  8
METRO_RW
100
AcDbLine
 10
348.70001898871527
 20
256.6999986436632
 30
0.0
 11
348.70001898871527
 21
259.1999986436632
 31
0.0
  0
LINE
  5
8FC
330
17
100
AcDbEntity
  8
METRO_RW
100
AcDbLine
 10
348.8000149197049
 20
279.1999986436632
 30
0.0
 11
348.8000149197049
 21
281.6999986436632
 31
0.0
  0
LINE
  5
8FD
330
17
100
AcDbEntity
  8
METRO_RW
100
AcDbLine
 10
348.90001085069446
 20
301.73333062065973
 30
0.0
 11
348.90001085069446
 21
304.23333062065973
 31
0.0
  0
LINE
  5
8FE
330
17
100
AcDbEntity
  8
METRO_RW
100
AcDbLine
 10
349.03333875868054
 20
336.19998508029516
 30
0.0
 11
349.03333875868054
 21
338.69998508029516
 31
0.0
  0
LINE
  5
8FF
330
17
100
AcDbEntity
  8
METRO_RW
100
AcDbLine
 10
349.13333468967016
 20
358.69998508029516
 30
0.0
 11
349.13333468967016
 21
361.19998508029516
 31
0.0
  0
LINE
  5
900
330
17
100
AcDbEntity
  8
METRO_RW
100
AcDbLine
 10
349.23333062065973
 20
381.19998508029516
 30
0.0
 11
349.23333062065973
 21
383.69998508029516
 31
0.0
  0
LINE
  5
901
330
17
100
AcDbEntity
  8
METRO_RW
100
AcDbLine
 10
349.4000244140625
 20
426.19998508029516
 30
0.0
 11
349.433356391059
 21
432.9666476779514
 31
0.0
  0
LINE
  5
902
330
17
100
AcDbEntity
  8
METRO_RW
100
AcDbLine
 10
349.29999457465277
 20
403.69998508029516
 30
0.0
 11
349.3333265516493
 21
406.19998508029516
 31
0.0
  0
LINE
  5
903
330
17
100
AcDbEntity
  8
METRO_RW
100
AcDbLine
 10
144.20003255208334
 20
254.16666666666669
 30
0.0
 11
144.80000813802084
 21
254.16666666666669
 31
0.0
  0
LINE
  5
904
330
17
100
AcDbEntity
  8
METRO_RW
100
AcDbLine
 10
152.30000813802084
 20
254.13333468967016
 30
0.0
 11
167.30000813802084
 21
254.10000271267361
 31
0.0
  0
LINE
  5
905
330
17
100
AcDbEntity
  8
METRO_RW
100
AcDbLine
 10
174.80000813802084
 20
254.10000271267361
 30
0.0
 11
189.80000813802084
 21
254.06665378146704
 31
0.0
  0
LINE
  5
906
330
17
100
AcDbEntity
  8
METRO_RW
100
AcDbLine
 10
197.30000813802084
 20
254.0333218044705
 30
0.0
 11
212.30000813802084
 21
253.99998982747397
 31
0.0
  0
LINE
  5
907
330
17
100
AcDbEntity
  8
METRO_RW
100
AcDbLine
 10
219.80000813802084
 20
253.99998982747397
 30
0.0
 11
234.83334011501736
 21
253.96665785047745
 31
0.0
  0
LINE
  5
908
330
17
100
AcDbEntity
  8
METRO_RW
100
AcDbLine
 10
242.33334011501736
 20
253.93332587348092
 30
0.0
 11
257.3333401150174
 21
253.89999389648438
 31
0.0
  0
LINE
  5
909
330
17
100
AcDbEntity
  8
METRO_RW
100
AcDbLine
 10
287.3333401150174
 20
253.83332994249133
 30
0.0
 11
302.3333401150174
 21
253.7999979654948
 31
0.0
  0
LINE
  5
90A
330
17
100
AcDbEntity
  8
METRO_RW
100
AcDbLine
 10
309.8333401150174
 20
253.7666659884983
 30
0.0
 11
324.8333401150174
 21
253.73333401150174
 31
0.0
  0
LINE
  5
90B
330
17
100
AcDbEntity
  8
METRO_RW
100
AcDbLine
 10
332.3333401150174
 20
253.73333401150174
 30
0.0
 11
347.3333401150174
 21
253.70000203450522
 31
0.0
  0
LINE
  5
90C
330
17
100
AcDbEntity
  8
METRO_RW
100
AcDbLine
 10
354.8333401150174
 20
253.66665310329861
 30
0.0
 11
369.8333401150174
 21
253.6333211263021
 31
0.0
  0
LINE
  5
90D
330
17
100
AcDbEntity
  8
METRO_RW
100
AcDbLine
 10
377.3333401150174
 20
253.6333211263021
 30
0.0
 11
392.3333401150174
 21
253.59998914930557
 31
0.0
  0
LINE
  5
90E
330
17
100
AcDbEntity
  8
METRO_RW
100
AcDbLine
 10
399.8333401150174
 20
253.56665717230905
 30
0.0
 11
414.8333401150174
 21
253.5333251953125
 31
0.0
  0
LINE
  5
90F
330
17
100
AcDbEntity
  8
METRO_RW
100
AcDbLine
 10
422.3333401150174
 20
253.5333251953125
 30
0.0
 11
437.3333401150174
 21
253.49999321831598
 31
0.0
  0
LINE
  5
910
330
17
100
AcDbEntity
  8
METRO_RW
100
AcDbLine
 10
444.8333401150174
 20
253.46666124131946
 30
0.0
 11
459.8333401150174
 21
253.43332926432294
 31
0.0
  0
LINE
  5
911
330
17
100
AcDbEntity
  8
METRO_RW
100
AcDbLine
 10
467.3666720920139
 20
253.3999972873264
 30
0.0
 11
482.3666720920139
 21
253.36666531032986
 31
0.0
  0
LINE
  5
912
330
17
100
AcDbEntity
  8
METRO_RW
100
AcDbLine
 10
489.8666720920139
 20
253.36666531032986
 30
0.0
 11
504.8666720920139
 21
253.33333333333334
 31
0.0
  0
LINE
  5
913
330
17
100
AcDbEntity
  8
METRO_RW
100
AcDbLine
 10
512.3666720920139
 20
253.30000135633682
 30
0.0
 11
524.933336046007
 21
253.2666693793403
 31
0.0
  0
LINE
  5
914
330
17
100
AcDbEntity
  8
METRO_RW
100
AcDbLine
 10
147.30000813802084
 20
254.16666666666669
 30
0.0
 11
149.80000813802084
 21
254.13333468967016
 31
0.0
  0
LINE
  5
915
330
17
100
AcDbEntity
  8
METRO_RW
100
AcDbLine
 10
169.80000813802084
 20
254.10000271267361
 30
0.0
 11
172.30000813802084
 21
254.10000271267361
 31
0.0
  0
LINE
  5
916
330
17
100
AcDbEntity
  8
METRO_RW
100
AcDbLine
 10
214.80000813802084
 20
253.99998982747397
 30
0.0
 11
217.30000813802084
 21
253.99998982747397
 31
0.0
  0
LINE
  5
917
330
17
100
AcDbEntity
  8
METRO_RW
100
AcDbLine
 10
237.33334011501736
 20
253.93332587348092
 30
0.0
 11
239.83334011501736
 21
253.93332587348092
 31
0.0
  0
LINE
  5
918
330
17
100
AcDbEntity
  8
METRO_RW
100
AcDbLine
 10
259.8333401150174
 20
253.89999389648438
 30
0.0
 11
262.3333401150174
 21
253.89999389648438
 31
0.0
  0
LINE
  5
919
330
17
100
AcDbEntity
  8
METRO_RW
100
AcDbLine
 10
282.3333401150174
 20
253.83332994249133
 30
0.0
 11
284.8333401150174
 21
253.83332994249133
 31
0.0
  0
LINE
  5
91A
330
17
100
AcDbEntity
  8
METRO_RW
100
AcDbLine
 10
304.8333401150174
 20
253.7999979654948
 30
0.0
 11
307.3333401150174
 21
253.7999979654948
 31
0.0
  0
LINE
  5
91B
330
17
100
AcDbEntity
  8
METRO_RW
100
AcDbLine
 10
327.3333401150174
 20
253.73333401150174
 30
0.0
 11
329.8333401150174
 21
253.73333401150174
 31
0.0
  0
LINE
  5
91C
330
17
100
AcDbEntity
  8
METRO_RW
100
AcDbLine
 10
372.3333401150174
 20
253.6333211263021
 30
0.0
 11
374.8333401150174
 21
253.6333211263021
 31
0.0
  0
LINE
  5
91D
330
17
100
AcDbEntity
  8
METRO_RW
100
AcDbLine
 10
192.30000813802084
 20
254.06665378146704
 30
0.0
 11
194.80000813802084
 21
254.0333218044705
 31
0.0
  0
LINE
  5
91E
330
17
100
AcDbEntity
  8
METRO_RW
100
AcDbLine
 10
264.8333401150174
 20
253.89999389648438
 30
0.0
 11
279.8333401150174
 21
253.83332994249133
 31
0.0
  0
LINE
  5
91F
330
17
100
AcDbEntity
  8
METRO_RW
100
AcDbLine
 10
349.8333401150174
 20
253.70000203450522
 30
0.0
 11
352.3333401150174
 21
253.66665310329861
 31
0.0
  0
LINE
  5
920
330
17
100
AcDbEntity
  8
METRO_RW
100
AcDbLine
 10
394.8333401150174
 20
253.56665717230905
 30
0.0
 11
397.3333401150174
 21
253.56665717230905
 31
0.0
  0
LINE
  5
921
330
17
100
AcDbEntity
  8
METRO_RW
100
AcDbLine
 10
417.3333401150174
 20
253.5333251953125
 30
0.0
 11
419.8333401150174
 21
253.5333251953125
 31
0.0
  0
LINE
  5
922
330
17
100
AcDbEntity
  8
METRO_RW
100
AcDbLine
 10
439.8333401150174
 20
253.46666124131946
 30
0.0
 11
442.3333401150174
 21
253.46666124131946
 31
0.0
  0
LINE
  5
923
330
17
100
AcDbEntity
  8
METRO_RW
100
AcDbLine
 10
462.3333401150174
 20
253.43332926432294
 30
0.0
 11
464.8333401150174
 21
253.43332926432294
 31
0.0
  0
LINE
  5
924
330
17
100
AcDbEntity
  8
METRO_RW
100
AcDbLine
 10
484.8666720920139
 20
253.36666531032986
 30
0.0
 11
487.3666720920139
 21
253.36666531032986
 31
0.0
  0
LINE
  5
925
330
17
100
AcDbEntity
  8
METRO_RW
100
AcDbLine
 10
507.3666720920139
 20
253.33333333333334
 30
0.0
 11
509.8666720920139
 21
253.33333333333334
 31
0.0
  0
LINE
  5
926
330
17
100
AcDbEntity
  8
METRO_RW
100
AcDbLine
 10
144.20003255208334
 20
240.16665988498264
 30
0.0
 11
144.76671006944446
 21
240.16665988498264
 31
0.0
  0
LINE
  5
927
330
17
100
AcDbEntity
  8
METRO_RW
100
AcDbLine
 10
169.76667616102432
 20
240.0999959309896
 30
0.0
 11
172.26667616102432
 21
240.0999959309896
 31
0.0
  0
LINE
  5
928
330
17
100
AcDbEntity
  8
METRO_RW
100
AcDbLine
 10
214.80000813802084
 20
240.0
 30
0.0
 11
217.30000813802084
 21
240.0
 31
0.0
  0
LINE
  5
929
330
17
100
AcDbEntity
  8
METRO_RW
100
AcDbLine
 10
237.30000813802084
 20
239.93333604600696
 30
0.0
 11
239.80000813802084
 21
239.93333604600696
 31
0.0
  0
LINE
  5
92A
330
17
100
AcDbEntity
  8
METRO_RW
100
AcDbLine
 10
259.80000813802087
 20
239.89998711480035
 30
0.0
 11
262.30000813802087
 21
239.89998711480035
 31
0.0
  0
LINE
  5
92B
330
17
100
AcDbEntity
  8
METRO_RW
100
AcDbLine
 10
282.30000813802087
 20
239.8333231608073
 30
0.0
 11
284.80000813802087
 21
239.8333231608073
 31
0.0
  0
LINE
  5
92C
330
17
100
AcDbEntity
  8
METRO_RW
100
AcDbLine
 10
304.80000813802087
 20
239.79999118381076
 30
0.0
 11
307.30000813802087
 21
239.79999118381076
 31
0.0
  0
LINE
  5
92D
330
17
100
AcDbEntity
  8
METRO_RW
100
AcDbLine
 10
327.30000813802087
 20
239.73332722981772
 30
0.0
 11
329.80000813802087
 21
239.73332722981772
 31
0.0
  0
LINE
  5
92E
330
17
100
AcDbEntity
  8
METRO_RW
100
AcDbLine
 10
147.26671006944446
 20
240.16665988498264
 30
0.0
 11
149.76671006944446
 21
240.13332790798611
 31
0.0
  0
LINE
  5
92F
330
17
100
AcDbEntity
  8
METRO_RW
100
AcDbLine
 10
152.26667616102432
 20
240.13332790798611
 30
0.0
 11
167.26667616102432
 21
240.0999959309896
 31
0.0
  0
LINE
  5
930
330
17
100
AcDbEntity
  8
METRO_RW
100
AcDbLine
 10
174.76667616102432
 20
240.0999959309896
 30
0.0
 11
189.76667616102432
 21
240.06666395399307
 31
0.0
  0
LINE
  5
931
330
17
100
AcDbEntity
  8
METRO_RW
100
AcDbLine
 10
197.26667616102432
 20
240.03333197699655
 30
0.0
 11
212.26667616102432
 21
240.0
 31
0.0
  0
LINE
  5
932
330
17
100
AcDbEntity
  8
METRO_RW
100
AcDbLine
 10
219.80000813802084
 20
240.0
 30
0.0
 11
234.80000813802084
 21
239.96666802300348
 31
0.0
  0
LINE
  5
933
330
17
100
AcDbEntity
  8
METRO_RW
100
AcDbLine
 10
242.30000813802084
 20
239.93333604600696
 30
0.0
 11
257.30000813802087
 21
239.89998711480035
 31
0.0
  0
LINE
  5
934
330
17
100
AcDbEntity
  8
METRO_RW
100
AcDbLine
 10
264.80000813802087
 20
239.86665513780383
 30
0.0
 11
279.80000813802087
 21
239.8333231608073
 31
0.0
  0
LINE
  5
935
330
17
100
AcDbEntity
  8
METRO_RW
100
AcDbLine
 10
287.30000813802087
 20
239.8333231608073
 30
0.0
 11
302.30000813802087
 21
239.79999118381076
 31
0.0
  0
LINE
  5
936
330
17
100
AcDbEntity
  8
METRO_RW
100
AcDbLine
 10
309.80000813802087
 20
239.76665920681424
 30
0.0
 11
324.80000813802087
 21
239.73332722981772
 31
0.0
  0
LINE
  5
937
330
17
100
AcDbEntity
  8
METRO_RW
100
AcDbLine
 10
332.30000813802087
 20
239.73332722981772
 30
0.0
 11
347.30000813802087
 21
239.6999952528212
 31
0.0
  0
LINE
  5
938
330
17
100
AcDbEntity
  8
METRO_RW
100
AcDbLine
 10
354.80000813802087
 20
239.66666327582467
 30
0.0
 11
369.80000813802087
 21
239.63333129882812
 31
0.0
  0
LINE
  5
939
330
17
100
AcDbEntity
  8
METRO_RW
100
AcDbLine
 10
377.30000813802087
 20
239.63333129882812
 30
0.0
 11
392.30000813802087
 21
239.5999993218316
 31
0.0
  0
LINE
  5
93A
330
17
100
AcDbEntity
  8
METRO_RW
100
AcDbLine
 10
399.80000813802087
 20
239.56666734483508
 30
0.0
 11
414.80000813802087
 21
239.53333536783856
 31
0.0
  0
LINE
  5
93B
330
17
100
AcDbEntity
  8
METRO_RW
100
AcDbLine
 10
422.30000813802087
 20
239.53333536783856
 30
0.0
 11
437.30000813802087
 21
239.49998643663196
 31
0.0
  0
LINE
  5
93C
330
17
100
AcDbEntity
  8
METRO_RW
100
AcDbLine
 10
444.80000813802087
 20
239.46665445963544
 30
0.0
 11
459.8333401150174
 21
239.43332248263889
 31
0.0
  0
LINE
  5
93D
330
17
100
AcDbEntity
  8
METRO_RW
100
AcDbLine
 10
467.3333401150174
 20
239.39999050564236
 30
0.0
 11
482.3333401150174
 21
239.36665852864584
 31
0.0
  0
LINE
  5
93E
330
17
100
AcDbEntity
  8
METRO_RW
100
AcDbLine
 10
489.8333401150174
 20
239.36665852864584
 30
0.0
 11
504.8333401150174
 21
239.33332655164932
 31
0.0
  0
LINE
  5
93F
330
17
100
AcDbEntity
  8
METRO_RW
100
AcDbLine
 10
512.3333401150173
 20
239.2999945746528
 30
0.0
 11
524.933336046007
 21
239.26666259765625
 31
0.0
  0
LINE
  5
940
330
17
100
AcDbEntity
  8
METRO_RW
100
AcDbLine
 10
192.26667616102432
 20
240.06666395399307
 30
0.0
 11
194.76667616102432
 21
240.03333197699655
 31
0.0
  0
LINE
  5
941
330
17
100
AcDbEntity
  8
METRO_RW
100
AcDbLine
 10
349.80000813802087
 20
239.6999952528212
 30
0.0
 11
352.30000813802087
 21
239.66666327582467
 31
0.0
  0
LINE
  5
942
330
17
100
AcDbEntity
  8
METRO_RW
100
AcDbLine
 10
372.30000813802087
 20
239.63333129882812
 30
0.0
 11
374.80000813802087
 21
239.63333129882812
 31
0.0
  0
LINE
  5
943
330
17
100
AcDbEntity
  8
METRO_RW
100
AcDbLine
 10
394.80000813802087
 20
239.56666734483508
 30
0.0
 11
397.30000813802087
 21
239.56666734483508
 31
0.0
  0
LINE
  5
944
330
17
100
AcDbEntity
  8
METRO_RW
100
AcDbLine
 10
417.30000813802087
 20
239.53333536783856
 30
0.0
 11
419.80000813802087
 21
239.53333536783856
 31
0.0
  0
LINE
  5
945
330
17
100
AcDbEntity
  8
METRO_RW
100
AcDbLine
 10
439.80000813802087
 20
239.46665445963544
 30
0.0
 11
442.30000813802087
 21
239.46665445963544
 31
0.0
  0
LINE
  5
946
330
17
100
AcDbEntity
  8
METRO_RW
100
AcDbLine
 10
462.3333401150174
 20
239.43332248263889
 30
0.0
 11
464.8333401150174
 21
239.43332248263889
 31
0.0
  0
LINE
  5
947
330
17
100
AcDbEntity
  8
METRO_RW
100
AcDbLine
 10
484.8333401150174
 20
239.36665852864584
 30
0.0
 11
487.3333401150174
 21
239.36665852864584
 31
0.0
  0
LWPOLYLINE
  5
948
330
17
100
AcDbEntity
  8
METRO_RW
100
AcDbPolyline
 90
3
 70
0
 10
302.73335774739587
 20
290.8999972873264
 10
306.8333265516493
 20
286.79999457465277
 10
306.79999457465277
 20
281.79999457465277
  0
LWPOLYLINE
  5
949
330
17
100
AcDbEntity
  8
METRO_RW
100
AcDbPolyline
 90
3
 70
0
 10
306.500006781684
 20
211.76666259765625
 10
306.4666748046875
 20
206.7999945746528
 10
302.3333401150174
 20
202.66665988498264
  0
LWPOLYLINE
  5
94A
330
17
100
AcDbEntity
  8
METRO_RW
100
AcDbPolyline
 90
3
 70
0
 10
394.56668429904516
 20
202.46666802300348
 10
390.4666815863715
 20
206.60000271267361
 10
390.5000135633681
 20
211.60000271267361
  0
LWPOLYLINE
  5
94B
330
17
100
AcDbEntity
  8
METRO_RW
100
AcDbPolyline
 90
3
 70
0
 10
390.80000135633685
 20
281.59998575846356
 10
390.83333333333337
 20
286.60000271267364
 10
394.9666680230035
 20
290.70000542534723
  0
LWPOLYLINE
  5
94C
330
17
100
AcDbEntity
  8
METRO_RW
100
AcDbPolyline
 90
3
 70
0
 10
348.90001085069446
 20
306.73333062065973
 10
348.9666748046875
 20
316.73333062065973
 10
349.03333875868054
 20
333.69998508029516
  0
LWPOLYLINE
  5
94E
330
17
100
AcDbEntity
  8
ALCANTARILLADO
100
AcDbPolyline
 90
3
 70
0
 10
300.96666124131946
 20
177.5
 10
303.6000230577257
 20
176.83332655164932
 10
306.76666259765625
 20
175.93332926432294
  0
LWPOLYLINE
  5
94F
330
17
100
AcDbEntity
  8
ALCANTARILLADO
100
AcDbPolyline
 90
3
 70
0
 10
281.03335910373266
 20
182.16666327582467
 10
282.933349609375
 20
181.7999945746528
 10
286.9000244140625
 20
180.89999728732639
  0
LWPOLYLINE
  5
950
330
17
100
AcDbEntity
  8
ALCANTARILLADO
100
AcDbPolyline
 90
3
 70
0
 10
270.73333740234375
 20
184.16666666666669
 10
275.999993218316
 20
183.19998847113717
 10
276.63333468967016
 20
183.06666056315106
  0
LWPOLYLINE
  5
951
330
17
100
AcDbEntity
  8
ALCANTARILLADO
100
AcDbPolyline
 90
3
 70
0
 10
267.8000217013889
 20
184.6999952528212
 10
269.03333875868054
 20
184.500003390842
 10
269.7666761610243
 20
184.36665852864584
  0
LWPOLYLINE
  5
952
330
17
100
AcDbEntity
  8
ALCANTARILLADO
100
AcDbPolyline
 90
3
 70
0
 10
260.8999972873264
 20
185.83333333333334
 10
262.06668429904516
 20
185.66665649414062
 10
266.79999457465277
 20
184.86665513780383
  0
LWPOLYLINE
  5
953
330
17
100
AcDbEntity
  8
ALCANTARILLADO
100
AcDbPolyline
 90
5
 70
0
 10
247.53333197699655
 20
187.69999186197919
 10
248.0333455403646
 20
187.63332790798611
 10
250.50001356336807
 20
187.3333231608073
 10
255.03333197699655
 20
186.73333062065973
 10
256.4666748046875
 20
186.49998982747397
  0
LWPOLYLINE
  5
954
330
17
100
AcDbEntity
  8
ALCANTARILLADO
100
AcDbPolyline
 90
3
 70
0
 10
240.56667751736111
 20
188.49999321831598
 10
241.00002712673611
 20
188.43332926432294
 10
246.53333875868057
 20
187.79998779296875
  0
LWPOLYLINE
  5
955
330
17
100
AcDbEntity
  8
ALCANTARILLADO
100
AcDbPolyline
 90
3
 70
0
 10
230.13332790798611
 20
189.43332248263889
 10
233.93334282769098
 20
189.13333468967014
 10
236.1000230577257
 20
188.93332587348092
  0
LWPOLYLINE
  5
956
330
17
100
AcDbEntity
  8
ALCANTARILLADO
100
AcDbPolyline
 90
3
 70
0
 10
209.70001220703125
 20
190.499996609158
 10
212.73335774739584
 20
190.43333265516495
 10
215.6666734483507
 20
190.29998779296875
  0
LINE
  5
957
330
17
100
AcDbEntity
  8
ALCANTARILLADO
100
AcDbLine
 10
199.70001220703125
 20
190.66665649414062
 30
0.0
 11
205.6666734483507
 21
190.59999254014758
 31
0.0
  0
LWPOLYLINE
  5
958
330
17
100
AcDbEntity
  8
ALCANTARILLADO
100
AcDbPolyline
 90
5
 70
0
 10
144.20003255208334
 20
167.63332790798611
 10
161.1000230577257
 20
167.69999186197919
 10
199.0666707356771
 20
167.83333672417535
 10
222.56666395399307
 20
167.93333265516495
 10
239.03333875868057
 20
167.999996609158
  0
LINE
  5
959
330
17
100
AcDbEntity
  8
ALCANTARILLADO
100
AcDbLine
 10
420.8666653103299
 20
143.26666937934027
 30
0.0
 11
420.93332926432294
 21
339.0666707356771
 31
0.0
  0
LINE
  5
95A
330
17
100
AcDbEntity
  8
ALCANTARILLADO
100
AcDbLine
 10
415.6333414713542
 20
144.93333604600696
 30
0.0
 11
415.73333740234375
 21
338.83331298828125
 31
0.0
  0
LINE
  5
95B
330
17
100
AcDbEntity
  8
ALCANTARILLADO
100
AcDbLine
 10
477.30000813802087
 20
123.7999979654948
 30
0.0
 11
492.5666639539931
 21
118.93333435058594
 31
0.0
1001
PDFCAD
1000
nota=EX. 48" RCP, SANITARY SEWER
1000
diametro=48
1000
material=RCP
1000
RCP=Reinforced Concrete Pipe (concreto reforzado)
1000
EX=Existing (existente)
1000
SEWER=Sanitary Sewer
  0
LINE
  5
95C
330
17
100
AcDbEntity
  8
ALCANTARILLADO
100
AcDbLine
 10
516.366678873698
 20
111.36666191948785
 30
0.0
 11
524.933336046007
 21
108.66666158040366
 31
0.0
  0
LINE
  5
95D
330
17
100
AcDbEntity
  8
ALCANTARILLADO
100
AcDbLine
 10
340.23335774739587
 20
165.86666531032986
 30
0.0
 11
355.56667751736114
 21
161.20000203450522
 31
0.0
  0
LINE
  5
95E
330
17
100
AcDbEntity
  8
ALCANTARILLADO
100
AcDbLine
 10
408.566657172309
 20
144.96666802300348
 30
0.0
 11
424.33332655164935
 21
140.16665988498264
 31
0.0
  0
LINE
  5
95F
330
17
100
AcDbEntity
  8
ALCANTARILLADO
100
AcDbLine
 10
369.4000244140625
 20
156.9666714138455
 30
0.0
 11
404.73334418402777
 21
146.13333808051215
 31
0.0
  0
LINE
  5
960
330
17
100
AcDbEntity
  8
ALCANTARILLADO
100
AcDbLine
 10
158.23333740234375
 20
190.66665649414062
 30
0.0
 11
195.20002577039932
 21
190.66665649414062
 31
0.0
  0
LWPOLYLINE
  5
961
330
17
100
AcDbEntity
  8
ALCANTARILLADO
100
AcDbPolyline
 90
5
 70
0
 10
319.46668836805554
 20
323.8999769422743
 10
328.8333468967014
 20
323.8999769422743
 10
330.2666897243924
 20
219.066653781467
 10
327.40000406901044
 20
219.066653781467
 10
327.40000406901044
 20
321.6666666666667
  0
LINE
  5
962
330
17
100
AcDbEntity
  8
ALCANTARILLADO
100
AcDbLine
 10
291.96668836805554
 20
323.9666748046875
 30
0.0
 11
307.9666815863715
 21
323.933342827691
 31
0.0
  0
LINE
  5
963
330
17
100
AcDbEntity
  8
ALCANTARILLADO
100
AcDbLine
 10
258.00001356336804
 20
324.03333875868054
 30
0.0
 11
280.50001356336804
 21
324.000006781684
 31
0.0
  0
LINE
  5
964
330
17
100
AcDbEntity
  8
ALCANTARILLADO
100
AcDbLine
 10
230.5333455403646
 20
324.10000271267364
 30
0.0
 11
246.53333875868057
 21
324.0666707356771
 31
0.0
1001
PDFCAD
1000
nota=EX. 8" VCP, SANITARY SEWER COLA, IN; 12" CASING, 140' IN LENGTH, COLA-SS,
1000
diametro=12
1000
material=VCP
1000
VCP=Vitrified Clay Pipe (arcilla vitrificada)
1000
EX=Existing (existente)
1000
SEWER=Sanitary Sewer
1000
SS=Sanitary Sewer (alcantarillado)
  0
LINE
  5
965
330
17
100
AcDbEntity
  8
ALCANTARILLADO
100
AcDbLine
 10
210.03333197699655
 20
324.13333468967016
 30
0.0
 11
219.03333875868057
 21
324.13333468967016
 31
0.0
  0
LINE
  5
966
330
17
100
AcDbEntity
  8
ALCANTARILLADO
100
AcDbLine
 10
196.5666707356771
 20
324.1666666666667
 30
0.0
 11
205.56667751736111
 21
324.1666666666667
 31
0.0
  0
LINE
  5
967
330
17
100
AcDbEntity
  8
ALCANTARILLADO
100
AcDbLine
 10
169.0666707356771
 20
324.23333062065973
 30
0.0
 11
185.06666395399307
 21
324.1999986436632
 31
0.0
1001
PDFCAD
1000
nota=EX. 8" VCP, SANITARY SEWER,
1000
diametro=8
1000
material=VCP
1000
VCP=Vitrified Clay Pipe (arcilla vitrificada)
1000
EX=Existing (existente)
1000
SEWER=Sanitary Sewer
  0
LINE
  5
968
330
17
100
AcDbEntity
  8
ALCANTARILLADO
100
AcDbLine
 10
148.59998914930557
 20
324.26666259765625
 30
0.0
 11
157.5999959309896
 21
324.26666259765625
 31
0.0
  0
LINE
  5
969
330
17
100
AcDbEntity
  8
ALCANTARILLADO
100
AcDbLine
 10
328.76668294270837
 20
171.46665785047745
 30
0.0
 11
328.76668294270837
 21
216.5333218044705
 31
0.0
  0
LINE
  5
96A
330
17
100
AcDbEntity
  8
ALCANTARILLADO
100
AcDbLine
 10
328.90001085069446
 20
324.0666707356771
 30
0.0
 11
328.90001085069446
 21
432.9666476779514
 31
0.0
  0
LINE
  5
96B
330
17
100
AcDbEntity
  8
ALCANTARILLADO
100
AcDbLine
 10
328.8000149197049
 20
226.566653781467
 30
0.0
 11
328.86667887369794
 21
317.5
 31
0.0
  0
LWPOLYLINE
  5
96D
330
17
100
AcDbEntity
  8
ELECTRICO
100
AcDbPolyline
 90
3
 70
0
 10
240.93332926432294
 20
157.40000406901044
 10
240.433349609375
 20
157.7333238389757
 10
242.36667209201389
 20
157.86666870117188
  0
TEXT
  5
970
330
17
100
AcDbEntity
  8
ANOTACION
100
AcDbText
 10
448.1333414713542
 20
241.96665445963544
 30
0.0
 40
1.5927829662958781
  1
159+00
 50
359.7965987891524
  7
CAD_TEXT
100
AcDbText
1001
PDFCAD
1000
estacion=159+00
  0
TEXT
  5
971
330
17
100
AcDbEntity
  8
ANOTACION
100
AcDbText
 10
248.10000949435764
 20
242.39998711480035
 30
0.0
 40
1.5927829662958781
  1
161+00
 50
359.7965987891524
  7
CAD_TEXT
100
AcDbText
1001
PDFCAD
1000
estacion=161+00
  0
TEXT
  5
972
330
17
100
AcDbEntity
  8
ANOTACION
100
AcDbText
 10
148.06667751736111
 20
242.63332790798611
 30
0.0
 40
1.5927829662958781
  1
162+00
 50
359.7965987891524
  7
CAD_TEXT
100
AcDbText
1001
PDFCAD
1000
estacion=162+00
  0
TEXT
  5
973
330
17
100
AcDbEntity
  8
ANOTACION
100
AcDbText
 10
353.5666910807292
 20
343.5333251953125
 30
0.0
 40
1.5927950461705525
  1
9+00
 50
89.69805100444961
  7
CAD_TEXT
100
AcDbText
1001
PDFCAD
1000
estacion=9+00
  0
TEXT
  5
974
330
17
100
AcDbEntity
  8
ANOTACION
100
AcDbText
 10
353.1333414713542
 20
242.66665988498264
 30
0.0
 40
1.592787194252014
  1
10+00
 50
89.75821081704365
  7
CAD_TEXT
100
AcDbText
1001
PDFCAD
1000
estacion=10+00
  0
TEXT
  5
975
330
17
100
AcDbEntity
  8
ANOTACION
100
AcDbText
 10
352.83335367838544
 20
172.66665988498264
 30
0.0
 40
1.592787194252014
  1
10+70
 50
89.75821081704365
  7
CAD_TEXT
100
AcDbText
1001
PDFCAD
1000
estacion=10+70
  0
TEXT
  5
976
330
17
100
AcDbEntity
  8
ANOTACION
100
AcDbText
 10
448.30000135633685
 20
311.96665445963544
 30
0.0
 40
1.5927829662958781
  1
159+00
 50
359.7965987891524
  7
CAD_TEXT
100
AcDbText
1001
PDFCAD
1000
estacion=159+00
  0
TEXT
  5
977
330
17
100
AcDbEntity
  8
ANOTACION
100
AcDbText
 10
348.3000013563368
 20
312.1666463216146
 30
0.0
 40
1.5927829662958781
  1
160+00
 50
359.7965987891524
  7
CAD_TEXT
100
AcDbText
1001
PDFCAD
1000
estacion=160+00
  0
TEXT
  5
978
330
17
100
AcDbEntity
  8
ANOTACION
100
AcDbText
 10
248.30000135633682
 20
312.40000406901044
 30
0.0
 40
1.5927829662958781
  1
161+00
 50
359.7965987891524
  7
CAD_TEXT
100
AcDbText
1001
PDFCAD
1000
estacion=161+00
  0
TEXT
  5
979
330
17
100
AcDbEntity
  8
ANOTACION
100
AcDbText
 10
148.26666937934027
 20
312.63332790798614
 30
0.0
 40
1.5927829662958781
  1
162+00
 50
359.7965987891524
  7
CAD_TEXT
100
AcDbText
1001
PDFCAD
1000
estacion=162+00
  0
TEXT
  5
97A
330
17
100
AcDbEntity
  8
ANOTACION
100
AcDbText
 10
447.933349609375
 20
171.96665445963544
 30
0.0
 40
1.5927829662958781
  1
159+00
 50
359.7965987891524
  7
CAD_TEXT
100
AcDbText
1001
PDFCAD
1000
estacion=159+00
  0
TEXT
  5
97B
330
17
100
AcDbEntity
  8
ANOTACION
100
AcDbText
 10
347.9000176323785
 20
172.16666327582465
 30
0.0
 40
1.5927829662958781
  1
160+00
 50
359.7965987891524
  7
CAD_TEXT
100
AcDbText
1001
PDFCAD
1000
estacion=160+00
  0
TEXT
  5
97C
330
17
100
AcDbEntity
  8
ANOTACION
100
AcDbText
 10
247.90001763237848
 20
172.40000406901044
 30
0.0
 40
1.5927829662958781
  1
161+00
 50
359.7965987891524
  7
CAD_TEXT
100
AcDbText
1001
PDFCAD
1000
estacion=161+00
  0
TEXT
  5
97D
330
17
100
AcDbEntity
  8
ANOTACION
100
AcDbText
 10
147.86668565538196
 20
172.63332790798611
 30
0.0
 40
1.5927829662958781
  1
162+00
 50
359.7965987891524
  7
CAD_TEXT
100
AcDbText
1001
PDFCAD
1000
estacion=162+00
  0
TEXT
  5
97E
330
17
100
AcDbEntity
  8
ANOTACION
100
AcDbText
 10
228.06667751736111
 20
91.8999989827474
 30
0.0
 40
1.9909910519917806
  1
EX. 8" WATER LINE, (Subs136c), LADWPWS,
  7
CAD_TEXT
100
AcDbText
1001
PDFCAD
1000
diametro=8
  0
TEXT
  5
97F
330
17
100
AcDbEntity
  8
ANOTACION
100
AcDbText
 10
228.13334147135419
 20
87.7000003390842
 30
0.0
 40
1.9909910519917806
  1
(172-162 CPRA), 12' E/ ℄
  7
CAD_TEXT
100
AcDbText
  0
TEXT
  5
980
330
17
100
AcDbEntity
  8
ANOTACION
100
AcDbText
 10
216.9000244140625
 20
346.76666259765625
 30
0.0
 40
1.9909943739573162
  1
EX. 4" STL, GAS LINE,
 50
90.10427819780111
  7
CAD_TEXT
100
AcDbText
1001
PDFCAD
1000
diametro=4
  0
TEXT
  5
981
330
17
100
AcDbEntity
  8
ANOTACION
100
AcDbText
 10
221.13335503472223
 20
346.8999905056424
 30
0.0
 40
1.99099543094635
  1
SHELL GAS ABAND., 14.6' N/ ℄
 50
90.12089390190677
  7
CAD_TEXT
100
AcDbText
  0
TEXT
  5
982
330
17
100
AcDbEntity
  8
ANOTACION
100
AcDbText
 10
443.30000135633685
 20
353.46666124131946
 30
0.0
 40
1.9909910519917806
  1
EX. 2" GAS LINE,(Subs136c),
 50
90.0
  7
CAD_TEXT
100
AcDbText
1001
PDFCAD
1000
diametro=2
  0
TEXT
  5
983
330
17
100
AcDbEntity
  8
ANOTACION
100
AcDbText
 10
447.5
 20
353.566657172309
 30
0.0
 40
1.9909910519917806
  1
SOCAL, 18' N/ ℄
 50
90.0
  7
CAD_TEXT
100
AcDbText
  0
TEXT
  5
984
330
17
100
AcDbEntity
  8
ANOTACION
100
AcDbText
 10
183.6000230577257
 20
346.79999457465277
 30
0.0
 40
1.9909910519917806
  1
EX. 8" WATER LINE, LADWPWS,
 50
90.0
  7
CAD_TEXT
100
AcDbText
1001
PDFCAD
1000
diametro=8
  0
TEXT
  5
985
330
17
100
AcDbEntity
  8
ANOTACION
100
AcDbText
 10
187.80002170138889
 20
346.86665852864587
 30
0.0
 40
1.9909910519917806
  1
(172-162 CPRA), 1.3' N/ ℄
 50
90.0
  7
CAD_TEXT
100
AcDbText
  0
TEXT
  5
986
330
17
100
AcDbEntity
  8
ANOTACION
100
AcDbText
 10
460.70000542534723
 20
353.46666124131946
 30
0.0
 40
1.9909910519917806
  1
EX. OVERHEAD POWER
 50
90.0
  7
CAD_TEXT
100
AcDbText
  0
TEXT
  5
987
330
17
100
AcDbEntity
  8
ANOTACION
100
AcDbText
 10
464.93333604600696
 20
353.46666124131946
 30
0.0
 40
1.9909910519917806
  1
LINES, LADWPPS
 50
90.0
  7
CAD_TEXT
100
AcDbText
  0
TEXT
  5
988
330
17
100
AcDbEntity
  8
ANOTACION
100
AcDbText
 10
168.86667887369794
 20
78.03332858615451
 30
0.0
 40
1.9909910519917806
  1
EX. 4" WATER LINE (ABAND), (Subs136c)
 50
90.0
  7
CAD_TEXT
100
AcDbText
1001
PDFCAD
1000
diametro=4
  0
TEXT
  5
989
330
17
100
AcDbEntity
  8
ANOTACION
100
AcDbText
 10
173.06667751736111
 20
114.56666734483507
 30
0.0
 40
1.9909910519917806
  1
LADWPWS, 12' S/ ℄
 50
90.0
  7
CAD_TEXT
100
AcDbText
  0
TEXT
  5
98A
330
17
100
AcDbEntity
  8
ANOTACION
100
AcDbText
 10
261.00002712673614
 20
381.500006781684
 30
0.0
 40
1.9909910519917806
  1
EX. GUTTER & CURB
  7
CAD_TEXT
100
AcDbText
  0
TEXT
  5
98B
330
17
100
AcDbEntity
  8
ANOTACION
100
AcDbText
 10
462.63332790798614
 20
74.7999996609158
 30
0.0
 40
1.9910005648930869
  1
EX. OVERHEAD TELECOM
 50
90.17589748082793
  7
CAD_TEXT
100
AcDbText
  0
TEXT
  5
98C
330
17
100
AcDbEntity
  8
ANOTACION
100
AcDbText
 10
473.4333631727431
 20
61.73333062065972
 30
0.0
 40
1.9909809350967405
  1
EX. 48" RCP, SANITARY SEWER
 50
90.18105587884419
  7
CAD_TEXT
100
AcDbText
1001
PDFCAD
1000
diametro=48
1000
material=RCP
  0
TEXT
  5
98D
330
17
100
AcDbEntity
  8
ANOTACION
100
AcDbText
 10
477.60002983940973
 20
73.19999694824219
 30
0.0
 40
1.9909809350967405
  1
(D-13600), COLA, VARIES
 50
90.18105587884419
  7
CAD_TEXT
100
AcDbText
  0
TEXT
  5
98E
330
17
100
AcDbEntity
  8
ANOTACION
100
AcDbText
 10
222.83335367838544
 20
95.83333333333334
 30
0.0
 40
1.9909910519917806
  1
EX. 24" HDPE, STORM DRAIN,
 50
90.0
  7
CAD_TEXT
100
AcDbText
1001
PDFCAD
1000
diametro=24
1000
material=HDPE
  0
TEXT
  5
98F
330
17
100
AcDbEntity
  8
ANOTACION
100
AcDbText
 10
227.03335232204861
 20
95.83333333333334
 30
0.0
 40
1.9909910519917806
  1
LACMTA, (D-33147), 5.2' S/ ℄
 50
90.0
  7
CAD_TEXT
100
AcDbText
  0
TEXT
  5
990
330
17
100
AcDbEntity
  8
ANOTACION
100
AcDbText
 10
171.5666707356771
 20
346.79999457465277
 30
0.0
 40
1.9909946759541828
  1
EX. 8" VCP, SANITARY SEWER,
 50
90.11000775520182
  7
CAD_TEXT
100
AcDbText
1001
PDFCAD
1000
diametro=8
1000
material=VCP
  0
TEXT
  5
991
330
17
100
AcDbEntity
  8
ANOTACION
100
AcDbText
 10
174.93333604600696
 20
346.8999905056424
 30
0.0
 40
1.990996789932251
  1
COLA-SS, (D-19020), 7' N/ ℄
 50
90.13750960655723
  7
CAD_TEXT
100
AcDbText
  0
TEXT
  5
992
330
17
100
AcDbEntity
  8
ANOTACION
100
AcDbText
 10
270.60000949435766
 20
102.36666361490886
 30
0.0
 40
1.9909910519917806
  1
EX.32" CONCRETE FIBER
 50
90.0
  7
CAD_TEXT
100
AcDbText
1001
PDFCAD
1000
diametro=32
  0
TEXT
  5
993
330
17
100
AcDbEntity
  8
ANOTACION
100
AcDbText
 10
274.8333401150174
 20
101.23333401150174
 30
0.0
 40
1.9909910519917806
  1
OPTIC CONDUIT, LACMTA
 50
90.0
  7
CAD_TEXT
100
AcDbText
  0
TEXT
  5
994
330
17
100
AcDbEntity
  8
ANOTACION
100
AcDbText
 10
279.03333875868054
 20
130.26666429307727
 30
0.0
 40
1.9909910519917806
  1
(ID-1052)
 50
90.0
  7
CAD_TEXT
100
AcDbText
  0
TEXT
  5
995
330
17
100
AcDbEntity
  8
ANOTACION
100
AcDbText
 10
419.0666707356771
 20
96.83333502875435
 30
0.0
 40
1.9909822940826414
  1
EX. UTILITY POLE
 50
90.19251502369337
  7
CAD_TEXT
100
AcDbText
  0
TEXT
  5
996
330
17
100
AcDbEntity
  8
ANOTACION
100
AcDbText
 10
210.70000542534723
 20
97.43332756890192
 30
0.0
 40
1.9909910519917806
  1
EX. 12" WATER LINE ABAND,
 50
90.0
  7
CAD_TEXT
100
AcDbText
1001
PDFCAD
1000
diametro=12
  0
TEXT
  5
997
330
17
100
AcDbEntity
  8
ANOTACION
100
AcDbText
 10
214.90000406901044
 20
94.76666768391928
 30
0.0
 40
1.9909910519917806
  1
(Subs136c), LADWPWS, 16' S/ ℄
 50
90.0
  7
CAD_TEXT
100
AcDbText
  0
TEXT
  5
998
330
17
100
AcDbEntity
  8
ANOTACION
100
AcDbText
 10
195.89999728732639
 20
97.79999627007379
 30
0.0
 40
1.9909910519917806
  1
EX. 2" GAS LINE, (Subs136c),
 50
90.0
  7
CAD_TEXT
100
AcDbText
1001
PDFCAD
1000
diametro=2
  0
TEXT
  5
999
330
17
100
AcDbEntity
  8
ANOTACION
100
AcDbText
 10
200.0999959309896
 20
120.80000135633681
 30
0.0
 40
1.9909910519917806
  1
SOCAL, 14' S/ ℄
 50
90.0
  7
CAD_TEXT
100
AcDbText
  0
TEXT
  5
99A
330
17
100
AcDbEntity
  8
ANOTACION
100
AcDbText
 10
233.7000189887153
 20
110.43333265516493
 30
0.0
 40
1.9909910519917806
  1
EX. 12" WATER LINE,
 50
90.0
  7
CAD_TEXT
100
AcDbText
1001
PDFCAD
1000
diametro=12
  0
TEXT
  5
99B
330
17
100
AcDbEntity
  8
ANOTACION
100
AcDbText
 10
237.90001763237848
 20
95.76666090223524
 30
0.0
 40
1.9909910519917806
  1
(Subs136c), LADWPWS,  6' S/ ℄
 50
90.0
  7
CAD_TEXT
100
AcDbText
  0
TEXT
  5
99C
330
17
100
AcDbEntity
  8
ANOTACION
100
AcDbText
 10
257.73335774739587
 20
108.89999389648438
 30
0.0
 40
1.9909910519917806
  1
EX. STL FIBER OPTIC
 50
90.0
  7
CAD_TEXT
100
AcDbText
  0
TEXT
  5
99D
330
17
100
AcDbEntity
  8
ANOTACION
100
AcDbText
 10
261.96668836805554
 20
112.66666836208768
 30
0.0
 40
1.9909910519917806
  1
CONDUIT, LACMTA
 50
90.0
  7
CAD_TEXT
100
AcDbText
  0
TEXT
  5
99E
330
17
100
AcDbEntity
  8
ANOTACION
100
AcDbText
 10
266.16668701171875
 20
127.53333197699654
 30
0.0
 40
1.9909910519917806
  1
(ID-1052U)
 50
90.0
  7
CAD_TEXT
100
AcDbText
  0
TEXT
  5
99F
330
17
100
AcDbEntity
  8
ANOTACION
100
AcDbText
 10
226.06669108072919
 20
358.0999755859375
 30
0.0
 40
1.9909910519917806
  1
EX. 8" VCP, SANITARY SEWER COLA, IN
  7
CAD_TEXT
100
AcDbText
1001
PDFCAD
1000
diametro=8
1000
material=VCP
  0
TEXT
  5
9A0
330
17
100
AcDbEntity
  8
ANOTACION
100
AcDbText
 10
227.33334011501736
 20
353.86664496527777
 30
0.0
 40
1.9909910519917806
  1
12" CASING, 140' IN LENGTH, COLA-SS,
  7
CAD_TEXT
100
AcDbText
1001
PDFCAD
1000
diametro=12
  0
TEXT
  5
9A1
330
17
100
AcDbEntity
  8
ANOTACION
100
AcDbText
 10
260.70000542534723
 20
349.6666463216146
 30
0.0
 40
1.9909910519917806
  1
(D-13862), 19.2' W/ ℄
  7
CAD_TEXT
100
AcDbText
  0
TEXT
  5
9A2
330
17
100
AcDbEntity
  8
ANOTACION
100
AcDbText
 10
240.23335774739584
 20
395.8666653103299
 30
0.0
 40
1.9909910519917806
  1
EX. 2" GAS LINE, SOCAL, 22' W/ ℄
  7
CAD_TEXT
100
AcDbText
1001
PDFCAD
1000
diametro=2
  0
TEXT
  5
9A3
330
17
100
AcDbEntity
  8
ANOTACION
100
AcDbText
 10
185.433349609375
 20
110.20000033908421
 30
0.0
 40
1.9909910519917806
  1
EX. CURB & GUTTER
 50
90.0
  7
CAD_TEXT
100
AcDbText
  0
TEXT
  5
9A4
330
17
100
AcDbEntity
  8
ANOTACION
100
AcDbText
 10
298.5666910807292
 20
97.5
 30
0.0
 40
1.9909910519917806
  1
EX. FH & LATERAL
 50
90.0
  7
CAD_TEXT
100
AcDbText
  0
TEXT
  5
9A5
330
17
100
AcDbEntity
  8
ANOTACION
100
AcDbText
 10
194.90000406901044
 20
346.4666748046875
 30
0.0
 40
1.9909910519917806
  1
EX. 24" HDPE, STORM DRAIN,
 50
90.0
  7
CAD_TEXT
100
AcDbText
1001
PDFCAD
1000
diametro=24
1000
material=HDPE
  0
TEXT
  5
9A6
330
17
100
AcDbEntity
  8
ANOTACION
100
AcDbText
 10
199.13333468967014
 20
346.4666748046875
 30
0.0
 40
1.9909910519917806
  1
LACMTA, (D-33147)
 50
90.0
  7
CAD_TEXT
100
AcDbText
  0
TEXT
  5
9A7
330
17
100
AcDbEntity
  8
ANOTACION
100
AcDbText
 10
206.93335639105905
 20
346.79999457465277
 30
0.0
 40
1.9909910519917806
  1
EX. STORM DRAIN CATCH BASIN
 50
90.0
  7
CAD_TEXT
100
AcDbText
  0
TEXT
  5
9A8
330
17
100
AcDbEntity
  8
ANOTACION
100
AcDbText
 10
211.13335503472223
 20
346.86665852864587
 30
0.0
 40
1.9909910519917806
  1
(42815461414005 ) , LACMTA, (D-33147)
 50
90.0
  7
CAD_TEXT
100
AcDbText
  0
TEXT
  5
9A9
330
17
100
AcDbEntity
  8
ANOTACION
100
AcDbText
 10
406.6666666666667
 20
89.63333129882812
 30
0.0
 40
1.9909910519917806
  1
EX. 24" HDPE, STORM DRAIN,
 50
90.0
  7
CAD_TEXT
100
AcDbText
1001
PDFCAD
1000
diametro=24
1000
material=HDPE
  0
TEXT
  5
9AA
330
17
100
AcDbEntity
  8
ANOTACION
100
AcDbText
 10
410.8666653103299
 20
90.66666497124567
 30
0.0
 40
1.9909910519917806
  1
LACMTA, (D-33147), (ID-3001)
 50
90.0
  7
CAD_TEXT
100
AcDbText
  0
TEXT
  5
9AB
330
17
100
AcDbEntity
  8
ANOTACION
100
AcDbText
 10
426.5333387586806
 20
102.0999993218316
 30
0.0
 40
1.9909963369369506
  1
EX. WATER LINE,
 50
89.86821994329105
  7
CAD_TEXT
100
AcDbText
  0
TEXT
  5
9AC
330
17
100
AcDbEntity
  8
ANOTACION
100
AcDbText
 10
430.73333740234375
 20
100.36666022406685
 30
0.0
 40
1.9909960349400837
  1
DWPWS, (ID-4051)
 50
89.87337653291932
  7
CAD_TEXT
100
AcDbText
  0
TEXT
  5
9AD
330
17
100
AcDbEntity
  8
ANOTACION
100
AcDbText
 10
425.0333319769965
 20
353.43332926432294
 30
0.0
 40
1.9909910519917806
  1
EX. 64" RIVETED STL WATER LINE,
 50
90.0
  7
CAD_TEXT
100
AcDbText
1001
PDFCAD
1000
diametro=64
  0
TEXT
  5
9AE
330
17
100
AcDbEntity
  8
ANOTACION
100
AcDbText
 10
429.23333062065973
 20
353.46666124131946
 30
0.0
 40
1.9909910519917806
  1
LADWPWS, (ID-4007)
 50
90.0
  7
CAD_TEXT
100
AcDbText
  0
TEXT
  5
9AF
330
17
100
AcDbEntity
  8
ANOTACION
100
AcDbText
 10
249.03333875868057
 20
112.06666734483507
 30
0.0
 40
1.9909910519917806
  1
EX. SSMH 42815025
 50
90.0
  7
CAD_TEXT
100
AcDbText
  0
TEXT
  5
9B0
330
17
100
AcDbEntity
  8
ANOTACION
100
AcDbText
 10
285.33335367838544
 20
112.0999993218316
 30
0.0
 40
1.9909910519917806
  1
EX. SSMH 42815027
 50
90.0
  7
CAD_TEXT
100
AcDbText
  0
TEXT
  5
9B1
330
17
100
AcDbEntity
  8
ANOTACION
100
AcDbText
 10
163.6000230577257
 20
288.1333414713542
 30
0.0
 40
1.9909910519917806
  1
METRO R/W
  7
CAD_TEXT
100
AcDbText
  0
TEXT
  5
9B2
330
17
100
AcDbEntity
  8
ANOTACION
100
AcDbText
 10
261.6666666666667
 20
370.5999755859375
 30
0.0
 40
1.9909910519917806
  1
EX. SSMH 42815010
  7
CAD_TEXT
100
AcDbText
  0
TEXT
  5
9B3
330
17
100
AcDbEntity
  8
ANOTACION
100
AcDbText
 10
435.36668565538196
 20
75.93332926432292
 30
0.0
 40
1.9909910519917806
  1
EX. 24" HDPE, STORM DRAIN,
 50
90.0
  7
CAD_TEXT
100
AcDbText
1001
PDFCAD
1000
diametro=24
1000
material=HDPE
  0
TEXT
  5
9B4
330
17
100
AcDbEntity
  8
ANOTACION
100
AcDbText
 10
439.566650390625
 20
93.70000203450522
 30
0.0
 40
1.9909910519917806
  1
LACMTA, (D-33147)
 50
90.0
  7
CAD_TEXT
100
AcDbText
  0
TEXT
  5
9B5
330
17
100
AcDbEntity
  8
ANOTACION
100
AcDbText
 10
473.70001898871527
 20
353.3000013563368
 30
0.0
 40
1.9909910519917806
  1
EX. CURB & CUTTER
 50
90.0
  7
CAD_TEXT
100
AcDbText
  0
TEXT
  5
9B6
330
17
100
AcDbEntity
  8
ANOTACION
100
AcDbText
 10
280.93332926432294
 20
250.43333265516495
 30
0.0
 40
1.9909943739573162
  1
DIP SD MH
 50
359.8957218021989
  7
CAD_TEXT
100
AcDbText
1001
PDFCAD
1000
material=DIP
  0
TEXT
  5
9B7
330
17
100
AcDbEntity
  8
ANOTACION
100
AcDbText
 10
491.500006781684
 20
218.7999979654948
 30
0.0
 40
1.9909910519917806
  1
DIP SD MH
  7
CAD_TEXT
100
AcDbText
1001
PDFCAD
1000
material=DIP
  0
TEXT
  5
9B8
330
17
100
AcDbEntity
  8
ANOTACION
100
AcDbText
 10
258.06667751736114
 20
412.2666422526042
 30
0.0
 40
1.9909910519917806
  1
EX.
  7
CAD_TEXT
100
AcDbText
  0
TEXT
  5
9B9
330
17
100
AcDbEntity
  8
ANOTACION
100
AcDbText
 10
268.20000542534723
 20
412.2666422526042
 30
0.0
 40
1.9909910519917806
  1
6" WATER LINE,
  7
CAD_TEXT
100
AcDbText
1001
PDFCAD
1000
diametro=6
  0
TEXT
  5
9BA
330
17
100
AcDbEntity
  8
ANOTACION
100
AcDbText
 10
229.46668836805557
 20
408.066643608941
 30
0.0
 40
1.9909910519917806
  1
(Subs136c), LADWPWS, 172-162 CPRA,
  7
CAD_TEXT
100
AcDbText
  0
TEXT
  5
9BB
330
17
100
AcDbEntity
  8
ANOTACION
100
AcDbText
 10
281.866692437066
 20
403.86664496527777
 30
0.0
 40
1.9909910519917806
  1
12' W/ ℄
  7
CAD_TEXT
100
AcDbText
  0
TEXT
  5
9BC
330
17
100
AcDbEntity
  8
ANOTACION
100
AcDbText
 10
127.30000813802084
 20
233.06666056315106
 30
0.0
 40
1.990705966949463
  1
100' METRO R/W
 50
90.0
  7
CAD_TEXT
100
AcDbText
  0
TEXT
  5
9BD
330
17
100
AcDbEntity
  8
ANOTACION
100
AcDbText
 10
546.1333550347223
 20
232.0999993218316
 30
0.0
 40
1.990705966949463
  1
100' METRO R/W
 50
90.0
  7
CAD_TEXT
100
AcDbText
  0
TEXT
  5
9BE
330
17
100
AcDbEntity
  8
ANOTACION
100
AcDbText
 10
504.36665852864587
 20
137.96666463216147
 30
0.0
 40
1.990705966949463
  1
R/W
  7
CAD_TEXT
100
AcDbText
  0
TEXT
  5
9BF
330
17
100
AcDbEntity
  8
ANOTACION
100
AcDbText
 10
503.7333170572917
 20
203.2666693793403
 30
0.0
 40
1.990705966949463
  1
METRO R/W
  7
CAD_TEXT
100
AcDbText
  0
TEXT
  5
9C0
330
17
100
AcDbEntity
  8
ANOTACION
100
AcDbText
 10
497.60002983940973
 20
287.5999959309896
 30
0.0
 40
1.990705966949463
  1
METRO R/W
  7
CAD_TEXT
100
AcDbText
  0
TEXT
  5
9C1
330
17
100
AcDbEntity
  8
ANOTACION
100
AcDbText
 10
504.49998643663196
 20
341.9333224826389
 30
0.0
 40
1.990705966949463
  1
R/W
  7
CAD_TEXT
100
AcDbText
  0
TEXT
  5
9C2
330
17
100
AcDbEntity
  8
ANOTACION
100
AcDbText
 10
148.5333251953125
 20
342.79998779296875
 30
0.0
 40
1.990705966949463
  1
R/W
  7
CAD_TEXT
100
AcDbText
  0
TEXT
  5
9C3
330
17
100
AcDbEntity
  8
ANOTACION
100
AcDbText
 10
283.23333740234375
 20
84.03333028157553
 30
0.0
 40
1.990705966949463
  1
R/W
  7
CAD_TEXT
100
AcDbText
  0
TEXT
  5
9C4
330
17
100
AcDbEntity
  8
ANOTACION
100
AcDbText
 10
401.86665852864587
 20
83.86666191948785
 30
0.0
 40
1.990705966949463
  1
R/W
  7
CAD_TEXT
100
AcDbText
  0
TEXT
  5
9C5
330
17
100
AcDbEntity
  8
ANOTACION
100
AcDbText
 10
147.86668565538196
 20
146.09998914930557
 30
0.0
 40
1.990705966949463
  1
R/W
  7
CAD_TEXT
100
AcDbText
  0
TEXT
  5
9C6
330
17
100
AcDbEntity
  8
ANOTACION
100
AcDbText
 10
290.6333414713542
 20
428.3999972873264
 30
0.0
 40
1.990705966949463
  1
R/W
  7
CAD_TEXT
100
AcDbText
  0
TEXT
  5
9C7
330
17
100
AcDbEntity
  8
ANOTACION
100
AcDbText
 10
390.0999959309896
 20
425.93332926432294
 30
0.0
 40
1.990705966949463
  1
R/W
  7
CAD_TEXT
100
AcDbText
  0
TEXT
  5
9C8
330
17
100
AcDbEntity
  8
ANOTACION
100
AcDbText
 10
155.83333333333334
 20
205.5333285861545
 30
0.0
 40
1.990705966949463
  1
METRO R/W
  7
CAD_TEXT
100
AcDbText
  0
TEXT
  5
9C9
330
17
100
AcDbEntity
  8
ANOTACION
100
AcDbText
 10
247.0000203450521
 20
303.7666490342882
 30
0.0
 40
1.990705966949463
  1
COLA EASEMENT
  7
CAD_TEXT
100
AcDbText
  0
TEXT
  5
9CA
330
17
100
AcDbEntity
  8
ANOTACION
100
AcDbText
 10
427.5333319769965
 20
270.16665988498266
 30
0.0
 40
1.990705966949463
  1
COLA EASEMENT
  7
CAD_TEXT
100
AcDbText
  0
TEXT
  5
9CB
330
17
100
AcDbEntity
  8
ANOTACION
100
AcDbText
 10
148.79998101128473
 20
263.8999938964844
 30
0.0
 40
1.990705966949463
  1
FUTURE LRT TRACK 1
  7
CAD_TEXT
100
AcDbText
  0
TEXT
  5
9CC
330
17
100
AcDbEntity
  8
ANOTACION
100
AcDbText
 10
150.83333333333334
 20
226.96665445963544
 30
0.0
 40
1.990705966949463
  1
FUTURE LRT TRACK 2
  7
CAD_TEXT
100
AcDbText
  0
TEXT
  5
9CD
330
17
100
AcDbEntity
  8
ANOTACION
100
AcDbText
 10
347.30000813802087
 20
357.0999823676215
 30
0.0
 40
2.488391971588135
  1
COLDWATER CANYON AVE
 50
90.0
  7
CAD_TEXT
100
AcDbText
  0
TEXT
  5
9CE
330
17
100
AcDbEntity
  8
ANOTACION
100
AcDbText
 10
352.5
 20
357.4666680230035
 30
0.0
 40
1.990705966949463
  1
"CW" LINE
 50
90.0
  7
CAD_TEXT
100
AcDbText
  0
TEXT
  5
9CF
330
17
100
AcDbEntity
  8
ANOTACION
100
AcDbText
 10
465.96666124131946
 20
317.89998372395837
 30
0.0
 40
2.488391971588135
  1
CHANDLER BLVD (NORTH)
  7
CAD_TEXT
100
AcDbText
  0
TEXT
  5
9D0
330
17
100
AcDbEntity
  8
ANOTACION
100
AcDbText
 10
466.3333468967014
 20
312.6999918619792
 30
0.0
 40
1.990705966949463
  1
"CH-N" LINE
  7
CAD_TEXT
100
AcDbText
  0
TEXT
  5
9D1
330
17
100
AcDbEntity
  8
ANOTACION
100
AcDbText
 10
463.4333631727431
 20
177.46666802300348
 30
0.0
 40
2.488391971588135
  1
CHANDLER BLVD (SOUTH)
  7
CAD_TEXT
100
AcDbText
  0
TEXT
  5
9D2
330
17
100
AcDbEntity
  8
ANOTACION
100
AcDbText
 10
463.79998101128473
 20
172.26665920681424
 30
0.0
 40
1.990705966949463
  1
"CH-S" LINE
  7
CAD_TEXT
100
AcDbText
  0
TEXT
  5
9D3
330
17
100
AcDbEntity
  8
ANOTACION
100
AcDbText
 10
209.46668836805557
 20
248.19998847113717
 30
0.0
 40
2.488391971588135
  1
METRO LINE BUSWAY
  7
CAD_TEXT
100
AcDbText
  0
TEXT
  5
9D4
330
17
100
AcDbEntity
  8
ANOTACION
100
AcDbText
 10
209.6333482530382
 20
243.0333285861545
 30
0.0
 40
1.990705966949463
  1
"B" LINE
  7
CAD_TEXT
100
AcDbText
  0
TEXT
  5
9D7
330
17
100
AcDbEntity
  8
METADATA
100
AcDbText
 10
0.0
 20
0.0
 30
0.0
 40
2.0
  1
hoja=PS85661000 | escala=1" = 20' | fecha=07-22-2025
  7
CAD_TEXT
100
AcDbText
1001
PDFCAD
1000
hoja=PS85661000
1000
escala=1" = 20'
1000
fecha=07-22-2025
  0
ENDSEC
  0
SECTION
  2
OBJECTS
  0
DICTIONARY
  5
A
330
0
100
AcDbDictionary
281
1
  3
ACAD_COLOR
350
B
  3
ACAD_GROUP
350
C
  3
ACAD_LAYOUT
350
D
  3
ACAD_MATERIAL
350
E
  3
ACAD_MLEADERSTYLE
350
F
  3
ACAD_MLINESTYLE
350
10
  3
ACAD_PLOTSETTINGS
350
11
  3
ACAD_PLOTSTYLENAME
350
12
  3
ACAD_SCALELIST
350
14
  3
ACAD_TABLESTYLE
350
15
  3
ACAD_VISUALSTYLE
350
16
  3
EZDXF_META
350
2D
  0
DICTIONARY
  5
B
330
A
100
AcDbDictionary
281
1
  0
DICTIONARY
  5
C
330
A
100
AcDbDictionary
281
1
  0
DICTIONARY
  5
D
330
A
100
AcDbDictionary
281
1
  3
Model
350
1A
  3
Layout1
350
1E
  0
DICTIONARY
  5
E
330
A
100
AcDbDictionary
281
1
  3
ByBlock
350
1F
  3
ByLayer
350
20
  3
Global
350
21
  0
DICTIONARY
  5
F
330
A
100
AcDbDictionary
281
1
  3
Standard
350
2C
  0
DICTIONARY
  5
10
330
A
100
AcDbDictionary
281
1
  3
Standard
350
22
  0
DICTIONARY
  5
11
330
A
100
AcDbDictionary
281
1
  0
ACDBDICTIONARYWDFLT
  5
12
330
A
100
AcDbDictionary
281
1
  3
Normal
350
13
100
AcDbDictionaryWithDefault
340
13
  0
ACDBPLACEHOLDER
  5
13
330
12
  0
DICTIONARY
  5
14
330
A
100
AcDbDictionary
281
1
  0
DICTIONARY
  5
15
330
A
100
AcDbDictionary
281
1
  0
DICTIONARY
  5
16
330
A
100
AcDbDictionary
281
1
  3
2dWireframe
350
5A
  3
Basic
350
5B
  3
Brighten
350
5C
  3
ColorChange
350
5D
  3
Conceptual
350
5E
  3
Dim
350
5F
  3
EdgeColorOff
350
60
  3
Facepattern
350
61
  3
Flat
350
62
  3
FlatWithEdges
350
63
  3
Gouraud
350
64
  3
GouraudWithEdges
350
65
  3
Hidden
350
66
  3
JitterOff
350
67
  3
Linepattern
350
68
  3
Modeling
350
69
  3
OverhangOff
350
6A
  3
Realistic
350
6B
  3
Shaded
350
6C
  3
Shaded with edges
350
6D
  3
Shades of Gray
350
6E
  3
Sketchy
350
6F
  3
Thicken
350
70
  3
Wireframe
350
71
  3
X-Ray
350
72
  0
LAYOUT
  5
1A
330
D
100
AcDbPlotSettings
  1

  4
A3
  6

 40
7.5
 41
20.0
 42
7.5
 43
20.0
 44
420.0
 45
297.0
 46
0.0
 47
0.0
 48
0.0
 49
0.0
140
0.0
141
0.0
142
1.0
143
1.0
 70
1024
 72
1
 73
0
 74
5
  7

 75
16
 76
0
 77
2
 78
300
147
1.0
148
0.0
149
0.0
100
AcDbLayout
  1
Model
 70
1
 71
0
 10
0.0
 20
0.0
 11
420.0
 21
297.0
 12
0.0
 22
0.0
 32
0.0
 14
1e+20
 24
1e+20
 34
1e+20
 15
-1e+20
 25
-1e+20
 35
-1e+20
146
0.0
 13
0.0
 23
0.0
 33
0.0
 16
1.0
 26
0.0
 36
0.0
 17
0.0
 27
1.0
 37
0.0
 76
1
330
17
  0
LAYOUT
  5
1E
330
D
100
AcDbPlotSettings
  1

  4
A3
  6

 40
7.5
 41
20.0
 42
7.5
 43
20.0
 44
420.0
 45
297.0
 46
0.0
 47
0.0
 48
0.0
 49
0.0
140
0.0
141
0.0
142
1.0
143
1.0
 70
0
 72
1
 73
0
 74
5
  7

 75
16
 76
0
 77
2
 78
300
147
1.0
148
0.0
149
0.0
100
AcDbLayout
  1
Layout1
 70
1
 71
1
 10
0.0
 20
0.0
 11
420.0
 21
297.0
 12
0.0
 22
0.0
 32
0.0
 14
1e+20
 24
1e+20
 34
1e+20
 15
-1e+20
 25
-1e+20
 35
-1e+20
146
0.0
 13
0.0
 23
0.0
 33
0.0
 16
1.0
 26
0.0
 36
0.0
 17
0.0
 27
1.0
 37
0.0
 76
1
330
1B
  0
MATERIAL
  5
1F
102
{ACAD_REACTORS
330
E
102
}
330
E
100
AcDbMaterial
  1
ByBlock
  2

 70
0
 40
1.0
 71
1
 41
1.0
 91
-1023410177
 42
1.0
 72
1
  3

 73
1
 74
1
 75
1
 44
0.5
 73
0
 45
1.0
 46
1.0
 77
1
  4

 78
1
 79
1
170
1
 48
1.0
171
1
  6

172
1
173
1
174
1
140
1.0
141
1.0
175
1
  7

176
1
177
1
178
1
143
1.0
179
1
  8

270
1
271
1
272
1
145
1.0
146
1.0
273
1
  9

274
1
275
1
276
1
 42
1.0
 72
1
  3

 73
1
 74
1
 75
1
 94
63
  0
MATERIAL
  5
20
102
{ACAD_REACTORS
330
E
102
}
330
E
100
AcDbMaterial
  1
ByLayer
  2

 70
0
 40
1.0
 71
1
 41
1.0
 91
-1023410177
 42
1.0
 72
1
  3

 73
1
 74
1
 75
1
 44
0.5
 73
0
 45
1.0
 46
1.0
 77
1
  4

 78
1
 79
1
170
1
 48
1.0
171
1
  6

172
1
173
1
174
1
140
1.0
141
1.0
175
1
  7

176
1
177
1
178
1
143
1.0
179
1
  8

270
1
271
1
272
1
145
1.0
146
1.0
273
1
  9

274
1
275
1
276
1
 42
1.0
 72
1
  3

 73
1
 74
1
 75
1
 94
63
  0
MATERIAL
  5
21
102
{ACAD_REACTORS
330
E
102
}
330
E
100
AcDbMaterial
  1
Global
  2

 70
0
 40
1.0
 71
1
 41
1.0
 91
-1023410177
 42
1.0
 72
1
  3

 73
1
 74
1
 75
1
 44
0.5
 73
0
 45
1.0
 46
1.0
 77
1
  4

 78
1
 79
1
170
1
 48
1.0
171
1
  6

172
1
173
1
174
1
140
1.0
141
1.0
175
1
  7

176
1
177
1
178
1
143
1.0
179
1
  8

270
1
271
1
272
1
145
1.0
146
1.0
273
1
  9

274
1
275
1
276
1
 42
1.0
 72
1
  3

 73
1
 74
1
 75
1
 94
63
  0
MLINESTYLE
  5
22
102
{ACAD_REACTORS
330
10
102
}
330
10
100
AcDbMlineStyle
  2
Standard
 70
0
  3

 62
256
 51
90.0
 52
90.0
 71
2
 49
0.5
 62
256
  6
BYLAYER
 49
-0.5
 62
256
  6
BYLAYER
  0
MLEADERSTYLE
  5
2C
102
{ACAD_REACTORS
330
F
102
}
330
F
100
AcDbMLeaderStyle
179
2
170
2
171
1
172
0
 90
2
 40
0.0
 41
0.0
173
1
 91
-1056964608
 92
-2
290
1
 42
2.0
291
1
 43
8.0
  3
Standard
 44
4.0
300

342
29
174
1
175
1
176
0
178
1
 93
-1056964608
 45
4.0
292
0
297
0
 46
4.0
 94
-1056964608
 47
1.0
 49
1.0
140
1.0
294
1
141
0.0
177
0
142
1.0
295
0
296
0
143
3.75
271
0
272
9
273
9
  0
DICTIONARY
  5
2D
330
A
100
AcDbDictionary
280
1
281
1
  3
CREATED_BY_EZDXF
350
2E
  3
WRITTEN_BY_EZDXF
350
9DB
  0
DICTIONARYVAR
  5
2E
330
2D
100
DictionaryVariables
280
0
  1
1.4.4 @ 2026-07-02T22:33:39.776108+00:00
  0
VISUALSTYLE
  5
5A
102
{ACAD_REACTORS
330
16
102
}
330
16
100
AcDbVisualStyle
  2
2dWireframe
 70
4
 90
0
 40
0.6
 62
7
290
0
291
0
  0
VISUALSTYLE
  5
5B
102
{ACAD_REACTORS
330
16
102
}
330
16
100
AcDbVisualStyle
  2
Basic
 70
7
 90
1
 40
0.6
 62
7
290
0
291
1
  0
VISUALSTYLE
  5
5C
102
{ACAD_REACTORS
330
16
102
}
330
16
100
AcDbVisualStyle
  2
Brighten
 70
12
 90
2
 40
0.6
 62
7
290
0
291
1
  0
VISUALSTYLE
  5
5D
102
{ACAD_REACTORS
330
16
102
}
330
16
100
AcDbVisualStyle
  2
ColorChange
 70
16
 90
2
 40
0.6
 62
8
290
0
291
1
  0
VISUALSTYLE
  5
5E
102
{ACAD_REACTORS
330
16
102
}
330
16
100
AcDbVisualStyle
  2
Conceptual
 70
9
 90
3
 40
0.6
 62
7
290
0
291
0
  0
VISUALSTYLE
  5
5F
102
{ACAD_REACTORS
330
16
102
}
330
16
100
AcDbVisualStyle
  2
Dim
 70
11
 90
2
 40
0.6
 62
7
290
0
291
1
  0
VISUALSTYLE
  5
60
102
{ACAD_REACTORS
330
16
102
}
330
16
100
AcDbVisualStyle
  2
EdgeColorOff
 70
22
 90
2
 40
0.6
 62
7
290
0
291
1
  0
VISUALSTYLE
  5
61
102
{ACAD_REACTORS
330
16
102
}
330
16
100
AcDbVisualStyle
  2
Facepattern
 70
15
 90
2
 40
0.6
 62
7
290
0
291
1
  0
VISUALSTYLE
  5
62
102
{ACAD_REACTORS
330
16
102
}
330
16
100
AcDbVisualStyle
  2
Flat
 70
0
 90
2
 40
0.6
 62
7
290
0
291
1
  0
VISUALSTYLE
  5
63
102
{ACAD_REACTORS
330
16
102
}
330
16
100
AcDbVisualStyle
  2
FlatWithEdges
 70
1
 90
2
 40
0.6
 62
7
290
0
291
1
  0
VISUALSTYLE
  5
64
102
{ACAD_REACTORS
330
16
102
}
330
16
100
AcDbVisualStyle
  2
Gouraud
 70
2
 90
2
 40
0.6
 62
7
290
0
291
1
  0
VISUALSTYLE
  5
65
102
{ACAD_REACTORS
330
16
102
}
330
16
100
AcDbVisualStyle
  2
GouraudWithEdges
 70
3
 90
2
 40
0.6
 62
7
290
0
291
1
  0
VISUALSTYLE
  5
66
102
{ACAD_REACTORS
330
16
102
}
330
16
100
AcDbVisualStyle
  2
Hidden
 70
6
 90
1
 40
0.6
 62
7
290
0
291
0
  0
VISUALSTYLE
  5
67
102
{ACAD_REACTORS
330
16
102
}
330
16
100
AcDbVisualStyle
  2
JitterOff
 70
20
 90
2
 40
0.6
 62
7
290
0
291
1
  0
VISUALSTYLE
  5
68
102
{ACAD_REACTORS
330
16
102
}
330
16
100
AcDbVisualStyle
  2
Linepattern
 70
14
 90
2
 40
0.6
 62
7
290
0
291
1
  0
VISUALSTYLE
  5
69
102
{ACAD_REACTORS
330
16
102
}
330
16
100
AcDbVisualStyle
  2
Modeling
 70
10
 90
2
 40
0.6
 62
7
290
0
291
0
  0
VISUALSTYLE
  5
6A
102
{ACAD_REACTORS
330
16
102
}
330
16
100
AcDbVisualStyle
  2
OverhangOff
 70
21
 90
2
 40
0.6
 62
7
290
0
291
1
  0
VISUALSTYLE
  5
6B
102
{ACAD_REACTORS
330
16
102
}
330
16
100
AcDbVisualStyle
  2
Realistic
 70
8
 90
2
 40
0.6
 62
7
290
0
291
0
  0
VISUALSTYLE
  5
6C
102
{ACAD_REACTORS
330
16
102
}
330
16
100
AcDbVisualStyle
  2
Shaded
 70
27
 90
2
 40
0.6
 62
7
290
0
291
0
  0
VISUALSTYLE
  5
6D
102
{ACAD_REACTORS
330
16
102
}
330
16
100
AcDbVisualStyle
  2
Shaded with edges
 70
26
 90
2
 40
0.6
 62
7
290
0
291
0
  0
VISUALSTYLE
  5
6E
102
{ACAD_REACTORS
330
16
102
}
330
16
100
AcDbVisualStyle
  2
Shades of Gray
 70
23
 90
2
 40
0.6
 62
7
290
0
291
0
  0
VISUALSTYLE
  5
6F
102
{ACAD_REACTORS
330
16
102
}
330
16
100
AcDbVisualStyle
  2
Sketchy
 70
24
 90
1
 40
0.6
 62
7
290
0
291
0
  0
VISUALSTYLE
  5
70
102
{ACAD_REACTORS
330
16
102
}
330
16
100
AcDbVisualStyle
  2
Thicken
 70
13
 90
2
 40
0.6
 62
7
290
0
291
1
  0
VISUALSTYLE
  5
71
102
{ACAD_REACTORS
330
16
102
}
330
16
100
AcDbVisualStyle
  2
Wireframe
 70
5
 90
0
 40
0.6
 62
7
290
0
291
0
  0
VISUALSTYLE
  5
72
102
{ACAD_REACTORS
330
16
102
}
330
16
100
AcDbVisualStyle
  2
X-Ray
 70
25
 90
2
 40
0.5
 62
7
290
0
291
0
  0
DICTIONARYVAR
  5
9DB
330
2D
100
DictionaryVariables
280
0
  1
1.4.4 @ 2026-07-02T22:33:40.609122+00:00
  0
ENDSEC
  0
EOF
