  0
SECTION
  2
HEADER
  9
$ACADVER
  1
AC1024
  9
$ACADMAINTVER
 70
6
  9
$DWGCODEPAGE
  3
ANSI_1252
  9
$LASTSAVEDBY
  1
ezdxf
  9
$INSBASE
 10
0.0
 20
0.0
 30
0.0
  9
$EXTMIN
 10
1e+20
 20
1e+20
 30
1e+20
  9
$EXTMAX
 10
-1e+20
 20
-1e+20
 30
-1e+20
  9
$LIMMIN
 10
0.0
 20
0.0
  9
$LIMMAX
 10
420.0
 20
297.0
  9
$ORTHOMODE
 70
0
  9
$REGENMODE
 70
1
  9
$FILLMODE
 70
1
  9
$QTEXTMODE
 70
0
  9
$MIRRTEXT
 70
1
  9
$LTSCALE
 40
1.0
  9
$ATTMODE
 70
1
  9
$TEXTSIZE
 40
2.5
  9
$TRACEWID
 40
1.0
  9
$TEXTSTYLE
  7
OpenSans
  9
$CLAYER
  8
0
  9
$CELTYPE
  6
ByLayer
  9
$CECOLOR
 62
256
  9
$CELTSCALE
 40
1.0
  9
$DISPSILH
 70
0
  9
$DIMSCALE
 40
1.0
  9
$DIMASZ
 40
0.175
  9
$DIMEXO
 40
0.125
  9
$DIMDLI
 40
3.75
  9
$DIMRND
 40
0.0
  9
$DIMDLE
 40
0.0
  9
$DIMEXE
 40
0.375
  9
$DIMTP
 40
0.0
  9
$DIMTM
 40
0.0
  9
$DIMTXT
 40
0.25
  9
$DIMCEN
 40
2.5
  9
$DIMTSZ
 40
0.0
  9
$DIMTOL
 70
0
  9
$DIMLIM
 70
0
  9
$DIMTIH
 70
0
  9
$DIMTOH
 70
0
  9
$DIMSE1
 70
0
  9
$DIMSE2
 70
0
  9
$DIMTAD
 70
1
  9
$DIMZIN
 70
12
  9
$DIMBLK
  1
ARCHTICK
  9
$DIMASO
 70
1
  9
$DIMSHO
 70
1
  9
$DIMPOST
  1

  9
$DIMAPOST
  1

  9
$DIMALT
 70
0
  9
$DIMALTD
 70
3
  9
$DIMALTF
 40
0.03937007874
  9
$DIMLFAC
 40
100.0
  9
$DIMTOFL
 70
1
  9
$DIMTVP
 40
0.0
  9
$DIMTIX
 70
0
  9
$DIMSOXD
 70
0
  9
$DIMSAH
 70
0
  9
$DIMBLK1
  1

  9
$DIMBLK2
  1

  9
$DIMSTYLE
  2
EZDXF
  9
$DIMCLRD
 70
0
  9
$DIMCLRE
 70
0
  9
$DIMCLRT
 70
0
  9
$DIMTFAC
 40
0.5
  9
$DIMGAP
 40
0.1
  9
$DIMJUST
 70
0
  9
$DIMSD1
 70
0
  9
$DIMSD2
 70
0
  9
$DIMTOLJ
 70
0
  9
$DIMTZIN
 70
8
  9
$DIMALTZ
 70
0
  9
$DIMALTTZ
 70
0
  9
$DIMUPT
 70
1
  9
$DIMDEC
 70
2
  9
$DIMTDEC
 70
2
  9
$DIMALTU
 70
2
  9
$DIMALTTD
 70
3
  9
$DIMTXSTY
  7
OpenSansCondensed-Light
  9
$DIMAUNIT
 70
0
  9
$DIMADEC
 70
2
  9
$DIMALTRND
 40
0.0
  9
$DIMAZIN
 70
3
  9
$DIMDSEP
 70
46
  9
$DIMATFIT
 70
3
  9
$DIMFRAC
 70
0
  9
$DIMLDRBLK
  1

  9
$DIMLUNIT
 70
2
  9
$DIMLWD
 70
-2
  9
$DIMLWE
 70
-2
  9
$DIMTMOVE
 70
2
  9
$DIMFXL
 40
1.0
  9
$DIMFXLON
 70
0
  9
$DIMJOGANG
 40
0.785398163397
  9
$DIMTFILL
 70
0
  9
$DIMTFILLCLR
 70
0
  9
$DIMARCSYM
 70
0
  9
$DIMLTYPE
  6

  9
$DIMLTEX1
  6

  9
$DIMLTEX2
  6

  9
$DIMTXTDIRECTION
 70
0
  9
$LUNITS
 70
2
  9
$LUPREC
 70
4
  9
$SKETCHINC
 40
1.0
  9
$FILLETRAD
 40
10.0
  9
$AUNITS
 70
0
  9
$AUPREC
 70
2
  9
$MENU
  1
.
  9
$ELEVATION
 40
0.0
  9
$PELEVATION
 40
0.0
  9
$THICKNESS
 40
0.0
  9
$LIMCHECK
 70
0
  9
$CHAMFERA
 40
0.0
  9
$CHAMFERB
 40
0.0
  9
$CHAMFERC
 40
0.0
  9
$CHAMFERD
 40
0.0
  9
$SKPOLY
 70
0
  9
$TDCREATE
 40
2461224.551689815
  9
$TDUCREATE
 40
2458532.153996898
  9
$TDUPDATE
 40
2461224.551689815
  9
$TDUUPDATE
 40
2458532.1544311
  9
$TDINDWG
 40
0.0
  9
$TDUSRTIMER
 40
0.0
  9
$USRTIMER
 70
1
  9
$ANGBASE
 50
0.0
  9
$ANGDIR
 70
0
  9
$PDMODE
 70
0
  9
$PDSIZE
 40
0.0
  9
$PLINEWID
 40
0.0
  9
$SPLFRAME
 70
0
  9
$SPLINETYPE
 70
6
  9
$SPLINESEGS
 70
8
  9
$HANDSEED
  5
A05
  9
$SURFTAB1
 70
6
  9
$SURFTAB2
 70
6
  9
$SURFTYPE
 70
6
  9
$SURFU
 70
6
  9
$SURFV
 70
6
  9
$UCSBASE
  2

  9
$UCSNAME
  2

  9
$UCSORG
 10
0.0
 20
0.0
 30
0.0
  9
$UCSXDIR
 10
1.0
 20
0.0
 30
0.0
  9
$UCSYDIR
 10
0.0
 20
1.0
 30
0.0
  9
$UCSORTHOREF
  2

  9
$UCSORTHOVIEW
 70
0
  9
$UCSORGTOP
 10
0.0
 20
0.0
 30
0.0
  9
$UCSORGBOTTOM
 10
0.0
 20
0.0
 30
0.0
  9
$UCSORGLEFT
 10
0.0
 20
0.0
 30
0.0
  9
$UCSORGRIGHT
 10
0.0
 20
0.0
 30
0.0
  9
$UCSORGFRONT
 10
0.0
 20
0.0
 30
0.0
  9
$UCSORGBACK
 10
0.0
 20
0.0
 30
0.0
  9
$PUCSBASE
  2

  9
$PUCSNAME
  2

  9
$PUCSORG
 10
0.0
 20
0.0
 30
0.0
  9
$PUCSXDIR
 10
1.0
 20
0.0
 30
0.0
  9
$PUCSYDIR
 10
0.0
 20
1.0
 30
0.0
  9
$PUCSORTHOREF
  2

  9
$PUCSORTHOVIEW
 70
0
  9
$PUCSORGTOP
 10
0.0
 20
0.0
 30
0.0
  9
$PUCSORGBOTTOM
 10
0.0
 20
0.0
 30
0.0
  9
$PUCSORGLEFT
 10
0.0
 20
0.0
 30
0.0
  9
$PUCSORGRIGHT
 10
0.0
 20
0.0
 30
0.0
  9
$PUCSORGFRONT
 10
0.0
 20
0.0
 30
0.0
  9
$PUCSORGBACK
 10
0.0
 20
0.0
 30
0.0
  9
$USERI1
 70
0
  9
$USERI2
 70
0
  9
$USERI3
 70
0
  9
$USERI4
 70
0
  9
$USERI5
 70
0
  9
$USERR1
 40
0.0
  9
$USERR2
 40
0.0
  9
$USERR3
 40
0.0
  9
$USERR4
 40
0.0
  9
$USERR5
 40
0.0
  9
$WORLDVIEW
 70
1
  9
$SHADEDGE
 70
3
  9
$SHADEDIF
 70
70
  9
$TILEMODE
 70
1
  9
$MAXACTVP
 70
64
  9
$PINSBASE
 10
0.0
 20
0.0
 30
0.0
  9
$PLIMCHECK
 70
0
  9
$PEXTMIN
 10
1e+20
 20
1e+20
 30
1e+20
  9
$PEXTMAX
 10
-1e+20
 20
-1e+20
 30
-1e+20
  9
$PLIMMIN
 10
0.0
 20
0.0
  9
$PLIMMAX
 10
420.0
 20
297.0
  9
$UNITMODE
 70
0
  9
$VISRETAIN
 70
1
  9
$PLINEGEN
 70
0
  9
$PSLTSCALE
 70
1
  9
$TREEDEPTH
 70
3020
  9
$CMLSTYLE
  2
Standard
  9
$CMLJUST
 70
0
  9
$CMLSCALE
 40
20.0
  9
$PROXYGRAPHICS
 70
1
  9
$MEASUREMENT
 70
1
  9
$CELWEIGHT
370
-1
  9
$ENDCAPS
280
0
  9
$JOINSTYLE
280
0
  9
$LWDISPLAY
290
0
  9
$INSUNITS
 70
6
  9
$HYPERLINKBASE
  1

  9
$STYLESHEET
  1

  9
$XEDIT
290
1
  9
$CEPSNTYPE
380
0
  9
$PSTYLEMODE
290
1
  9
$FINGERPRINTGUID
  2
{646E4BE4-2CE4-4AE7-B9C4-C8049B0662CF}
  9
$VERSIONGUID
  2
{A2BB60D3-96EE-4F28-A247-28A580B31B8C}
  9
$EXTNAMES
290
1
  9
$PSVPSCALE
 40
0.0
  9
$OLESTARTUP
290
0
  9
$SORTENTS
280
127
  9
$INDEXCTL
280
0
  9
$HIDETEXT
280
1
  9
$XCLIPFRAME
280
1
  9
$HALOGAP
280
0
  9
$OBSCOLOR
 70
257
  9
$OBSLTYPE
280
0
  9
$INTERSECTIONDISPLAY
280
0
  9
$INTERSECTIONCOLOR
 70
257
  9
$DIMASSOC
280
2
  9
$PROJECTNAME
  1

  9
$CAMERADISPLAY
290
0
  9
$LENSLENGTH
 40
50.0
  9
$CAMERAHEIGHT
 40
0.0
  9
$STEPSPERSEC
 40
24.0
  9
$STEPSIZE
 40
100.0
  9
$3DDWFPREC
 40
2.0
  9
$PSOLWIDTH
 40
0.005
  9
$PSOLHEIGHT
 40
0.08
  9
$LOFTANG1
 40
1.570796326795
  9
$LOFTANG2
 40
1.570796326795
  9
$LOFTMAG1
 40
0.0
  9
$LOFTMAG2
 40
0.0
  9
$LOFTPARAM
 70
7
  9
$LOFTNORMALS
280
1
  9
$LATITUDE
 40
37.795
  9
$LONGITUDE
 40
-122.394
  9
$NORTHDIRECTION
 40
0.0
  9
$TIMEZONE
 70
-8000
  9
$LIGHTGLYPHDISPLAY
280
1
  9
$TILEMODELIGHTSYNCH
280
1
  9
$CMATERIAL
347
20
  9
$SOLIDHIST
280
0
  9
$SHOWHIST
280
1
  9
$DWFFRAME
280
2
  9
$DGNFRAME
280
2
  9
$REALWORLDSCALE
290
1
  9
$INTERFERECOLOR
 62
256
  9
$CSHADOW
280
0
  9
$SHADOWPLANELOCATION
 40
0.0
  0
ENDSEC
  0
SECTION
  2
CLASSES
  0
CLASS
  1
ACDBDICTIONARYWDFLT
  2
AcDbDictionaryWithDefault
  3
ObjectDBX Classes
 90
0
 91
0
280
0
281
0
  0
CLASS
  1
SUN
  2
AcDbSun
  3
SCENEOE
 90
1153
 91
0
280
0
281
0
  0
CLASS
  1
VISUALSTYLE
  2
AcDbVisualStyle
  3
ObjectDBX Classes
 90
4095
 91
0
280
0
281
0
  0
CLASS
  1
MATERIAL
  2
AcDbMaterial
  3
ObjectDBX Classes
 90
1153
 91
0
280
0
281
0
  0
CLASS
  1
SCALE
  2
AcDbScale
  3
ObjectDBX Classes
 90
1153
 91
0
280
0
281
0
  0
CLASS
  1
TABLESTYLE
  2
AcDbTableStyle
  3
ObjectDBX Classes
 90
4095
 91
0
280
0
281
0
  0
CLASS
  1
MLEADERSTYLE
  2
AcDbMLeaderStyle
  3
ACDB_MLEADERSTYLE_CLASS
 90
4095
 91
0
280
0
281
0
  0
CLASS
  1
DICTIONARYVAR
  2
AcDbDictionaryVar
  3
ObjectDBX Classes
 90
0
 91
0
280
0
281
0
  0
CLASS
  1
CELLSTYLEMAP
  2
AcDbCellStyleMap
  3
ObjectDBX Classes
 90
1152
 91
0
280
0
281
0
  0
CLASS
  1
MENTALRAYRENDERSETTINGS
  2
AcDbMentalRayRenderSettings
  3
SCENEOE
 90
1024
 91
0
280
0
281
0
  0
CLASS
  1
ACDBDETAILVIEWSTYLE
  2
AcDbDetailViewStyle
  3
ObjectDBX Classes
 90
1025
 91
0
280
0
281
0
  0
CLASS
  1
ACDBSECTIONVIEWSTYLE
  2
AcDbSectionViewStyle
  3
ObjectDBX Classes
 90
1025
 91
0
280
0
281
0
  0
CLASS
  1
RASTERVARIABLES
  2
AcDbRasterVariables
  3
ISM
 90
0
 91
0
280
0
281
0
  0
CLASS
  1
LAYOUT
  2
AcDbLayout
  3
ObjectDBX Classes
 90
0
 91
0
280
0
281
0
  0
CLASS
  1
ACDBPLACEHOLDER
  2
AcDbPlaceHolder
  3
ObjectDBX Classes
 90
0
 91
0
280
0
281
0
  0
ENDSEC
  0
SECTION
  2
TABLES
  0
TABLE
  2
VPORT
  5
8
330
0
100
AcDbSymbolTable
 70
1
  0
VPORT
  5
23
330
8
100
AcDbSymbolTableRecord
100
AcDbViewportTableRecord
  2
*Active
 70
0
 10
0.0
 20
0.0
 11
1.0
 21
1.0
 12
0.0
 22
0.0
 13
0.0
 23
0.0
 14
0.5
 24
0.5
 15
0.5
 25
0.5
 16
0.0
 26
0.0
 36
1.0
 17
0.0
 27
0.0
 37
0.0
 40
1000.0
 41
1.34
 42
50.0
 43
0.0
 44
0.0
 50
0.0
 51
0.0
 71
0
 72
1000
 73
1
 74
3
 75
0
 76
0
 77
0
 78
0
281
0
 65
0
146
0.0
  0
ENDTAB
  0
TABLE
  2
LTYPE
  5
2
330
0
100
AcDbSymbolTable
 70
21
  0
LTYPE
  5
24
330
2
100
AcDbSymbolTableRecord
100
AcDbLinetypeTableRecord
  2
ByBlock
 70
0
  3

 72
65
 73
0
 40
0.0
  0
LTYPE
  5
25
330
2
100
AcDbSymbolTableRecord
100
AcDbLinetypeTableRecord
  2
ByLayer
 70
0
  3

 72
65
 73
0
 40
0.0
  0
LTYPE
  5
26
330
2
100
AcDbSymbolTableRecord
100
AcDbLinetypeTableRecord
  2
Continuous
 70
0
  3

 72
65
 73
0
 40
0.0
  0
LTYPE
  5
2F
330
2
100
AcDbSymbolTableRecord
100
AcDbLinetypeTableRecord
  2
CENTER
 70
0
  3
Center ____ _ ____ _ ____ _ ____ _ ____ _ ____
 72
65
 73
4
 40
5.08
 49
3.175
 74
0
 49
-0.635
 74
0
 49
0.635
 74
0
 49
-0.635
 74
0
  0
LTYPE
  5
30
330
2
100
AcDbSymbolTableRecord
100
AcDbLinetypeTableRecord
  2
CENTERX2
 70
0
  3
Center (2x) ________  __  ________  __  ________
 72
65
 73
4
 40
8.89
 49
6.35
 74
0
 49
-0.635
 74
0
 49
1.27
 74
0
 49
-0.635
 74
0
  0
LTYPE
  5
31
330
2
100
AcDbSymbolTableRecord
100
AcDbLinetypeTableRecord
  2
CENTER2
 70
0
  3
Center (.5x) ____ _ ____ _ ____ _ ____ _ ____
 72
65
 73
4
 40
2.54
 49
1.587
 74
0
 49
-0.318
 74
0
 49
0.318
 74
0
 49
-0.318
 74
0
  0
LTYPE
  5
32
330
2
100
AcDbSymbolTableRecord
100
AcDbLinetypeTableRecord
  2
DASHED
 70
0
  3
Dashed __ __ __ __ __ __ __ __ __ __ __ __ __ _
 72
65
 73
2
 40
1.524
 49
1.27
 74
0
 49
-0.254
 74
0
  0
LTYPE
  5
33
330
2
100
AcDbSymbolTableRecord
100
AcDbLinetypeTableRecord
  2
DASHEDX2
 70
0
  3
Dashed (2x) ____  ____  ____  ____  ____  ____
 72
65
 73
2
 40
3.048
 49
2.54
 74
0
 49
-0.508
 74
0
  0
LTYPE
  5
34
330
2
100
AcDbSymbolTableRecord
100
AcDbLinetypeTableRecord
  2
DASHED2
 70
0
  3
Dashed (.5x) _ _ _ _ _ _ _ _ _ _ _ _ _ _
 72
65
 73
2
 40
0.762
 49
0.635
 74
0
 49
-0.127
 74
0
  0
LTYPE
  5
35
330
2
100
AcDbSymbolTableRecord
100
AcDbLinetypeTableRecord
  2
PHANTOM
 70
0
  3
Phantom ______  __  __  ______  __  __  ______
 72
65
 73
6
 40
6.35
 49
3.175
 74
0
 49
-0.635
 74
0
 49
0.635
 74
0
 49
-0.635
 74
0
 49
0.635
 74
0
 49
-0.635
 74
0
  0
LTYPE
  5
36
330
2
100
AcDbSymbolTableRecord
100
AcDbLinetypeTableRecord
  2
PHANTOMX2
 70
0
  3
Phantom (2x)____________    ____    ____    ____________
 72
65
 73
6
 40
10.795
 49
6.35
 74
0
 49
-0.635
 74
0
 49
1.27
 74
0
 49
-0.635
 74
0
 49
1.27
 74
0
 49
-0.635
 74
0
  0
LTYPE
  5
37
330
2
100
AcDbSymbolTableRecord
100
AcDbLinetypeTableRecord
  2
PHANTOM2
 70
0
  3
Phantom (.5x) ___ _ _ ___ _ _ ___ _ _ ___ _ _ ___
 72
65
 73
6
 40
3.175
 49
1.587
 74
0
 49
-0.318
 74
0
 49
0.318
 74
0
 49
-0.318
 74
0
 49
0.318
 74
0
 49
-0.318
 74
0
  0
LTYPE
  5
38
330
2
100
AcDbSymbolTableRecord
100
AcDbLinetypeTableRecord
  2
DASHDOT
 70
0
  3
Dash dot __ . __ . __ . __ . __ . __ . __ . __
 72
65
 73
4
 40
3.556
 49
2.54
 74
0
 49
-0.508
 74
0
 49
0.0
 74
0
 49
-0.508
 74
0
  0
LTYPE
  5
39
330
2
100
AcDbSymbolTableRecord
100
AcDbLinetypeTableRecord
  2
DASHDOTX2
 70
0
  3
Dash dot (2x) ____  .  ____  .  ____  .  ____
 72
65
 73
4
 40
6.096
 49
5.08
 74
0
 49
-0.508
 74
0
 49
0.0
 74
0
 49
-0.508
 74
0
  0
LTYPE
  5
3A
330
2
100
AcDbSymbolTableRecord
100
AcDbLinetypeTableRecord
  2
DASHDOT2
 70
0
  3
Dash dot (.5x) _ . _ . _ . _ . _ . _ . _ . _
 72
65
 73
4
 40
1.778
 49
1.27
 74
0
 49
-0.254
 74
0
 49
0.0
 74
0
 49
-0.254
 74
0
  0
LTYPE
  5
3B
330
2
100
AcDbSymbolTableRecord
100
AcDbLinetypeTableRecord
  2
DOT
 70
0
  3
Dot .  .  .  .  .  .  .  .  .  .  .  .  .  .  .  .
 72
65
 73
2
 40
0.508
 49
0.0
 74
0
 49
-0.508
 74
0
  0
LTYPE
  5
3C
330
2
100
AcDbSymbolTableRecord
100
AcDbLinetypeTableRecord
  2
DOTX2
 70
0
  3
Dot (2x) .    .    .    .    .    .    .    . 
 72
65
 73
2
 40
1.016
 49
0.0
 74
0
 49
-1.016
 74
0
  0
LTYPE
  5
3D
330
2
100
AcDbSymbolTableRecord
100
AcDbLinetypeTableRecord
  2
DOT2
 70
0
  3
Dot (.5) . . . . . . . . . . . . . . . . . . . 
 72
65
 73
2
 40
0.254
 49
0.0
 74
0
 49
-0.254
 74
0
  0
LTYPE
  5
3E
330
2
100
AcDbSymbolTableRecord
100
AcDbLinetypeTableRecord
  2
DIVIDE
 70
0
  3
Divide __ . . __ . . __ . . __ . . __ . . __
 72
65
 73
6
 40
4.064
 49
2.54
 74
0
 49
-0.508
 74
0
 49
0.0
 74
0
 49
-0.508
 74
0
 49
0.0
 74
0
 49
-0.508
 74
0
  0
LTYPE
  5
3F
330
2
100
AcDbSymbolTableRecord
100
AcDbLinetypeTableRecord
  2
DIVIDEX2
 70
0
  3
Divide (2x) ____  . .  ____  . .  ____  . .  ____
 72
65
 73
6
 40
6.604
 49
5.08
 74
0
 49
-0.508
 74
0
 49
0.0
 74
0
 49
-0.508
 74
0
 49
0.0
 74
0
 49
-0.508
 74
0
  0
LTYPE
  5
40
330
2
100
AcDbSymbolTableRecord
100
AcDbLinetypeTableRecord
  2
DIVIDE2
 70
0
  3
Divide(.5x) _ . _ . _ . _ . _ . _ . _ . _
 72
65
 73
6
 40
2.032
 49
1.27
 74
0
 49
-0.254
 74
0
 49
0.0
 74
0
 49
-0.254
 74
0
 49
0.0
 74
0
 49
-0.254
 74
0
  0
ENDTAB
  0
TABLE
  2
LAYER
  5
1
330
0
100
AcDbSymbolTable
 70
8
  0
LAYER
  5
27
330
1
100
AcDbSymbolTableRecord
100
AcDbLayerTableRecord
  2
0
 70
0
 62
7
  6
Continuous
370
-3
390
13
347
21
  0
LAYER
  5
28
330
1
100
AcDbSymbolTableRecord
100
AcDbLayerTableRecord
  2
Defpoints
 70
0
 62
7
  6
Continuous
290
0
370
-3
390
13
347
21
  0
LAYER
  5
8A
330
1
100
AcDbSymbolTableRecord
100
AcDbLayerTableRecord
  2
EJE_VIA
 70
0
 62
7
  6
Continuous
370
-3
390
13
347
21
  0
LAYER
  5
8B
330
1
100
AcDbSymbolTableRecord
100
AcDbLayerTableRecord
  2
TEXTO
 70
0
 62
7
  6
Continuous
370
-3
390
13
347
21
  0
LAYER
  5
8C
330
1
100
AcDbSymbolTableRecord
100
AcDbLayerTableRecord
  2
AGUA
 70
0
 62
5
  6
Continuous
370
-3
390
13
347
21
  0
LAYER
  5
8D
330
1
100
AcDbSymbolTableRecord
100
AcDbLayerTableRecord
  2
DRENAJE
 70
0
 62
3
  6
Continuous
370
-3
390
13
347
21
  0
LAYER
  5
8E
330
1
100
AcDbSymbolTableRecord
100
AcDbLayerTableRecord
  2
ALCANTARILLADO
 70
0
 62
3
  6
Continuous
370
-3
390
13
347
21
  0
LAYER
  5
8F
330
1
100
AcDbSymbolTableRecord
100
AcDbLayerTableRecord
  2
GAS
 70
0
 62
2
  6
Continuous
370
-3
390
13
347
21
  0
ENDTAB
  0
TABLE
  2
STYLE
  5
5
330
0
100
AcDbSymbolTable
 70
26
  0
STYLE
  5
29
330
5
100
AcDbSymbolTableRecord
100
AcDbTextStyleTableRecord
  2
Standard
 70
0
 40
0.0
 41
1.0
 50
0.0
 71
0
 42
2.5
  3
txt
  4

  0
STYLE
  5
41
330
5
100
AcDbSymbolTableRecord
100
AcDbTextStyleTableRecord
  2
OpenSans-Light
 70
0
 40
0.0
 41
1.0
 50
0.0
 71
0
 42
2.5
  3
OpenSans-Light.ttf
  4

  0
STYLE
  5
42
330
5
100
AcDbSymbolTableRecord
100
AcDbTextStyleTableRecord
  2
OpenSans-Light-Italic
 70
0
 40
0.0
 41
1.0
 50
0.0
 71
0
 42
2.5
  3
OpenSans-LightItalic.ttf
  4

  0
STYLE
  5
43
330
5
100
AcDbSymbolTableRecord
100
AcDbTextStyleTableRecord
  2
OpenSans
 70
0
 40
0.0
 41
1.0
 50
0.0
 71
0
 42
2.5
  3
OpenSans-Regular.ttf
  4

  0
STYLE
  5
44
330
5
100
AcDbSymbolTableRecord
100
AcDbTextStyleTableRecord
  2
OpenSans-Italic
 70
0
 40
0.0
 41
1.0
 50
0.0
 71
0
 42
2.5
  3
OpenSans-Italic.ttf
  4

  0
STYLE
  5
45
330
5
100
AcDbSymbolTableRecord
100
AcDbTextStyleTableRecord
  2
OpenSans-SemiBold
 70
0
 40
0.0
 41
1.0
 50
0.0
 71
0
 42
2.5
  3
OpenSans-SemiBold.ttf
  4

  0
STYLE
  5
46
330
5
100
AcDbSymbolTableRecord
100
AcDbTextStyleTableRecord
  2
OpenSans-SemiBoldItalic
 70
0
 40
0.0
 41
1.0
 50
0.0
 71
0
 42
2.5
  3
OpenSans-SemiBoldItalic.ttf
  4

  0
STYLE
  5
47
330
5
100
AcDbSymbolTableRecord
100
AcDbTextStyleTableRecord
  2
OpenSans-Bold
 70
0
 40
0.0
 41
1.0
 50
0.0
 71
0
 42
2.5
  3
OpenSans-Bold.ttf
  4

  0
STYLE
  5
48
330
5
100
AcDbSymbolTableRecord
100
AcDbTextStyleTableRecord
  2
OpenSans-BoldItalic
 70
0
 40
0.0
 41
1.0
 50
0.0
 71
0
 42
2.5
  3
OpenSans-BoldItalic.ttf
  4

  0
STYLE
  5
49
330
5
100
AcDbSymbolTableRecord
100
AcDbTextStyleTableRecord
  2
OpenSans-ExtraBold
 70
0
 40
0.0
 41
1.0
 50
0.0
 71
0
 42
2.5
  3
OpenSans-ExtraBold.ttf
  4

  0
STYLE
  5
4A
330
5
100
AcDbSymbolTableRecord
100
AcDbTextStyleTableRecord
  2
OpenSans-ExtraBoldItalic
 70
0
 40
0.0
 41
1.0
 50
0.0
 71
0
 42
2.5
  3
OpenSans-ExtraBoldItalic.ttf
  4

  0
STYLE
  5
4B
330
5
100
AcDbSymbolTableRecord
100
AcDbTextStyleTableRecord
  2
OpenSansCondensed-Bold
 70
0
 40
0.0
 41
1.0
 50
0.0
 71
0
 42
2.5
  3
OpenSansCondensed-Bold.ttf
  4

  0
STYLE
  5
4C
330
5
100
AcDbSymbolTableRecord
100
AcDbTextStyleTableRecord
  2
OpenSansCondensed-Light
 70
0
 40
0.0
 41
1.0
 50
0.0
 71
0
 42
2.5
  3
OpenSansCondensed-Light.ttf
  4

  0
STYLE
  5
4D
330
5
100
AcDbSymbolTableRecord
100
AcDbTextStyleTableRecord
  2
OpenSansCondensed-Italic
 70
0
 40
0.0
 41
1.0
 50
0.0
 71
0
 42
2.5
  3
OpenSansCondensed-LightItalic.ttf
  4

  0
STYLE
  5
4E
330
5
100
AcDbSymbolTableRecord
100
AcDbTextStyleTableRecord
  2
LiberationSans
 70
0
 40
0.0
 41
1.0
 50
0.0
 71
0
 42
2.5
  3
LiberationSans-Regular.ttf
  4

  0
STYLE
  5
4F
330
5
100
AcDbSymbolTableRecord
100
AcDbTextStyleTableRecord
  2
LiberationSans-Bold
 70
0
 40
0.0
 41
1.0
 50
0.0
 71
0
 42
2.5
  3
LiberationSans-Bold.ttf
  4

  0
STYLE
  5
50
330
5
100
AcDbSymbolTableRecord
100
AcDbTextStyleTableRecord
  2
LiberationSans-BoldItalic
 70
0
 40
0.0
 41
1.0
 50
0.0
 71
0
 42
2.5
  3
LiberationSans-BoldItalic.ttf
  4

  0
STYLE
  5
51
330
5
100
AcDbSymbolTableRecord
100
AcDbTextStyleTableRecord
  2
LiberationSans-Italic
 70
0
 40
0.0
 41
1.0
 50
0.0
 71
0
 42
2.5
  3
LiberationSans-Italic.ttf
  4

  0
STYLE
  5
52
330
5
100
AcDbSymbolTableRecord
100
AcDbTextStyleTableRecord
  2
LiberationSerif
 70
0
 40
0.0
 41
1.0
 50
0.0
 71
0
 42
2.5
  3
LiberationSerif-Regular.ttf
  4

  0
STYLE
  5
53
330
5
100
AcDbSymbolTableRecord
100
AcDbTextStyleTableRecord
  2
LiberationSerif-Bold
 70
0
 40
0.0
 41
1.0
 50
0.0
 71
0
 42
2.5
  3
LiberationSerif-Bold.ttf
  4

  0
STYLE
  5
54
330
5
100
AcDbSymbolTableRecord
100
AcDbTextStyleTableRecord
  2
LiberationSerif-BoldItalic
 70
0
 40
0.0
 41
1.0
 50
0.0
 71
0
 42
2.5
  3
LiberationSerif-BoldItalic.ttf
  4

  0
STYLE
  5
55
330
5
100
AcDbSymbolTableRecord
100
AcDbTextStyleTableRecord
  2
LiberationSerif-Italic
 70
0
 40
0.0
 41
1.0
 50
0.0
 71
0
 42
2.5
  3
LiberationSerif-Italic.ttf
  4

  0
STYLE
  5
56
330
5
100
AcDbSymbolTableRecord
100
AcDbTextStyleTableRecord
  2
LiberationMono
 70
0
 40
0.0
 41
1.0
 50
0.0
 71
0
 42
2.5
  3
LiberationMono-Regular.ttf
  4

  0
STYLE
  5
57
330
5
100
AcDbSymbolTableRecord
100
AcDbTextStyleTableRecord
  2
LiberationMono-Bold
 70
0
 40
0.0
 41
1.0
 50
0.0
 71
0
 42
2.5
  3
LiberationMono-Bold.ttf
  4

  0
STYLE
  5
58
330
5
100
AcDbSymbolTableRecord
100
AcDbTextStyleTableRecord
  2
LiberationMono-BoldItalic
 70
0
 40
0.0
 41
1.0
 50
0.0
 71
0
 42
2.5
  3
LiberationMono-BoldItalic.ttf
  4

  0
STYLE
  5
59
330
5
100
AcDbSymbolTableRecord
100
AcDbTextStyleTableRecord
  2
LiberationMono-Italic
 70
0
 40
0.0
 41
1.0
 50
0.0
 71
0
 42
2.5
  3
LiberationMono-Italic.ttf
  4

  0
ENDTAB
  0
TABLE
  2
VIEW
  5
7
330
0
100
AcDbSymbolTable
 70
0
  0
ENDTAB
  0
TABLE
  2
UCS
  5
6
330
0
100
AcDbSymbolTable
 70
0
  0
ENDTAB
  0
TABLE
  2
APPID
  5
3
330
0
100
AcDbSymbolTable
 70
3
  0
APPID
  5
2A
330
3
100
AcDbSymbolTableRecord
100
AcDbRegAppTableRecord
  2
ACAD
 70
0
  0
APPID
  5
A02
330
3
100
AcDbSymbolTableRecord
100
AcDbRegAppTableRecord
  2
HATCHBACKGROUNDCOLOR
 70
0
  0
APPID
  5
A03
330
3
100
AcDbSymbolTableRecord
100
AcDbRegAppTableRecord
  2
EZDXF
 70
0
  0
ENDTAB
  0
TABLE
  2
DIMSTYLE
  5
4
330
0
100
AcDbSymbolTable
 70
12
100
AcDbDimStyleTable
  0
DIMSTYLE
105
2B
330
4
100
AcDbSymbolTableRecord
100
AcDbDimStyleTableRecord
  2
Standard
 70
0
 40
1.0
 41
2.5
 42
0.625
 43
3.75
 44
1.25
 45
0.0
 46
0.0
 47
0.0
 48
0.0
 49
2.5
140
2.5
141
2.5
142
0.0
143
0.03937007874
144
1.0
145
0.0
146
1.0
147
0.625
148
0.0
 69
0
 70
0
 71
0
 72
0
 73
0
 74
0
 75
0
 76
0
 77
1
 78
8
 79
3
170
0
171
3
172
1
173
0
174
0
175
0
176
0
177
0
178
0
179
2
271
2
272
2
273
2
274
3
275
0
276
0
277
2
278
44
279
0
280
0
281
0
282
0
283
0
284
8
285
0
286
0
288
0
289
3
290
0
371
-2
372
-2
  0
DIMSTYLE
105
73
330
4
100
AcDbSymbolTableRecord
100
AcDbDimStyleTableRecord
  2
EZDXF
 70
0
 40
1.0
 41
0.175
 42
0.125
 43
3.75
 44
0.375
 45
0.0
 46
0.0
 47
0.0
 48
0.0
 49
2.5
140
0.25
141
2.5
142
0.0
143
0.03937007874
144
100.0
145
0.0
146
0.5
147
0.1
148
0.0
 69
0
 70
0
 71
0
 72
0
 73
0
 74
0
 75
0
 76
0
 77
1
 78
12
 79
3
170
0
171
3
172
1
173
0
174
0
175
0
176
0
177
0
178
0
179
2
271
2
272
2
273
2
274
3
275
0
276
0
277
2
278
46
279
2
280
0
281
0
282
0
283
0
284
8
285
0
286
0
288
1
289
3
290
0
340
4C
342
74
371
-2
372
-2
  0
DIMSTYLE
105
7C
330
4
100
AcDbSymbolTableRecord
100
AcDbDimStyleTableRecord
  2
EZ_M_100_H25_CM
 70
0
 40
1.0
 41
0.25
 42
0.125
 43
3.75
 44
0.375
 45
0.0
 46
0.0
 47
0.0
 48
0.0
 49
2.5
140
0.25
141
2.5
142
0.125
143
0.03937007874
144
100.0
145
0.0
146
0.5
147
0.1
148
0.0
 69
0
 70
0
 71
0
 72
0
 73
0
 74
0
 75
0
 76
0
 77
1
 78
12
 79
3
170
0
171
3
172
1
173
0
174
0
175
0
176
0
177
0
178
0
179
2
271
2
272
2
273
2
274
3
275
0
276
0
277
2
278
46
279
2
280
0
281
0
282
0
283
0
284
8
285
0
286
0
288
1
289
3
290
0
340
4C
371
-2
372
-2
  0
DIMSTYLE
105
7D
330
4
100
AcDbSymbolTableRecord
100
AcDbDimStyleTableRecord
  2
EZ_M_50_H25_CM
 70
0
 40
1.0
 41
0.125
 42
0.0625
 43
3.75
 44
0.1875
 45
0.0
 46
0.0
 47
0.0
 48
0.0
 49
2.5
140
0.125
141
2.5
142
0.0625
143
0.03937007874
144
100.0
145
0.0
146
0.5
147
0.05
148
0.0
 69
0
 70
0
 71
0
 72
0
 73
0
 74
0
 75
0
 76
0
 77
1
 78
12
 79
3
170
0
171
3
172
1
173
0
174
0
175
0
176
0
177
0
178
0
179
2
271
2
272
2
273
2
274
3
275
0
276
0
277
2
278
46
279
2
280
0
281
0
282
0
283
0
284
8
285
0
286
0
288
1
289
3
290
0
340
4C
371
-2
372
-2
  0
DIMSTYLE
105
7E
330
4
100
AcDbSymbolTableRecord
100
AcDbDimStyleTableRecord
  2
EZ_M_25_H25_CM
 70
0
 40
1.0
 41
0.0625
 42
0.03125
 43
3.75
 44
0.09375
 45
0.0
 46
0.0
 47
0.0
 48
0.0
 49
2.5
140
0.0625
141
2.5
142
0.03125
143
0.03937007874
144
100.0
145
0.0
146
0.5
147
0.025
148
0.0
 69
0
 70
0
 71
0
 72
0
 73
0
 74
0
 75
0
 76
0
 77
1
 78
12
 79
3
170
0
171
3
172
1
173
0
174
0
175
0
176
0
177
0
178
0
179
2
271
2
272
2
273
2
274
3
275
0
276
0
277
2
278
46
279
2
280
0
281
0
282
0
283
0
284
8
285
0
286
0
288
1
289
3
290
0
340
4C
371
-2
372
-2
  0
DIMSTYLE
105
7F
330
4
100
AcDbSymbolTableRecord
100
AcDbDimStyleTableRecord
  2
EZ_M_20_H25_CM
 70
0
 40
1.0
 41
0.05
 42
0.025
 43
3.75
 44
0.07500000000000001
 45
0.0
 46
0.0
 47
0.0
 48
0.0
 49
2.5
140
0.05
141
2.5
142
0.025
143
0.03937007874
144
100.0
145
0.0
146
0.5
147
0.020000000000000004
148
0.0
 69
0
 70
0
 71
0
 72
0
 73
0
 74
0
 75
0
 76
0
 77
1
 78
12
 79
3
170
0
171
3
172
1
173
0
174
0
175
0
176
0
177
0
178
0
179
2
271
2
272
2
273
2
274
3
275
0
276
0
277
2
278
46
279
2
280
0
281
0
282
0
283
0
284
8
285
0
286
0
288
1
289
3
290
0
340
4C
371
-2
372
-2
  0
DIMSTYLE
105
80
330
4
100
AcDbSymbolTableRecord
100
AcDbDimStyleTableRecord
  2
EZ_M_10_H25_CM
 70
0
 40
1.0
 41
0.025
 42
0.0125
 43
3.75
 44
0.037500000000000006
 45
0.0
 46
0.0
 47
0.0
 48
0.0
 49
2.5
140
0.025
141
2.5
142
0.0125
143
0.03937007874
144
100.0
145
0.0
146
0.5
147
0.010000000000000002
148
0.0
 69
0
 70
0
 71
0
 72
0
 73
0
 74
0
 75
0
 76
0
 77
1
 78
12
 79
3
170
0
171
3
172
1
173
0
174
0
175
0
176
0
177
0
178
0
179
2
271
2
272
2
273
2
274
3
275
0
276
0
277
2
278
46
279
2
280
0
281
0
282
0
283
0
284
8
285
0
286
0
288
1
289
3
290
0
340
4C
371
-2
372
-2
  0
DIMSTYLE
105
81
330
4
100
AcDbSymbolTableRecord
100
AcDbDimStyleTableRecord
  2
EZ_M_5_H25_CM
 70
0
 40
1.0
 41
0.0125
 42
0.00625
 43
3.75
 44
0.018750000000000003
 45
0.0
 46
0.0
 47
0.0
 48
0.0
 49
2.5
140
0.0125
141
2.5
142
0.00625
143
0.03937007874
144
100.0
145
0.0
146
0.5
147
0.005000000000000001
148
0.0
 69
0
 70
0
 71
0
 72
0
 73
0
 74
0
 75
0
 76
0
 77
1
 78
12
 79
3
170
0
171
3
172
1
173
0
174
0
175
0
176
0
177
0
178
0
179
2
271
2
272
2
273
2
274
3
275
0
276
0
277
2
278
46
279
2
280
0
281
0
282
0
283
0
284
8
285
0
286
0
288
1
289
3
290
0
340
4C
371
-2
372
-2
  0
DIMSTYLE
105
82
330
4
100
AcDbSymbolTableRecord
100
AcDbDimStyleTableRecord
  2
EZ_M_1_H25_CM
 70
0
 40
1.0
 41
0.0025
 42
0.00125
 43
3.75
 44
0.00375
 45
0.0
 46
0.0
 47
0.0
 48
0.0
 49
2.5
140
0.0025
141
2.5
142
0.00125
143
0.03937007874
144
100.0
145
0.0
146
0.5
147
0.001
148
0.0
 69
0
 70
0
 71
0
 72
0
 73
0
 74
0
 75
0
 76
0
 77
1
 78
12
 79
3
170
0
171
3
172
1
173
0
174
0
175
0
176
0
177
0
178
0
179
2
271
2
272
2
273
2
274
3
275
0
276
0
277
2
278
46
279
2
280
0
281
0
282
0
283
0
284
8
285
0
286
0
288
1
289
3
290
0
340
4C
371
-2
372
-2
  0
DIMSTYLE
105
83
330
4
100
AcDbSymbolTableRecord
100
AcDbDimStyleTableRecord
  2
EZ_RADIUS
 70
0
 40
1.0
 41
0.25
 42
0.125
 43
3.75
 44
0.375
 45
0.0
 46
0.0
 47
0.0
 48
0.0
 49
2.5
140
0.25
141
0.0
142
0.0
143
0.03937007874
144
100.0
145
0.0
146
0.5
147
0.1
148
0.0
 69
0
 70
0
 71
0
 72
0
 73
0
 74
0
 75
0
 76
0
 77
1
 78
12
 79
3
170
0
171
3
172
0
173
0
174
0
175
0
176
0
177
0
178
0
179
2
271
2
272
2
273
2
274
3
275
0
276
0
277
2
278
46
279
1
280
0
281
0
282
0
283
0
284
8
285
0
286
0
288
1
289
3
290
0
340
4C
342
84
371
-2
372
-2
  0
DIMSTYLE
105
88
330
4
100
AcDbSymbolTableRecord
100
AcDbDimStyleTableRecord
  2
EZ_RADIUS_INSIDE
 70
0
 40
1.0
 41
0.25
 42
0.125
 43
3.75
 44
0.375
 45
0.0
 46
0.0
 47
0.0
 48
0.0
 49
2.5
140
0.25
141
0.0
142
0.0
143
0.03937007874
144
100.0
145
0.0
146
0.5
147
0.1
148
0.0
 69
0
 70
0
 71
0
 72
0
 73
0
 74
0
 75
0
 76
0
 77
0
 78
12
 79
3
170
0
171
3
172
0
173
0
174
1
175
0
176
0
177
0
178
0
179
2
271
2
272
2
273
2
274
3
275
0
276
0
277
2
278
46
279
0
280
0
281
0
282
0
283
0
284
8
285
0
286
0
288
1
289
0
290
0
340
4C
342
84
371
-2
372
-2
  0
DIMSTYLE
105
89
330
4
100
AcDbSymbolTableRecord
100
AcDbDimStyleTableRecord
  2
EZ_CURVED
 70
0
 40
1.0
 41
0.25
 42
0.125
 43
3.75
 44
0.375
 45
0.0
 46
0.0
 47
0.0
 48
0.0
 49
2.5
140
0.25
141
2.5
142
0.0
143
0.03937007874
144
100.0
145
0.0
146
0.5
147
0.1
148
0.0
 69
0
 70
0
 71
0
 72
0
 73
0
 74
0
 75
0
 76
0
 77
1
 78
12
 79
2
 90
2
170
0
171
3
172
1
173
0
174
0
175
0
176
0
177
0
178
0
179
2
271
2
272
2
273
2
274
3
275
0
276
0
277
2
278
46
279
2
280
0
281
0
282
0
283
0
284
8
285
0
286
0
288
1
289
3
290
0
340
4C
371
-2
372
-2
  0
ENDTAB
  0
TABLE
  2
BLOCK_RECORD
  5
9
330
0
100
AcDbSymbolTable
 70
5
  0
BLOCK_RECORD
  5
17
330
9
100
AcDbSymbolTableRecord
100
AcDbBlockTableRecord
  2
*Model_Space
340
1A
 70
0
280
1
281
0
  0
BLOCK_RECORD
  5
1B
330
9
100
AcDbSymbolTableRecord
100
AcDbBlockTableRecord
  2
*Paper_Space
340
1E
 70
0
280
1
281
0
  0
BLOCK_RECORD
  5
74
330
9
100
AcDbSymbolTableRecord
100
AcDbBlockTableRecord
  2
_ARCHTICK
340
0
 70
0
280
1
281
0
  0
BLOCK_RECORD
  5
78
330
9
100
AcDbSymbolTableRecord
100
AcDbBlockTableRecord
  2
_CLOSEDFILLED
340
0
 70
0
280
1
281
0
  0
BLOCK_RECORD
  5
84
330
9
100
AcDbSymbolTableRecord
100
AcDbBlockTableRecord
  2
_CLOSEDBLANK
340
0
 70
0
280
1
281
0
  0
ENDTAB
  0
ENDSEC
  0
SECTION
  2
BLOCKS
  0
BLOCK
  5
18
330
17
100
AcDbEntity
  8
0
100
AcDbBlockBegin
  2
*Model_Space
 70
0
 10
0.0
 20
0.0
 30
0.0
  3
*Model_Space
  1

  0
ENDBLK
  5
19
330
17
100
AcDbEntity
  8
0
100
AcDbBlockEnd
  0
BLOCK
  5
1C
330
1B
100
AcDbEntity
  8
0
100
AcDbBlockBegin
  2
*Paper_Space
 70
0
 10
0.0
 20
0.0
 30
0.0
  3
*Paper_Space
  1

  0
ENDBLK
  5
1D
330
1B
100
AcDbEntity
  8
0
100
AcDbBlockEnd
  0
BLOCK
  5
75
330
74
100
AcDbEntity
  8
0
100
AcDbBlockBegin
  2
_ARCHTICK
 70
0
 10
0.0
 20
0.0
 30
0.0
  3
_ARCHTICK
  1

  0
LWPOLYLINE
  5
77
330
74
100
AcDbEntity
  8
0
  6
BYBLOCK
 62
0
100
AcDbPolyline
 90
2
 70
0
 43
0.15
 10
-0.5
 20
-0.5
 10
0.5
 20
0.5
  0
ENDBLK
  5
76
330
74
100
AcDbEntity
  8
0
100
AcDbBlockEnd
  0
BLOCK
  5
79
330
78
100
AcDbEntity
  8
0
100
AcDbBlockBegin
  2
_CLOSEDFILLED
 70
0
 10
0.0
 20
0.0
 30
0.0
  3
_CLOSEDFILLED
  1

  0
SOLID
  5
7B
330
78
100
AcDbEntity
  8
0
  6
BYBLOCK
 62
0
100
AcDbTrace
 10
-1.0
 20
0.16439898372402537
 30
0.0
 11
0.0
 21
0.0
 31
0.0
 12
-1.0
 22
-0.16439898372402537
 32
0.0
 13
-1.0
 23
-0.16439898372402537
 33
0.0
  0
ENDBLK
  5
7A
330
78
100
AcDbEntity
  8
0
100
AcDbBlockEnd
  0
BLOCK
  5
85
330
84
100
AcDbEntity
  8
0
100
AcDbBlockBegin
  2
_CLOSEDBLANK
 70
0
 10
0.0
 20
0.0
 30
0.0
  3
_CLOSEDBLANK
  1

  0
LWPOLYLINE
  5
87
330
84
100
AcDbEntity
  8
0
  6
BYBLOCK
 62
0
100
AcDbPolyline
 90
3
 70
1
 10
-1.0
 20
0.16439898372402537
 10
0.0
 20
0.0
 10
-1.0
 20
-0.16439898372402537
  0
ENDBLK
  5
86
330
84
100
AcDbEntity
  8
0
100
AcDbBlockEnd
  0
ENDSEC
  0
SECTION
  2
ENTITIES
  0
LINE
  5
90
330
17
100
AcDbEntity
  8
EJE_VIA
100
AcDbLine
 10
284.7833251953125
 20
223.33333333333334
 30
0.0
 11
285.06666395399304
 21
214.90000406901044
 31
0.0
  0
LINE
  5
91
330
17
100
AcDbEntity
  8
EJE_VIA
100
AcDbLine
 10
284.7833251953125
 20
223.33333333333334
 30
0.0
 11
284.91665310329864
 21
214.90000406901044
 31
0.0
  0
LINE
  5
92
330
17
100
AcDbEntity
  8
EJE_VIA
100
AcDbLine
 10
290.88331434461804
 20
223.316650390625
 30
0.0
 11
290.96666124131946
 21
214.89998711480035
 31
0.0
  0
LINE
  5
93
330
17
100
AcDbEntity
  8
EJE_VIA
100
AcDbLine
 10
290.8833482530382
 20
223.31666734483508
 30
0.0
 11
290.91668023003473
 21
214.90000406901044
 31
0.0
  0
LINE
  5
94
330
17
100
AcDbEntity
  8
EJE_VIA
100
AcDbLine
 10
157.65001085069446
 20
205.3166707356771
 30
0.0
 11
274.88335503472223
 21
204.9166700575087
 31
0.0
  0
LINE
  5
95
330
17
100
AcDbEntity
  8
EJE_VIA
100
AcDbLine
 10
110.45000712076823
 20
199.75002712673611
 30
0.0
 11
143.2500203450521
 21
199.7166951497396
 31
0.0
  0
LINE
  5
96
330
17
100
AcDbEntity
  8
EJE_VIA
100
AcDbLine
 10
262.0500013563368
 20
198.9666748046875
 30
0.0
 11
274.8666720920139
 21
198.91667683919272
 31
0.0
  0
LINE
  5
97
330
17
100
AcDbEntity
  8
EJE_VIA
100
AcDbLine
 10
275.56667751736114
 20
195.3333197699653
 30
0.0
 11
276.21668497721356
 21
195.3333197699653
 31
0.0
  0
LINE
  5
98
330
17
100
AcDbEntity
  8
EJE_VIA
100
AcDbLine
 10
138.8499959309896
 20
89.11666870117188
 30
0.0
 11
138.89999389648438
 21
109.11666870117188
 31
0.0
  0
LINE
  5
99
330
17
100
AcDbEntity
  8
EJE_VIA
100
AcDbLine
 10
138.18333095974393
 20
147.0999993218316
 30
0.0
 11
138.18333095974393
 21
149.5999993218316
 31
0.0
  0
LINE
  5
9A
330
17
100
AcDbEntity
  8
EJE_VIA
100
AcDbLine
 10
138.29999287923178
 20
169.5999993218316
 30
0.0
 11
138.29999287923178
 21
172.0999993218316
 31
0.0
  0
LINE
  5
9B
330
17
100
AcDbEntity
  8
EJE_VIA
100
AcDbLine
 10
138.61665513780383
 20
191.14998711480035
 30
0.0
 11
138.69998508029514
 21
219.84998914930557
 31
0.0
  0
LINE
  5
9C
330
17
100
AcDbEntity
  8
EJE_VIA
100
AcDbLine
 10
138.08333502875433
 20
128.3499993218316
 30
0.0
 11
138.1499989827474
 21
142.0999993218316
 31
0.0
  0
LINE
  5
9D
330
17
100
AcDbEntity
  8
EJE_VIA
100
AcDbLine
 10
138.1999969482422
 20
150.8499993218316
 30
0.0
 11
138.28332689073352
 21
168.3499993218316
 31
0.0
  0
LINE
  5
9E
330
17
100
AcDbEntity
  8
EJE_VIA
100
AcDbLine
 10
137.43331909179688
 20
188.0499945746528
 30
0.0
 11
137.43331909179688
 21
188.76666598849826
 31
0.0
  0
LINE
  5
9F
330
17
100
AcDbEntity
  8
EJE_VIA
100
AcDbLine
 10
143.10000949435764
 20
147.06666734483508
 30
0.0
 11
143.10000949435764
 21
149.56666734483508
 31
0.0
  0
LINE
  5
A0
330
17
100
AcDbEntity
  8
EJE_VIA
100
AcDbLine
 10
143.20000542534723
 20
165.83333333333334
 30
0.0
 11
143.20000542534723
 21
168.33333333333334
 31
0.0
  0
LINE
  5
A1
330
17
100
AcDbEntity
  8
EJE_VIA
100
AcDbLine
 10
143.00001356336807
 20
128.33333333333334
 30
0.0
 11
143.13334147135419
 21
153.31666734483508
 31
0.0
  0
LINE
  5
A2
330
17
100
AcDbEntity
  8
EJE_VIA
100
AcDbLine
 10
116.0333251953125
 20
127.45000203450522
 30
0.0
 11
119.66665479871962
 21
127.43333604600696
 31
0.0
  0
LINE
  5
A3
330
17
100
AcDbEntity
  8
EJE_VIA
100
AcDbLine
 10
126.16663614908855
 20
128.39998033311633
 30
0.0
 11
127.6833004421658
 21
128.4166463216146
 31
0.0
  0
LINE
  5
A4
330
17
100
AcDbEntity
  8
EJE_VIA
100
AcDbLine
 10
141.29998948838977
 20
75.33333672417535
 30
0.0
 11
141.41665988498264
 21
115.38333468967015
 31
0.0
  0
LINE
  5
A5
330
17
100
AcDbEntity
  8
EJE_VIA
100
AcDbLine
 10
138.83332994249133
 20
81.61666870117188
 30
0.0
 11
138.83332994249133
 21
86.61666870117188
 31
0.0
  0
LINE
  5
A6
330
17
100
AcDbEntity
  8
EJE_VIA
100
AcDbLine
 10
144.61666531032986
 20
191.15000406901044
 30
0.0
 11
144.64999728732639
 21
207.30000813802084
 31
0.0
  0
LINE
  5
A7
330
17
100
AcDbEntity
  8
EJE_VIA
100
AcDbLine
 10
116.28334045410156
 20
133.9333258734809
 30
0.0
 11
116.73333909776476
 21
134.3833245171441
 31
0.0
  0
LINE
  5
A8
330
17
100
AcDbEntity
  8
EJE_VIA
100
AcDbLine
 10
115.65000745985243
 20
135.34999423556857
 30
0.0
 11
116.30000644259984
 21
135.3333282470703
 31
0.0
  0
LINE
  5
A9
330
17
100
AcDbEntity
  8
EJE_VIA
100
AcDbLine
 10
118.13334147135417
 20
126.66666666666667
 30
0.0
 11
118.78334045410156
 21
126.66666666666667
 31
0.0
  0
LINE
  5
AA
330
17
100
AcDbEntity
  8
EJE_VIA
100
AcDbLine
 10
119.2166731092665
 20
127.0999993218316
 30
0.0
 11
119.2166731092665
 21
127.749998304579
 31
0.0
  0
LINE
  5
AB
330
17
100
AcDbEntity
  8
EJE_VIA
100
AcDbLine
 10
118.13334147135417
 20
128.21666293674045
 30
0.0
 11
118.78334045410156
 21
128.1999969482422
 31
0.0
  0
LINE
  5
AC
330
17
100
AcDbEntity
  8
EJE_VIA
100
AcDbLine
 10
127.70000881618924
 20
129.6166737874349
 30
0.0
 11
128.15000745985245
 21
129.15000915527344
 31
0.0
  0
LINE
  5
AD
330
17
100
AcDbEntity
  8
EJE_VIA
100
AcDbLine
 10
138.43332926432294
 20
118.15000745985243
 30
0.0
 11
143.41666327582465
 21
113.13334147135417
 31
0.0
  0
LINE
  5
AE
330
17
100
AcDbEntity
  8
EJE_VIA
100
AcDbLine
 10
129.11667717827692
 20
129.60000779893664
 30
0.0
 11
129.11667717827692
 21
130.25000678168402
 31
0.0
  0
LINE
  5
AF
330
17
100
AcDbEntity
  8
EJE_VIA
100
AcDbLine
 10
94.95001051161024
 20
128.9666748046875
 30
0.0
 11
94.9666765001085
 21
130.00000847710504
 31
0.0
  0
LINE
  5
B0
330
17
100
AcDbEntity
  8
EJE_VIA
100
AcDbLine
 10
94.63333977593317
 20
129.2166731092665
 30
0.0
 11
95.28333875868056
 21
129.2166731092665
 31
0.0
  0
LINE
  5
B1
330
17
100
AcDbEntity
  8
EJE_VIA
100
AcDbLine
 10
95.71667141384549
 20
129.68333774142795
 30
0.0
 11
95.71667141384549
 21
130.33333672417535
 31
0.0
  0
LINE
  5
B2
330
17
100
AcDbEntity
  8
EJE_VIA
100
AcDbLine
 10
94.20000712076823
 20
129.68333774142795
 30
0.0
 11
94.20000712076823
 21
130.33333672417535
 31
0.0
  0
LINE
  5
B3
330
17
100
AcDbEntity
  8
EJE_VIA
100
AcDbLine
 10
115.36668565538194
 20
192.13333129882812
 30
0.0
 11
115.36668565538194
 21
192.78333875868057
 31
0.0
  0
LINE
  5
B4
330
17
100
AcDbEntity
  8
EJE_VIA
100
AcDbLine
 10
116.91665649414062
 20
154.5999993218316
 30
0.0
 11
116.91665649414062
 21
157.0999993218316
 31
0.0
  0
LINE
  5
B5
330
17
100
AcDbEntity
  8
EJE_VIA
100
AcDbLine
 10
116.88334994845921
 20
192.13333129882812
 30
0.0
 11
116.88334994845921
 21
192.78333875868057
 31
0.0
  0
LINE
  5
B6
330
17
100
AcDbEntity
  8
EJE_VIA
100
AcDbLine
 10
115.81665886773004
 20
196.10000610351562
 30
0.0
 11
116.45001729329428
 21
193.23333740234375
 31
0.0
  0
LINE
  5
B7
330
17
100
AcDbEntity
  8
EJE_VIA
100
AcDbLine
 10
115.81668429904515
 20
196.25
 30
0.0
 11
116.45001729329428
 21
196.23333401150174
 31
0.0
  0
LINE
  5
B8
330
17
100
AcDbEntity
  8
EJE_VIA
100
AcDbLine
 10
117.31664021809897
 20
147.26665920681424
 30
0.0
 11
117.44997660319011
 21
146.0833231608073
 31
0.0
  0
LINE
  5
B9
330
17
100
AcDbEntity
  8
EJE_VIA
100
AcDbLine
 10
115.79999287923178
 20
191.6999986436632
 30
0.0
 11
116.44999186197917
 21
191.6999986436632
 31
0.0
  0
LINE
  5
BA
330
17
100
AcDbEntity
  8
EJE_VIA
100
AcDbLine
 10
126.69999016655817
 20
194.63333129882812
 30
0.0
 11
126.71665615505643
 21
195.28333875868057
 31
0.0
  0
LINE
  5
BB
330
17
100
AcDbEntity
  8
EJE_VIA
100
AcDbLine
 10
97.48331705729167
 20
239.14998372395834
 30
0.0
 11
97.48331705729167
 21
273.11665852864587
 31
0.0
  0
LINE
  5
BC
330
17
100
AcDbEntity
  8
EJE_VIA
100
AcDbLine
 10
293.90001085069446
 20
194.51665242513022
 30
0.0
 11
293.91665988498266
 21
212.2833251953125
 31
0.0
  0
LINE
  5
BD
330
17
100
AcDbEntity
  8
EJE_VIA
100
AcDbLine
 10
294.6499972873264
 20
194.19998168945312
 30
0.0
 11
294.6499972873264
 21
194.8333231608073
 31
0.0
  0
LINE
  5
BE
330
17
100
AcDbEntity
  8
EJE_VIA
100
AcDbLine
 10
293.1333414713542
 20
194.51665242513022
 30
0.0
 11
294.6499972873264
 21
194.51665242513022
 31
0.0
  0
LINE
  5
BF
330
17
100
AcDbEntity
  8
EJE_VIA
100
AcDbLine
 10
293.5666910807292
 20
195.2833218044705
 30
0.0
 11
294.2166815863715
 21
195.26665581597223
 31
0.0
  0
LINE
  5
C0
330
17
100
AcDbEntity
  8
EJE_VIA
100
AcDbLine
 10
293.1333414713542
 20
194.19998168945312
 30
0.0
 11
293.1333414713542
 21
194.84998914930557
 31
0.0
  0
LINE
  5
C1
330
17
100
AcDbEntity
  8
EJE_VIA
100
AcDbLine
 10
275.9000142415365
 20
196.73331366644967
 30
0.0
 11
275.91668023003473
 21
211.73331366644967
 31
0.0
  0
LINE
  5
C2
330
17
100
AcDbEntity
  8
EJE_VIA
100
AcDbLine
 10
276.6500176323785
 20
194.24997965494794
 30
0.0
 11
276.6500176323785
 21
194.89998711480035
 31
0.0
  0
LINE
  5
C3
330
17
100
AcDbEntity
  8
EJE_VIA
100
AcDbLine
 10
275.9000142415365
 20
194.566650390625
 30
0.0
 11
275.9000142415365
 21
195.64999050564236
 31
0.0
  0
LINE
  5
C4
330
17
100
AcDbEntity
  8
EJE_VIA
100
AcDbLine
 10
275.13334486219617
 20
194.24997965494794
 30
0.0
 11
275.13334486219617
 21
194.89998711480035
 31
0.0
  0
LINE
  5
C5
330
17
100
AcDbEntity
  8
EJE_VIA
100
AcDbLine
 10
275.933346218533
 20
211.7332967122396
 30
0.0
 11
275.95001220703125
 21
216.21663411458334
 31
0.0
  0
LINE
  5
C6
330
17
100
AcDbEntity
  8
EJE_VIA
100
AcDbLine
 10
98.38333977593317
 20
194.69996134440106
 30
0.0
 11
98.38333977593317
 21
195.34996880425348
 31
0.0
  0
LINE
  5
C7
330
17
100
AcDbEntity
  8
EJE_VIA
100
AcDbLine
 10
97.61667039659288
 20
195.03329806857639
 30
0.0
 11
97.61667039659288
 21
196.11663818359375
 31
0.0
  0
LINE
  5
C8
330
17
100
AcDbEntity
  8
EJE_VIA
100
AcDbLine
 10
96.86666700575087
 20
195.03329806857639
 30
0.0
 11
98.38333129882812
 21
195.03329806857639
 31
0.0
  0
LINE
  5
C9
330
17
100
AcDbEntity
  8
EJE_VIA
100
AcDbLine
 10
96.86666700575087
 20
194.69996134440106
 30
0.0
 11
96.86666700575087
 21
195.34996880425348
 31
0.0
  0
LINE
  5
CA
330
17
100
AcDbEntity
  8
EJE_VIA
100
AcDbLine
 10
127.3666720920139
 20
95.8999972873264
 30
0.0
 11
127.3666720920139
 21
96.88333299424913
 31
0.0
  0
LINE
  5
CB
330
17
100
AcDbEntity
  8
EJE_VIA
100
AcDbLine
 10
127.41665310329861
 20
114.48333740234375
 30
0.0
 11
127.41665310329861
 21
115.4666731092665
 31
0.0
  0
LINE
  5
CC
330
17
100
AcDbEntity
  8
EJE_VIA
100
AcDbLine
 10
127.48331705729167
 20
137.91666666666669
 30
0.0
 11
127.61664496527779
 21
192.93333265516495
 31
0.0
  0
LINE
  5
CD
330
17
100
AcDbEntity
  8
EJE_VIA
100
AcDbLine
 10
127.69999186197917
 20
252.41663614908856
 30
0.0
 11
127.71665785047743
 21
260.4166327582465
 31
0.0
  0
LINE
  5
CE
330
17
100
AcDbEntity
  8
EJE_VIA
100
AcDbLine
 10
127.5166490342882
 20
154.61666531032986
 30
0.0
 11
127.53331502278647
 21
156.61666870117188
 31
0.0
  0
LINE
  5
CF
330
17
100
AcDbEntity
  8
EJE_VIA
100
AcDbLine
 10
115.81665886773004
 20
195.4499986436632
 30
0.0
 11
116.44999186197917
 21
195.4499986436632
 31
0.0
  0
LINE
  5
D0
330
17
100
AcDbEntity
  8
EJE_VIA
100
AcDbLine
 10
134.1999986436632
 20
138.75
 30
0.0
 11
134.91666158040366
 21
138.75
 31
0.0
  0
LINE
  5
D1
330
17
100
AcDbEntity
  8
EJE_VIA
100
AcDbLine
 10
130.03333197699652
 20
137.91666666666669
 30
0.0
 11
137.433344523112
 21
137.89999220106338
 31
0.0
  0
LINE
  5
D2
330
17
100
AcDbEntity
  8
EJE_VIA
100
AcDbLine
 10
134.54999287923178
 20
137.06666734483508
 30
0.0
 11
134.54999287923178
 21
138.75
 31
0.0
  0
LINE
  5
D3
330
17
100
AcDbEntity
  8
EJE_VIA
100
AcDbLine
 10
133.71665954589844
 20
137.5499979654948
 30
0.0
 11
133.71665954589844
 21
138.26666090223526
 31
0.0
  0
LINE
  5
D4
330
17
100
AcDbEntity
  8
EJE_VIA
100
AcDbLine
 10
133.7499745686849
 20
261.2166680230035
 30
0.0
 11
133.7499745686849
 21
261.749996609158
 31
0.0
  0
LINE
  5
D5
330
17
100
AcDbEntity
  8
EJE_VIA
100
AcDbLine
 10
134.1999986436632
 20
137.06666734483508
 30
0.0
 11
134.91666158040366
 21
137.06666734483508
 31
0.0
  0
LINE
  5
D6
330
17
100
AcDbEntity
  8
EJE_VIA
100
AcDbLine
 10
145.41666666666669
 20
89.05000474717882
 30
0.0
 11
147.35000610351562
 21
89.25000508626303
 31
0.0
  0
LINE
  5
D7
330
17
100
AcDbEntity
  8
EJE_VIA
100
AcDbLine
 10
124.95001051161024
 20
86.91667344835069
 30
0.0
 11
127.81667921278212
 21
87.21666971842448
 31
0.0
  0
LINE
  5
D8
330
17
100
AcDbEntity
  8
EJE_VIA
100
AcDbLine
 10
149.14998372395834
 20
189.08333672417535
 30
0.0
 11
150.34998575846356
 21
188.36666531032986
 31
0.0
  0
LINE
  5
D9
330
17
100
AcDbEntity
  8
EJE_VIA
100
AcDbLine
 10
134.93331909179688
 20
187.26665920681424
 30
0.0
 11
135.43331570095486
 21
186.749996609158
 31
0.0
  0
LINE
  5
DA
330
17
100
AcDbEntity
  8
EJE_VIA
100
AcDbLine
 10
135.7333204481337
 20
188.08332655164932
 30
0.0
 11
136.24998304578995
 21
187.56666395399307
 31
0.0
  0
LINE
  5
DB
330
17
100
AcDbEntity
  8
EJE_VIA
100
AcDbLine
 10
135.58333502875433
 20
190.0999959309896
 30
0.0
 11
136.91666497124567
 21
190.38333468967014
 31
0.0
  0
LINE
  5
DC
330
17
100
AcDbEntity
  8
EJE_VIA
100
AcDbLine
 10
136.88334147135419
 20
188.8499959309896
 30
0.0
 11
137.25001017252606
 21
189.98333401150174
 31
0.0
  0
LINE
  5
DD
330
17
100
AcDbEntity
  8
EJE_VIA
100
AcDbLine
 10
136.25000847710504
 20
137.2000037299262
 30
0.0
 11
136.25000847710504
 21
138.5666741265191
 31
0.0
  0
LINE
  5
DE
330
17
100
AcDbEntity
  8
EJE_VIA
100
AcDbLine
 10
134.76668463812933
 20
137.5333489312066
 30
0.0
 11
135.80001831054688
 21
136.933347913954
 31
0.0
  0
LINE
  5
DF
330
17
100
AcDbEntity
  8
EJE_VIA
100
AcDbLine
 10
135.6500244140625
 20
105.08335537380643
 30
0.0
 11
136.1000230577257
 21
106.36668735080296
 31
0.0
  0
LINE
  5
E0
330
17
100
AcDbEntity
  8
EJE_VIA
100
AcDbLine
 10
134.35001797146268
 20
105.90001424153647
 30
0.0
 11
135.1500193277995
 21
104.98335096571181
 31
0.0
  0
LINE
  5
E1
330
17
100
AcDbEntity
  8
EJE_VIA
100
AcDbLine
 10
130.16668531629776
 20
103.20001390245226
 30
0.0
 11
130.81668429904514
 21
104.40001593695747
 31
0.0
  0
LINE
  5
E2
330
17
100
AcDbEntity
  8
EJE_VIA
100
AcDbLine
 10
131.35001288519965
 20
104.40000745985243
 30
0.0
 11
131.96667989095053
 21
103.38333977593317
 31
0.0
  0
LINE
  5
E3
330
17
100
AcDbEntity
  8
EJE_VIA
100
AcDbLine
 10
137.86665174696182
 20
165.38333468967014
 30
0.0
 11
143.18332248263889
 21
165.36666870117188
 31
0.0
  0
LINE
  5
E4
330
17
100
AcDbEntity
  8
EJE_VIA
100
AcDbLine
 10
134.11665174696182
 20
165.41666666666669
 30
0.0
 11
136.61665174696182
 21
165.4000006781684
 31
0.0
  0
LINE
  5
E5
330
17
100
AcDbEntity
  8
EJE_VIA
100
AcDbLine
 10
127.54998101128473
 20
165.4499986436632
 30
0.0
 11
129.11665174696182
 21
165.43333265516495
 31
0.0
  0
LINE
  5
E6
330
17
100
AcDbEntity
  8
EJE_VIA
100
AcDbLine
 10
134.14998372395834
 20
172.11666531032986
 30
0.0
 11
140.39998372395834
 21
172.08333333333334
 31
0.0
  0
LINE
  5
E7
330
17
100
AcDbEntity
  8
EJE_VIA
100
AcDbLine
 10
97.00000339084202
 20
160.4166497124566
 30
0.0
 11
107.00000339084202
 21
160.38331773546008
 31
0.0
  0
LINE
  5
E8
330
17
100
AcDbEntity
  8
EJE_VIA
100
AcDbLine
 10
115.75000339084202
 20
160.36665174696182
 30
0.0
 11
125.75000339084202
 21
160.33331976996527
 31
0.0
  0
LINE
  5
E9
330
17
100
AcDbEntity
  8
EJE_VIA
100
AcDbLine
 10
134.09998575846356
 20
160.13332790798611
 30
0.0
 11
144.500003390842
 21
160.2833218044705
 31
0.0
  0
LINE
  5
EA
330
17
100
AcDbEntity
  8
EJE_VIA
100
AcDbLine
 10
131.31665547688803
 20
102.33334011501736
 30
0.0
 11
132.03331841362848
 21
102.33334011501736
 31
0.0
  0
LINE
  5
EB
330
17
100
AcDbEntity
  8
EJE_VIA
100
AcDbLine
 10
132.01665242513022
 20
104.0166727701823
 30
0.0
 11
132.53331502278647
 21
103.51667616102431
 31
0.0
  0
LINE
  5
EC
330
17
100
AcDbEntity
  8
EJE_VIA
100
AcDbLine
 10
133.68331909179688
 20
105.83334181043837
 30
0.0
 11
134.19998168945312
 21
105.31667921278212
 31
0.0
  0
LINE
  5
ED
330
17
100
AcDbEntity
  8
EJE_VIA
100
AcDbLine
 10
134.16665818956164
 20
107.01667785644531
 30
0.0
 11
134.8833211263021
 21
107.01667785644531
 31
0.0
  0
LINE
  5
EE
330
17
100
AcDbEntity
  8
EJE_VIA
100
AcDbLine
 10
127.51666598849827
 20
150.46666463216147
 30
0.0
 11
129.06666225857205
 21
150.4499986436632
 31
0.0
  0
LINE
  5
EF
330
17
100
AcDbEntity
  8
EJE_VIA
100
AcDbLine
 10
141.56666225857205
 20
150.4000006781684
 30
0.0
 11
143.11665852864584
 21
150.38333468967014
 31
0.0
  0
LINE
  5
F0
330
17
100
AcDbEntity
  8
EJE_VIA
100
AcDbLine
 10
137.81666225857205
 20
150.41666666666669
 30
0.0
 11
140.31666225857205
 21
150.4000006781684
 31
0.0
  0
LINE
  5
F1
330
17
100
AcDbEntity
  8
EJE_VIA
100
AcDbLine
 10
364.7666422526042
 20
151.25
 30
0.0
 11
368.66665310329864
 21
151.25
 31
0.0
  0
LINE
  5
F2
330
17
100
AcDbEntity
  8
EJE_VIA
100
AcDbLine
 10
134.0833282470703
 20
155.2833218044705
 30
0.0
 11
140.3333282470703
 21
155.24998982747397
 31
0.0
  0
LINE
  5
F3
330
17
100
AcDbEntity
  8
EJE_VIA
100
AcDbLine
 10
117.65001085069444
 20
156.58331976996527
 30
0.0
 11
129.0833282470703
 21
155.29998779296875
 31
0.0
  0
LINE
  5
F4
330
17
100
AcDbEntity
  8
EJE_VIA
100
AcDbLine
 10
137.73333231608075
 20
128.34998236762152
 30
0.0
 11
142.999996609158
 21
128.33331637912326
 31
0.0
  0
LINE
  5
F5
330
17
100
AcDbEntity
  8
EJE_VIA
100
AcDbLine
 10
130.23333231608075
 20
128.39998033311633
 30
0.0
 11
136.48333231608075
 21
128.3666483561198
 31
0.0
  0
LINE
  5
F6
330
17
100
AcDbEntity
  8
EJE_VIA
100
AcDbLine
 10
340.4832967122396
 20
126.14998711480035
 30
0.0
 11
344.08328586154516
 21
126.11665513780383
 31
0.0
  0
LINE
  5
F7
330
17
100
AcDbEntity
  8
EJE_VIA
100
AcDbLine
 10
133.98333231608075
 20
131.93331400553387
 30
0.0
 11
143.01666259765625
 21
131.89998202853732
 31
0.0
  0
LINE
  5
F8
330
17
100
AcDbEntity
  8
EJE_VIA
100
AcDbLine
 10
130.23333231608075
 20
131.9666459825304
 30
0.0
 11
139.2333475748698
 21
132.7833218044705
 31
0.0
  0
LINE
  5
F9
330
17
100
AcDbEntity
  8
EJE_VIA
100
AcDbLine
 10
127.46666802300348
 20
131.9666459825304
 30
0.0
 11
128.98333231608075
 21
131.9666459825304
 31
0.0
  0
LINE
  5
FA
330
17
100
AcDbEntity
  8
EJE_VIA
100
AcDbLine
 10
44.91667005750868
 20
138.11665852864584
 30
0.0
 11
50.38333468967014
 21
138.11665852864584
 31
0.0
  0
LINE
  5
FB
330
17
100
AcDbEntity
  8
EJE_VIA
100
AcDbLine
 10
127.48333401150174
 20
136.9666459825304
 30
0.0
 11
129.01666429307727
 21
136.94997999403213
 31
0.0
  0
LINE
  5
FC
330
17
100
AcDbEntity
  8
EJE_VIA
100
AcDbLine
 10
141.51666429307727
 20
136.89998202853732
 30
0.0
 11
143.0333285861545
 21
136.88331604003906
 31
0.0
  0
LINE
  5
FD
330
17
100
AcDbEntity
  8
EJE_VIA
100
AcDbLine
 10
71.30000644259982
 20
138.04999457465277
 30
0.0
 11
71.76667107476129
 21
138.04999457465277
 31
0.0
  0
LINE
  5
FE
330
17
100
AcDbEntity
  8
EJE_VIA
100
AcDbLine
 10
130.26666429307727
 20
136.94997999403213
 30
0.0
 11
140.26666429307727
 21
136.89998202853732
 31
0.0
  0
LINE
  5
FF
330
17
100
AcDbEntity
  8
EJE_VIA
100
AcDbLine
 10
127.5499979654948
 20
146.316646999783
 30
0.0
 11
127.84999423556859
 21
146.6666497124566
 31
0.0
  0
LINE
  5
100
330
17
100
AcDbEntity
  8
EJE_VIA
100
AcDbLine
 10
120.01664055718317
 20
137.33331468370227
 30
0.0
 11
120.61664157443577
 21
138.04997762044272
 31
0.0
  0
LINE
  5
101
330
17
100
AcDbEntity
  8
EJE_VIA
100
AcDbLine
 10
134.4833289252387
 20
154.566650390625
 30
0.0
 11
135.08332994249133
 21
155.2833218044705
 31
0.0
  0
LINE
  5
102
330
17
100
AcDbEntity
  8
EJE_VIA
100
AcDbLine
 10
128.98333231608075
 20
136.54998779296875
 30
0.0
 11
129.58333333333334
 21
137.2666507297092
 31
0.0
  0
LINE
  5
103
330
17
100
AcDbEntity
  8
EJE_VIA
100
AcDbLine
 10
137.9499986436632
 20
135.76666090223526
 30
0.0
 11
138.5499996609158
 21
136.4833238389757
 31
0.0
  0
LINE
  5
104
330
17
100
AcDbEntity
  8
EJE_VIA
100
AcDbLine
 10
134.4833289252387
 20
154.566650390625
 30
0.0
 11
135.23333231608075
 21
154.51665242513022
 31
0.0
  0
LINE
  5
105
330
17
100
AcDbEntity
  8
EJE_VIA
100
AcDbLine
 10
127.5499979654948
 20
145.93331231011285
 30
0.0
 11
127.99999660915799
 21
145.88331434461807
 31
0.0
  0
LINE
  5
106
330
17
100
AcDbEntity
  8
EJE_VIA
100
AcDbLine
 10
120.01663208007812
 20
137.3332977294922
 30
0.0
 11
120.76663547092015
 21
137.26663377549914
 31
0.0
  0
LINE
  5
107
330
17
100
AcDbEntity
  8
EJE_VIA
100
AcDbLine
 10
128.98333231608075
 20
136.5499793158637
 30
0.0
 11
129.73333570692276
 21
136.48331536187067
 31
0.0
  0
LINE
  5
108
330
17
100
AcDbEntity
  8
EJE_VIA
100
AcDbLine
 10
137.9499986436632
 20
135.76664394802518
 30
0.0
 11
138.70000203450522
 21
135.69997999403213
 31
0.0
  0
LINE
  5
109
330
17
100
AcDbEntity
  8
EJE_VIA
100
AcDbLine
 10
139.26666259765625
 20
133.94998338487414
 30
0.0
 11
139.3999989827474
 21
133.16664801703558
 31
0.0
  0
LINE
  5
10A
330
17
100
AcDbEntity
  8
EJE_VIA
100
AcDbLine
 10
130.65001593695746
 20
132.15000576443143
 30
0.0
 11
131.61668565538196
 21
133.15000745985245
 31
0.0
  0
LINE
  5
10B
330
17
100
AcDbEntity
  8
EJE_VIA
100
AcDbLine
 10
142.33335706922745
 20
144.31667751736111
 30
0.0
 11
143.08336046006946
 21
145.11667887369794
 31
0.0
  0
LINE
  5
10C
330
17
100
AcDbEntity
  8
EJE_VIA
100
AcDbLine
 10
132.31668260362414
 20
130.95001220703125
 30
0.0
 11
132.45001898871527
 21
129.76667616102432
 31
0.0
  0
LINE
  5
10D
330
17
100
AcDbEntity
  8
EJE_VIA
100
AcDbLine
 10
142.33335706922745
 20
144.31666056315106
 30
0.0
 11
143.08336046006946
 21
144.1999986436632
 31
0.0
  0
LINE
  5
10E
330
17
100
AcDbEntity
  8
EJE_VIA
100
AcDbLine
 10
130.6500244140625
 20
132.14999728732639
 30
0.0
 11
131.75002204047308
 21
131.96666293674045
 31
0.0
  0
LINE
  5
10F
330
17
100
AcDbEntity
  8
EJE_VIA
100
AcDbLine
 10
134.21669006347656
 20
166.0333251953125
 30
0.0
 11
135.08335537380643
 21
166.36666191948785
 31
0.0
  0
LINE
  5
110
330
17
100
AcDbEntity
  8
EJE_VIA
100
AcDbLine
 10
138.6333465576172
 20
151.93333943684897
 30
0.0
 11
139.50001186794705
 21
152.26667616102432
 31
0.0
  0
LINE
  5
111
330
17
100
AcDbEntity
  8
EJE_VIA
100
AcDbLine
 10
132.55000644259982
 20
133.7999979654948
 30
0.0
 11
133.4166717529297
 21
134.1500006781684
 31
0.0
  0
LINE
  5
112
330
17
100
AcDbEntity
  8
EJE_VIA
100
AcDbLine
 10
140.0166744656033
 20
128.76666598849826
 30
0.0
 11
140.88333977593317
 21
129.11666870117188
 31
0.0
  0
LINE
  5
113
330
17
100
AcDbEntity
  8
EJE_VIA
100
AcDbLine
 10
134.2166731092665
 20
166.0333251953125
 30
0.0
 11
134.83334011501736
 21
165.61665852864584
 31
0.0
  0
LINE
  5
114
330
17
100
AcDbEntity
  8
EJE_VIA
100
AcDbLine
 10
116.24995761447484
 20
167.03333536783856
 30
0.0
 11
116.86662462022569
 21
166.61666870117188
 31
0.0
  0
LINE
  5
115
330
17
100
AcDbEntity
  8
EJE_VIA
100
AcDbLine
 10
123.7166256374783
 20
162.000003390842
 30
0.0
 11
124.33329264322917
 21
161.58333672417535
 31
0.0
  0
LINE
  5
116
330
17
100
AcDbEntity
  8
EJE_VIA
100
AcDbLine
 10
138.6333465576172
 20
151.93332248263889
 30
0.0
 11
139.25001356336807
 21
151.51665581597223
 31
0.0
  0
LINE
  5
117
330
17
100
AcDbEntity
  8
EJE_VIA
100
AcDbLine
 10
125.08328755696616
 20
138.83332994249133
 30
0.0
 11
125.71662055121529
 21
138.41666327582465
 31
0.0
  0
LINE
  5
118
330
17
100
AcDbEntity
  8
EJE_VIA
100
AcDbLine
 10
132.55001491970486
 20
133.79998101128473
 30
0.0
 11
133.16668192545575
 21
133.38331434461807
 31
0.0
  0
LINE
  5
119
330
17
100
AcDbEntity
  8
EJE_VIA
100
AcDbLine
 10
140.01668294270834
 20
128.7666490342882
 30
0.0
 11
140.6333499484592
 21
128.34998236762152
 31
0.0
  0
LINE
  5
11A
330
17
100
AcDbEntity
  8
EJE_VIA
100
AcDbLine
 10
135.53336249457465
 20
163.0999755859375
 30
0.0
 11
135.80002678765192
 21
163.8499789767795
 31
0.0
  0
LINE
  5
11B
330
17
100
AcDbEntity
  8
EJE_VIA
100
AcDbLine
 10
133.88336181640625
 20
130.86663987901477
 30
0.0
 11
134.13336012098526
 21
131.61664326985678
 31
0.0
  0
LINE
  5
11C
330
17
100
AcDbEntity
  8
EJE_VIA
100
AcDbLine
 10
136.9166988796658
 20
139.93330213758682
 30
0.0
 11
137.1666971842448
 21
140.68330552842883
 31
0.0
  0
LINE
  5
11D
330
17
100
AcDbEntity
  8
EJE_VIA
100
AcDbLine
 10
139.96670193142361
 20
148.99997287326389
 30
0.0
 11
140.21670023600262
 21
149.7499762641059
 31
0.0
  0
LINE
  5
11E
330
17
100
AcDbEntity
  8
EJE_VIA
100
AcDbLine
 10
92.53334045410156
 20
156.90000745985245
 30
0.0
 11
97.40000406901042
 21
157.80000474717883
 31
0.0
  0
LINE
  5
11F
330
17
100
AcDbEntity
  8
EJE_VIA
100
AcDbLine
 10
274.566650390625
 20
176.89999050564236
 30
0.0
 11
289.58333333333337
 21
180.13332790798611
 31
0.0
  0
LINE
  5
120
330
17
100
AcDbEntity
  8
EJE_VIA
100
AcDbLine
 10
134.0666707356771
 20
149.68332926432294
 30
0.0
 11
135.05000644259982
 21
149.68332926432294
 31
0.0
  0
LINE
  5
121
330
17
100
AcDbEntity
  8
EJE_VIA
100
AcDbLine
 10
344.68353271484375
 20
151.21668497721356
 30
0.0
 11
360.2166748046875
 21
151.28333197699652
 31
0.0
  0
LINE
  5
122
330
17
100
AcDbEntity
  8
EJE_VIA
100
AcDbLine
 10
134.10000271267361
 20
181.68333265516495
 30
0.0
 11
135.06667243109808
 21
181.68333265516495
 31
0.0
  0
LINE
  5
123
330
17
100
AcDbEntity
  8
EJE_VIA
100
AcDbLine
 10
134.3000030517578
 20
181.33332994249133
 30
0.0
 11
134.86667209201389
 21
181.33332994249133
 31
0.0
  0
LINE
  5
124
330
17
100
AcDbEntity
  8
EJE_VIA
100
AcDbLine
 10
134.3000030517578
 20
182.03333536783856
 30
0.0
 11
134.86667209201389
 21
182.03333536783856
 31
0.0
  0
LINE
  5
125
330
17
100
AcDbEntity
  8
EJE_VIA
100
AcDbLine
 10
122.11666531032986
 20
164.63333129882812
 30
0.0
 11
122.1499972873264
 21
158.38333129882812
 31
0.0
  0
LINE
  5
126
330
17
100
AcDbEntity
  8
EJE_VIA
100
AcDbLine
 10
122.19999525282118
 20
149.63333129882812
 30
0.0
 11
122.21666124131944
 21
147.13333129882812
 31
0.0
  0
LINE
  5
127
330
17
100
AcDbEntity
  8
EJE_VIA
100
AcDbLine
 10
122.24999321831598
 20
138.36666531032986
 30
0.0
 11
122.26665920681424
 21
135.86666531032986
 31
0.0
  0
LINE
  5
128
330
17
100
AcDbEntity
  8
EJE_VIA
100
AcDbLine
 10
122.18332926432292
 20
150.88333129882812
 30
0.0
 11
122.16666327582466
 21
157.13333129882812
 31
0.0
  0
LINE
  5
129
330
17
100
AcDbEntity
  8
EJE_VIA
100
AcDbLine
 10
117.03331841362848
 20
132.0999993218316
 30
0.0
 11
117.03331841362848
 21
134.5999993218316
 31
0.0
  0
LINE
  5
12A
330
17
100
AcDbEntity
  8
EJE_VIA
100
AcDbLine
 10
111.94997999403212
 20
164.58333333333334
 30
0.0
 11
111.96664598253038
 21
162.08333333333334
 31
0.0
  0
LINE
  5
12B
330
17
100
AcDbEntity
  8
EJE_VIA
100
AcDbLine
 10
112.03330993652344
 20
149.56666734483508
 30
0.0
 11
112.14997185601129
 21
128.33333333333334
 31
0.0
  0
LINE
  5
12C
330
17
100
AcDbEntity
  8
EJE_VIA
100
AcDbLine
 10
112.11663987901476
 20
132.06666734483508
 30
0.0
 11
112.11663987901476
 21
134.56666734483508
 31
0.0
  0
LINE
  5
12D
330
17
100
AcDbEntity
  8
EJE_VIA
100
AcDbLine
 10
114.76664225260417
 20
165.38333468967014
 30
0.0
 11
117.26664225260417
 21
165.38333468967014
 31
0.0
  0
LINE
  5
12E
330
17
100
AcDbEntity
  8
EJE_VIA
100
AcDbLine
 10
370.15001085069446
 20
165.6666734483507
 30
0.0
 11
371.61668565538196
 21
165.6666734483507
 31
0.0
  0
LINE
  5
12F
330
17
100
AcDbEntity
  8
EJE_VIA
100
AcDbLine
 10
118.51664225260417
 20
165.4000006781684
 30
0.0
 11
121.01664225260417
 21
165.41666666666669
 31
0.0
  0
LINE
  5
130
330
17
100
AcDbEntity
  8
EJE_VIA
100
AcDbLine
 10
379.13333468967016
 20
163.6333211263021
 30
0.0
 11
418.3833482530382
 21
163.56665717230902
 31
0.0
  0
LINE
  5
131
330
17
100
AcDbEntity
  8
EJE_VIA
100
AcDbLine
 10
84.55000135633681
 20
163.63333808051215
 30
0.0
 11
91.2166765001085
 21
163.61667209201389
 31
0.0
  0
LINE
  5
132
330
17
100
AcDbEntity
  8
EJE_VIA
100
AcDbLine
 10
126.01664225260417
 20
165.43333265516495
 30
0.0
 11
127.58331298828125
 21
165.4499986436632
 31
0.0
  0
LINE
  5
133
330
17
100
AcDbEntity
  8
EJE_VIA
100
AcDbLine
 10
364.3332926432292
 20
163.64998711480035
 30
0.0
 11
364.7666422526042
 21
163.64998711480035
 31
0.0
  0
LINE
  5
134
330
17
100
AcDbEntity
  8
EJE_VIA
100
AcDbLine
 10
114.74997626410591
 20
172.08333333333334
 30
0.0
 11
117.24997626410591
 21
172.0999993218316
 31
0.0
  0
LINE
  5
135
330
17
100
AcDbEntity
  8
EJE_VIA
100
AcDbLine
 10
114.78330824110243
 20
160.0999959309896
 30
0.0
 11
124.78330824110243
 21
160.14999389648438
 31
0.0
  0
LINE
  5
136
330
17
100
AcDbEntity
  8
EJE_VIA
100
AcDbLine
 10
114.79997422960069
 20
155.24998982747397
 30
0.0
 11
124.81664021809897
 21
155.29998779296875
 31
0.0
  0
LINE
  5
137
330
17
100
AcDbEntity
  8
EJE_VIA
100
AcDbLine
 10
148.31668429904514
 20
154.2833455403646
 30
0.0
 11
175.91668023003473
 21
154.2833455403646
 31
0.0
  0
LINE
  5
138
330
17
100
AcDbEntity
  8
EJE_VIA
100
AcDbLine
 10
126.06664021809897
 20
155.29998779296875
 30
0.0
 11
127.61663648817274
 21
155.316653781467
 31
0.0
  0
LINE
  5
139
330
17
100
AcDbEntity
  8
EJE_VIA
100
AcDbLine
 10
114.91663614908855
 20
128.34998236762152
 30
0.0
 11
117.41663614908855
 21
128.34998236762152
 31
0.0
  0
LINE
  5
13A
330
17
100
AcDbEntity
  8
EJE_VIA
100
AcDbLine
 10
112.09996541341147
 20
136.88331604003906
 30
0.0
 11
113.63329569498698
 21
136.89998202853732
 31
0.0
  0
LINE
  5
13B
330
17
100
AcDbEntity
  8
EJE_VIA
100
AcDbLine
 10
126.13329569498698
 20
136.94997999403213
 30
0.0
 11
127.6666259765625
 21
136.9666459825304
 31
0.0
  0
LINE
  5
13C
330
17
100
AcDbEntity
  8
EJE_VIA
100
AcDbLine
 10
114.88329569498698
 20
136.89998202853732
 30
0.0
 11
124.88329569498698
 21
136.94997999403213
 31
0.0
  0
LINE
  5
13D
330
17
100
AcDbEntity
  8
EJE_VIA
100
AcDbLine
 10
114.81663174099393
 20
165.54997762044272
 30
0.0
 11
115.41663275824654
 21
166.2666490342882
 31
0.0
  0
LINE
  5
13E
330
17
100
AcDbEntity
  8
EJE_VIA
100
AcDbLine
 10
116.54996236165366
 20
156.14997016059027
 30
0.0
 11
117.14996337890625
 21
156.86664157443576
 31
0.0
  0
LINE
  5
13F
330
17
100
AcDbEntity
  8
EJE_VIA
100
AcDbLine
 10
118.28330145941841
 20
146.73331366644965
 30
0.0
 11
118.883302476671
 21
147.44998508029514
 31
0.0
  0
LINE
  5
140
330
17
100
AcDbEntity
  8
EJE_VIA
100
AcDbLine
 10
125.51663716634116
 20
155.34998575846356
 30
0.0
 11
126.11663818359375
 21
156.0833231608073
 31
0.0
  0
LINE
  5
141
330
17
100
AcDbEntity
  8
EJE_VIA
100
AcDbLine
 10
127.24997626410591
 20
145.94997829861111
 30
0.0
 11
127.58331298828125
 21
146.36664496527777
 31
0.0
  0
LINE
  5
142
330
17
100
AcDbEntity
  8
EJE_VIA
100
AcDbLine
 10
114.81664021809897
 20
165.54997762044272
 30
0.0
 11
115.56664360894098
 21
165.48331366644965
 31
0.0
  0
LINE
  5
143
330
17
100
AcDbEntity
  8
EJE_VIA
100
AcDbLine
 10
116.54997083875868
 20
156.14997016059027
 30
0.0
 11
117.29997422960069
 21
156.08330620659723
 31
0.0
  0
LINE
  5
144
330
17
100
AcDbEntity
  8
EJE_VIA
100
AcDbLine
 10
125.51663716634116
 20
155.36663479275174
 30
0.0
 11
126.26664055718317
 21
155.2999708387587
 31
0.0
  0
LINE
  5
145
330
17
100
AcDbEntity
  8
EJE_VIA
100
AcDbLine
 10
112.36662970648872
 20
136.2999725341797
 30
0.0
 11
112.49996609157986
 21
135.51663716634116
 31
0.0
  0
LINE
  5
146
330
17
100
AcDbEntity
  8
EJE_VIA
100
AcDbLine
 10
121.33329603407118
 20
135.51663716634116
 30
0.0
 11
121.46663241916234
 21
134.73330179850262
 31
0.0
  0
LINE
  5
147
330
17
100
AcDbEntity
  8
EJE_VIA
100
AcDbLine
 10
116.11663818359375
 20
163.73331705729169
 30
0.0
 11
116.26664055718317
 21
162.94998168945312
 31
0.0
  0
LINE
  5
148
330
17
100
AcDbEntity
  8
EJE_VIA
100
AcDbLine
 10
117.84996880425348
 20
154.33330959743924
 30
0.0
 11
117.99997117784288
 21
153.5499742296007
 31
0.0
  0
LINE
  5
149
330
17
100
AcDbEntity
  8
EJE_VIA
100
AcDbLine
 10
125.08330451117622
 20
162.94998168945312
 30
0.0
 11
125.23330688476562
 21
162.1666463216146
 31
0.0
  0
LINE
  5
14A
330
17
100
AcDbEntity
  8
EJE_VIA
100
AcDbLine
 10
126.81663513183594
 20
153.53330824110245
 30
0.0
 11
126.96663750542535
 21
152.74997287326389
 31
0.0
  0
LINE
  5
14B
330
17
100
AcDbEntity
  8
EJE_VIA
100
AcDbLine
 10
113.98330688476562
 20
162.69999186197919
 30
0.0
 11
114.96664259168837
 21
163.7166510687934
 31
0.0
  0
LINE
  5
14C
330
17
100
AcDbEntity
  8
EJE_VIA
100
AcDbLine
 10
115.6499735514323
 20
148.46666124131946
 30
0.0
 11
116.61664326985678
 21
149.46665445963544
 31
0.0
  0
LINE
  5
14D
330
17
100
AcDbEntity
  8
EJE_VIA
100
AcDbLine
 10
117.29997422960069
 20
134.21665615505643
 30
0.0
 11
118.28330993652344
 21
135.2333238389757
 31
0.0
  0
LINE
  5
14E
330
17
100
AcDbEntity
  8
EJE_VIA
100
AcDbLine
 10
115.66663953993056
 20
161.51665581597223
 30
0.0
 11
115.79997592502171
 21
160.33331976996527
 31
0.0
  0
LINE
  5
14F
330
17
100
AcDbEntity
  8
EJE_VIA
100
AcDbLine
 10
113.98330688476562
 20
162.69999186197919
 30
0.0
 11
115.09997049967448
 21
162.53333197699652
 31
0.0
  0
LINE
  5
150
330
17
100
AcDbEntity
  8
EJE_VIA
100
AcDbLine
 10
115.6499735514323
 20
148.46666124131946
 30
0.0
 11
116.76663716634116
 21
148.28333536783856
 31
0.0
  0
LINE
  5
151
330
17
100
AcDbEntity
  8
EJE_VIA
100
AcDbLine
 10
116.2499745686849
 20
167.03333536783856
 30
0.0
 11
117.11663987901476
 21
167.36667209201389
 31
0.0
  0
LINE
  5
152
330
17
100
AcDbEntity
  8
EJE_VIA
100
AcDbLine
 10
123.69996812608507
 20
162.0000203450521
 30
0.0
 11
124.5832994249132
 21
162.33335706922745
 31
0.0
  0
LINE
  5
153
330
17
100
AcDbEntity
  8
EJE_VIA
100
AcDbLine
 10
120.66663106282553
 20
152.933349609375
 30
0.0
 11
121.53329637315538
 21
153.28335232204861
 31
0.0
  0
LINE
  5
154
330
17
100
AcDbEntity
  8
EJE_VIA
100
AcDbLine
 10
114.58329094780817
 20
134.8166741265191
 30
0.0
 11
115.44995625813803
 21
135.15001085069446
 31
0.0
  0
LINE
  5
155
330
17
100
AcDbEntity
  8
EJE_VIA
100
AcDbLine
 10
125.08328755696616
 20
138.83333841959637
 30
0.0
 11
125.96661885579428
 21
139.18334113226996
 31
0.0
  0
LINE
  5
156
330
17
100
AcDbEntity
  8
EJE_VIA
100
AcDbLine
 10
120.66662258572049
 20
152.93333265516495
 30
0.0
 11
121.28328959147136
 21
152.51666598849826
 31
0.0
  0
LINE
  5
157
330
17
100
AcDbEntity
  8
EJE_VIA
100
AcDbLine
 10
117.58329603407118
 20
164.10000271267361
 30
0.0
 11
117.83329433865018
 21
164.85000610351562
 31
0.0
  0
LINE
  5
158
330
17
100
AcDbEntity
  8
EJE_VIA
100
AcDbLine
 10
118.94996643066406
 20
140.93332926432294
 30
0.0
 11
119.19996473524306
 21
141.68333265516495
 31
0.0
  0
LINE
  5
159
330
17
100
AcDbEntity
  8
EJE_VIA
100
AcDbLine
 10
121.99996948242188
 20
150.0
 30
0.0
 11
122.24996778700087
 21
150.750003390842
 31
0.0
  0
LINE
  5
15A
330
17
100
AcDbEntity
  8
EJE_VIA
100
AcDbLine
 10
126.41664293077258
 20
135.90000576443143
 30
0.0
 11
126.66664123535156
 21
136.65000915527344
 31
0.0
  0
LINE
  5
15B
330
17
100
AcDbEntity
  8
EJE_VIA
100
AcDbLine
 10
98.5833485921224
 20
172.63332790798611
 30
0.0
 11
102.85001966688368
 21
154.44998847113715
 31
0.0
  0
LINE
  5
15C
330
17
100
AcDbEntity
  8
EJE_VIA
100
AcDbLine
 10
106.18334452311198
 20
140.16666836208768
 30
0.0
 11
107.5833468967014
 21
134.18333265516495
 31
0.0
  0
LINE
  5
15D
330
17
100
AcDbEntity
  8
EJE_VIA
100
AcDbLine
 10
105.91668023003473
 20
141.35000440809463
 30
0.0
 11
106.03335062662761
 21
140.81666734483508
 31
0.0
  0
LINE
  5
15E
330
17
100
AcDbEntity
  8
EJE_VIA
100
AcDbLine
 10
105.51668802897136
 20
143.04999457465277
 30
0.0
 11
105.61668395996094
 21
142.63332790798611
 31
0.0
  0
LINE
  5
15F
330
17
100
AcDbEntity
  8
EJE_VIA
100
AcDbLine
 10
100.63334994845921
 20
163.9333258734809
 30
0.0
 11
100.80001831054688
 21
163.14999050564236
 31
0.0
  0
LINE
  5
160
330
17
100
AcDbEntity
  8
EJE_VIA
100
AcDbLine
 10
99.16668362087674
 20
175.25000678168402
 30
0.0
 11
100.0666724310981
 21
200.38335164388022
 31
0.0
  0
LINE
  5
161
330
17
100
AcDbEntity
  8
EJE_VIA
100
AcDbLine
 10
144.05002170138889
 20
199.7166951497396
 30
0.0
 11
148.05002848307294
 21
199.7166951497396
 31
0.0
  0
LINE
  5
162
330
17
100
AcDbEntity
  8
EJE_VIA
100
AcDbLine
 10
159.18336656358508
 20
159.68336317274307
 30
0.0
 11
159.20003255208334
 21
200.43336656358508
 31
0.0
  0
LINE
  5
163
330
17
100
AcDbEntity
  8
EJE_VIA
100
AcDbLine
 10
157.000003390842
 20
160.24998982747397
 30
0.0
 11
159.500003390842
 21
160.24998982747397
 31
0.0
  0
LINE
  5
164
330
17
100
AcDbEntity
  8
EJE_VIA
100
AcDbLine
 10
187.000003390842
 20
160.16665988498264
 30
0.0
 11
200.750003390842
 21
160.13332790798611
 31
0.0
  0
LINE
  5
165
330
17
100
AcDbEntity
  8
EJE_VIA
100
AcDbLine
 10
183.250003390842
 20
160.1833258734809
 30
0.0
 11
193.250003390842
 21
160.14999389648438
 31
0.0
  0
LINE
  5
166
330
17
100
AcDbEntity
  8
EJE_VIA
100
AcDbLine
 10
232.000003390842
 20
160.0499979654948
 30
0.0
 11
242.000003390842
 21
160.01666598849826
 31
0.0
  0
LINE
  5
167
330
17
100
AcDbEntity
  8
EJE_VIA
100
AcDbLine
 10
100.75000339084202
 20
160.39998372395834
 30
0.0
 11
110.75000339084202
 21
160.38331773546008
 31
0.0
  0
LINE
  5
168
330
17
100
AcDbEntity
  8
EJE_VIA
100
AcDbLine
 10
119.50000339084202
 20
160.34998575846356
 30
0.0
 11
122.00000339084202
 21
160.34998575846356
 31
0.0
  0
LINE
  5
169
330
17
100
AcDbEntity
  8
EJE_VIA
100
AcDbLine
 10
138.250003390842
 20
160.29998779296875
 30
0.0
 11
148.250003390842
 21
160.2833218044705
 31
0.0
  0
LINE
  5
16A
330
17
100
AcDbEntity
  8
EJE_VIA
100
AcDbLine
 10
130.26668124728732
 20
141.95000542534723
 30
0.0
 11
140.26668124728732
 21
141.90000745985245
 31
0.0
  0
LINE
  5
16B
330
17
100
AcDbEntity
  8
EJE_VIA
100
AcDbLine
 10
340.4832967122396
 20
141.33332994249133
 30
0.0
 11
380.0833468967014
 21
141.13333808051215
 31
0.0
  0
LINE
  5
16C
330
17
100
AcDbEntity
  8
EJE_VIA
100
AcDbLine
 10
127.48335096571181
 20
141.9666714138455
 30
0.0
 11
129.01668124728732
 21
141.95000542534723
 31
0.0
  0
LINE
  5
16D
330
17
100
AcDbEntity
  8
EJE_VIA
100
AcDbLine
 10
336.80002848307294
 20
141.3499959309896
 30
0.0
 11
340.0833468967014
 21
141.33332994249133
 31
0.0
  0
LINE
  5
16E
330
17
100
AcDbEntity
  8
EJE_VIA
100
AcDbLine
 10
112.10001627604167
 20
141.88334147135419
 30
0.0
 11
113.63334655761719
 21
141.90000745985245
 31
0.0
  0
LINE
  5
16F
330
17
100
AcDbEntity
  8
EJE_VIA
100
AcDbLine
 10
126.13334655761719
 20
141.95000542534723
 30
0.0
 11
127.66667683919272
 21
141.9666714138455
 31
0.0
  0
LINE
  5
170
330
17
100
AcDbEntity
  8
EJE_VIA
100
AcDbLine
 10
114.88334655761719
 20
141.90000745985245
 30
0.0
 11
121.13334655761719
 21
141.93333943684897
 31
0.0
  0
LINE
  5
171
330
17
100
AcDbEntity
  8
EJE_VIA
100
AcDbLine
 10
384.816657172309
 20
141.11665513780383
 30
0.0
 11
388.24998643663196
 21
141.11667209201389
 31
0.0
  0
LINE
  5
172
330
17
100
AcDbEntity
  8
EJE_VIA
100
AcDbLine
 10
97.48331705729167
 20
256.58331976996527
 30
0.0
 11
147.49998304578995
 21
256.58331976996527
 31
0.0
  0
LINE
  5
173
330
17
100
AcDbEntity
  8
EJE_VIA
100
AcDbLine
 10
97.48331705729167
 20
266.59998575846356
 30
0.0
 11
147.49998304578995
 21
266.59998575846356
 31
0.0
  0
LINE
  5
174
330
17
100
AcDbEntity
  8
EJE_VIA
100
AcDbLine
 10
97.48331705729167
 20
246.5833197699653
 30
0.0
 11
147.49998304578995
 21
246.5833197699653
 31
0.0
  0
LINE
  5
175
330
17
100
AcDbEntity
  8
EJE_VIA
100
AcDbLine
 10
109.99998304578993
 20
239.14998372395834
 30
0.0
 11
109.99998304578993
 21
273.11665852864587
 31
0.0
  0
LINE
  5
176
330
17
100
AcDbEntity
  8
EJE_VIA
100
AcDbLine
 10
122.49998304578993
 20
239.14998372395834
 30
0.0
 11
122.49998304578993
 21
273.11665852864587
 31
0.0
  0
LINE
  5
177
330
17
100
AcDbEntity
  8
EJE_VIA
100
AcDbLine
 10
134.99998304578995
 20
239.14998372395834
 30
0.0
 11
134.99998304578995
 21
273.11665852864587
 31
0.0
  0
LINE
  5
178
330
17
100
AcDbEntity
  8
EJE_VIA
100
AcDbLine
 10
147.30000813802084
 20
62.033331129286026
 30
0.0
 11
147.30000813802084
 21
66.43333011203342
 31
0.0
  0
LINE
  5
179
330
17
100
AcDbEntity
  8
EJE_VIA
100
AcDbLine
 10
147.49998304578995
 20
239.14998372395834
 30
0.0
 11
147.49998304578995
 21
273.11665852864587
 31
0.0
  0
LINE
  5
17A
330
17
100
AcDbEntity
  8
EJE_VIA
100
AcDbLine
 10
100.61667548285591
 20
271.13333808051215
 30
0.0
 11
110.61667548285591
 21
271.13333808051215
 31
0.0
  0
LINE
  5
17B
330
17
100
AcDbEntity
  8
EJE_VIA
100
AcDbLine
 10
119.36667548285591
 20
271.13333808051215
 30
0.0
 11
125.61667548285591
 21
271.13333808051215
 31
0.0
  0
LINE
  5
17C
330
17
100
AcDbEntity
  8
EJE_VIA
100
AcDbLine
 10
138.13334147135419
 20
271.1166720920139
 30
0.0
 11
147.5
 21
271.1166720920139
 31
0.0
  0
LINE
  5
17D
330
17
100
AcDbEntity
  8
EJE_VIA
100
AcDbLine
 10
220.33333672417535
 20
270.83333333333337
 30
0.0
 11
220.83333333333334
 21
270.83333333333337
 31
0.0
  0
LINE
  5
17E
330
17
100
AcDbEntity
  8
EJE_VIA
100
AcDbLine
 10
105.80001831054688
 20
262.58331298828125
 30
0.0
 11
106.2833489312066
 21
262.58331298828125
 31
0.0
  0
LINE
  5
17F
330
17
100
AcDbEntity
  8
EJE_VIA
100
AcDbLine
 10
133.0500030517578
 20
262.9166497124566
 30
0.0
 11
134.51666937934027
 21
262.56666395399304
 31
0.0
  0
LINE
  5
180
330
17
100
AcDbEntity
  8
EJE_VIA
100
AcDbLine
 10
212.96666463216147
 20
262.66665988498266
 30
0.0
 11
225.30000474717883
 21
262.66665988498266
 31
0.0
  0
LINE
  5
181
330
17
100
AcDbEntity
  8
EJE_VIA
100
AcDbLine
 10
120.86666531032986
 20
261.31666395399304
 30
0.0
 11
120.83333333333334
 21
262.56666395399304
 31
0.0
  0
LINE
  5
182
330
17
100
AcDbEntity
  8
EJE_VIA
100
AcDbLine
 10
97.48331705729167
 20
262.0833163791233
 30
0.0
 11
114.44998847113716
 21
262.0833163791233
 31
0.0
  0
LINE
  5
183
330
17
100
AcDbEntity
  8
EJE_VIA
100
AcDbLine
 10
127.41665310329861
 20
262.066650390625
 30
0.0
 11
135.19999186197919
 21
262.066650390625
 31
0.0
  0
LINE
  5
184
330
17
100
AcDbEntity
  8
EJE_VIA
100
AcDbLine
 10
197.70000881618924
 20
262.48333401150177
 30
0.0
 11
200.11667887369794
 21
262.48333401150177
 31
0.0
  0
LINE
  5
185
330
17
100
AcDbEntity
  8
EJE_VIA
100
AcDbLine
 10
133.75
 20
261.5666707356771
 30
0.0
 11
134.55000135633682
 21
261.5666707356771
 31
0.0
  0
LINE
  5
186
330
17
100
AcDbEntity
  8
EJE_VIA
100
AcDbLine
 10
212.96666463216147
 20
261.6666666666667
 30
0.0
 11
225.30000474717883
 21
261.6666666666667
 31
0.0
  0
LINE
  5
187
330
17
100
AcDbEntity
  8
EJE_VIA
100
AcDbLine
 10
127.69999186197917
 20
242.5999789767795
 30
0.0
 11
127.69999186197917
 21
250.5999755859375
 31
0.0
  0
LINE
  5
188
330
17
100
AcDbEntity
  8
EJE_VIA
100
AcDbLine
 10
127.71665785047743
 20
260.8166334364149
 30
0.0
 11
127.71665785047743
 21
270.2166239420573
 31
0.0
  0
LINE
  5
189
330
17
100
AcDbEntity
  8
EJE_VIA
100
AcDbLine
 10
133.06666904025607
 20
261.23333401150177
 30
0.0
 11
133.75
 21
261.2166680230035
 31
0.0
  0
LINE
  5
18A
330
17
100
AcDbEntity
  8
EJE_VIA
100
AcDbLine
 10
213.76666598849826
 20
261.3333468967014
 30
0.0
 11
214.44998847113717
 21
261.3166809082031
 31
0.0
  0
LINE
  5
18B
330
17
100
AcDbEntity
  8
EJE_VIA
100
AcDbLine
 10
133.04999457465277
 20
261.76662868923614
 30
0.0
 11
133.06666056315106
 21
261.2333001030816
 31
0.0
  0
LINE
  5
18C
330
17
100
AcDbEntity
  8
EJE_VIA
100
AcDbLine
 10
132.96668158637152
 20
139.08333672417535
 30
0.0
 11
132.96668158637152
 21
142.48333401150174
 31
0.0
  0
LINE
  5
18D
330
17
100
AcDbEntity
  8
EJE_VIA
100
AcDbLine
 10
133.04999457465277
 20
262.39997016059027
 30
0.0
 11
133.04999457465277
 21
262.9166327582465
 31
0.0
  0
LINE
  5
18E
330
17
100
AcDbEntity
  8
EJE_VIA
100
AcDbLine
 10
133.16665649414062
 20
262.85001966688367
 30
0.0
 11
133.33330790201825
 21
265.38333468967016
 31
0.0
  0
LINE
  5
18F
330
17
100
AcDbEntity
  8
EJE_VIA
100
AcDbLine
 10
133.28331841362848
 20
262.9500155978733
 30
0.0
 11
133.43332926432294
 21
281.23333401150177
 31
0.0
  0
LINE
  5
190
330
17
100
AcDbEntity
  8
EJE_VIA
100
AcDbLine
 10
343.66665310329864
 20
264.69999525282117
 30
0.0
 11
385.98331027560766
 21
264.69999525282117
 31
0.0
  0
LINE
  5
191
330
17
100
AcDbEntity
  8
EJE_VIA
100
AcDbLine
 10
187.7666727701823
 20
264.8333401150174
 30
0.0
 11
225.30000474717883
 21
264.8333401150174
 31
0.0
  0
LINE
  5
192
330
17
100
AcDbEntity
  8
EJE_VIA
100
AcDbLine
 10
133.73330858018664
 20
262.9000006781684
 30
0.0
 11
133.7499745686849
 21
262.38333808051215
 31
0.0
  0
LINE
  5
193
330
17
100
AcDbEntity
  8
EJE_VIA
100
AcDbLine
 10
133.7499745686849
 20
261.23333401150177
 30
0.0
 11
133.7499745686849
 21
262.7333407931858
 31
0.0
  0
LINE
  5
194
330
17
100
AcDbEntity
  8
EJE_VIA
100
AcDbLine
 10
204.43333943684897
 20
66.88334147135417
 30
0.0
 11
279.45000542534723
 21
66.88334147135417
 31
0.0
  0
LINE
  5
195
330
17
100
AcDbEntity
  8
EJE_VIA
100
AcDbLine
 10
198.53335910373264
 20
84.91665310329861
 30
0.0
 11
200.03336588541669
 21
84.51665242513022
 31
0.0
  0
LINE
  5
196
330
17
100
AcDbEntity
  8
EJE_VIA
100
AcDbLine
 10
233.01662868923611
 20
80.35000271267361
 30
0.0
 11
233.56660630967883
 21
77.45001051161024
 31
0.0
  0
LINE
  5
197
330
17
100
AcDbEntity
  8
EJE_VIA
100
AcDbLine
 10
204.43333943684897
 20
76.88334147135417
 30
0.0
 11
279.45000542534723
 21
76.88334147135417
 31
0.0
  0
LINE
  5
198
330
17
100
AcDbEntity
  8
EJE_VIA
100
AcDbLine
 10
204.43333943684897
 20
56.88334147135417
 30
0.0
 11
279.45000542534723
 21
56.88334147135417
 31
0.0
  0
LINE
  5
199
330
17
100
AcDbEntity
  8
EJE_VIA
100
AcDbLine
 10
241.95000542534723
 20
54.216673109266495
 30
0.0
 11
241.95000542534723
 21
83.63333808051216
 31
0.0
  0
LINE
  5
19A
330
17
100
AcDbEntity
  8
EJE_VIA
100
AcDbLine
 10
254.45000542534723
 20
54.216673109266495
 30
0.0
 11
254.45000542534723
 21
83.63333808051216
 31
0.0
  0
LINE
  5
19B
330
17
100
AcDbEntity
  8
EJE_VIA
100
AcDbLine
 10
266.95000542534723
 20
54.216673109266495
 30
0.0
 11
266.95000542534723
 21
83.21667141384549
 31
0.0
  0
LINE
  5
19C
330
17
100
AcDbEntity
  8
EJE_VIA
100
AcDbLine
 10
279.45000542534723
 20
54.216673109266495
 30
0.0
 11
279.45000542534723
 21
83.63333808051216
 31
0.0
  0
LINE
  5
19D
330
17
100
AcDbEntity
  8
EJE_VIA
100
AcDbLine
 10
255.6666734483507
 20
51.68333265516493
 30
0.0
 11
255.68333943684897
 21
88.08333502875435
 31
0.0
  0
LINE
  5
19E
330
17
100
AcDbEntity
  8
EJE_VIA
100
AcDbLine
 10
212.91666666666669
 20
70.66666920979819
 30
0.0
 11
213.18333943684897
 21
73.31666734483507
 31
0.0
  0
LINE
  5
19F
330
17
100
AcDbEntity
  8
EJE_VIA
100
AcDbLine
 10
242.69999186197919
 20
67.43333604600694
 30
0.0
 11
242.96666463216147
 21
70.06666819254558
 31
0.0
  0
LINE
  5
1A0
330
17
100
AcDbEntity
  8
EJE_VIA
100
AcDbLine
 10
204.43333943684897
 20
81.65000067816841
 30
0.0
 11
205.68333943684897
 21
81.65000067816841
 31
0.0
  0
LINE
  5
1A1
330
17
100
AcDbEntity
  8
EJE_VIA
100
AcDbLine
 10
232.91666666666669
 20
81.48334079318576
 30
0.0
 11
233.6666700575087
 21
81.48334079318576
 31
0.0
  0
LINE
  5
1A2
330
17
100
AcDbEntity
  8
EJE_VIA
100
AcDbLine
 10
370.3166707356771
 20
81.46666632758247
 30
0.0
 11
371.3000149197049
 21
81.46666632758247
 31
0.0
  0
LINE
  5
1A3
330
17
100
AcDbEntity
  8
EJE_VIA
100
AcDbLine
 10
206.93333943684897
 20
81.63333468967014
 30
0.0
 11
216.95000542534723
 21
81.58333672417535
 31
0.0
  0
LINE
  5
1A4
330
17
100
AcDbEntity
  8
EJE_VIA
100
AcDbLine
 10
229.45000542534723
 20
81.50000678168404
 30
0.0
 11
273.20000542534723
 21
81.23335096571181
 31
0.0
  0
LINE
  5
1A5
330
17
100
AcDbEntity
  8
EJE_VIA
100
AcDbLine
 10
266.95000542534723
 20
81.2833489312066
 30
0.0
 11
269.45000542534723
 21
81.26668294270834
 31
0.0
  0
LINE
  5
1A6
330
17
100
AcDbEntity
  8
EJE_VIA
100
AcDbLine
 10
370.33335367838544
 20
83.18333095974393
 30
0.0
 11
371.3000149197049
 21
83.18333095974393
 31
0.0
  0
LINE
  5
1A7
330
17
100
AcDbEntity
  8
EJE_VIA
100
AcDbLine
 10
278.20000542534723
 20
81.21668497721355
 30
0.0
 11
279.45000542534723
 21
81.20001898871529
 31
0.0
  0
LINE
  5
1A8
330
17
100
AcDbEntity
  8
EJE_VIA
100
AcDbLine
 10
207.14999728732639
 20
72.65000237358942
 30
0.0
 11
213.0499945746528
 21
71.98333740234375
 31
0.0
  0
LINE
  5
1A9
330
17
100
AcDbEntity
  8
EJE_VIA
100
AcDbLine
 10
239.85000610351562
 20
69.75000593397353
 30
0.0
 11
242.90000067816842
 21
69.41667344835069
 31
0.0
  0
LINE
  5
1AA
330
17
100
AcDbEntity
  8
EJE_VIA
100
AcDbLine
 10
228.6666700575087
 20
70.966673956977
 30
0.0
 11
238.53334214952258
 21
68.55000813802084
 31
0.0
  0
LINE
  5
1AB
330
17
100
AcDbEntity
  8
EJE_VIA
100
AcDbLine
 10
212.91666666666669
 20
70.66667344835069
 30
0.0
 11
242.69999186197919
 21
67.43334028455946
 31
0.0
  0
LINE
  5
1AC
330
17
100
AcDbEntity
  8
EJE_VIA
100
AcDbLine
 10
228.60000610351562
 20
69.63334401448569
 30
0.0
 11
231.08334011501736
 21
69.36667548285591
 31
0.0
  0
LINE
  5
1AD
330
17
100
AcDbEntity
  8
EJE_VIA
100
AcDbLine
 10
229.45000542534723
 20
54.21666463216146
 30
0.0
 11
229.45000542534723
 21
83.63332960340712
 31
0.0
  0
LINE
  5
1AE
330
17
100
AcDbEntity
  8
EJE_VIA
100
AcDbLine
 10
216.93333943684897
 20
54.21666463216146
 30
0.0
 11
216.93333943684897
 21
83.63332960340712
 31
0.0
  0
LINE
  5
1AF
330
17
100
AcDbEntity
  8
EJE_VIA
100
AcDbLine
 10
204.43333943684897
 20
54.21666463216146
 30
0.0
 11
204.43333943684897
 21
83.63332960340712
 31
0.0
  0
LINE
  5
1B0
330
17
100
AcDbEntity
  8
EJE_VIA
100
AcDbLine
 10
205.28333875868057
 20
71.98333740234375
 30
0.0
 11
205.30000474717883
 21
74.68333774142795
 31
0.0
  0
LINE
  5
1B1
330
17
100
AcDbEntity
  8
EJE_VIA
100
AcDbLine
 10
207.15001424153647
 20
71.98333740234375
 30
0.0
 11
207.15001424153647
 21
73.31666734483507
 31
0.0
  0
LINE
  5
1B2
330
17
100
AcDbEntity
  8
EJE_VIA
100
AcDbLine
 10
207.08333333333334
 20
263.9666748046875
 30
0.0
 11
207.08333333333334
 21
266.3333468967014
 31
0.0
  0
LINE
  5
1B3
330
17
100
AcDbEntity
  8
EJE_VIA
100
AcDbLine
 10
211.7833285861545
 20
70.71667141384549
 30
0.0
 11
212.05000135633682
 21
73.45000372992622
 31
0.0
  0
LINE
  5
1B4
330
17
100
AcDbEntity
  8
EJE_VIA
100
AcDbLine
 10
232.45000203450522
 20
70.36666022406685
 30
0.0
 11
232.9166497124566
 21
81.48334079318576
 31
0.0
  0
LINE
  5
1B5
330
17
100
AcDbEntity
  8
EJE_VIA
100
AcDbLine
 10
213.18332248263889
 20
73.31667582194011
 30
0.0
 11
242.96666463216147
 21
70.0666724310981
 31
0.0
  0
LINE
  5
1B6
330
17
100
AcDbEntity
  8
EJE_VIA
100
AcDbLine
 10
243.39999728732639
 20
69.41666073269315
 30
0.0
 11
279.45000542534723
 21
73.09999254014757
 31
0.0
  0
LINE
  5
1B7
330
17
100
AcDbEntity
  8
EJE_VIA
100
AcDbLine
 10
243.40001424153647
 20
68.76667022705078
 30
0.0
 11
260.5333455403646
 21
70.50000084771051
 31
0.0
  0
LINE
  5
1B8
330
17
100
AcDbEntity
  8
EJE_VIA
100
AcDbLine
 10
272.08333333333337
 20
71.68333265516493
 30
0.0
 11
279.45000542534723
 21
72.43333604600694
 31
0.0
  0
LINE
  5
1B9
330
17
100
AcDbEntity
  8
EJE_VIA
100
AcDbLine
 10
243.39999728732639
 20
68.09999677870009
 30
0.0
 11
279.45000542534723
 21
71.76666259765625
 31
0.0
  0
LINE
  5
1BA
330
17
100
AcDbEntity
  8
EJE_VIA
100
AcDbLine
 10
231.63333468967014
 20
68.86666191948785
 30
0.0
 11
232.9499986436632
 21
68.86666191948785
 31
0.0
  0
LINE
  5
1BB
330
17
100
AcDbEntity
  8
EJE_VIA
100
AcDbLine
 10
252.66667683919272
 20
68.71666378445096
 30
0.0
 11
253.96665785047745
 21
68.78332773844402
 31
0.0
  0
LINE
  5
1BC
330
17
100
AcDbEntity
  8
EJE_VIA
100
AcDbLine
 10
252.80000474717883
 20
68.84999593098959
 30
0.0
 11
253.68333604600696
 21
68.93333011203342
 31
0.0
  0
LINE
  5
1BD
330
17
100
AcDbEntity
  8
EJE_VIA
100
AcDbLine
 10
252.48333401150174
 20
70.56666056315105
 30
0.0
 11
253.65000406901044
 21
70.66666073269315
 31
0.0
  0
LINE
  5
1BE
330
17
100
AcDbEntity
  8
EJE_VIA
100
AcDbLine
 10
252.35000610351562
 20
70.61666276719835
 30
0.0
 11
252.53333197699655
 21
68.64999559190538
 31
0.0
  0
LINE
  5
1BF
330
17
100
AcDbEntity
  8
EJE_VIA
100
AcDbLine
 10
253.78333197699655
 20
70.74999491373698
 30
0.0
 11
253.96665785047745
 21
68.79999372694228
 31
0.0
  0
LINE
  5
1C0
330
17
100
AcDbEntity
  8
EJE_VIA
100
AcDbLine
 10
246.66666666666669
 20
70.4666731092665
 30
0.0
 11
246.9166734483507
 21
67.75000678168404
 31
0.0
  0
LINE
  5
1C1
330
17
100
AcDbEntity
  8
EJE_VIA
100
AcDbLine
 10
246.21668497721356
 20
70.13333638509116
 30
0.0
 11
246.40001085069446
 21
68.00000508626303
 31
0.0
  0
LINE
  5
1C2
330
17
100
AcDbEntity
  8
EJE_VIA
100
AcDbLine
 10
247.16668023003473
 20
70.21667056613498
 30
0.0
 11
247.36667209201389
 21
68.08333926730685
 31
0.0
  0
LINE
  5
1C3
330
17
100
AcDbEntity
  8
EJE_VIA
100
AcDbLine
 10
205.14999389648438
 20
73.31666734483507
 30
0.0
 11
210.18332587348092
 21
73.31666734483507
 31
0.0
  0
LINE
  5
1C4
330
17
100
AcDbEntity
  8
EJE_VIA
100
AcDbLine
 10
276.4666748046875
 20
73.08332655164931
 30
0.0
 11
277.4666680230035
 21
73.08332655164931
 31
0.0
  0
LINE
  5
1C5
330
17
100
AcDbEntity
  8
EJE_VIA
100
AcDbLine
 10
377.18329535590277
 20
73.11665852864584
 30
0.0
 11
406.08330620659723
 21
73.11665852864584
 31
0.0
  0
LINE
  5
1C6
330
17
100
AcDbEntity
  8
EJE_VIA
100
AcDbLine
 10
205.14999389648438
 20
71.98333740234375
 30
0.0
 11
207.14999728732639
 21
71.98333740234375
 31
0.0
  0
LINE
  5
1C7
330
17
100
AcDbEntity
  8
EJE_VIA
100
AcDbLine
 10
204.48333740234375
 20
72.64999389648438
 30
0.0
 11
207.14999728732639
 21
72.64999389648438
 31
0.0
  0
LINE
  5
1C8
330
17
100
AcDbEntity
  8
EJE_VIA
100
AcDbLine
 10
242.7666727701823
 20
68.10000525580513
 30
0.0
 11
243.40001424153647
 21
68.10000525580513
 31
0.0
  0
LINE
  5
1C9
330
17
100
AcDbEntity
  8
EJE_VIA
100
AcDbLine
 10
242.83333672417535
 20
68.75
 30
0.0
 11
243.38333129882812
 21
68.76666598849826
 31
0.0
  0
LINE
  5
1CA
330
17
100
AcDbEntity
  8
EJE_VIA
100
AcDbLine
 10
187.7666727701823
 20
254.83334011501736
 30
0.0
 11
225.30000474717883
 21
254.83334011501736
 31
0.0
  0
LINE
  5
1CB
330
17
100
AcDbEntity
  8
EJE_VIA
100
AcDbLine
 10
187.7666727701823
 20
270.8500162760417
 30
0.0
 11
225.30002170138889
 21
270.8500162760417
 31
0.0
  0
LINE
  5
1CC
330
17
100
AcDbEntity
  8
EJE_VIA
100
AcDbLine
 10
187.7666727701823
 20
253.20000542534723
 30
0.0
 11
187.7666727701823
 21
272.16668023003473
 31
0.0
  0
LINE
  5
1CD
330
17
100
AcDbEntity
  8
EJE_VIA
100
AcDbLine
 10
200.28333875868057
 20
253.20000542534723
 30
0.0
 11
200.28333875868057
 21
272.16668023003473
 31
0.0
  0
LINE
  5
1CE
330
17
100
AcDbEntity
  8
EJE_VIA
100
AcDbLine
 10
212.78333875868057
 20
253.20000542534723
 30
0.0
 11
212.78333875868057
 21
272.16668023003473
 31
0.0
  0
LINE
  5
1CF
330
17
100
AcDbEntity
  8
EJE_VIA
100
AcDbLine
 10
225.30000474717883
 20
253.20000542534723
 30
0.0
 11
225.30000474717883
 21
272.16668023003473
 31
0.0
  0
LINE
  5
1D0
330
17
100
AcDbEntity
  8
EJE_VIA
100
AcDbLine
 10
201.11667209201389
 20
262.4833170572917
 30
0.0
 11
212.96666463216147
 21
262.16668023003473
 31
0.0
  0
LINE
  5
1D1
330
17
100
AcDbEntity
  8
EJE_VIA
100
AcDbLine
 10
201.11667209201389
 20
261.15000406901044
 30
0.0
 11
212.80000474717883
 21
261.500006781684
 31
0.0
  0
LINE
  5
1D2
330
17
100
AcDbEntity
  8
EJE_VIA
100
AcDbLine
 10
200.4499986436632
 20
261.80002848307294
 30
0.0
 11
205.81666734483508
 21
261.96668836805554
 31
0.0
  0
LINE
  5
1D3
330
17
100
AcDbEntity
  8
EJE_VIA
100
AcDbLine
 10
213.75001695421008
 20
261.33331298828125
 30
0.0
 11
214.16663275824655
 21
265.0999959309896
 31
0.0
  0
LINE
  5
1D4
330
17
100
AcDbEntity
  8
EJE_VIA
100
AcDbLine
 10
213.75001695421008
 20
261.8666415744358
 30
0.0
 11
213.76668294270834
 21
261.33331298828125
 31
0.0
  0
LINE
  5
1D5
330
17
100
AcDbEntity
  8
EJE_VIA
100
AcDbLine
 10
213.75001695421008
 20
262.84998575846356
 30
0.0
 11
214.03330485026044
 21
265.48333062065973
 31
0.0
  0
LINE
  5
1D6
330
17
100
AcDbEntity
  8
EJE_VIA
100
AcDbLine
 10
214.4499715169271
 20
261.31666395399304
 30
0.0
 11
214.19996473524307
 21
264.9999830457899
 31
0.0
  0
LINE
  5
1D7
330
17
100
AcDbEntity
  8
EJE_VIA
100
AcDbLine
 10
214.19996473524307
 20
264.33330959743927
 30
0.0
 11
214.21663072374133
 21
263.7166510687934
 31
0.0
  0
LINE
  5
1D8
330
17
100
AcDbEntity
  8
EJE_VIA
100
AcDbLine
 10
214.43330552842883
 20
262.83333672417535
 30
0.0
 11
214.2332967122396
 21
263.7666490342882
 31
0.0
  0
LINE
  5
1D9
330
17
100
AcDbEntity
  8
EJE_VIA
100
AcDbLine
 10
194.11666870117188
 20
252.1499972873264
 30
0.0
 11
194.11666870117188
 21
259.3999905056424
 31
0.0
  0
LINE
  5
1DA
330
17
100
AcDbEntity
  8
EJE_VIA
100
AcDbLine
 10
194.13333468967014
 20
268.19998847113715
 30
0.0
 11
194.13333468967014
 21
275.4499816894531
 31
0.0
  0
LINE
  5
1DB
330
17
100
AcDbEntity
  8
EJE_VIA
100
AcDbLine
 10
194.11666870117188
 20
259.7999911838108
 30
0.0
 11
194.13333468967014
 21
267.79998779296875
 31
0.0
  0
LINE
  5
1DC
330
17
100
AcDbEntity
  8
EJE_VIA
100
AcDbLine
 10
201.11667209201389
 20
261.15000406901044
 30
0.0
 11
201.11667209201389
 21
262.48333401150177
 31
0.0
  0
LINE
  5
1DD
330
17
100
AcDbEntity
  8
EJE_VIA
100
AcDbLine
 10
203.15000745985245
 20
262.5499979654948
 30
0.0
 11
203.20000542534723
 21
261.2166680230035
 31
0.0
  0
LINE
  5
1DE
330
17
100
AcDbEntity
  8
EJE_VIA
100
AcDbLine
 10
212.96666463216147
 20
262.16668023003473
 30
0.0
 11
225.30000474717883
 21
262.16668023003473
 31
0.0
  0
LINE
  5
1DF
330
17
100
AcDbEntity
  8
EJE_VIA
100
AcDbLine
 10
241.24996609157986
 20
122.05004374186198
 30
0.0
 11
241.88330756293405
 21
123.80004035101997
 31
0.0
  0
LINE
  5
1E0
330
17
100
AcDbEntity
  8
EJE_VIA
100
AcDbLine
 10
38.51664225260417
 20
205.61670939127606
 30
0.0
 11
49.71664004855686
 21
205.61670939127606
 31
0.0
  0
LINE
  5
1E1
330
17
100
AcDbEntity
  8
EJE_VIA
100
AcDbLine
 10
38.51664225260417
 20
125.61670939127605
 30
0.0
 11
49.583307902018234
 21
125.61670939127605
 31
0.0
  0
LINE
  5
1E2
330
17
100
AcDbEntity
  8
EJE_VIA
100
AcDbLine
 10
135.5333285861545
 20
125.36666870117188
 30
0.0
 11
139.23333062065973
 21
125.36666870117188
 31
0.0
  0
LINE
  5
1E3
330
17
100
AcDbEntity
  8
EJE_VIA
100
AcDbLine
 10
39.516639709472656
 20
127.11671617296008
 30
0.0
 11
39.516639709472656
 21
204.1167195638021
 31
0.0
  0
LINE
  5
1E4
330
17
100
AcDbEntity
  8
EJE_VIA
100
AcDbLine
 10
45.74998643663195
 20
182.11666531032986
 30
0.0
 11
45.74998643663195
 21
204.0833197699653
 31
0.0
  0
LINE
  5
1E5
330
17
100
AcDbEntity
  8
EJE_VIA
100
AcDbLine
 10
44.93333604600695
 20
190.750003390842
 30
0.0
 11
50.316670735677086
 21
190.68333943684897
 31
0.0
  0
LINE
  5
1E6
330
17
100
AcDbEntity
  8
EJE_VIA
100
AcDbLine
 10
45.00000423855252
 20
180.61667548285592
 30
0.0
 11
50.50000508626302
 21
180.61667548285592
 31
0.0
  0
LINE
  5
1E7
330
17
100
AcDbEntity
  8
EJE_VIA
100
AcDbLine
 10
44.93334028455946
 20
150.6166754828559
 30
0.0
 11
50.366672939724396
 21
150.6166754828559
 31
0.0
  0
LINE
  5
1E8
330
17
100
AcDbEntity
  8
EJE_VIA
100
AcDbLine
 10
45.74998643663195
 20
127.08333333333334
 30
0.0
 11
45.75000762939453
 21
179.11666870117188
 31
0.0
  0
LINE
  5
1E9
330
17
100
AcDbEntity
  8
EJE_VIA
100
AcDbLine
 10
107.79999627007379
 20
218.06667751736111
 30
0.0
 11
126.28333197699654
 21
218.06667751736111
 31
0.0
  0
LINE
  5
1EA
330
17
100
AcDbEntity
  8
EJE_VIA
100
AcDbLine
 10
129.2833455403646
 20
218.06667751736111
 30
0.0
 11
146.183353000217
 21
218.06667751736111
 31
0.0
  0
LINE
  5
1EB
330
17
100
AcDbEntity
  8
EJE_VIA
100
AcDbLine
 10
147.30000813802084
 20
60.76666937934028
 30
0.0
 11
147.30000813802084
 21
69.93333604600694
 31
0.0
  0
LINE
  5
1EC
330
17
100
AcDbEntity
  8
EJE_VIA
100
AcDbLine
 10
107.30000813802084
 20
60.76666937934028
 30
0.0
 11
107.30000813802084
 21
70.00000423855252
 31
0.0
  0
LINE
  5
1ED
330
17
100
AcDbEntity
  8
EJE_VIA
100
AcDbLine
 10
108.7999979654948
 20
61.26667022705078
 30
0.0
 11
145.80000135633682
 21
61.26667022705078
 31
0.0
  0
LINE
  5
1EE
330
17
100
AcDbEntity
  8
EJE_VIA
100
AcDbLine
 10
127.30000813802084
 20
65.43333265516493
 30
0.0
 11
127.30000813802084
 21
70.0499979654948
 31
0.0
  0
LINE
  5
1EF
330
17
100
AcDbEntity
  8
EJE_VIA
100
AcDbLine
 10
128.80000644259982
 20
65.93332926432292
 30
0.0
 11
145.80000135633682
 21
65.93332926432292
 31
0.0
  0
LINE
  5
1F0
330
17
100
AcDbEntity
  8
EJE_VIA
100
AcDbLine
 10
108.80000644259984
 20
65.93333774142795
 30
0.0
 11
125.80000983344185
 21
65.93333774142795
 31
0.0
  0
LINE
  5
1F1
330
17
100
AcDbEntity
  8
EJE_VIA
100
AcDbLine
 10
210.61665852864584
 20
185.14999389648438
 30
0.0
 11
210.61665852864584
 21
186.65000067816842
 31
0.0
  0
LINE
  5
1F2
330
17
100
AcDbEntity
  8
EJE_VIA
100
AcDbLine
 10
210.61665852864584
 20
188.15000745985245
 30
0.0
 11
210.61665852864584
 21
193.13334147135419
 31
0.0
  0
LINE
  5
1F3
330
17
100
AcDbEntity
  8
EJE_VIA
100
AcDbLine
 10
265.8499993218316
 20
200.93332926432294
 30
0.0
 11
265.8499993218316
 21
253.1333245171441
 31
0.0
  0
LINE
  5
1F4
330
17
100
AcDbEntity
  8
EJE_VIA
100
AcDbLine
 10
140.93333774142795
 20
88.08334350585938
 30
0.0
 11
141.1666700575087
 21
89.6166737874349
 31
0.0
  0
LINE
  5
1F5
330
17
100
AcDbEntity
  8
EJE_VIA
100
AcDbLine
 10
140.3166707356771
 20
88.7666744656033
 30
0.0
 11
141.8000030517578
 21
88.93334282769098
 31
0.0
  0
LINE
  5
1F6
330
17
100
AcDbEntity
  8
EJE_VIA
100
AcDbLine
 10
136.58333672417535
 20
190.95001220703125
 30
0.0
 11
136.58333672417535
 21
197.15001424153647
 31
0.0
  0
LINE
  5
1F7
330
17
100
AcDbEntity
  8
EJE_VIA
100
AcDbLine
 10
127.64999389648438
 20
178.50001017252606
 30
0.0
 11
127.64999389648438
 21
179.500003390842
 31
0.0
  0
LINE
  5
1F8
330
17
100
AcDbEntity
  8
EJE_VIA
100
AcDbLine
 10
127.63333638509116
 20
197.15001424153647
 30
0.0
 11
127.63333638509116
 21
198.15000745985245
 31
0.0
  0
LINE
  5
1F9
330
17
100
AcDbEntity
  8
EJE_VIA
100
AcDbLine
 10
134.58334181043838
 20
196.65000067816842
 30
0.0
 11
135.08333841959637
 21
196.65000067816842
 31
0.0
  0
LINE
  5
1FA
330
17
100
AcDbEntity
  8
EJE_VIA
100
AcDbLine
 10
131.6666751437717
 20
97.88332621256511
 30
0.0
 11
131.6666751437717
 21
98.88332790798611
 31
0.0
  0
LINE
  5
1FB
330
17
100
AcDbEntity
  8
EJE_VIA
100
AcDbLine
 10
128.86667887369794
 20
97.38332960340712
 30
0.0
 11
130.16667683919272
 21
97.38332960340712
 31
0.0
  0
LINE
  5
1FC
330
17
100
AcDbEntity
  8
EJE_VIA
100
AcDbLine
 10
134.73334418402777
 20
157.08333333333334
 30
0.0
 11
134.73334418402777
 21
158.06666056315106
 31
0.0
  0
LINE
  5
1FD
330
17
100
AcDbEntity
  8
EJE_VIA
100
AcDbLine
 10
98.59998067220053
 20
209.48333740234375
 30
0.0
 11
130.816650390625
 21
188.3499993218316
 31
0.0
  0
LINE
  5
1FE
330
17
100
AcDbEntity
  8
EJE_VIA
100
AcDbLine
 10
142.48333401150174
 20
265.7166714138455
 30
0.0
 11
142.48333401150174
 21
280.98334418402777
 31
0.0
  0
LINE
  5
1FF
330
17
100
AcDbEntity
  8
EJE_VIA
100
AcDbLine
 10
145.39998372395834
 20
251.5166727701823
 30
0.0
 11
147.29999118381076
 21
253.81668090820312
 31
0.0
  0
LINE
  5
200
330
17
100
AcDbEntity
  8
EJE_VIA
100
AcDbLine
 10
111.56667073567709
 20
264.71666124131946
 30
0.0
 11
111.61666870117188
 21
281.8499925401476
 31
0.0
  0
LINE
  5
201
330
17
100
AcDbEntity
  8
EJE_VIA
100
AcDbLine
 10
110.4666476779514
 20
272.01666937934027
 30
0.0
 11
111.24998304578993
 21
272.3166741265191
 31
0.0
  0
LINE
  5
202
330
17
100
AcDbEntity
  8
EJE_VIA
100
AcDbLine
 10
109.74998474121094
 20
273.50001017252606
 30
0.0
 11
111.24998304578993
 21
273.10000949435766
 31
0.0
  0
LINE
  5
203
330
17
100
AcDbEntity
  8
EJE_VIA
100
AcDbLine
 10
111.78332010904948
 20
276.0833231608073
 30
0.0
 11
114.06665378146702
 21
274.1833157009549
 31
0.0
  0
LINE
  5
204
330
17
100
AcDbEntity
  8
EJE_VIA
100
AcDbLine
 10
209.45000542534723
 20
81.63333468967014
 30
0.0
 11
209.4666714138455
 21
97.16666327582466
 31
0.0
  0
LINE
  5
205
330
17
100
AcDbEntity
  8
EJE_VIA
100
AcDbLine
 10
209.6333482530382
 20
90.31666225857205
 30
0.0
 11
211.9166734483507
 21
88.41666327582466
 31
0.0
  0
LINE
  5
206
330
17
100
AcDbEntity
  8
EJE_VIA
100
AcDbLine
 10
131.86665852864584
 20
252.46666802300348
 30
0.0
 11
131.8833245171441
 21
237.51666598849826
 31
0.0
  0
LINE
  5
207
330
17
100
AcDbEntity
  8
EJE_VIA
100
AcDbLine
 10
130.18333435058594
 20
243.250003390842
 30
0.0
 11
131.68333265516495
 21
242.85000271267361
 31
0.0
  0
LINE
  5
208
330
17
100
AcDbEntity
  8
EJE_VIA
100
AcDbLine
 10
120.566652086046
 20
263.7500169542101
 30
0.0
 11
120.6166500515408
 21
281.21668497721356
 31
0.0
  0
LINE
  5
209
330
17
100
AcDbEntity
  8
EJE_VIA
100
AcDbLine
 10
119.45000542534723
 20
269.51670328776044
 30
0.0
 11
119.45000542534723
 21
270.0833638509115
 31
0.0
  0
LINE
  5
20A
330
17
100
AcDbEntity
  8
EJE_VIA
100
AcDbLine
 10
121.05001661512587
 20
269.50003729926215
 30
0.0
 11
122.55001491970486
 21
269.10003662109375
 31
0.0
  0
LINE
  5
20B
330
17
100
AcDbEntity
  8
EJE_VIA
100
AcDbLine
 10
120.76668633355035
 20
275.433349609375
 30
0.0
 11
123.05002000596788
 21
273.5333421495226
 31
0.0
  0
LINE
  5
20C
330
17
100
AcDbEntity
  8
EJE_VIA
100
AcDbLine
 10
278.46667819552954
 20
81.21665954589844
 30
0.0
 11
279.4666714138455
 21
81.21665954589844
 31
0.0
  0
LINE
  5
20D
330
17
100
AcDbEntity
  8
EJE_VIA
100
AcDbLine
 10
277.9666646321615
 20
74.5833248562283
 30
0.0
 11
277.9666646321615
 21
79.71666124131944
 31
0.0
  0
LINE
  5
20E
330
17
100
AcDbEntity
  8
EJE_VIA
100
AcDbLine
 10
131.53333028157553
 20
131.41666836208768
 30
0.0
 11
131.53333028157553
 21
136.41666836208768
 31
0.0
  0
LINE
  5
20F
330
17
100
AcDbEntity
  8
EJE_VIA
100
AcDbLine
 10
116.15001254611546
 20
157.08333333333334
 30
0.0
 11
116.15001254611546
 21
158.08332655164932
 31
0.0
  0
LINE
  5
210
330
17
100
AcDbEntity
  8
EJE_VIA
100
AcDbLine
 10
116.1166720920139
 20
191.69998168945312
 30
0.0
 11
116.1166720920139
 21
193.21665445963544
 31
0.0
  0
LINE
  5
211
330
17
100
AcDbEntity
  8
EJE_VIA
100
AcDbLine
 10
126.81666904025609
 20
76.66666666666667
 30
0.0
 11
127.81667073567709
 21
76.66666666666667
 31
0.0
  0
LINE
  5
212
330
17
100
AcDbEntity
  8
EJE_VIA
100
AcDbLine
 10
223.250003390842
 20
274.7666761610243
 30
0.0
 11
242.43333604600696
 21
274.7666761610243
 31
0.0
  0
LINE
  5
213
330
17
100
AcDbEntity
  8
EJE_VIA
100
AcDbLine
 10
203.2166714138455
 20
253.93334282769098
 30
0.0
 11
203.2166714138455
 21
257.45000203450525
 31
0.0
  0
LINE
  5
214
330
17
100
AcDbEntity
  8
EJE_VIA
100
AcDbLine
 10
69.80000389946832
 20
147.5499979654948
 30
0.0
 11
70.30000474717882
 21
147.5499979654948
 31
0.0
  0
LINE
  5
215
330
17
100
AcDbEntity
  8
EJE_VIA
100
AcDbLine
 10
148.316650390625
 20
147.88333468967014
 30
0.0
 11
179.63331434461807
 21
147.88333468967014
 31
0.0
  0
LINE
  5
216
330
17
100
AcDbEntity
  8
EJE_VIA
100
AcDbLine
 10
340.68352593315973
 20
151.183353000217
 30
0.0
 11
344.28351508246527
 21
151.21668497721356
 31
0.0
  0
LINE
  5
217
330
17
100
AcDbEntity
  8
EJE_VIA
100
AcDbLine
 10
70.80000559488933
 20
139.55000135633682
 30
0.0
 11
70.80000559488933
 21
146.05000813802084
 31
0.0
  0
LINE
  5
218
330
17
100
AcDbEntity
  8
EJE_VIA
100
AcDbLine
 10
212.999996609158
 20
50.883335537380646
 30
0.0
 11
213.73333401150174
 21
52.88333468967014
 31
0.0
  0
LINE
  5
219
330
17
100
AcDbEntity
  8
EJE_VIA
100
AcDbLine
 10
216.81667751736111
 20
50.88333977593316
 30
0.0
 11
217.43333604600696
 21
52.60000440809462
 31
0.0
  0
LINE
  5
21A
330
17
100
AcDbEntity
  8
EJE_VIA
100
AcDbLine
 10
216.26666598849826
 20
51.73333909776476
 30
0.0
 11
217.98333062065973
 21
51.73333909776476
 31
0.0
  0
LINE
  5
21B
330
17
100
AcDbEntity
  8
EJE_VIA
100
AcDbLine
 10
240.9166463216146
 20
159.48333740234375
 30
0.0
 11
241.41664293077258
 21
159.48333740234375
 31
0.0
  0
LINE
  5
21C
330
17
100
AcDbEntity
  8
EJE_VIA
100
AcDbLine
 10
239.43330552842883
 20
150.16667683919272
 30
0.0
 11
239.91663614908856
 21
150.16667683919272
 31
0.0
  0
LINE
  5
21D
330
17
100
AcDbEntity
  8
EJE_VIA
100
AcDbLine
 10
240.41663275824655
 20
151.66668362087674
 30
0.0
 11
240.41663275824655
 21
157.9833475748698
 31
0.0
  0
LINE
  5
21E
330
17
100
AcDbEntity
  8
EJE_VIA
100
AcDbLine
 10
116.3333468967014
 20
184.71666124131946
 30
0.0
 11
116.90001593695747
 21
184.71666124131946
 31
0.0
  0
LINE
  5
21F
330
17
100
AcDbEntity
  8
EJE_VIA
100
AcDbLine
 10
116.05001661512587
 20
183.93332587348092
 30
0.0
 11
116.98334587944879
 21
183.93332587348092
 31
0.0
  0
LINE
  5
220
330
17
100
AcDbEntity
  8
EJE_VIA
100
AcDbLine
 10
336.9166734483507
 20
118.88332790798611
 30
0.0
 11
348.083258734809
 21
118.83332994249132
 31
0.0
  0
LINE
  5
221
330
17
100
AcDbEntity
  8
EJE_VIA
100
AcDbLine
 10
360.4832967122396
 20
118.76666598849827
 30
0.0
 11
383.66665310329864
 21
118.65000406901042
 31
0.0
  0
LINE
  5
222
330
17
100
AcDbEntity
  8
EJE_VIA
100
AcDbLine
 10
336.99998643663196
 20
104.15000067816841
 30
0.0
 11
338.7833319769965
 21
105.93333774142796
 31
0.0
  0
LINE
  5
223
330
17
100
AcDbEntity
  8
EJE_VIA
100
AcDbLine
 10
336.99998643663196
 20
100.61666700575087
 30
0.0
 11
342.316657172309
 21
105.93332926432292
 31
0.0
  0
LINE
  5
224
330
17
100
AcDbEntity
  8
EJE_VIA
100
AcDbLine
 10
338.5499742296007
 20
98.63332960340712
 30
0.0
 11
340.38330078125
 21
100.44999864366319
 31
0.0
  0
LINE
  5
225
330
17
100
AcDbEntity
  8
EJE_VIA
100
AcDbLine
 10
342.41665310329864
 20
102.48332553439671
 30
0.0
 11
345.8666653103299
 21
105.93332926432292
 31
0.0
  0
LINE
  5
226
330
17
100
AcDbEntity
  8
EJE_VIA
100
AcDbLine
 10
342.066650390625
 20
98.61665513780382
 30
0.0
 11
349.3999905056424
 21
105.94998677571616
 31
0.0
  0
LINE
  5
227
330
17
100
AcDbEntity
  8
EJE_VIA
100
AcDbLine
 10
345.5833265516493
 20
98.59998914930556
 30
0.0
 11
352.9333157009549
 21
105.94998677571616
 31
0.0
  0
LINE
  5
228
330
17
100
AcDbEntity
  8
EJE_VIA
100
AcDbLine
 10
349.10000271267364
 20
98.5833231608073
 30
0.0
 11
356.4666748046875
 21
105.94998677571616
 31
0.0
  0
LINE
  5
229
330
17
100
AcDbEntity
  8
EJE_VIA
100
AcDbLine
 10
352.61667887369794
 20
98.56665717230904
 30
0.0
 11
355.4000176323785
 21
101.33332146538629
 31
0.0
  0
LINE
  5
22A
330
17
100
AcDbEntity
  8
EJE_VIA
100
AcDbLine
 10
357.28335910373266
 20
103.21665445963542
 30
0.0
 11
360.01668294270837
 21
105.94998677571616
 31
0.0
  0
LINE
  5
22B
330
17
100
AcDbEntity
  8
EJE_VIA
100
AcDbLine
 10
356.13335503472223
 20
98.5333251953125
 30
0.0
 11
363.55000813802087
 21
105.94999525282118
 31
0.0
  0
LINE
  5
22C
330
17
100
AcDbEntity
  8
EJE_VIA
100
AcDbLine
 10
359.6500311957465
 20
98.51665920681424
 30
0.0
 11
367.0833672417535
 21
105.94999525282118
 31
0.0
  0
LINE
  5
22D
330
17
100
AcDbEntity
  8
EJE_VIA
100
AcDbLine
 10
363.1833902994792
 20
98.49999321831598
 30
0.0
 11
368.35005018446185
 21
103.66666158040366
 31
0.0
  0
LINE
  5
22E
330
17
100
AcDbEntity
  8
EJE_VIA
100
AcDbLine
 10
366.7000664605035
 20
98.48332722981772
 30
0.0
 11
368.33340115017364
 21
100.11666191948785
 31
0.0
  0
LINE
  5
22F
330
17
100
AcDbEntity
  8
EJE_VIA
100
AcDbLine
 10
368.5833401150174
 20
148.65000406901044
 30
0.0
 11
368.5833401150174
 21
151.25
 31
0.0
  0
LINE
  5
230
330
17
100
AcDbEntity
  8
EJE_VIA
100
AcDbLine
 10
368.24978298611114
 20
85.6500244140625
 30
0.0
 11
368.36652967664935
 21
108.25001186794705
 31
0.0
  0
LINE
  5
231
330
17
100
AcDbEntity
  8
EJE_VIA
100
AcDbLine
 10
368.4165445963542
 20
116.65000915527344
 30
0.0
 11
368.5499742296007
 21
144.249996609158
 31
0.0
  0
LINE
  5
232
330
17
100
AcDbEntity
  8
EJE_VIA
100
AcDbLine
 10
368.38321261935766
 20
112.65001085069444
 30
0.0
 11
368.4165445963542
 21
116.25000847710504
 31
0.0
  0
LINE
  5
233
330
17
100
AcDbEntity
  8
EJE_VIA
100
AcDbLine
 10
370.2833387586806
 20
101.25
 30
0.0
 11
371.36667887369794
 21
101.25
 31
0.0
  0
LINE
  5
234
330
17
100
AcDbEntity
  8
EJE_VIA
100
AcDbLine
 10
324.1166517469618
 20
100.0
 30
0.0
 11
370.83333333333337
 21
99.98333401150174
 31
0.0
  0
LINE
  5
235
330
17
100
AcDbEntity
  8
EJE_VIA
100
AcDbLine
 10
369.5167371961806
 20
52.85000695122613
 30
0.0
 11
369.5167371961806
 21
62.883338928222656
 31
0.0
  0
LINE
  5
236
330
17
100
AcDbEntity
  8
EJE_VIA
100
AcDbLine
 10
369.566650390625
 20
99.45000542534723
 30
0.0
 11
369.566650390625
 21
100.51667107476129
 31
0.0
  0
LINE
  5
237
330
17
100
AcDbEntity
  8
EJE_VIA
100
AcDbLine
 10
333.23333740234375
 20
98.63332960340712
 30
0.0
 11
336.3499959309896
 21
98.63332960340712
 31
0.0
  0
LINE
  5
238
330
17
100
AcDbEntity
  8
EJE_VIA
100
AcDbLine
 10
370.28330485026044
 20
98.71666802300348
 30
0.0
 11
371.36664496527777
 21
98.71666802300348
 31
0.0
  0
LINE
  5
239
330
17
100
AcDbEntity
  8
EJE_VIA
100
AcDbLine
 10
337.2666761610243
 20
141.1666700575087
 30
0.0
 11
338.00001356336804
 21
142.03333536783856
 31
0.0
  0
LINE
  5
23A
330
17
100
AcDbEntity
  8
EJE_VIA
100
AcDbLine
 10
341.433342827691
 20
118.60000610351562
 30
0.0
 11
342.16668023003473
 21
119.46667141384549
 31
0.0
  0
LINE
  5
23B
330
17
100
AcDbEntity
  8
EJE_VIA
100
AcDbLine
 10
367.4666680230035
 20
149.6333482530382
 30
0.0
 11
368.20000542534723
 21
150.4833475748698
 31
0.0
  0
LINE
  5
23C
330
17
100
AcDbEntity
  8
EJE_VIA
100
AcDbLine
 10
343.5166761610243
 20
107.31668260362413
 30
0.0
 11
344.23333062065973
 21
108.183347913954
 31
0.0
  0
LINE
  5
23D
330
17
100
AcDbEntity
  8
EJE_VIA
100
AcDbLine
 10
369.55000135633685
 20
138.3500247531467
 30
0.0
 11
370.26665581597223
 21
139.2000240749783
 31
0.0
  0
LINE
  5
23E
330
17
100
AcDbEntity
  8
EJE_VIA
100
AcDbLine
 10
354.2833455403646
 20
106.38335333930122
 30
0.0
 11
355.0
 21
107.23335266113281
 31
0.0
  0
LINE
  5
23F
330
17
100
AcDbEntity
  8
EJE_VIA
100
AcDbLine
 10
365.0333319769965
 20
105.43336656358507
 30
0.0
 11
365.76666937934027
 21
106.30003187391493
 31
0.0
  0
LINE
  5
240
330
17
100
AcDbEntity
  8
EJE_VIA
100
AcDbLine
 10
356.7166815863715
 20
150.56671142578125
 30
0.0
 11
357.60002983940973
 21
150.48338148328995
 31
0.0
  0
LINE
  5
241
330
17
100
AcDbEntity
  8
EJE_VIA
100
AcDbLine
 10
367.4666680230035
 20
149.63338216145834
 30
0.0
 11
368.3666653103299
 21
149.550052218967
 31
0.0
  0
LINE
  5
242
330
17
100
AcDbEntity
  8
EJE_VIA
100
AcDbLine
 10
369.55000135633685
 20
138.35005866156683
 30
0.0
 11
370.4499986436632
 21
138.26672871907553
 31
0.0
  0
LINE
  5
243
330
17
100
AcDbEntity
  8
EJE_VIA
100
AcDbLine
 10
341.43330891927087
 20
118.60005696614584
 30
0.0
 11
342.33330620659723
 21
118.53339301215279
 31
0.0
  0
LINE
  5
244
330
17
100
AcDbEntity
  8
EJE_VIA
100
AcDbLine
 10
343.5166422526042
 20
107.31672498914931
 30
0.0
 11
344.41663953993054
 21
107.25006103515625
 31
0.0
  0
LINE
  5
245
330
17
100
AcDbEntity
  8
EJE_VIA
100
AcDbLine
 10
365.0332980685764
 20
105.43339199490018
 30
0.0
 11
365.93329535590277
 21
105.36672804090712
 31
0.0
  0
LINE
  5
246
330
17
100
AcDbEntity
  8
EJE_VIA
100
AcDbLine
 10
354.28331163194446
 20
106.3833957248264
 30
0.0
 11
355.16665988498266
 21
106.30006578233507
 31
0.0
  0
LINE
  5
247
330
17
100
AcDbEntity
  8
EJE_VIA
100
AcDbLine
 10
344.23333062065973
 20
108.18333095974393
 30
0.0
 11
344.4166734483507
 21
107.250001695421
 31
0.0
  0
LINE
  5
248
330
17
100
AcDbEntity
  8
EJE_VIA
100
AcDbLine
 10
342.16668023003473
 20
119.46666293674046
 30
0.0
 11
342.3333401150174
 21
118.53333367241754
 31
0.0
  0
LINE
  5
249
330
17
100
AcDbEntity
  8
EJE_VIA
100
AcDbLine
 10
338.00001356336804
 20
142.03333536783856
 30
0.0
 11
338.1666734483507
 21
141.08333163791232
 31
0.0
  0
LINE
  5
24A
330
17
100
AcDbEntity
  8
EJE_VIA
100
AcDbLine
 10
355.0
 20
107.23332722981772
 30
0.0
 11
355.16665988498266
 21
106.2999979654948
 31
0.0
  0
LINE
  5
24B
330
17
100
AcDbEntity
  8
EJE_VIA
100
AcDbLine
 10
365.76666937934027
 20
106.29998948838976
 30
0.0
 11
365.93332926432294
 21
105.36666022406685
 31
0.0
  0
LINE
  5
24C
330
17
100
AcDbEntity
  8
EJE_VIA
100
AcDbLine
 10
357.4666680230035
 20
151.28333197699652
 30
0.0
 11
357.5999959309896
 21
150.48333062065973
 31
0.0
  0
LINE
  5
24D
330
17
100
AcDbEntity
  8
EJE_VIA
100
AcDbLine
 10
370.26665581597223
 20
139.19998168945312
 30
0.0
 11
370.4499986436632
 21
138.26665242513022
 31
0.0
  0
LINE
  5
24E
330
17
100
AcDbEntity
  8
EJE_VIA
100
AcDbLine
 10
336.86665852864587
 20
127.84998575846355
 30
0.0
 11
337.6499769422743
 21
128.66665310329861
 31
0.0
  0
LINE
  5
24F
330
17
100
AcDbEntity
  8
EJE_VIA
100
AcDbLine
 10
338.48334418402777
 20
110.36665174696181
 30
0.0
 11
339.6499972873264
 21
111.58331976996529
 31
0.0
  0
LINE
  5
250
330
17
100
AcDbEntity
  8
EJE_VIA
100
AcDbLine
 10
368.49995930989587
 20
122.48331705729167
 30
0.0
 11
369.66661241319446
 21
123.71665106879341
 31
0.0
  0
LINE
  5
251
330
17
100
AcDbEntity
  8
EJE_VIA
100
AcDbLine
 10
370.49997965494794
 20
105.39998372395834
 30
0.0
 11
371.6666327582465
 21
106.61665174696181
 31
0.0
  0
LINE
  5
252
330
17
100
AcDbEntity
  8
EJE_VIA
100
AcDbLine
 10
339.6499972873264
 20
111.58331976996529
 30
0.0
 11
339.816657172309
 21
110.14998541937935
 31
0.0
  0
LINE
  5
253
330
17
100
AcDbEntity
  8
EJE_VIA
100
AcDbLine
 10
337.65001085069446
 20
128.66665310329861
 30
0.0
 11
337.8166707356771
 21
127.24998474121094
 31
0.0
  0
LINE
  5
254
330
17
100
AcDbEntity
  8
EJE_VIA
100
AcDbLine
 10
369.66668023003473
 20
123.71665106879341
 30
0.0
 11
369.8333401150174
 21
122.28331671820747
 31
0.0
  0
LINE
  5
255
330
17
100
AcDbEntity
  8
EJE_VIA
100
AcDbLine
 10
336.866692437066
 20
127.39998711480035
 30
0.0
 11
337.81670464409723
 21
127.24998474121094
 31
0.0
  0
LINE
  5
256
330
17
100
AcDbEntity
  8
EJE_VIA
100
AcDbLine
 10
368.50002712673614
 20
122.48331705729167
 30
0.0
 11
369.8333740234375
 21
122.28331671820747
 31
0.0
  0
LINE
  5
257
330
17
100
AcDbEntity
  8
EJE_VIA
100
AcDbLine
 10
338.48334418402777
 20
110.36665174696181
 30
0.0
 11
339.8166910807292
 21
110.14998541937935
 31
0.0
  0
LINE
  5
258
330
17
100
AcDbEntity
  8
EJE_VIA
100
AcDbLine
 10
370.5000135633681
 20
105.39998372395834
 30
0.0
 11
371.83336046006946
 21
105.18331739637587
 31
0.0
  0
LINE
  5
259
330
17
100
AcDbEntity
  8
EJE_VIA
100
AcDbLine
 10
347.750006781684
 20
151.0333251953125
 30
0.0
 11
348.26666937934027
 21
151.23331705729169
 31
0.0
  0
LINE
  5
25A
330
17
100
AcDbEntity
  8
EJE_VIA
100
AcDbLine
 10
340.4499986436632
 20
129.2666710747613
 30
0.0
 11
341.500006781684
 21
129.68333774142795
 31
0.0
  0
LINE
  5
25B
330
17
100
AcDbEntity
  8
EJE_VIA
100
AcDbLine
 10
336.91663953993054
 20
118.43332926432292
 30
0.0
 11
337.8499688042535
 21
118.7999979654948
 31
0.0
  0
LINE
  5
25C
330
17
100
AcDbEntity
  8
EJE_VIA
100
AcDbLine
 10
342.0999484592014
 20
101.48331536187067
 30
0.0
 11
343.14995659722223
 21
101.88331604003906
 31
0.0
  0
LINE
  5
25D
330
17
100
AcDbEntity
  8
EJE_VIA
100
AcDbLine
 10
354.699944390191
 20
106.31664699978299
 30
0.0
 11
355.74995252821185
 21
106.7166476779514
 31
0.0
  0
LINE
  5
25E
330
17
100
AcDbEntity
  8
EJE_VIA
100
AcDbLine
 10
363.6666191948785
 20
100.28330485026042
 30
0.0
 11
364.71662733289935
 21
100.68330552842882
 31
0.0
  0
LINE
  5
25F
330
17
100
AcDbEntity
  8
EJE_VIA
100
AcDbLine
 10
347.74990505642364
 20
151.03329128689236
 30
0.0
 11
348.49989149305554
 21
150.51662868923611
 31
0.0
  0
LINE
  5
260
330
17
100
AcDbEntity
  8
EJE_VIA
100
AcDbLine
 10
340.44989691840277
 20
129.26662021213107
 30
0.0
 11
341.19988335503473
 21
128.76662360297308
 31
0.0
  0
LINE
  5
261
330
17
100
AcDbEntity
  8
EJE_VIA
100
AcDbLine
 10
336.91653781467016
 20
118.31661648220486
 30
0.0
 11
337.5498792860243
 21
117.89994981553819
 31
0.0
  0
LINE
  5
262
330
17
100
AcDbEntity
  8
EJE_VIA
100
AcDbLine
 10
354.6998765733507
 20
106.31661309136285
 30
0.0
 11
355.44986300998266
 21
105.81661648220486
 31
0.0
  0
LINE
  5
263
330
17
100
AcDbEntity
  8
EJE_VIA
100
AcDbLine
 10
363.6665513780382
 20
100.28327941894531
 30
0.0
 11
364.39988878038196
 21
99.78328280978734
 31
0.0
  0
LINE
  5
264
330
17
100
AcDbEntity
  8
EJE_VIA
100
AcDbLine
 10
337.5498792860243
 20
117.89994981553819
 30
0.0
 11
337.84986707899304
 21
118.79994710286459
 31
0.0
  0
LINE
  5
265
330
17
100
AcDbEntity
  8
EJE_VIA
100
AcDbLine
 10
341.19988335503473
 20
128.76661512586807
 30
0.0
 11
341.4998711480035
 21
129.68327840169272
 31
0.0
  0
LINE
  5
266
330
17
100
AcDbEntity
  8
EJE_VIA
100
AcDbLine
 10
348.49989149305554
 20
150.51661173502606
 30
0.0
 11
348.73321533203125
 21
151.23328314887152
 31
0.0
  0
LINE
  5
267
330
17
100
AcDbEntity
  8
EJE_VIA
100
AcDbLine
 10
342.8499009874132
 20
100.9832763671875
 30
0.0
 11
343.14988878038196
 21
101.8832736545139
 31
0.0
  0
LINE
  5
268
330
17
100
AcDbEntity
  8
EJE_VIA
100
AcDbLine
 10
355.44993082682294
 20
105.8165995279948
 30
0.0
 11
355.7499186197917
 21
106.71659681532118
 31
0.0
  0
LINE
  5
269
330
17
100
AcDbEntity
  8
EJE_VIA
100
AcDbLine
 10
364.39995659722223
 20
99.76659138997397
 30
0.0
 11
364.71662733289935
 21
100.68325466579861
 31
0.0
  0
LINE
  5
26A
330
17
100
AcDbEntity
  8
EJE_VIA
100
AcDbLine
 10
370.43338351779516
 20
52.85000695122613
 30
0.0
 11
370.66670735677087
 21
62.88333468967014
 31
0.0
  0
LINE
  5
26B
330
17
100
AcDbEntity
  8
EJE_VIA
100
AcDbLine
 10
370.816650390625
 20
76.63333468967014
 30
0.0
 11
370.8833482530382
 21
165.15001085069446
 31
0.0
  0
LINE
  5
26C
330
17
100
AcDbEntity
  8
EJE_VIA
100
AcDbLine
 10
370.36668565538196
 20
247.28335910373264
 30
0.0
 11
370.36668565538196
 21
255.5166965060764
 31
0.0
  0
LINE
  5
26D
330
17
100
AcDbEntity
  8
EJE_VIA
100
AcDbLine
 10
318.81666395399304
 20
141.33332994249133
 30
0.0
 11
341.58331976996527
 21
141.18332756890192
 31
0.0
  0
LINE
  5
26E
330
17
100
AcDbEntity
  8
EJE_VIA
100
AcDbLine
 10
379.08331976996527
 20
141.13332960340713
 30
0.0
 11
415.58332655164935
 21
141.01665920681424
 31
0.0
  0
LINE
  5
26F
330
17
100
AcDbEntity
  8
EJE_VIA
100
AcDbLine
 10
378.8166639539931
 20
52.849985758463546
 30
0.0
 11
379.04998779296875
 21
62.883317735460075
 31
0.0
  0
LINE
  5
270
330
17
100
AcDbEntity
  8
EJE_VIA
100
AcDbLine
 10
379.01665581597223
 20
118.66667005750868
 30
0.0
 11
379.13333468967016
 21
163.63333808051215
 31
0.0
  0
LINE
  5
271
330
17
100
AcDbEntity
  8
EJE_VIA
100
AcDbLine
 10
379.01665581597223
 20
118.65000406901042
 30
0.0
 11
418.3833143446181
 21
118.58334011501736
 31
0.0
  0
LINE
  5
272
330
17
100
AcDbEntity
  8
EJE_VIA
100
AcDbLine
 10
371.36667887369794
 20
52.850002712673614
 30
0.0
 11
370.9000311957465
 21
62.883338928222656
 31
0.0
  0
LINE
  5
273
330
17
100
AcDbEntity
  8
EJE_VIA
100
AcDbLine
 10
370.8833482530382
 20
166.20000203450522
 30
0.0
 11
370.8833482530382
 21
171.68333265516495
 31
0.0
  0
LINE
  5
274
330
17
100
AcDbEntity
  8
EJE_VIA
100
AcDbLine
 10
360.250006781684
 20
74.43333943684897
 30
0.0
 11
360.3000217013889
 21
104.80000813802084
 31
0.0
  0
LINE
  5
275
330
17
100
AcDbEntity
  8
EJE_VIA
100
AcDbLine
 10
360.33335367838544
 20
128.00000508626303
 30
0.0
 11
360.38336859809027
 21
158.36668226453995
 31
0.0
  0
LINE
  5
276
330
17
100
AcDbEntity
  8
EJE_VIA
100
AcDbLine
 10
376.4499918619792
 20
148.60000610351562
 30
0.0
 11
376.4666748046875
 21
151.21666802300348
 31
0.0
  0
LINE
  5
277
330
17
100
AcDbEntity
  8
EJE_VIA
100
AcDbLine
 10
383.8331434461806
 20
148.56669108072919
 30
0.0
 11
383.8331434461806
 21
151.16668701171875
 31
0.0
  0
LINE
  5
278
330
17
100
AcDbEntity
  8
EJE_VIA
100
AcDbLine
 10
383.6163330078125
 20
108.56669955783421
 30
0.0
 11
383.699713812934
 21
124.16669209798178
 31
0.0
  0
LINE
  5
279
330
17
100
AcDbEntity
  8
EJE_VIA
100
AcDbLine
 10
383.7830946180556
 20
140.56668599446616
 30
0.0
 11
383.7997775607639
 21
144.16668362087674
 31
0.0
  0
LINE
  5
27A
330
17
100
AcDbEntity
  8
EJE_VIA
100
AcDbLine
 10
351.0833401150174
 20
152.85000271267361
 30
0.0
 11
383.8333468967014
 21
151.1666700575087
 31
0.0
  0
LINE
  5
27B
330
17
100
AcDbEntity
  8
EJE_VIA
100
AcDbLine
 10
376.3000149197049
 20
151.21666802300348
 30
0.0
 11
379.90000406901044
 21
151.18333604600696
 31
0.0
  0
LINE
  5
27C
330
17
100
AcDbEntity
  8
EJE_VIA
100
AcDbLine
 10
340.48326280381946
 20
133.41665479871963
 30
0.0
 11
344.083251953125
 21
133.39998881022137
 31
0.0
  0
LINE
  5
27D
330
17
100
AcDbEntity
  8
EJE_VIA
100
AcDbLine
 10
360.4832967122396
 20
133.31665886773004
 30
0.0
 11
380.08331298828125
 21
133.21666293674045
 31
0.0
  0
LINE
  5
27E
330
17
100
AcDbEntity
  8
EJE_VIA
100
AcDbLine
 10
344.4832695855035
 20
133.39998881022137
 30
0.0
 11
348.083258734809
 21
133.36665683322482
 31
0.0
  0
LINE
  5
27F
330
17
100
AcDbEntity
  8
EJE_VIA
100
AcDbLine
 10
336.866692437066
 20
126.16667005750868
 30
0.0
 11
348.0832926432292
 21
126.09998914930556
 31
0.0
  0
LINE
  5
280
330
17
100
AcDbEntity
  8
EJE_VIA
100
AcDbLine
 10
364.48333740234375
 20
126.01665920681424
 30
0.0
 11
380.0833468967014
 21
125.93332926432292
 31
0.0
  0
LINE
  5
281
330
17
100
AcDbEntity
  8
EJE_VIA
100
AcDbLine
 10
368.04999457465277
 20
85.64999050564236
 30
0.0
 11
371.64998372395837
 21
85.6333245171441
 31
0.0
  0
LINE
  5
282
330
17
100
AcDbEntity
  8
EJE_VIA
100
AcDbLine
 10
364.4832695855035
 20
91.01665072970921
 30
0.0
 11
372.0832655164931
 21
90.98331875271268
 31
0.0
  0
LINE
  5
283
330
17
100
AcDbEntity
  8
EJE_VIA
100
AcDbLine
 10
340.48326280381946
 20
98.61665513780382
 30
0.0
 11
380.08331298828125
 21
98.41666327582466
 31
0.0
  0
LINE
  5
284
330
17
100
AcDbEntity
  8
EJE_VIA
100
AcDbLine
 10
352.4832831488715
 20
98.56665717230904
 30
0.0
 11
356.0832722981771
 21
98.5333251953125
 31
0.0
  0
LINE
  5
285
330
17
100
AcDbEntity
  8
EJE_VIA
100
AcDbLine
 10
337.01666937934027
 20
98.63333808051216
 30
0.0
 11
340.0833468967014
 21
98.6166720920139
 31
0.0
  0
LINE
  5
286
330
17
100
AcDbEntity
  8
EJE_VIA
100
AcDbLine
 10
336.7833455403646
 20
144.16666666666669
 30
0.0
 11
336.80002848307294
 21
140.56666904025607
 31
0.0
  0
LINE
  5
287
330
17
100
AcDbEntity
  8
EJE_VIA
100
AcDbLine
 10
336.86672634548614
 20
128.1666734483507
 30
0.0
 11
336.91677517361114
 21
116.56667921278212
 31
0.0
  0
LINE
  5
288
330
17
100
AcDbEntity
  8
EJE_VIA
100
AcDbLine
 10
336.966790093316
 20
108.16668192545573
 30
0.0
 11
337.00015597873266
 21
100.56668599446616
 31
0.0
  0
LINE
  5
289
330
17
100
AcDbEntity
  8
EJE_VIA
100
AcDbLine
 10
336.8333943684896
 20
132.1666717529297
 30
0.0
 11
336.86672634548614
 21
128.5666741265191
 31
0.0
  0
LINE
  5
28A
330
17
100
AcDbEntity
  8
EJE_VIA
100
AcDbLine
 10
336.91677517361114
 20
116.16667853461372
 30
0.0
 11
336.95010715060766
 21
112.56668090820312
 31
0.0
  0
LINE
  5
28B
330
17
100
AcDbEntity
  8
EJE_VIA
100
AcDbLine
 10
337.00015597873266
 20
100.16668531629774
 30
0.0
 11
337.0334879557292
 21
96.56668768988716
 31
0.0
  0
LINE
  5
28C
330
17
100
AcDbEntity
  8
EJE_VIA
100
AcDbLine
 10
352.2166951497396
 20
144.249996609158
 30
0.0
 11
352.25006103515625
 21
136.6500006781684
 31
0.0
  0
LINE
  5
28D
330
17
100
AcDbEntity
  8
EJE_VIA
100
AcDbLine
 10
352.400139702691
 20
108.25001186794705
 30
0.0
 11
352.4835205078125
 21
92.65001932779948
 31
0.0
  0
LINE
  5
28E
330
17
100
AcDbEntity
  8
EJE_VIA
100
AcDbLine
 10
344.30019802517364
 20
151.21668497721356
 30
0.0
 11
344.31688096788196
 21
148.6000230577257
 31
0.0
  0
LINE
  5
28F
330
17
100
AcDbEntity
  8
EJE_VIA
100
AcDbLine
 10
344.38357883029516
 20
136.20001898871527
 30
0.0
 11
344.5837063259549
 21
96.60003662109375
 31
0.0
  0
LINE
  5
290
330
17
100
AcDbEntity
  8
EJE_VIA
100
AcDbLine
 10
411.5333387586806
 20
168.51665920681424
 30
0.0
 11
413.08332655164935
 21
170.41666666666669
 31
0.0
  0
LINE
  5
291
330
17
100
AcDbEntity
  8
EJE_VIA
100
AcDbLine
 10
412.3499891493056
 20
157.13333129882812
 30
0.0
 11
415.58332655164935
 21
157.13333129882812
 31
0.0
  0
LINE
  5
292
330
17
100
AcDbEntity
  8
EJE_VIA
100
AcDbLine
 10
314.89997016059027
 20
118.93333435058594
 30
0.0
 11
341.4166259765625
 21
118.86667039659288
 31
0.0
  0
LINE
  5
293
330
17
100
AcDbEntity
  8
EJE_VIA
100
AcDbLine
 10
370.38333468967016
 20
109.24999660915799
 30
0.0
 11
371.36667887369794
 21
109.24999660915799
 31
0.0
  0
LINE
  5
294
330
17
100
AcDbEntity
  8
EJE_VIA
100
AcDbLine
 10
370.38333468967016
 20
108.61666361490886
 30
0.0
 11
371.36667887369794
 21
108.61666361490886
 31
0.0
  0
LINE
  5
295
330
17
100
AcDbEntity
  8
EJE_VIA
100
AcDbLine
 10
346.6666666666667
 20
105.93332926432292
 30
0.0
 11
349.66668023003473
 21
105.94999525282118
 31
0.0
  0
LINE
  5
296
330
17
100
AcDbEntity
  8
EJE_VIA
100
AcDbLine
 10
370.38333468967016
 20
110.41666666666667
 30
0.0
 11
371.36667887369794
 21
110.43333265516493
 31
0.0
  0
LINE
  5
297
330
17
100
AcDbEntity
  8
EJE_VIA
100
AcDbLine
 10
370.38333468967016
 20
109.78333367241754
 30
0.0
 11
371.36667887369794
 21
109.78333367241754
 31
0.0
  0
LINE
  5
298
330
17
100
AcDbEntity
  8
EJE_VIA
100
AcDbLine
 10
370.11667887369794
 20
113.13333299424913
 30
0.0
 11
371.58335367838544
 21
113.13333299424913
 31
0.0
  0
LINE
  5
299
330
17
100
AcDbEntity
  8
EJE_VIA
100
AcDbLine
 10
148.316650390625
 20
112.99999660915799
 30
0.0
 11
171.2166510687934
 21
112.99999660915799
 31
0.0
  0
LINE
  5
29A
330
17
100
AcDbEntity
  8
EJE_VIA
100
AcDbLine
 10
370.4166666666667
 20
112.61667039659288
 30
0.0
 11
371.26668294270837
 21
112.61667039659288
 31
0.0
  0
LINE
  5
29B
330
17
100
AcDbEntity
  8
EJE_VIA
100
AcDbLine
 10
370.4166666666667
 20
113.66667005750868
 30
0.0
 11
371.26668294270837
 21
113.66667005750868
 31
0.0
  0
LINE
  5
29C
330
17
100
AcDbEntity
  8
EJE_VIA
100
AcDbLine
 10
225.64999050564236
 20
165.08332994249133
 30
0.0
 11
228.19998847113717
 21
165.08332994249133
 31
0.0
  0
LINE
  5
29D
330
17
100
AcDbEntity
  8
EJE_VIA
100
AcDbLine
 10
370.4666815863715
 20
165.15001085069446
 30
0.0
 11
371.3000149197049
 21
165.15001085069446
 31
0.0
  0
LINE
  5
29E
330
17
100
AcDbEntity
  8
EJE_VIA
100
AcDbLine
 10
105.60000949435765
 20
166.23333401150174
 30
0.0
 11
107.5833468967014
 21
166.23333401150174
 31
0.0
  0
LINE
  5
29F
330
17
100
AcDbEntity
  8
EJE_VIA
100
AcDbLine
 10
370.4666815863715
 20
166.20001898871527
 30
0.0
 11
371.3000149197049
 21
166.20001898871527
 31
0.0
  0
LINE
  5
2A0
330
17
100
AcDbEntity
  8
EJE_VIA
100
AcDbLine
 10
332.2999742296007
 20
100.0
 30
0.0
 11
347.2999742296007
 21
99.98333401150174
 31
0.0
  0
LINE
  5
2A1
330
17
100
AcDbEntity
  8
EJE_VIA
100
AcDbLine
 10
354.7999742296007
 20
99.96666802300348
 30
0.0
 11
369.7999742296007
 21
99.95000203450522
 31
0.0
  0
LINE
  5
2A2
330
17
100
AcDbEntity
  8
EJE_VIA
100
AcDbLine
 10
377.2999742296007
 20
99.95000203450522
 30
0.0
 11
392.2999742296007
 21
99.93333604600694
 31
0.0
  0
LINE
  5
2A3
330
17
100
AcDbEntity
  8
EJE_VIA
100
AcDbLine
 10
399.80000813802087
 20
99.93333604600694
 30
0.0
 11
407.4666680230035
 21
99.91667005750868
 31
0.0
  0
LINE
  5
2A4
330
17
100
AcDbEntity
  8
EJE_VIA
100
AcDbLine
 10
349.7999742296007
 20
99.98333401150174
 30
0.0
 11
352.2999742296007
 21
99.96666802300348
 31
0.0
  0
LINE
  5
2A5
330
17
100
AcDbEntity
  8
EJE_VIA
100
AcDbLine
 10
148.316650390625
 20
106.33332994249132
 30
0.0
 11
171.2166510687934
 21
106.33332994249132
 31
0.0
  0
LINE
  5
2A6
330
17
100
AcDbEntity
  8
EJE_VIA
100
AcDbLine
 10
336.98333740234375
 20
105.93332926432292
 30
0.0
 11
345.16669379340277
 21
105.93332926432292
 31
0.0
  0
LINE
  5
2A7
330
17
100
AcDbEntity
  8
EJE_VIA
100
AcDbLine
 10
351.16665310329864
 20
105.94999525282118
 30
0.0
 11
358.66665310329864
 21
105.94999525282118
 31
0.0
  0
LINE
  5
2A8
330
17
100
AcDbEntity
  8
EJE_VIA
100
AcDbLine
 10
364.66661241319446
 20
105.94999525282118
 30
0.0
 11
368.3499484592014
 21
105.94999525282118
 31
0.0
  0
LINE
  5
2A9
330
17
100
AcDbEntity
  8
EJE_VIA
100
AcDbLine
 10
384.6000162760417
 20
105.88333129882812
 30
0.0
 11
388.28335232204864
 21
105.88333129882812
 31
0.0
  0
LINE
  5
2AA
330
17
100
AcDbEntity
  8
EJE_VIA
100
AcDbLine
 10
370.3166707356771
 20
80.83333333333334
 30
0.0
 11
371.3000149197049
 21
80.83333333333334
 31
0.0
  0
LINE
  5
2AB
330
17
100
AcDbEntity
  8
EJE_VIA
100
AcDbLine
 10
370.33335367838544
 20
83.83332994249132
 30
0.0
 11
371.3000149197049
 21
83.83332994249132
 31
0.0
  0
LINE
  5
2AC
330
17
100
AcDbEntity
  8
EJE_VIA
100
AcDbLine
 10
370.3166707356771
 20
94.93332756890192
 30
0.0
 11
371.3000149197049
 21
94.93332756890192
 31
0.0
  0
LINE
  5
2AD
330
17
100
AcDbEntity
  8
EJE_VIA
100
AcDbLine
 10
370.3166707356771
 20
94.29999457465279
 30
0.0
 11
371.3000149197049
 21
94.29999457465279
 31
0.0
  0
LINE
  5
2AE
330
17
100
AcDbEntity
  8
EJE_VIA
100
AcDbLine
 10
370.33335367838544
 20
92.56666395399306
 30
0.0
 11
371.3000149197049
 21
92.58332994249132
 31
0.0
  0
LINE
  5
2AF
330
17
100
AcDbEntity
  8
EJE_VIA
100
AcDbLine
 10
370.33335367838544
 20
91.93333095974393
 30
0.0
 11
371.3000149197049
 21
91.93333095974393
 31
0.0
  0
LINE
  5
2B0
330
17
100
AcDbEntity
  8
EJE_VIA
100
AcDbLine
 10
370.816650390625
 20
79.03333875868056
 30
0.0
 11
370.816650390625
 21
79.51666937934029
 31
0.0
  0
LINE
  5
2B1
330
17
100
AcDbEntity
  8
EJE_VIA
100
AcDbLine
 10
361.74997965494794
 20
78.53333367241754
 30
0.0
 11
369.316643608941
 21
78.53333367241754
 31
0.0
  0
LINE
  5
2B2
330
17
100
AcDbEntity
  8
EJE_VIA
100
AcDbLine
 10
396.0833401150174
 20
111.44999186197917
 30
0.0
 11
401.5500217013889
 21
111.44999186197917
 31
0.0
  0
LINE
  5
2B3
330
17
100
AcDbEntity
  8
EJE_VIA
100
AcDbLine
 10
364.76667616102435
 20
114.90000406901042
 30
0.0
 11
403.7833319769965
 21
114.7833251953125
 31
0.0
  0
LINE
  5
2B4
330
17
100
AcDbEntity
  8
EJE_VIA
100
AcDbLine
 10
364.26662868923614
 20
151.2666490342882
 30
0.0
 11
364.7666422526042
 21
151.2666490342882
 31
0.0
  0
LINE
  5
2B5
330
17
100
AcDbEntity
  8
EJE_VIA
100
AcDbLine
 10
384.8333401150174
 20
151.16665310329861
 30
0.0
 11
388.2500203450521
 21
151.16665310329861
 31
0.0
  0
LINE
  5
2B6
330
17
100
AcDbEntity
  8
EJE_VIA
100
AcDbLine
 10
365.2666219075521
 20
152.76665581597223
 30
0.0
 11
365.2666219075521
 21
162.14998033311633
 31
0.0
  0
LINE
  5
2B7
330
17
100
AcDbEntity
  8
EJE_VIA
100
AcDbLine
 10
129.14999220106338
 20
177.999996609158
 30
0.0
 11
133.2333289252387
 21
177.999996609158
 31
0.0
  0
LINE
  5
2B8
330
17
100
AcDbEntity
  8
EJE_VIA
100
AcDbLine
 10
340.64995659722223
 20
177.88333468967014
 30
0.0
 11
346.9499715169271
 21
177.88333468967014
 31
0.0
  0
LINE
  5
2B9
330
17
100
AcDbEntity
  8
EJE_VIA
100
AcDbLine
 10
348.1666734483507
 20
168.49999321831598
 30
0.0
 11
348.7166680230035
 21
170.0
 31
0.0
  0
LINE
  5
2BA
330
17
100
AcDbEntity
  8
EJE_VIA
100
AcDbLine
 10
351.6666666666667
 20
167.73334079318576
 30
0.0
 11
352.56666395399304
 21
167.73334079318576
 31
0.0
  0
LINE
  5
2BB
330
17
100
AcDbEntity
  8
EJE_VIA
100
AcDbLine
 10
323.1666734483507
 20
177.26665920681424
 30
0.0
 11
323.70001898871527
 21
178.76666598849826
 31
0.0
  0
LINE
  5
2BC
330
17
100
AcDbEntity
  8
EJE_VIA
100
AcDbLine
 10
323.20000542534723
 20
178.76666598849826
 30
0.0
 11
324.1999986436632
 21
178.76666598849826
 31
0.0
  0
LINE
  5
2BD
330
17
100
AcDbEntity
  8
EJE_VIA
100
AcDbLine
 10
324.66668023003473
 20
178.0499945746528
 30
0.0
 11
325.50001356336804
 21
178.76666598849826
 31
0.0
  0
LINE
  5
2BE
330
17
100
AcDbEntity
  8
EJE_VIA
100
AcDbLine
 10
335.70000542534723
 20
116.46665785047743
 30
0.0
 11
341.8333265516493
 21
107.18332926432292
 31
0.0
  0
LINE
  5
2BF
330
17
100
AcDbEntity
  8
EJE_VIA
100
AcDbLine
 10
318.81666395399304
 20
152.05000135633682
 30
0.0
 11
331.85000949435766
 21
152.5
 31
0.0
  0
LINE
  5
2C0
330
17
100
AcDbEntity
  8
EJE_VIA
100
AcDbLine
 10
333.20000542534723
 20
105.93332926432292
 30
0.0
 11
336.31666395399304
 21
105.93332926432292
 31
0.0
  0
LINE
  5
2C1
330
17
100
AcDbEntity
  8
EJE_VIA
100
AcDbLine
 10
399.699944390191
 20
75.91664632161459
 30
0.0
 11
399.949951171875
 21
76.33331298828125
 31
0.0
  0
LINE
  5
2C2
330
17
100
AcDbEntity
  8
EJE_VIA
100
AcDbLine
 10
109.70001220703125
 20
133.1832970513238
 30
0.0
 11
109.70001220703125
 21
168.18332248263889
 31
0.0
  0
LINE
  5
2C3
330
17
100
AcDbEntity
  8
EJE_VIA
100
AcDbLine
 10
118.15000745985243
 20
123.68330213758681
 30
0.0
 11
121.65000915527344
 21
123.68330213758681
 31
0.0
  0
LINE
  5
2C4
330
17
100
AcDbEntity
  8
EJE_VIA
100
AcDbLine
 10
133.90000237358942
 20
123.68330213758681
 30
0.0
 11
137.40000406901044
 21
123.68330213758681
 31
0.0
  0
LINE
  5
2C5
330
17
100
AcDbEntity
  8
EJE_VIA
100
AcDbLine
 10
145.83333333333334
 20
133.1832970513238
 30
0.0
 11
145.83333333333334
 21
136.6832987467448
 31
0.0
  0
LINE
  5
2C6
330
17
100
AcDbEntity
  8
EJE_VIA
100
AcDbLine
 10
145.83333333333334
 20
148.93330891927084
 30
0.0
 11
145.83333333333334
 21
173.43332926432294
 31
0.0
  0
LINE
  5
2C7
330
17
100
AcDbEntity
  8
EJE_VIA
100
AcDbLine
 10
113.20001390245226
 20
182.93333265516495
 30
0.0
 11
121.65000915527344
 21
182.93333265516495
 31
0.0
  0
LINE
  5
2C8
330
17
100
AcDbEntity
  8
EJE_VIA
100
AcDbLine
 10
133.90000237358942
 20
182.93333265516495
 30
0.0
 11
137.40000406901044
 21
182.93333265516495
 31
0.0
  0
LINE
  5
2C9
330
17
100
AcDbEntity
  8
EJE_VIA
100
AcDbLine
 10
333.7832980685764
 20
98.63332112630209
 30
0.0
 11
334.28331163194446
 21
98.63332112630209
 31
0.0
  0
LINE
  5
2CA
330
17
100
AcDbEntity
  8
EJE_VIA
100
AcDbLine
 10
334.7832912868924
 20
95.29998779296875
 30
0.0
 11
334.7832912868924
 21
108.43332078721788
 31
0.0
  0
LINE
  5
2CB
330
17
100
AcDbEntity
  8
EJE_VIA
100
AcDbLine
 10
365.1002332899306
 20
52.85000695122613
 30
0.0
 11
365.1002332899306
 21
62.883338928222656
 31
0.0
  0
LINE
  5
2CC
330
17
100
AcDbEntity
  8
EJE_VIA
100
AcDbLine
 10
365.26665581597223
 20
116.40000237358942
 30
0.0
 11
365.26665581597223
 21
149.74999321831598
 31
0.0
  0
LINE
  5
2CD
330
17
100
AcDbEntity
  8
EJE_VIA
100
AcDbLine
 10
219.83334011501736
 20
264.1666666666667
 30
0.0
 11
219.83334011501736
 21
269.3333265516493
 31
0.0
  0
LINE
  5
2CE
330
17
100
AcDbEntity
  8
EJE_VIA
100
AcDbLine
 10
84.16666666666667
 20
162.5999959309896
 30
0.0
 11
84.90000406901042
 21
164.5999993218316
 31
0.0
  0
LINE
  5
2CF
330
17
100
AcDbEntity
  8
EJE_VIA
100
AcDbLine
 10
85.49999660915799
 20
162.58332994249133
 30
0.0
 11
86.23333401150174
 21
164.58333333333334
 31
0.0
  0
LINE
  5
2D0
330
17
100
AcDbEntity
  8
EJE_VIA
100
AcDbLine
 10
86.26666598849826
 20
162.58332994249133
 30
0.0
 11
91.3166724310981
 21
162.56666395399307
 31
0.0
  0
LINE
  5
2D1
330
17
100
AcDbEntity
  8
EJE_VIA
100
AcDbLine
 10
89.11666870117188
 20
163.63333808051215
 30
0.0
 11
89.3999989827474
 21
162.58332994249133
 31
0.0
  0
LINE
  5
2D2
330
17
100
AcDbEntity
  8
EJE_VIA
100
AcDbLine
 10
286.0666232638889
 20
207.0166693793403
 30
0.0
 11
287.71660698784723
 21
211.5166727701823
 31
0.0
  0
LINE
  5
2D3
330
17
100
AcDbEntity
  8
EJE_VIA
100
AcDbLine
 10
286.3499281141493
 20
207.23332722981772
 30
0.0
 11
287.84993489583337
 21
211.2999979654948
 31
0.0
  0
LINE
  5
2D4
330
17
100
AcDbEntity
  8
EJE_VIA
100
AcDbLine
 10
35.99999321831597
 20
243.61667209201389
 30
0.0
 11
35.99999321831597
 21
267.61667887369794
 31
0.0
  0
LINE
  5
2D5
330
17
100
AcDbEntity
  8
EJE_VIA
100
AcDbLine
 10
33.69998508029514
 20
254.61666531032986
 30
0.0
 11
33.69998508029514
 21
260.61665852864587
 31
0.0
  0
LINE
  5
2D6
330
17
100
AcDbEntity
  8
EJE_VIA
100
AcDbLine
 10
38.29998440212674
 20
254.61666531032986
 30
0.0
 11
38.29998440212674
 21
260.61665852864587
 31
0.0
  0
LINE
  5
2D7
330
17
100
AcDbEntity
  8
EJE_VIA
100
AcDbLine
 10
16.350000169542103
 20
217.91666666666669
 30
0.0
 11
56.350000169542106
 21
217.91666666666669
 31
0.0
  0
LINE
  5
2D8
330
17
100
AcDbEntity
  8
EJE_VIA
100
AcDbLine
 10
26.349995930989586
 20
215.91668023003473
 30
0.0
 11
26.349995930989586
 21
219.91668701171875
 31
0.0
  0
LINE
  5
2D9
330
17
100
AcDbEntity
  8
EJE_VIA
100
AcDbLine
 10
21.349995930989586
 20
215.91668023003473
 30
0.0
 11
21.349995930989586
 21
219.91668701171875
 31
0.0
  0
LINE
  5
2DA
330
17
100
AcDbEntity
  8
EJE_VIA
100
AcDbLine
 10
16.349995930989586
 20
219.91665310329861
 30
0.0
 11
16.349995930989586
 21
220.74998643663196
 31
0.0
  0
LINE
  5
2DB
330
17
100
AcDbEntity
  8
EJE_VIA
100
AcDbLine
 10
36.349995930989586
 20
215.9166463216146
 30
0.0
 11
36.349995930989586
 21
220.74998643663196
 31
0.0
  0
LINE
  5
2DC
330
17
100
AcDbEntity
  8
EJE_VIA
100
AcDbLine
 10
31.349995930989586
 20
215.9166463216146
 30
0.0
 11
31.349995930989586
 21
219.91665310329861
 31
0.0
  0
LINE
  5
2DD
330
17
100
AcDbEntity
  8
EJE_VIA
100
AcDbLine
 10
56.349995930989586
 20
219.91665310329861
 30
0.0
 11
56.349995930989586
 21
220.74998643663196
 31
0.0
  0
LINE
  5
2DE
330
17
100
AcDbEntity
  8
EJE_VIA
100
AcDbLine
 10
126.56667921278212
 20
139.08333672417535
 30
0.0
 11
132.96668158637152
 21
139.08333672417535
 31
0.0
  0
LINE
  5
2DF
330
17
100
AcDbEntity
  8
EJE_VIA
100
AcDbLine
 10
127.30001661512587
 20
140.93333774142795
 30
0.0
 11
127.40001254611546
 21
141.78333706325955
 31
0.0
  0
LINE
  5
2E0
330
17
100
AcDbEntity
  8
EJE_VIA
100
AcDbLine
 10
127.40001254611546
 20
141.03334214952258
 30
0.0
 11
127.48334248860678
 21
141.70000712076825
 31
0.0
  0
LINE
  5
2E1
330
17
100
AcDbEntity
  8
EJE_VIA
100
AcDbLine
 10
129.58335876464844
 20
140.93332926432294
 30
0.0
 11
130.2500237358941
 21
141.7833285861545
 31
0.0
  0
LINE
  5
2E2
330
17
100
AcDbEntity
  8
EJE_VIA
100
AcDbLine
 10
135.5333285861545
 20
126.95000542534723
 30
0.0
 11
139.2833285861545
 21
126.95000542534723
 31
0.0
  0
LINE
  5
2E3
330
17
100
AcDbEntity
  8
EJE_VIA
100
AcDbLine
 10
135.5333455403646
 20
134.36665852864584
 30
0.0
 11
139.2833455403646
 21
134.36665852864584
 31
0.0
  0
LINE
  5
2E4
330
17
100
AcDbEntity
  8
EJE_VIA
100
AcDbLine
 10
148.33333333333334
 20
141.90000745985245
 30
0.0
 11
171.25
 21
141.90000745985245
 31
0.0
  0
LINE
  5
2E5
330
17
100
AcDbEntity
  8
EJE_VIA
100
AcDbLine
 10
205.59999254014758
 20
84.91667005750868
 30
0.0
 11
207.0999993218316
 21
84.51666937934029
 31
0.0
  0
LINE
  5
2E6
330
17
100
AcDbEntity
  8
EJE_VIA
100
AcDbLine
 10
202.38333808051217
 20
80.09999593098959
 30
0.0
 11
202.4166700575087
 21
97.16666327582466
 31
0.0
  0
LINE
  5
2E7
330
17
100
AcDbEntity
  8
EJE_VIA
100
AcDbLine
 10
202.56668090820312
 20
90.31666225857205
 30
0.0
 11
204.86668904622397
 21
88.41666327582466
 31
0.0
  0
LINE
  5
2E8
330
17
100
AcDbEntity
  8
EJE_VIA
100
AcDbLine
 10
202.38333808051217
 20
80.09999593098959
 30
0.0
 11
205.30000474717883
 21
74.68332926432292
 31
0.0
  0
LINE
  5
2E9
330
17
100
AcDbEntity
  8
EJE_VIA
100
AcDbLine
 10
118.1499989827474
 20
123.5332997639974
 30
0.0
 11
121.65000067816841
 21
123.5332997639974
 31
0.0
  0
LINE
  5
2EA
330
17
100
AcDbEntity
  8
EJE_VIA
100
AcDbLine
 10
133.89999389648438
 20
123.5332997639974
 30
0.0
 11
137.3999955919054
 21
123.5332997639974
 31
0.0
  0
LINE
  5
2EB
330
17
100
AcDbEntity
  8
EJE_VIA
100
AcDbLine
 10
145.98332722981772
 20
133.1832970513238
 30
0.0
 11
145.98332722981772
 21
136.6832987467448
 31
0.0
  0
LINE
  5
2EC
330
17
100
AcDbEntity
  8
EJE_VIA
100
AcDbLine
 10
145.98332722981772
 20
148.93330891927084
 30
0.0
 11
145.98332722981772
 21
173.43332926432294
 31
0.0
  0
LINE
  5
2ED
330
17
100
AcDbEntity
  8
EJE_VIA
100
AcDbLine
 10
113.20000542534723
 20
183.08334350585938
 30
0.0
 11
121.65000067816841
 21
183.08334350585938
 31
0.0
  0
LINE
  5
2EE
330
17
100
AcDbEntity
  8
EJE_VIA
100
AcDbLine
 10
133.89999389648438
 20
183.08334350585938
 30
0.0
 11
137.3999955919054
 21
183.08334350585938
 31
0.0
  0
LINE
  5
2EF
330
17
100
AcDbEntity
  8
EJE_VIA
100
AcDbLine
 10
109.20001559787327
 20
240.83336724175348
 30
0.0
 11
110.70001390245226
 21
240.43336656358508
 31
0.0
  0
LINE
  5
2F0
330
17
100
AcDbEntity
  8
EJE_VIA
100
AcDbLine
 10
129.76669311523438
 20
243.91672770182294
 30
0.0
 11
129.76669311523438
 21
244.85005696614584
 31
0.0
  0
LINE
  5
2F1
330
17
100
AcDbEntity
  8
EJE_VIA
100
AcDbLine
 10
195.43333265516495
 20
244.58333333333334
 30
0.0
 11
203.2166714138455
 21
253.93332587348092
 31
0.0
  0
LINE
  5
2F2
330
17
100
AcDbEntity
  8
EJE_VIA
100
AcDbLine
 10
105.76666090223524
 20
151.2999979654948
 30
0.0
 11
107.98333062065973
 21
153.96665785047745
 31
0.0
  0
LINE
  5
2F3
330
17
100
AcDbEntity
  8
EJE_VIA
100
AcDbLine
 10
182.83333672417535
 20
166.7333475748698
 30
0.0
 11
182.83333672417535
 21
168.23335435655383
 31
0.0
  0
LINE
  5
2F4
330
17
100
AcDbEntity
  8
EJE_VIA
100
AcDbLine
 10
182.83333672417535
 20
159.18333265516495
 30
0.0
 11
182.83333672417535
 21
160.68333943684897
 31
0.0
  0
LINE
  5
2F5
330
17
100
AcDbEntity
  8
EJE_VIA
100
AcDbLine
 10
200.56666056315106
 20
160.13332790798611
 30
0.0
 11
201.7833285861545
 21
160.13332790798611
 31
0.0
  0
LINE
  5
2F6
330
17
100
AcDbEntity
  8
EJE_VIA
100
AcDbLine
 10
200.78333536783856
 20
161.63333468967014
 30
0.0
 11
200.78333536783856
 21
163.68333604600696
 31
0.0
  0
LINE
  5
2F7
330
17
100
AcDbEntity
  8
EJE_VIA
100
AcDbLine
 10
238.76666598849826
 20
67.39999559190538
 30
0.0
 11
238.76666598849826
 21
68.89999389648438
 31
0.0
  0
LINE
  5
2F8
330
17
100
AcDbEntity
  8
EJE_VIA
100
AcDbLine
 10
387.25002712673614
 20
107.38333808051216
 30
0.0
 11
387.25002712673614
 21
117.13333977593317
 31
0.0
  0
LINE
  5
2F9
330
17
100
AcDbEntity
  8
EJE_VIA
100
AcDbLine
 10
387.249993218316
 20
142.61666191948785
 30
0.0
 11
387.249993218316
 21
149.66666327582465
 31
0.0
  0
LINE
  5
2FA
330
17
100
AcDbEntity
  8
EJE_VIA
100
AcDbLine
 10
384.749993218316
 20
133.20000542534723
 30
0.0
 11
388.24998643663196
 21
133.20000542534723
 31
0.0
  0
LINE
  5
2FB
330
17
100
AcDbEntity
  8
EJE_VIA
100
AcDbLine
 10
384.69997829861114
 20
125.91667175292969
 30
0.0
 11
388.2500203450521
 21
125.91666327582466
 31
0.0
  0
LINE
  5
2FC
330
17
100
AcDbEntity
  8
EJE_VIA
100
AcDbLine
 10
384.66668023003473
 20
118.64999559190538
 30
0.0
 11
388.2500203450521
 21
118.64999559190538
 31
0.0
  0
LINE
  5
2FD
330
17
100
AcDbEntity
  8
EJE_VIA
100
AcDbLine
 10
384.566650390625
 20
98.3999972873264
 30
0.0
 11
388.28335232204864
 21
98.3999972873264
 31
0.0
  0
LINE
  5
2FE
330
17
100
AcDbEntity
  8
EJE_VIA
100
AcDbLine
 10
384.5333184136285
 20
90.91666327582466
 30
0.0
 11
388.2500203450521
 21
90.91666327582466
 31
0.0
  0
LINE
  5
2FF
330
17
100
AcDbEntity
  8
EJE_VIA
100
AcDbLine
 10
384.5000203450521
 20
85.56666056315105
 30
0.0
 11
388.2500203450521
 21
85.56666056315105
 31
0.0
  0
LINE
  5
300
330
17
100
AcDbEntity
  8
EJE_VIA
100
AcDbLine
 10
368.3499823676215
 20
105.96666124131944
 30
0.0
 11
379.7833251953125
 21
105.8999972873264
 31
0.0
  0
LINE
  5
301
330
17
100
AcDbEntity
  8
EJE_VIA
100
AcDbLine
 10
376.48342556423614
 20
52.849985758463546
 30
0.0
 11
376.48342556423614
 21
62.88332197401259
 31
0.0
  0
LINE
  5
302
330
17
100
AcDbEntity
  8
EJE_VIA
100
AcDbLine
 10
376.4666748046875
 20
152.21666124131946
 30
0.0
 11
376.4666748046875
 21
153.8499959309896
 31
0.0
  0
LINE
  5
303
330
17
100
AcDbEntity
  8
EJE_VIA
100
AcDbLine
 10
376.78331163194446
 20
244.61666531032986
 30
0.0
 11
376.78331163194446
 21
246.11667209201389
 31
0.0
  0
LINE
  5
304
330
17
100
AcDbEntity
  8
EJE_VIA
100
AcDbLine
 10
368.58344184027777
 20
52.85000695122613
 30
0.0
 11
368.58344184027777
 21
62.883338928222656
 31
0.0
  0
LINE
  5
305
330
17
100
AcDbEntity
  8
EJE_VIA
100
AcDbLine
 10
368.5833401150174
 20
152.23332722981772
 30
0.0
 11
368.5833401150174
 21
153.8499959309896
 31
0.0
  0
LINE
  5
306
330
17
100
AcDbEntity
  8
EJE_VIA
100
AcDbLine
 10
383.8333468967014
 20
152.16666327582465
 30
0.0
 11
383.8333468967014
 21
153.8499959309896
 31
0.0
  0
LINE
  5
307
330
17
100
AcDbEntity
  8
EJE_VIA
100
AcDbLine
 10
360.36668565538196
 20
152.2833251953125
 30
0.0
 11
360.36668565538196
 21
153.8499959309896
 31
0.0
  0
LINE
  5
308
330
17
100
AcDbEntity
  8
EJE_VIA
100
AcDbLine
 10
112.09999084472656
 20
142.98333062065973
 30
0.0
 11
112.94999016655817
 21
144.23333062065973
 31
0.0
  0
LINE
  5
309
330
17
100
AcDbEntity
  8
EJE_VIA
100
AcDbLine
 10
114.19998168945312
 20
144.61666531032986
 30
0.0
 11
114.94996812608507
 21
144.51666937934027
 31
0.0
  0
LINE
  5
30A
330
17
100
AcDbEntity
  8
EJE_VIA
100
AcDbLine
 10
113.36666531032986
 20
141.98333740234375
 30
0.0
 11
115.98333570692274
 21
137.95000712076825
 31
0.0
  0
LINE
  5
30B
330
17
100
AcDbEntity
  8
EJE_VIA
100
AcDbLine
 10
99.183349609375
 20
137.98333909776477
 30
0.0
 11
99.183349609375
 21
141.98333740234375
 31
0.0
  0
LINE
  5
30C
330
17
100
AcDbEntity
  8
EJE_VIA
100
AcDbLine
 10
131.61665174696182
 20
76.68334113226997
 30
0.0
 11
134.53331841362848
 21
82.38333808051216
 31
0.0
  0
LINE
  5
30D
330
17
100
AcDbEntity
  8
EJE_VIA
100
AcDbLine
 10
134.53331841362848
 20
116.46666632758247
 30
0.0
 11
134.53331841362848
 21
117.46666802300348
 31
0.0
  0
LINE
  5
30E
330
17
100
AcDbEntity
  8
EJE_VIA
100
AcDbLine
 10
181.21666802300348
 20
154.79999118381076
 30
0.0
 11
181.21666802300348
 21
156.79999457465277
 31
0.0
  0
LINE
  5
30F
330
17
100
AcDbEntity
  8
EJE_VIA
100
AcDbLine
 10
180.23330688476562
 20
156.9000244140625
 30
0.0
 11
180.99997626410592
 21
156.8166944715712
 31
0.0
  0
LINE
  5
310
330
17
100
AcDbEntity
  8
EJE_VIA
100
AcDbLine
 10
160.78331841362848
 20
177.61666191948785
 30
0.0
 11
161.49998982747397
 21
177.61666191948785
 31
0.0
  0
LINE
  5
311
330
17
100
AcDbEntity
  8
EJE_VIA
100
AcDbLine
 10
227.08331637912326
 20
188.09999254014758
 30
0.0
 11
228.19998847113717
 21
188.09999254014758
 31
0.0
  0
LINE
  5
312
330
17
100
AcDbEntity
  8
EJE_VIA
100
AcDbLine
 10
227.19997829861111
 20
166.58331976996527
 30
0.0
 11
227.19997829861111
 21
186.59998575846356
 31
0.0
  0
LINE
  5
313
330
17
100
AcDbEntity
  8
EJE_VIA
100
AcDbLine
 10
59.100002712673614
 20
277.3166741265191
 30
0.0
 11
59.100002712673614
 21
279.31667751736114
 31
0.0
  0
LINE
  5
314
330
17
100
AcDbEntity
  8
EJE_VIA
100
AcDbLine
 10
198.20000542534723
 20
263.9833238389757
 30
0.0
 11
198.20000542534723
 21
269.3333265516493
 31
0.0
  0
LINE
  5
315
330
17
100
AcDbEntity
  8
EJE_VIA
100
AcDbLine
 10
195.96666124131946
 20
265.6333414713542
 30
0.0
 11
197.46666802300348
 21
265.0833468967014
 31
0.0
  0
LINE
  5
316
330
17
100
AcDbEntity
  8
EJE_VIA
100
AcDbLine
 10
233.70000203450522
 20
71.40001085069444
 30
0.0
 11
234.6999952528212
 21
71.40001085069444
 31
0.0
  0
LINE
  5
317
330
17
100
AcDbEntity
  8
EJE_VIA
100
AcDbLine
 10
234.1999986436632
 20
68.40001424153647
 30
0.0
 11
234.1999986436632
 21
69.90001254611545
 31
0.0
  0
LINE
  5
318
330
17
100
AcDbEntity
  8
EJE_VIA
100
AcDbLine
 10
244.066653781467
 20
78.51665920681424
 30
0.0
 11
244.066653781467
 21
79.93332756890192
 31
0.0
  0
LINE
  5
319
330
17
100
AcDbEntity
  8
EJE_VIA
100
AcDbLine
 10
410.9666951497396
 20
20.23333231608073
 30
0.0
 11
411.9666883680556
 21
22.01666514078776
 31
0.0
  0
LINE
  5
31A
330
17
100
AcDbEntity
  8
EJE_VIA
100
AcDbLine
 10
372.066650390625
 20
52.850002712673614
 30
0.0
 11
372.30024549696185
 21
62.883338928222656
 31
0.0
  0
LINE
  5
31B
330
17
100
AcDbEntity
  8
EJE_VIA
100
AcDbLine
 10
371.83332655164935
 20
52.850002712673614
 30
0.0
 11
371.83332655164935
 21
62.88333468967014
 31
0.0
  0
LINE
  5
31C
330
17
100
AcDbEntity
  8
EJE_VIA
100
AcDbLine
 10
370.20005967881946
 20
52.85000695122613
 30
0.0
 11
370.20005967881946
 21
62.883338928222656
 31
0.0
  0
LINE
  5
31D
330
17
100
AcDbEntity
  8
EJE_VIA
100
AcDbLine
 10
369.0500895182292
 20
52.85000695122613
 30
0.0
 11
369.0500895182292
 21
62.883338928222656
 31
0.0
  0
LINE
  5
31E
330
17
100
AcDbEntity
  8
EJE_VIA
100
AcDbLine
 10
367.8834703233507
 20
52.85000695122613
 30
0.0
 11
367.8834703233507
 21
62.883338928222656
 31
0.0
  0
LINE
  5
31F
330
17
100
AcDbEntity
  8
EJE_VIA
100
AcDbLine
 10
367.41682264539935
 20
52.85000695122613
 30
0.0
 11
367.41682264539935
 21
62.883338928222656
 31
0.0
  0
LINE
  5
320
330
17
100
AcDbEntity
  8
EJE_VIA
100
AcDbLine
 10
366.71685112847223
 20
52.85000695122613
 30
0.0
 11
366.71685112847223
 21
62.883338928222656
 31
0.0
  0
LINE
  5
321
330
17
100
AcDbEntity
  8
EJE_VIA
100
AcDbLine
 10
366.25020345052087
 20
52.85000695122613
 30
0.0
 11
366.25020345052087
 21
62.883338928222656
 31
0.0
  0
LINE
  5
322
330
17
100
AcDbEntity
  8
EJE_VIA
100
AcDbLine
 10
365.78355577256946
 20
52.85000695122613
 30
0.0
 11
365.78355577256946
 21
62.883338928222656
 31
0.0
  0
LINE
  5
323
330
17
100
AcDbEntity
  8
EJE_VIA
100
AcDbLine
 10
372.7668931749132
 20
52.850002712673614
 30
0.0
 11
372.5335693359375
 21
62.883338928222656
 31
0.0
  0
LINE
  5
324
330
17
100
AcDbEntity
  8
EJE_VIA
100
AcDbLine
 10
373.2335408528646
 20
52.850002712673614
 30
0.0
 11
373.2335408528646
 21
62.88333468967014
 31
0.0
  0
LINE
  5
325
330
17
100
AcDbEntity
  8
EJE_VIA
100
AcDbLine
 10
373.700188530816
 20
52.849998474121094
 30
0.0
 11
373.700188530816
 21
62.88333045111762
 31
0.0
  0
LINE
  5
326
330
17
100
AcDbEntity
  8
EJE_VIA
100
AcDbLine
 10
374.63348388671875
 20
52.84999423556858
 30
0.0
 11
374.1668362087674
 21
62.88333045111762
 31
0.0
  0
LINE
  5
327
330
17
100
AcDbEntity
  8
EJE_VIA
100
AcDbLine
 10
375.08348253038196
 20
52.849985758463546
 30
0.0
 11
375.08348253038196
 21
62.88332197401259
 31
0.0
  0
LINE
  5
328
330
17
100
AcDbEntity
  8
EJE_VIA
100
AcDbLine
 10
375.31680636935766
 20
52.849985758463546
 30
0.0
 11
375.31680636935766
 21
62.88332197401259
 31
0.0
  0
LINE
  5
329
330
17
100
AcDbEntity
  8
EJE_VIA
100
AcDbLine
 10
376.01677788628473
 20
52.849985758463546
 30
0.0
 11
376.01677788628473
 21
62.88332197401259
 31
0.0
  0
LINE
  5
32A
330
17
100
AcDbEntity
  8
EJE_VIA
100
AcDbLine
 10
376.9500732421875
 20
52.849985758463546
 30
0.0
 11
376.9500732421875
 21
62.88332197401259
 31
0.0
  0
LINE
  5
32B
330
17
100
AcDbEntity
  8
EJE_VIA
100
AcDbLine
 10
377.6500447591146
 20
52.849985758463546
 30
0.0
 11
377.6500447591146
 21
62.88332197401259
 31
0.0
  0
LINE
  5
32C
330
17
100
AcDbEntity
  8
EJE_VIA
100
AcDbLine
 10
378.116692437066
 20
52.849985758463546
 30
0.0
 11
378.5833401150174
 21
62.88332197401259
 31
0.0
  0
LINE
  5
32D
330
17
100
AcDbEntity
  8
EJE_VIA
100
AcDbLine
 10
379.28331163194446
 20
52.849985758463546
 30
0.0
 11
379.28331163194446
 21
62.883317735460075
 31
0.0
  0
LINE
  5
32E
330
17
100
AcDbEntity
  8
EJE_VIA
100
AcDbLine
 10
423.45001220703125
 20
16.383336385091148
 30
0.0
 11
423.45001220703125
 21
62.88333468967014
 31
0.0
  0
LINE
  5
32F
330
17
100
AcDbEntity
  8
EJE_VIA
100
AcDbLine
 10
364.8666720920139
 20
25.683330959743923
 30
0.0
 11
423.45001220703125
 21
25.683330959743923
 31
0.0
  0
LINE
  5
330
330
17
100
AcDbEntity
  8
EJE_VIA
100
AcDbLine
 10
394.14998372395837
 20
16.383334265814888
 30
0.0
 11
394.14998372395837
 21
29.56666734483507
 31
0.0
  0
LINE
  5
331
330
17
100
AcDbEntity
  8
EJE_VIA
100
AcDbLine
 10
373.8333468967014
 20
16.949996948242188
 30
0.0
 11
392.48335096571185
 21
16.949996948242188
 31
0.0
  0
LINE
  5
332
330
17
100
AcDbEntity
  8
EJE_VIA
100
AcDbLine
 10
400.0333658854167
 20
16.950003306070965
 30
0.0
 11
422.70002577039935
 21
16.950003306070965
 31
0.0
  0
LINE
  5
333
330
17
100
AcDbEntity
  8
EJE_VIA
100
AcDbLine
 10
373.3833482530382
 20
19.916663699679905
 30
0.0
 11
392.48335096571185
 21
19.916663699679905
 31
0.0
  0
LINE
  5
334
330
17
100
AcDbEntity
  8
EJE_VIA
100
AcDbLine
 10
400.0333658854167
 20
19.916670057508682
 30
0.0
 11
422.70002577039935
 21
19.916670057508682
 31
0.0
  0
LINE
  5
335
330
17
100
AcDbEntity
  8
EJE_VIA
100
AcDbLine
 10
370.7166883680556
 20
22.900000678168404
 30
0.0
 11
392.48335096571185
 21
22.900000678168404
 31
0.0
  0
LINE
  5
336
330
17
100
AcDbEntity
  8
EJE_VIA
100
AcDbLine
 10
400.0333658854167
 20
22.900002797444664
 30
0.0
 11
422.70002577039935
 21
22.900002797444664
 31
0.0
  0
LINE
  5
337
330
17
100
AcDbEntity
  8
EJE_VIA
100
AcDbLine
 10
322.08333333333337
 20
16.383336385091148
 30
0.0
 11
423.45001220703125
 21
16.383336385091148
 31
0.0
  0
LINE
  5
338
330
17
100
AcDbEntity
  8
EJE_VIA
100
AcDbLine
 10
353.70001898871527
 20
16.383336385091148
 30
0.0
 11
353.70001898871527
 21
62.88333468967014
 31
0.0
  0
LINE
  5
339
330
17
100
AcDbEntity
  8
EJE_VIA
100
AcDbLine
 10
322.0833672417535
 20
31.88333723280165
 30
0.0
 11
353.70001898871527
 21
31.88333723280165
 31
0.0
  0
LINE
  5
33A
330
17
100
AcDbEntity
  8
EJE_VIA
100
AcDbLine
 10
337.88336859809027
 20
28.01666259765625
 30
0.0
 11
353.70001898871527
 21
28.01666259765625
 31
0.0
  0
LINE
  5
33B
330
17
100
AcDbEntity
  8
EJE_VIA
100
AcDbLine
 10
322.08333333333337
 20
16.383336385091148
 30
0.0
 11
322.08333333333337
 21
62.88333468967014
 31
0.0
  0
LINE
  5
33C
330
17
100
AcDbEntity
  8
EJE_VIA
100
AcDbLine
 10
322.0833672417535
 20
35.76666937934028
 30
0.0
 11
353.70001898871527
 21
35.76666937934028
 31
0.0
  0
LINE
  5
33D
330
17
100
AcDbEntity
  8
EJE_VIA
100
AcDbLine
 10
322.0833672417535
 20
39.633335537380646
 30
0.0
 11
353.70001898871527
 21
39.633335537380646
 31
0.0
  0
LINE
  5
33E
330
17
100
AcDbEntity
  8
EJE_VIA
100
AcDbLine
 10
322.0833672417535
 20
43.51666768391927
 30
0.0
 11
353.70001898871527
 21
43.51666768391927
 31
0.0
  0
LINE
  5
33F
330
17
100
AcDbEntity
  8
EJE_VIA
100
AcDbLine
 10
322.0833672417535
 20
47.38333384195964
 30
0.0
 11
353.70001898871527
 21
47.38333384195964
 31
0.0
  0
LINE
  5
340
330
17
100
AcDbEntity
  8
EJE_VIA
100
AcDbLine
 10
322.0833672417535
 20
51.26666598849827
 30
0.0
 11
353.70001898871527
 21
51.26666598849827
 31
0.0
  0
LINE
  5
341
330
17
100
AcDbEntity
  8
EJE_VIA
100
AcDbLine
 10
322.0833672417535
 20
55.13333214653863
 30
0.0
 11
353.70001898871527
 21
55.13333214653863
 31
0.0
  0
LINE
  5
342
330
17
100
AcDbEntity
  8
EJE_VIA
100
AcDbLine
 10
337.88333468967016
 20
16.383336385091148
 30
0.0
 11
337.88333468967016
 21
31.88333723280165
 31
0.0
  0
LINE
  5
343
330
17
100
AcDbEntity
  8
EJE_VIA
100
AcDbLine
 10
322.08333333333337
 20
24.1333368089464
 30
0.0
 11
337.88333468967016
 21
24.1333368089464
 31
0.0
  0
LINE
  5
344
330
17
100
AcDbEntity
  8
EJE_VIA
100
AcDbLine
 10
12.599995930989584
 20
12.083333333333334
 30
0.0
 11
426.2166680230035
 21
12.083333333333334
 31
0.0
  0
LINE
  5
345
330
17
100
AcDbEntity
  8
EJE_VIA
100
AcDbLine
 10
426.2166680230035
 20
12.083316379123264
 30
0.0
 11
426.2166680230035
 21
284.91665310329864
 31
0.0
  0
LINE
  5
346
330
17
100
AcDbEntity
  8
EJE_VIA
100
AcDbLine
 10
343.66665310329864
 20
244.70001220703125
 30
0.0
 11
385.98331027560766
 21
244.70001220703125
 31
0.0
  0
LINE
  5
347
330
17
100
AcDbEntity
  8
EJE_VIA
100
AcDbLine
 10
343.66665310329864
 20
224.70001220703125
 30
0.0
 11
385.98331027560766
 21
224.70001220703125
 31
0.0
  0
LINE
  5
348
330
17
100
AcDbEntity
  8
EJE_VIA
100
AcDbLine
 10
364.8833211263021
 20
224.25001356336807
 30
0.0
 11
364.90000406901044
 21
236.5166727701823
 31
0.0
  0
LINE
  5
349
330
17
100
AcDbEntity
  8
EJE_VIA
100
AcDbLine
 10
364.91668701171875
 20
244.0166727701823
 30
0.0
 11
364.9333699544271
 21
259.0166727701823
 31
0.0
  0
LINE
  5
34A
330
17
100
AcDbEntity
  8
EJE_VIA
100
AcDbLine
 10
364.95005289713544
 20
266.5166727701823
 30
0.0
 11
364.96673583984375
 21
278.7666659884983
 31
0.0
  0
LINE
  5
34B
330
17
100
AcDbEntity
  8
EJE_VIA
100
AcDbLine
 10
364.90000406901044
 20
239.0166727701823
 30
0.0
 11
364.91668701171875
 21
241.5166727701823
 31
0.0
  0
LINE
  5
34C
330
17
100
AcDbEntity
  8
EJE_VIA
100
AcDbLine
 10
343.66665310329864
 20
257.6999918619792
 30
0.0
 11
346.14997016059027
 21
257.63332790798614
 31
0.0
  0
LINE
  5
34D
330
17
100
AcDbEntity
  8
EJE_VIA
100
AcDbLine
 10
354.89997016059027
 20
257.43333604600696
 30
0.0
 11
357.39997016059027
 21
257.3666720920139
 31
0.0
  0
LINE
  5
34E
330
17
100
AcDbEntity
  8
EJE_VIA
100
AcDbLine
 10
375.6666395399306
 20
256.9500223795573
 30
0.0
 11
381.9166395399306
 21
256.80002848307294
 31
0.0
  0
LINE
  5
34F
330
17
100
AcDbEntity
  8
EJE_VIA
100
AcDbLine
 10
311.0166761610243
 20
215.68332248263889
 30
0.0
 11
419.6166653103299
 21
215.68332248263889
 31
0.0
  0
LINE
  5
350
330
17
100
AcDbEntity
  8
EJE_VIA
100
AcDbLine
 10
343.66665310329864
 20
223.68333604600696
 30
0.0
 11
343.66665310329864
 21
265.70000542534723
 31
0.0
  0
LINE
  5
351
330
17
100
AcDbEntity
  8
EJE_VIA
100
AcDbLine
 10
385.98331027560766
 20
223.68333604600696
 30
0.0
 11
385.98331027560766
 21
265.70000542534723
 31
0.0
  0
LINE
  5
352
330
17
100
AcDbEntity
  8
EJE_VIA
100
AcDbLine
 10
343.66665310329864
 20
234.6999952528212
 30
0.0
 11
385.98331027560766
 21
234.6999952528212
 31
0.0
  0
LINE
  5
353
330
17
100
AcDbEntity
  8
EJE_VIA
100
AcDbLine
 10
369.36665852864587
 20
245.78335232204861
 30
0.0
 11
371.05000813802087
 21
245.78335232204861
 31
0.0
  0
LINE
  5
354
330
17
100
AcDbEntity
  8
EJE_VIA
100
AcDbLine
 10
369.366692437066
 20
257.01668633355035
 30
0.0
 11
371.5500217013889
 21
257.01668633355035
 31
0.0
  0
LINE
  5
355
330
17
100
AcDbEntity
  8
EJE_VIA
100
AcDbLine
 10
361.73333062065973
 20
238.5666741265191
 30
0.0
 11
364.23333062065973
 21
238.45001220703125
 31
0.0
  0
LINE
  5
356
330
17
100
AcDbEntity
  8
EJE_VIA
100
AcDbLine
 10
342.89998372395837
 20
239.36669243706598
 30
0.0
 11
359.23333062065973
 21
238.66668701171875
 31
0.0
  0
LINE
  5
357
330
17
100
AcDbEntity
  8
EJE_VIA
100
AcDbLine
 10
376.78331163194446
 20
237.14999728732639
 30
0.0
 11
376.78331163194446
 21
238.65000406901044
 31
0.0
  0
LWPOLYLINE
  5
358
330
17
100
AcDbEntity
  8
EJE_VIA
100
AcDbPolyline
 90
3
 70
0
 10
127.31665717230904
 20
71.15000406901042
 10
127.2833251953125
 20
80.0
 10
127.26665920681424
 20
71.15000406901042
  0
LWPOLYLINE
  5
359
330
17
100
AcDbEntity
  8
EJE_VIA
100
AcDbPolyline
 90
3
 70
0
 10
127.3666720920139
 20
71.15000406901042
 10
127.28334214952258
 20
80.0
 10
127.3166741265191
 20
71.15000406901042
  0
LINE
  5
35A
330
17
100
AcDbEntity
  8
EJE_VIA
100
AcDbLine
 10
127.3666720920139
 20
71.15000406901042
 30
0.0
 11
127.33334011501736
 21
80.0
 31
0.0
  0
LINE
  5
35B
330
17
100
AcDbEntity
  8
EJE_VIA
100
AcDbLine
 10
127.38332112630209
 20
80.0
 30
0.0
 11
127.36665513780383
 21
71.15000406901042
 31
0.0
  0
LWPOLYLINE
  5
35C
330
17
100
AcDbEntity
  8
EJE_VIA
100
AcDbPolyline
 90
3
 70
0
 10
127.34998914930556
 20
83.60000610351562
 10
127.43331909179688
 20
99.60000779893663
 10
127.29999118381077
 20
83.60000610351562
  0
LWPOLYLINE
  5
35D
330
17
100
AcDbEntity
  8
EJE_VIA
100
AcDbPolyline
 90
3
 70
0
 10
127.38332112630209
 20
100.40000067816841
 10
127.43331909179688
 20
102.40000406901042
 10
127.3333231608073
 20
100.40000067816841
  0
LWPOLYLINE
  5
35E
330
17
100
AcDbEntity
  8
EJE_VIA
100
AcDbPolyline
 90
3
 70
0
 10
127.38332112630209
 20
100.40000067816841
 10
127.43331909179688
 20
102.40000406901042
 10
127.3333231608073
 20
100.40000067816841
  0
LWPOLYLINE
  5
35F
330
17
100
AcDbEntity
  8
EJE_VIA
100
AcDbPolyline
 90
3
 70
0
 10
127.40000406901042
 20
103.20000542534723
 10
127.48333401150174
 20
119.20000712076823
 10
127.35000610351562
 20
103.20000542534723
  0
LWPOLYLINE
  5
360
330
17
100
AcDbEntity
  8
EJE_VIA
100
AcDbPolyline
 90
3
 70
0
 10
127.43333604600696
 20
120.0
 10
127.48333401150174
 20
122.00000339084202
 10
127.38333808051216
 20
120.0
  0
LWPOLYLINE
  5
361
330
17
100
AcDbEntity
  8
EJE_VIA
100
AcDbPolyline
 90
3
 70
0
 10
127.43333604600696
 20
120.0
 10
127.48333401150174
 20
122.00000339084202
 10
127.38333808051216
 20
120.0
  0
LWPOLYLINE
  5
362
330
17
100
AcDbEntity
  8
EJE_VIA
100
AcDbPolyline
 90
3
 70
0
 10
127.44998508029515
 20
122.80000474717882
 10
127.53331502278647
 20
137.91666666666669
 10
127.39998711480035
 20
122.80000474717882
  0
LWPOLYLINE
  5
363
330
17
100
AcDbEntity
  8
EJE_VIA
100
AcDbPolyline
 90
4
 70
0
 10
299.90000406901044
 20
192.33334011501736
 10
299.95001898871527
 20
202.5
 10
299.84998914930554
 20
202.5
 10
299.84998914930554
 20
192.33334011501736
  0
LWPOLYLINE
  5
364
330
17
100
AcDbEntity
  8
EJE_VIA
100
AcDbPolyline
 90
3
 70
0
 10
127.48331705729167
 20
137.91666666666669
 10
113.83331298828125
 20
137.999996609158
 10
127.48331705729167
 20
137.86666870117188
  0
LWPOLYLINE
  5
365
330
17
100
AcDbEntity
  8
EJE_VIA
100
AcDbPolyline
 90
3
 70
0
 10
113.03334554036459
 20
137.9499986436632
 10
111.03334214952257
 20
137.999996609158
 10
113.03334554036459
 20
137.9000006781684
  0
LWPOLYLINE
  5
366
330
17
100
AcDbEntity
  8
EJE_VIA
100
AcDbPolyline
 90
3
 70
0
 10
113.03334554036459
 20
137.9499986436632
 10
111.03334214952257
 20
137.999996609158
 10
113.03334554036459
 20
137.9000006781684
  0
LWPOLYLINE
  5
367
330
17
100
AcDbEntity
  8
EJE_VIA
100
AcDbPolyline
 90
3
 70
0
 10
110.23332383897569
 20
137.96666463216147
 10
94.23332214355469
 20
138.04999457465277
 10
110.23332383897569
 20
137.91666666666669
  0
LWPOLYLINE
  5
368
330
17
100
AcDbEntity
  8
EJE_VIA
100
AcDbPolyline
 90
3
 70
0
 10
93.43332926432292
 20
137.999996609158
 10
91.43332587348091
 20
138.04999457465277
 10
93.43332926432292
 20
137.9499986436632
  0
LWPOLYLINE
  5
369
330
17
100
AcDbEntity
  8
EJE_VIA
100
AcDbPolyline
 90
3
 70
0
 10
93.43332926432292
 20
137.999996609158
 10
91.43332587348091
 20
138.04999457465277
 10
93.43332926432292
 20
137.9499986436632
  0
LWPOLYLINE
  5
36A
330
17
100
AcDbEntity
  8
EJE_VIA
100
AcDbPolyline
 90
3
 70
0
 10
73.83334689670139
 20
138.0333285861545
 10
71.83334350585938
 20
138.09999254014758
 10
73.83334689670139
 20
137.98333062065973
  0
LWPOLYLINE
  5
36B
330
17
100
AcDbEntity
  8
EJE_VIA
100
AcDbPolyline
 90
3
 70
0
 10
73.83334689670139
 20
138.0333285861545
 10
71.83334350585938
 20
138.09999254014758
 10
73.83334689670139
 20
137.98333062065973
  0
LWPOLYLINE
  5
36C
330
17
100
AcDbEntity
  8
EJE_VIA
100
AcDbPolyline
 90
3
 70
0
 10
71.0333251953125
 20
138.04999457465277
 10
55.016657511393234
 20
138.1333245171441
 10
71.0333251953125
 20
137.999996609158
  0
LWPOLYLINE
  5
36D
330
17
100
AcDbEntity
  8
EJE_VIA
100
AcDbPolyline
 90
3
 70
0
 10
54.21668158637153
 20
138.08332655164932
 10
52.21668243408203
 20
138.1333245171441
 10
54.21668158637153
 20
138.0333285861545
  0
LWPOLYLINE
  5
36E
330
17
100
AcDbEntity
  8
EJE_VIA
100
AcDbPolyline
 90
3
 70
0
 10
54.21668158637153
 20
138.08332655164932
 10
52.21668243408203
 20
138.1333245171441
 10
54.21668158637153
 20
138.0333285861545
  0
LWPOLYLINE
  5
36F
330
17
100
AcDbEntity
  8
EJE_VIA
100
AcDbPolyline
 90
3
 70
0
 10
51.41665988498264
 20
138.08332655164932
 10
51.0333251953125
 20
138.1333245171441
 10
51.41665988498264
 20
138.0333285861545
  0
LWPOLYLINE
  5
370
330
17
100
AcDbEntity
  8
EJE_VIA
100
AcDbPolyline
 90
3
 70
0
 10
299.95001898871527
 20
137.5
 10
290.8333672417535
 20
137.48333401150174
 10
299.95001898871527
 20
137.45000203450522
  0
LWPOLYLINE
  5
371
330
17
100
AcDbEntity
  8
EJE_VIA
100
AcDbPolyline
 90
3
 70
0
 10
299.95001898871527
 20
137.5499979654948
 10
290.8333672417535
 20
137.48333401150174
 10
299.95001898871527
 20
137.5
  0
LINE
  5
372
330
17
100
AcDbEntity
  8
EJE_VIA
100
AcDbLine
 10
299.95001898871527
 20
137.5499979654948
 30
0.0
 11
290.8333672417535
 21
137.53333197699652
 31
0.0
  0
LINE
  5
373
330
17
100
AcDbEntity
  8
EJE_VIA
100
AcDbLine
 10
290.83333333333337
 20
137.58332994249133
 30
0.0
 11
299.94998508029516
 21
137.5499979654948
 31
0.0
  0
LWPOLYLINE
  5
374
330
17
100
AcDbEntity
  8
EJE_VIA
100
AcDbPolyline
 90
3
 70
0
 10
290.0333319769965
 20
137.53333197699652
 10
288.0333455403646
 20
137.5999959309896
 10
290.0333319769965
 20
137.48333401150174
  0
LWPOLYLINE
  5
375
330
17
100
AcDbEntity
  8
EJE_VIA
100
AcDbPolyline
 90
3
 70
0
 10
290.0333319769965
 20
137.53333197699652
 10
288.0333455403646
 20
137.5999959309896
 10
290.0333319769965
 20
137.48333401150174
  0
LWPOLYLINE
  5
376
330
17
100
AcDbEntity
  8
EJE_VIA
100
AcDbPolyline
 90
3
 70
0
 10
287.23334418402777
 20
137.5499979654948
 10
276.45000881618927
 20
137.58332994249133
 10
262.5666809082031
 20
137.61666191948785
  0
LWPOLYLINE
  5
377
330
17
100
AcDbEntity
  8
EJE_VIA
100
AcDbPolyline
 90
3
 70
0
 10
261.76666259765625
 20
137.61666191948785
 10
259.76665920681427
 20
137.66665988498264
 10
261.76666259765625
 20
137.56666395399307
  0
LWPOLYLINE
  5
378
330
17
100
AcDbEntity
  8
EJE_VIA
100
AcDbPolyline
 90
3
 70
0
 10
261.76666259765625
 20
137.61666191948785
 10
259.76665920681427
 20
137.66665988498264
 10
261.76666259765625
 20
137.56666395399307
  0
LWPOLYLINE
  5
379
330
17
100
AcDbEntity
  8
EJE_VIA
100
AcDbPolyline
 90
3
 70
0
 10
258.9666748046875
 20
137.61666191948785
 10
242.96668158637155
 20
137.71665785047745
 10
258.9666748046875
 20
137.56666395399307
  0
LWPOLYLINE
  5
37A
330
17
100
AcDbEntity
  8
EJE_VIA
100
AcDbPolyline
 90
3
 70
0
 10
242.16666327582467
 20
137.66665988498264
 10
240.16665988498264
 20
137.71665785047745
 10
242.16666327582467
 20
137.61666191948785
  0
LWPOLYLINE
  5
37B
330
17
100
AcDbEntity
  8
EJE_VIA
100
AcDbPolyline
 90
3
 70
0
 10
242.16666327582467
 20
137.66665988498264
 10
240.16665988498264
 20
137.71665785047745
 10
242.16666327582467
 20
137.61666191948785
  0
LWPOLYLINE
  5
37C
330
17
100
AcDbEntity
  8
EJE_VIA
100
AcDbPolyline
 90
3
 70
0
 10
239.36665852864584
 20
137.66665988498264
 10
223.36666531032986
 20
137.74998982747397
 10
239.36665852864584
 20
137.61666191948785
  0
LWPOLYLINE
  5
37D
330
17
100
AcDbEntity
  8
EJE_VIA
100
AcDbPolyline
 90
3
 70
0
 10
222.56666395399307
 20
137.69999186197919
 10
220.56666056315106
 20
137.76665581597223
 10
222.56666395399307
 20
137.64999389648438
  0
LWPOLYLINE
  5
37E
330
17
100
AcDbEntity
  8
EJE_VIA
100
AcDbPolyline
 90
3
 70
0
 10
222.56666395399307
 20
137.69999186197919
 10
220.56666056315106
 20
137.76665581597223
 10
222.56666395399307
 20
137.64999389648438
  0
LWPOLYLINE
  5
37F
330
17
100
AcDbEntity
  8
EJE_VIA
100
AcDbPolyline
 90
3
 70
0
 10
219.76665920681424
 20
137.7166748046875
 10
203.76666598849826
 20
137.80000474717883
 10
219.76665920681424
 20
137.66667683919272
  0
LWPOLYLINE
  5
380
330
17
100
AcDbEntity
  8
EJE_VIA
100
AcDbPolyline
 90
3
 70
0
 10
202.96666463216147
 20
137.75000678168402
 10
200.96666124131946
 20
137.80000474717883
 10
202.96666463216147
 20
137.70000881618924
  0
LWPOLYLINE
  5
381
330
17
100
AcDbEntity
  8
EJE_VIA
100
AcDbPolyline
 90
3
 70
0
 10
202.96666463216147
 20
137.75000678168402
 10
200.96666124131946
 20
137.80000474717883
 10
202.96666463216147
 20
137.70000881618924
  0
LWPOLYLINE
  5
382
330
17
100
AcDbEntity
  8
EJE_VIA
100
AcDbPolyline
 90
3
 70
0
 10
200.16665988498264
 20
137.75000678168402
 10
184.16666666666669
 20
137.85000271267361
 10
200.16665988498264
 20
137.70000881618924
  0
LWPOLYLINE
  5
383
330
17
100
AcDbEntity
  8
EJE_VIA
100
AcDbPolyline
 90
3
 70
0
 10
183.36666531032986
 20
137.80000474717883
 10
181.36666191948785
 20
137.85000271267361
 10
183.36666531032986
 20
137.75000678168402
  0
LWPOLYLINE
  5
384
330
17
100
AcDbEntity
  8
EJE_VIA
100
AcDbPolyline
 90
3
 70
0
 10
183.36666531032986
 20
137.80000474717883
 10
181.36666191948785
 20
137.85000271267361
 10
183.36666531032986
 20
137.75000678168402
  0
LWPOLYLINE
  5
385
330
17
100
AcDbEntity
  8
EJE_VIA
100
AcDbPolyline
 90
3
 70
0
 10
180.56666056315106
 20
137.80000474717883
 10
164.56666734483508
 20
137.88333468967014
 10
180.56666056315106
 20
137.75000678168402
  0
LWPOLYLINE
  5
386
330
17
100
AcDbEntity
  8
EJE_VIA
100
AcDbPolyline
 90
3
 70
0
 10
160.96666124131946
 20
137.85000271267361
 10
144.96666802300348
 20
137.93333265516495
 10
160.96666124131946
 20
137.80000474717883
  0
LWPOLYLINE
  5
387
330
17
100
AcDbEntity
  8
EJE_VIA
100
AcDbPolyline
 90
3
 70
0
 10
141.36667887369794
 20
137.88333468967014
 10
127.48334248860678
 20
137.96666463216147
 10
141.36667887369794
 20
137.83333672417535
  0
LWPOLYLINE
  5
388
330
17
100
AcDbEntity
  8
EJE_VIA
100
AcDbPolyline
 90
3
 70
0
 10
127.65001085069446
 20
203.78333197699655
 10
127.70000881618924
 20
205.78333536783856
 10
127.60001288519966
 20
203.78333197699655
  0
LWPOLYLINE
  5
389
330
17
100
AcDbEntity
  8
EJE_VIA
100
AcDbPolyline
 90
3
 70
0
 10
127.65001085069446
 20
203.78333197699655
 10
127.70000881618924
 20
205.78333536783856
 10
127.60001288519966
 20
203.78333197699655
  0
LWPOLYLINE
  5
38A
330
17
100
AcDbEntity
  8
EJE_VIA
100
AcDbPolyline
 90
3
 70
0
 10
127.66665988498265
 20
206.5833197699653
 10
127.74998982747397
 20
222.5999789767795
 10
127.61666191948785
 20
206.5833197699653
  0
LINE
  5
38B
330
17
100
AcDbEntity
  8
EJE_VIA
100
AcDbLine
 10
115.05001491970486
 20
165.54999457465277
 30
0.0
 11
51.03334638807509
 21
165.69998847113715
 31
0.0
  0
LINE
  5
38C
330
17
100
AcDbEntity
  8
EJE_VIA
100
AcDbLine
 10
115.05001491970486
 20
165.54999457465277
 30
0.0
 11
51.03334638807509
 21
165.59999254014758
 31
0.0
  0
LINE
  5
38D
330
17
100
AcDbEntity
  8
EJE_VIA
100
AcDbLine
 10
51.0333251953125
 20
165.499996609158
 30
0.0
 11
115.0499979654948
 21
165.4499986436632
 31
0.0
  0
LINE
  5
38E
330
17
100
AcDbEntity
  8
EJE_VIA
100
AcDbLine
 10
115.05001491970486
 20
165.35000271267361
 30
0.0
 11
51.03334638807509
 21
165.499996609158
 31
0.0
  0
LWPOLYLINE
  5
38F
330
17
100
AcDbEntity
  8
EJE_VIA
100
AcDbPolyline
 90
4
 70
0
 10
51.0333251953125
 20
165.499996609158
 10
115.0499979654948
 20
165.35000271267361
 10
115.0499979654948
 20
165.54999457465277
 10
51.0333251953125
 20
165.69998847113715
  0
LWPOLYLINE
  5
390
330
17
100
AcDbEntity
  8
EJE_VIA
100
AcDbPolyline
 90
3
 70
0
 10
140.05001491970486
 20
165.38333468967014
 10
299.95001898871527
 20
164.93333604600696
 10
140.05001491970486
 20
165.48333062065973
  0
LWPOLYLINE
  5
391
330
17
100
AcDbEntity
  8
EJE_VIA
100
AcDbPolyline
 90
3
 70
0
 10
140.05001491970486
 20
165.28333875868057
 10
299.95001898871527
 20
164.93333604600696
 10
140.05001491970486
 20
165.38333468967014
  0
LINE
  5
392
330
17
100
AcDbEntity
  8
EJE_VIA
100
AcDbLine
 10
140.05001491970486
 20
165.28333875868057
 30
0.0
 11
299.95001898871527
 21
164.83334011501736
 31
0.0
  0
LINE
  5
393
330
17
100
AcDbEntity
  8
EJE_VIA
100
AcDbLine
 10
299.95001898871527
 20
164.73332722981772
 30
0.0
 11
140.05001491970486
 21
165.2833218044705
 31
0.0
  0
LWPOLYLINE
  5
394
330
17
100
AcDbEntity
  8
EJE_VIA
100
AcDbPolyline
 90
4
 70
0
 10
140.05001491970486
 20
165.38333468967014
 10
299.95001898871527
 20
164.73332722981772
 10
299.95001898871527
 20
164.93333604600696
 10
140.05001491970486
 20
165.48333062065973
  0
LWPOLYLINE
  5
395
330
17
100
AcDbEntity
  8
EJE_VIA
100
AcDbPolyline
 90
4
 70
0
 10
92.18332926432292
 20
200.05001491970486
 10
94.68332926432292
 20
199.933353000217
 10
94.68332926432292
 20
200.1333448621962
 10
92.18332926432292
 20
200.15001085069446
  0
LWPOLYLINE
  5
396
330
17
100
AcDbEntity
  8
EJE_VIA
100
AcDbPolyline
 90
4
 70
0
 10
95.93332926432292
 20
200.03333197699655
 10
98.43332926432292
 20
199.93333604600696
 10
98.43332926432292
 20
200.13332790798611
 10
95.93332926432292
 20
200.13332790798611
  0
LWPOLYLINE
  5
397
330
17
100
AcDbEntity
  8
EJE_VIA
100
AcDbPolyline
 90
4
 70
0
 10
99.68332926432292
 20
200.01668294270834
 10
102.18332926432292
 20
199.91668701171875
 10
102.18332926432292
 20
200.11667887369794
 10
99.68332926432292
 20
200.11667887369794
  0
LWPOLYLINE
  5
398
330
17
100
AcDbEntity
  8
EJE_VIA
100
AcDbPolyline
 90
4
 70
0
 10
103.43332926432292
 20
200.01668294270834
 10
105.93332926432292
 20
199.9000210232205
 10
105.93332926432292
 20
200.10001288519967
 10
103.43332926432292
 20
200.11667887369794
  0
LWPOLYLINE
  5
399
330
17
100
AcDbEntity
  8
EJE_VIA
100
AcDbPolyline
 90
4
 70
0
 10
107.18332926432292
 20
200.0
 10
109.68332926432292
 20
199.88333808051217
 10
109.68332926432292
 20
200.08332994249133
 10
107.18332926432292
 20
200.0999959309896
  0
LWPOLYLINE
  5
39A
330
17
100
AcDbEntity
  8
EJE_VIA
100
AcDbPolyline
 90
4
 70
0
 10
110.93332926432292
 20
199.98331705729169
 10
113.43332926432292
 20
199.8833211263021
 10
113.43332926432292
 20
200.08331298828125
 10
110.93332926432292
 20
200.08331298828125
  0
LWPOLYLINE
  5
39B
330
17
100
AcDbEntity
  8
EJE_VIA
100
AcDbPolyline
 90
4
 70
0
 10
114.68332926432292
 20
199.96666802300348
 10
117.18332926432292
 20
199.86667209201389
 10
117.18332926432292
 20
200.06666395399307
 10
114.68332926432292
 20
200.06666395399307
  0
LWPOLYLINE
  5
39C
330
17
100
AcDbEntity
  8
EJE_VIA
100
AcDbPolyline
 90
4
 70
0
 10
118.43332926432292
 20
199.96666802300348
 10
120.93332926432292
 20
199.85000610351562
 10
120.93332926432292
 20
200.0499979654948
 10
118.43332926432292
 20
200.06666395399307
  0
LWPOLYLINE
  5
39D
330
17
100
AcDbEntity
  8
EJE_VIA
100
AcDbPolyline
 90
4
 70
0
 10
122.18332926432292
 20
199.94998508029514
 10
124.68332926432292
 20
199.8333231608073
 10
124.68332926432292
 20
200.03331502278647
 10
122.18332926432292
 20
200.04998101128473
  0
LWPOLYLINE
  5
39E
330
17
100
AcDbEntity
  8
EJE_VIA
100
AcDbPolyline
 90
4
 70
0
 10
125.93332926432292
 20
199.93333604600696
 10
128.43332926432294
 20
199.8166741265191
 10
128.43332926432294
 20
200.01666598849826
 10
125.93332926432292
 20
200.03333197699655
  0
LWPOLYLINE
  5
39F
330
17
100
AcDbEntity
  8
EJE_VIA
100
AcDbPolyline
 90
4
 70
0
 10
129.68332926432294
 20
199.91665310329861
 10
132.18332926432294
 20
199.81665717230905
 10
132.18332926432294
 20
200.0166490342882
 10
129.68332926432294
 20
200.0166490342882
  0
LWPOLYLINE
  5
3A0
330
17
100
AcDbEntity
  8
EJE_VIA
100
AcDbPolyline
 90
4
 70
0
 10
133.43332926432294
 20
199.90000406901044
 10
135.93332926432294
 20
199.80000813802084
 10
135.93332926432294
 20
200.0
 10
133.43332926432294
 20
200.0
  0
LWPOLYLINE
  5
3A1
330
17
100
AcDbEntity
  8
EJE_VIA
100
AcDbPolyline
 90
4
 70
0
 10
137.18332926432294
 20
199.90000406901044
 10
139.68332926432294
 20
199.78334214952258
 10
139.68332926432294
 20
199.98333401150174
 10
137.18332926432294
 20
200.0
  0
LWPOLYLINE
  5
3A2
330
17
100
AcDbEntity
  8
EJE_VIA
100
AcDbPolyline
 90
4
 70
0
 10
140.93332926432294
 20
199.8833211263021
 10
143.43332926432294
 20
199.76665920681424
 10
143.43332926432294
 20
199.96665106879342
 10
140.93332926432294
 20
199.98331705729169
  0
LWPOLYLINE
  5
3A3
330
17
100
AcDbEntity
  8
EJE_VIA
100
AcDbPolyline
 90
4
 70
0
 10
144.68332926432294
 20
199.86667209201389
 10
147.18332926432294
 20
199.76667616102432
 10
147.18332926432294
 20
199.96666802300348
 10
144.68332926432294
 20
199.96666802300348
  0
LWPOLYLINE
  5
3A4
330
17
100
AcDbEntity
  8
EJE_VIA
100
AcDbPolyline
 90
4
 70
0
 10
148.43332926432294
 20
199.84998914930557
 10
150.93332926432294
 20
199.74999321831598
 10
150.93332926432294
 20
199.94998508029514
 10
148.43332926432294
 20
199.94998508029514
  0
LWPOLYLINE
  5
3A5
330
17
100
AcDbEntity
  8
EJE_VIA
100
AcDbPolyline
 90
4
 70
0
 10
152.18332926432294
 20
199.84998914930557
 10
154.68332926432294
 20
199.73332722981772
 10
154.68332926432294
 20
199.93331909179688
 10
152.18332926432294
 20
199.94998508029514
  0
LWPOLYLINE
  5
3A6
330
17
100
AcDbEntity
  8
EJE_VIA
100
AcDbPolyline
 90
4
 70
0
 10
155.93332926432294
 20
199.83334011501736
 10
158.43332926432294
 20
199.7166781955295
 10
158.43332926432294
 20
199.9166700575087
 10
155.93332926432294
 20
199.93333604600696
  0
LWPOLYLINE
  5
3A7
330
17
100
AcDbEntity
  8
EJE_VIA
100
AcDbPolyline
 90
4
 70
0
 10
159.68332926432294
 20
199.81665717230905
 10
162.18332926432294
 20
199.6999952528212
 10
162.18332926432294
 20
199.89998711480035
 10
159.68332926432294
 20
199.91665310329861
  0
LWPOLYLINE
  5
3A8
330
17
100
AcDbEntity
  8
EJE_VIA
100
AcDbPolyline
 90
4
 70
0
 10
163.43332926432294
 20
199.80000813802084
 10
165.93332926432294
 20
199.70001220703125
 10
165.93332926432294
 20
199.90000406901044
 10
163.43332926432294
 20
199.90000406901044
  0
LWPOLYLINE
  5
3A9
330
17
100
AcDbEntity
  8
EJE_VIA
100
AcDbPolyline
 90
4
 70
0
 10
245.9499952528212
 20
199.5166693793403
 10
248.4499952528212
 20
199.4166734483507
 10
248.4499952528212
 20
199.61666531032986
 10
245.9499952528212
 20
199.61666531032986
  0
LWPOLYLINE
  5
3AA
330
17
100
AcDbEntity
  8
EJE_VIA
100
AcDbPolyline
 90
4
 70
0
 10
249.6999952528212
 20
199.49998643663196
 10
252.1999952528212
 20
199.39999050564236
 10
252.1999952528212
 20
199.59998236762155
 10
249.6999952528212
 20
199.59998236762155
  0
LWPOLYLINE
  5
3AB
330
17
100
AcDbEntity
  8
EJE_VIA
100
AcDbPolyline
 90
4
 70
0
 10
260.94999525282117
 20
199.46665445963544
 10
263.44999525282117
 20
199.34999254014758
 10
263.44999525282117
 20
199.54998440212674
 10
260.94999525282117
 20
199.566650390625
  0
LWPOLYLINE
  5
3AC
330
17
100
AcDbEntity
  8
EJE_VIA
100
AcDbPolyline
 90
4
 70
0
 10
264.69999525282117
 20
199.45000542534723
 10
267.19999525282117
 20
199.35000949435764
 10
267.19999525282117
 20
199.55000135633682
 10
264.69999525282117
 20
199.55000135633682
  0
LWPOLYLINE
  5
3AD
330
17
100
AcDbEntity
  8
EJE_VIA
100
AcDbPolyline
 90
4
 70
0
 10
275.94999525282117
 20
199.4166734483507
 10
278.44999525282117
 20
199.30001152886285
 10
278.44999525282117
 20
199.500003390842
 10
275.94999525282117
 20
199.5166693793403
  0
LWPOLYLINE
  5
3AE
330
17
100
AcDbEntity
  8
EJE_VIA
100
AcDbPolyline
 90
4
 70
0
 10
279.69999525282117
 20
199.39999050564236
 10
282.19999525282117
 20
199.2999945746528
 10
282.19999525282117
 20
199.49998643663196
 10
279.69999525282117
 20
199.49998643663196
  0
LWPOLYLINE
  5
3AF
330
17
100
AcDbEntity
  8
EJE_VIA
100
AcDbPolyline
 90
4
 70
0
 10
287.19997829861114
 20
199.36665852864584
 10
289.69997829861114
 20
199.26666259765625
 10
289.69997829861114
 20
199.46665445963544
 10
287.19997829861114
 20
199.46665445963544
  0
LWPOLYLINE
  5
3B0
330
17
100
AcDbEntity
  8
EJE_VIA
100
AcDbPolyline
 90
4
 70
0
 10
290.94997829861114
 20
199.36665852864584
 10
293.44997829861114
 20
199.249996609158
 10
293.44997829861114
 20
199.44998847113717
 10
290.94997829861114
 20
199.46665445963544
  0
LWPOLYLINE
  5
3B1
330
17
100
AcDbEntity
  8
EJE_VIA
100
AcDbPolyline
 90
4
 70
0
 10
294.69997829861114
 20
199.35000949435764
 10
297.19997829861114
 20
199.2333475748698
 10
297.19997829861114
 20
199.43333943684897
 10
294.69997829861114
 20
199.45000542534723
  0
LWPOLYLINE
  5
3B2
330
17
100
AcDbEntity
  8
EJE_VIA
100
AcDbPolyline
 90
4
 70
0
 10
298.44997829861114
 20
199.33332655164932
 10
299.94998508029516
 20
199.23333062065973
 10
299.94998508029516
 20
199.43332248263889
 10
298.44997829861114
 20
199.43332248263889
  0
LWPOLYLINE
  5
3B3
330
17
100
AcDbEntity
  8
EJE_VIA
100
AcDbPolyline
 90
4
 70
0
 10
298.44997829861114
 20
199.33332655164932
 10
299.94998508029516
 20
199.23333062065973
 10
299.94998508029516
 20
199.43332248263889
 10
298.44997829861114
 20
199.43332248263889
  0
LWPOLYLINE
  5
3B4
330
17
100
AcDbEntity
  8
EJE_VIA
100
AcDbPolyline
 90
3
 70
0
 10
147.83331976996527
 20
215.35000271267361
 10
147.84998575846356
 20
223.41666327582467
 10
147.69999186197919
 20
223.41666327582467
  0
LWPOLYLINE
  5
3B5
330
17
100
AcDbEntity
  8
EJE_VIA
100
AcDbPolyline
 90
3
 70
0
 10
147.83331976996527
 20
215.35000271267361
 10
147.69999186197919
 20
223.41666327582467
 10
147.54998101128473
 20
223.41666327582467
  0
LWPOLYLINE
  5
3B6
330
17
100
AcDbEntity
  8
EJE_VIA
100
AcDbPolyline
 90
3
 70
0
 10
147.55001491970486
 20
223.41668023003473
 10
147.68334282769098
 20
215.3500196668837
 10
147.83335367838544
 20
215.3500196668837
  0
LWPOLYLINE
  5
3B7
330
17
100
AcDbEntity
  8
EJE_VIA
100
AcDbPolyline
 90
3
 70
0
 10
147.53333197699652
 20
215.35000271267361
 10
147.6833258734809
 20
215.35000271267361
 10
147.5499979654948
 20
223.41666327582467
  0
LWPOLYLINE
  5
3B8
330
17
100
AcDbEntity
  8
EJE_VIA
100
AcDbPolyline
 90
4
 70
0
 10
147.83331976996527
 20
215.35000271267361
 10
147.74998982747397
 20
215.2166748046875
 10
147.5999789767795
 20
215.2166748046875
 10
147.53331502278647
 20
215.35000271267361
  0
LINE
  5
3B9
330
17
100
AcDbEntity
  8
EJE_VIA
100
AcDbLine
 10
141.73333062065973
 20
216.08334011501736
 30
0.0
 11
141.749996609158
 21
223.41668023003473
 31
0.0
  0
LINE
  5
3BA
330
17
100
AcDbEntity
  8
EJE_VIA
100
AcDbLine
 10
141.73333062065973
 20
216.08334011501736
 30
0.0
 11
141.6999986436632
 21
223.41668023003473
 31
0.0
  0
LINE
  5
3BB
330
17
100
AcDbEntity
  8
EJE_VIA
100
AcDbLine
 10
141.64998372395834
 20
223.41668023003473
 30
0.0
 11
141.68331570095486
 21
216.08334011501736
 31
0.0
  0
LINE
  5
3BC
330
17
100
AcDbEntity
  8
EJE_VIA
100
AcDbLine
 10
141.63333468967014
 20
216.08334011501736
 30
0.0
 11
141.6500006781684
 21
223.41668023003473
 31
0.0
  0
LWPOLYLINE
  5
3BD
330
17
100
AcDbEntity
  8
EJE_VIA
100
AcDbPolyline
 90
3
 70
0
 10
285.06666395399304
 20
214.90000406901044
 10
285.0833468967014
 20
223.33333333333334
 10
284.93333604600696
 20
223.33333333333334
  0
LWPOLYLINE
  5
3BE
330
17
100
AcDbEntity
  8
EJE_VIA
100
AcDbPolyline
 90
3
 70
0
 10
285.06666395399304
 20
214.90000406901044
 10
284.93333604600696
 20
223.33333333333334
 10
284.7833251953125
 20
223.33333333333334
  0
LWPOLYLINE
  5
3BF
330
17
100
AcDbEntity
  8
EJE_VIA
100
AcDbPolyline
 90
3
 70
0
 10
284.7833251953125
 20
223.33333333333334
 10
284.91665310329864
 20
214.90000406901044
 10
285.06666395399304
 20
214.90000406901044
  0
LWPOLYLINE
  5
3C0
330
17
100
AcDbEntity
  8
EJE_VIA
100
AcDbPolyline
 90
3
 70
0
 10
284.7666422526042
 20
214.90000406901044
 10
284.91665310329864
 20
214.90000406901044
 10
284.7833251953125
 20
223.33333333333334
  0
LWPOLYLINE
  5
3C1
330
17
100
AcDbEntity
  8
EJE_VIA
100
AcDbPolyline
 90
4
 70
0
 10
285.06666395399304
 20
214.90000406901044
 10
284.9833170572917
 20
214.76667616102432
 10
284.8333401150174
 20
214.76667616102432
 10
284.7666761610243
 20
214.90000406901044
  0
LINE
  5
3C2
330
17
100
AcDbEntity
  8
EJE_VIA
100
AcDbLine
 10
290.96666124131946
 20
214.90000406901044
 30
0.0
 11
290.98334418402777
 21
223.31666734483508
 31
0.0
  0
LINE
  5
3C3
330
17
100
AcDbEntity
  8
EJE_VIA
100
AcDbLine
 10
290.96666124131946
 20
214.90000406901044
 30
0.0
 11
290.93332926432294
 21
223.31666734483508
 31
0.0
  0
LINE
  5
3C4
330
17
100
AcDbEntity
  8
EJE_VIA
100
AcDbLine
 10
290.88331434461804
 20
223.316650390625
 30
0.0
 11
290.9166463216146
 21
214.89998711480035
 31
0.0
  0
LINE
  5
3C5
330
17
100
AcDbEntity
  8
EJE_VIA
100
AcDbLine
 10
290.8666653103299
 20
214.90000406901044
 30
0.0
 11
290.8833482530382
 21
223.31666734483508
 31
0.0
  0
LWPOLYLINE
  5
3C6
330
17
100
AcDbEntity
  8
EJE_VIA
100
AcDbPolyline
 90
19
 70
0
 10
274.88333808051215
 20
204.91665310329861
 10
275.7166714138455
 20
204.94998508029514
 10
276.61910379512443
 20
205.0647326351868
 10
277.4942351380984
 20
205.25682320197424
 10
278.3385009608335
 20
205.52271430277162
 10
279.1483367813958
 20
205.85886345969308
 10
279.92017811785144
 20
206.26172819485268
 10
280.65046048826645
 20
206.72776603036456
 10
281.3356194107069
 20
207.2534344883429
 10
281.97209040323895
 20
207.8351910909017
 10
282.55630898392866
 20
208.46949336015516
 10
283.08471067084207
 20
209.1527988182174
 10
283.55373098204535
 20
209.8815649872025
 10
283.95980543560455
 20
210.65224938922458
 10
284.2993695495857
 20
211.4613095463978
 10
284.568858842055
 20
212.30520298083624
 10
284.7647088310785
 20
213.18038721465402
 10
284.88335503472223
 20
214.0833197699653
 10
284.91668701171875
 20
214.89998711480035
  0
LWPOLYLINE
  5
3C7
330
17
100
AcDbEntity
  8
EJE_VIA
100
AcDbPolyline
 90
19
 70
0
 10
274.8666720920139
 20
198.91665988498264
 10
275.8666653103299
 20
198.94999186197919
 10
277.353230420914
 20
199.10355154424906
 10
278.7973051932123
 20
199.39156005779904
 10
280.1923369160957
 20
199.8075159514944
 10
281.53177287843494
 20
200.34491777420044
 10
282.80906036910085
 20
200.99726407478255
 10
284.01764667696426
 20
201.758053402106
 10
285.15097909089593
 20
202.62078430503607
 10
286.2025048997667
 20
203.57895533243817
 10
287.16567139244745
 20
204.62606503317755
 10
288.03392585780887
 20
205.75561195611954
 10
288.80071558472184
 20
206.9610946501295
 10
289.4594878620572
 20
208.2360116640727
 10
290.00368997868566
 20
209.57386154681444
 10
290.4267692234781
 20
210.96814284722012
 10
290.7221728853054
 20
212.412354114155
 10
290.8833482530382
 20
213.89999389648438
 10
290.91668023003473
 20
214.89998711480035
  0
LWPOLYLINE
  5
3C8
330
17
100
AcDbEntity
  8
EJE_VIA
100
AcDbPolyline
 90
3
 70
0
 10
106.19998508029515
 20
223.43332926432294
 10
106.33332146538629
 20
215.46666463216147
 10
106.34998745388455
 20
223.43332926432294
  0
LWPOLYLINE
  5
3C9
330
17
100
AcDbEntity
  8
EJE_VIA
100
AcDbPolyline
 90
3
 70
0
 10
106.05000813802084
 20
223.43332926432294
 10
106.33333841959636
 20
215.46666463216147
 10
106.20001051161024
 20
223.43332926432294
  0
LWPOLYLINE
  5
3CA
330
17
100
AcDbEntity
  8
EJE_VIA
100
AcDbPolyline
 90
3
 70
0
 10
106.05000813802084
 20
223.43332926432294
 10
106.18334452311198
 20
215.46666463216147
 10
106.33333841959636
 20
215.46666463216147
  0
LWPOLYLINE
  5
3CB
330
17
100
AcDbEntity
  8
EJE_VIA
100
AcDbPolyline
 90
3
 70
0
 10
106.0333251953125
 20
215.46668158637155
 10
106.18332756890192
 20
215.46668158637155
 10
106.04999118381077
 20
223.433346218533
  0
LWPOLYLINE
  5
3CC
330
17
100
AcDbEntity
  8
EJE_VIA
100
AcDbPolyline
 90
4
 70
0
 10
106.3333468967014
 20
215.46668158637155
 10
106.25001695421007
 20
215.33335367838544
 10
106.10001458062067
 20
215.33335367838544
 10
106.03335062662761
 20
215.46668158637155
  0
LWPOLYLINE
  5
3CD
330
17
100
AcDbEntity
  8
EJE_VIA
100
AcDbPolyline
 90
3
 70
0
 10
112.20001220703125
 20
223.43332926432294
 10
112.23334418402779
 20
215.46666463216147
 10
112.25001017252605
 20
223.43332926432294
  0
LWPOLYLINE
  5
3CE
330
17
100
AcDbEntity
  8
EJE_VIA
100
AcDbPolyline
 90
3
 70
0
 10
112.1499972873264
 20
223.43332926432294
 10
112.23332722981772
 20
215.46666463216147
 10
112.19999525282118
 20
223.43332926432294
  0
LINE
  5
3CF
330
17
100
AcDbEntity
  8
EJE_VIA
100
AcDbLine
 10
112.1499972873264
 20
223.43332926432294
 30
0.0
 11
112.18332926432292
 21
215.46666463216147
 31
0.0
  0
LINE
  5
3D0
330
17
100
AcDbEntity
  8
EJE_VIA
100
AcDbLine
 10
112.13334825303819
 20
215.46668158637155
 30
0.0
 11
112.15001424153647
 21
223.433346218533
 31
0.0
  0
LWPOLYLINE
  5
3D1
330
17
100
AcDbEntity
  8
EJE_VIA
100
AcDbPolyline
 90
19
 70
0
 10
96.15000406901042
 20
205.50001356336807
 10
96.98333740234375
 20
205.5333455403646
 10
97.88516674811642
 20
205.64875771601996
 10
98.75946755210559
 20
205.84100643793744
 10
99.60274128243327
 20
206.10660900672278
 10
100.41148940722148
 20
206.44208272298178
 10
101.18221339459221
 20
206.84394488732022
 10
101.91141471266747
 20
207.30871280034384
 10
102.59559482956927
 20
207.83290376265845
 10
103.2312552134196
 20
208.4130350748698
 10
103.81489733234048
 20
209.04562403758368
 10
104.34302265445392
 20
209.72718795140585
 10
104.81213264788191
 20
210.4542441169421
 10
105.21872878074646
 20
211.2233098347982
 10
105.55931252116959
 20
212.0309024055799
 10
105.83038533727328
 20
212.873539129893
 10
106.02844869717956
 20
213.74773730834326
 10
106.15000406901042
 20
214.65001424153647
 10
106.18333604600694
 20
215.46668158637155
  0
LWPOLYLINE
  5
3D2
330
17
100
AcDbEntity
  8
EJE_VIA
100
AcDbPolyline
 90
19
 70
0
 10
96.15000406901042
 20
199.49998643663196
 10
97.15000576443143
 20
199.53331841362848
 10
98.63807601026363
 20
199.69038067178596
 10
100.08151046103902
 20
199.98018433650336
 10
101.4741433515317
 20
200.39643423838749
 10
102.80980891651578
 20
200.93283520804513
 10
104.08234139076538
 20
201.58309207608303
 10
105.28557500905461
 20
202.340909673108
 10
106.41334400615759
 20
203.19999282972682
 10
107.45948261684842
 20
204.15404637654623
 10
108.41782507590122
 20
205.19677514417305
 10
109.2822056180901
 20
206.32188396321405
 10
110.04645847818918
 20
207.52307766427597
 10
110.70441789097256
 20
208.79406107796564
 10
111.24991809121437
 20
210.12853903488983
 10
111.6767933136887
 20
211.52021636565527
 10
111.97887779316969
 20
212.9627979008688
 10
112.15000576443143
 20
214.44998847113717
 10
112.18333774142796
 20
215.46664767795139
  0
LWPOLYLINE
  5
3D3
330
17
100
AcDbEntity
  8
EJE_VIA
100
AcDbPolyline
 90
3
 70
0
 10
96.15000406901042
 20
205.64999050564236
 10
51.033337910970054
 20
205.74998643663196
 10
51.033337910970054
 20
205.59999254014758
  0
LWPOLYLINE
  5
3D4
330
17
100
AcDbEntity
  8
EJE_VIA
100
AcDbPolyline
 90
3
 70
0
 10
96.15000406901042
 20
205.64999050564236
 10
51.033337910970054
 20
205.59999254014758
 10
51.033337910970054
 20
205.4499986436632
  0
LWPOLYLINE
  5
3D5
330
17
100
AcDbEntity
  8
EJE_VIA
100
AcDbPolyline
 90
3
 70
0
 10
51.0333251953125
 20
205.4499986436632
 10
96.14998711480035
 20
205.499996609158
 10
96.14998711480035
 20
205.64999050564236
  0
LWPOLYLINE
  5
3D6
330
17
100
AcDbEntity
  8
EJE_VIA
100
AcDbPolyline
 90
3
 70
0
 10
96.15000406901042
 20
205.35000271267361
 10
96.15000406901042
 20
205.499996609158
 10
51.033337910970054
 20
205.4499986436632
  0
LWPOLYLINE
  5
3D7
330
17
100
AcDbEntity
  8
EJE_VIA
100
AcDbPolyline
 90
4
 70
0
 10
51.0333251953125
 20
205.4499986436632
 10
96.14998711480035
 20
205.35000271267361
 10
96.14998711480035
 20
205.64999050564236
 10
51.0333251953125
 20
205.750003390842
  0
LWPOLYLINE
  5
3D8
330
17
100
AcDbEntity
  8
EJE_VIA
100
AcDbPolyline
 90
4
 70
0
 10
96.15000406901042
 20
205.64999050564236
 10
96.28334045410156
 20
205.56666056315106
 10
96.28334045410156
 20
205.4166497124566
 10
96.15000406901042
 20
205.34998575846356
  0
LINE
  5
3D9
330
17
100
AcDbEntity
  8
EJE_VIA
100
AcDbLine
 10
96.15000406901042
 20
199.55000135633682
 30
0.0
 11
51.033337910970054
 21
199.64999728732639
 31
0.0
  0
LINE
  5
3DA
330
17
100
AcDbEntity
  8
EJE_VIA
100
AcDbLine
 10
96.15000406901042
 20
199.55000135633682
 30
0.0
 11
51.033337910970054
 21
199.5999993218316
 31
0.0
  0
LINE
  5
3DB
330
17
100
AcDbEntity
  8
EJE_VIA
100
AcDbLine
 10
51.0333251953125
 20
199.55000135633682
 30
0.0
 11
96.14998711480035
 21
199.500003390842
 31
0.0
  0
LINE
  5
3DC
330
17
100
AcDbEntity
  8
EJE_VIA
100
AcDbLine
 10
96.15000406901042
 20
199.45000542534723
 30
0.0
 11
51.033337910970054
 21
199.55000135633682
 31
0.0
  0
LWPOLYLINE
  5
3DD
330
17
100
AcDbEntity
  8
EJE_VIA
100
AcDbPolyline
 90
3
 70
0
 10
51.0333251953125
 20
199.55000135633682
 10
96.14998711480035
 20
199.45000542534723
 10
51.0333251953125
 20
199.64999728732639
  0
LWPOLYLINE
  5
3DE
330
17
100
AcDbEntity
  8
EJE_VIA
100
AcDbPolyline
 90
19
 70
0
 10
147.68334282769098
 20
215.35000271267361
 10
147.7166748046875
 20
214.53333536783856
 10
147.8259030274219
 20
213.63424010574818
 10
148.01380975378885
 20
212.76121517022452
 10
148.27666450291872
 20
211.91799345115822
 10
148.61073679394192
 20
211.10830783843994
 10
149.01229614598884
 20
210.3358912219604
 10
149.47761207818985
 20
209.60447649161023
 10
150.00295410967536
 20
208.91779653728008
 10
150.58459175957574
 20
208.2795842488607
 10
151.2187945470214
 20
207.69357251624268
 10
151.9018319911427
 20
207.1634942293167
 10
152.62997361107006
 20
206.6930822779735
 10
153.39948892593384
 20
206.2860695521037
 10
154.20664745486445
 20
205.94618894159794
 10
155.04771871699228
 20
205.67717333634695
 10
155.9189722314477
 20
205.48275562624139
 10
156.81667751736111
 20
205.36666870117188
 10
157.65001085069446
 20
205.3166707356771
  0
LWPOLYLINE
  5
3DF
330
17
100
AcDbEntity
  8
EJE_VIA
100
AcDbPolyline
 90
19
 70
0
 10
141.79999457465277
 20
213.33333333333334
 10
141.96666293674045
 20
212.35000610351562
 10
142.27085897698998
 20
211.02946903970508
 10
142.68072666393385
 20
209.755929046207
 10
143.19109148242407
 20
208.5338306427002
 10
143.79677891731262
 20
207.3676183488634
 10
144.4926144534515
 20
206.26173668437534
 10
145.2734235756927
 20
205.2206301689148
 10
146.13403176888824
 20
204.24874332216052
 10
147.06926451789008
 20
203.35052066379123
 10
148.07394730755024
 20
202.53040671348572
 10
149.14290562272072
 20
201.79284599092273
 10
150.2709649482535
 20
201.14228301578098
 10
151.45295076900058
 20
200.58316230773926
 10
152.68368856981397
 20
200.11992838647632
 10
153.95800383554564
 20
199.75702577167087
 10
155.2707220510476
 20
199.4988989830017
 10
156.61666870117188
 20
199.34999254014758
 10
157.63332790798611
 20
199.31666056315106
  0
LWPOLYLINE
  5
3E0
330
17
100
AcDbEntity
  8
EJE_VIA
100
AcDbPolyline
 90
4
 70
0
 10
108.23333740234375
 20
195.0
 10
109.36666700575087
 20
194.88333808051217
 10
109.36666700575087
 20
195.08332994249133
 10
108.23333740234375
 20
195.0999959309896
  0
LWPOLYLINE
  5
3E1
330
17
100
AcDbEntity
  8
EJE_VIA
100
AcDbPolyline
 90
4
 70
0
 10
108.23333740234375
 20
195.0
 10
109.36666700575087
 20
194.88333808051217
 10
109.36666700575087
 20
195.08332994249133
 10
108.23333740234375
 20
195.0999959309896
  0
LWPOLYLINE
  5
3E2
330
17
100
AcDbEntity
  8
EJE_VIA
100
AcDbPolyline
 90
4
 70
0
 10
126.05000813802084
 20
194.93333604600696
 10
142.75000678168402
 20
194.78334214952258
 10
142.75000678168402
 20
194.98333401150174
 10
126.05000813802084
 20
195.03333197699655
  0
LWPOLYLINE
  5
3E3
330
17
100
AcDbEntity
  8
EJE_VIA
100
AcDbPolyline
 90
4
 70
0
 10
144.74999321831598
 20
194.8833211263021
 10
162.74998982747397
 20
194.73332722981772
 10
162.74998982747397
 20
194.93331909179688
 10
144.74999321831598
 20
194.98331705729169
  0
LWPOLYLINE
  5
3E4
330
17
100
AcDbEntity
  8
EJE_VIA
100
AcDbPolyline
 90
4
 70
0
 10
164.74999321831598
 20
194.83334011501736
 10
182.74998982747397
 20
194.70001220703125
 10
182.74998982747397
 20
194.90000406901044
 10
164.74999321831598
 20
194.93333604600696
  0
LWPOLYLINE
  5
3E5
330
17
100
AcDbEntity
  8
EJE_VIA
100
AcDbPolyline
 90
4
 70
0
 10
184.74999321831598
 20
194.7833251953125
 10
202.74998982747397
 20
194.64999728732639
 10
202.74998982747397
 20
194.84998914930557
 10
184.74999321831598
 20
194.8833211263021
  0
LWPOLYLINE
  5
3E6
330
17
100
AcDbEntity
  8
EJE_VIA
100
AcDbPolyline
 90
4
 70
0
 10
204.74999321831598
 20
194.7333441840278
 10
222.74998982747397
 20
194.60001627604169
 10
222.74998982747397
 20
194.80000813802084
 10
204.74999321831598
 20
194.83334011501736
  0
LWPOLYLINE
  5
3E7
330
17
100
AcDbEntity
  8
EJE_VIA
100
AcDbPolyline
 90
4
 70
0
 10
224.74999321831598
 20
194.68332926432294
 10
242.74998982747397
 20
194.55000135633682
 10
242.74998982747397
 20
194.74999321831598
 10
224.74999321831598
 20
194.7833251953125
  0
LWPOLYLINE
  5
3E8
330
17
100
AcDbEntity
  8
EJE_VIA
100
AcDbPolyline
 90
4
 70
0
 10
244.74999321831598
 20
194.6333482530382
 10
262.749989827474
 20
194.5000203450521
 10
262.749989827474
 20
194.70001220703125
 10
244.74999321831598
 20
194.7333441840278
  0
LWPOLYLINE
  5
3E9
330
17
100
AcDbEntity
  8
EJE_VIA
100
AcDbPolyline
 90
4
 70
0
 10
264.749993218316
 20
194.58333333333334
 10
282.749989827474
 20
194.45000542534723
 10
282.749989827474
 20
194.64999728732639
 10
264.749993218316
 20
194.68332926432294
  0
LWPOLYLINE
  5
3EA
330
17
100
AcDbEntity
  8
EJE_VIA
100
AcDbPolyline
 90
3
 70
0
 10
284.749993218316
 20
194.55000135633682
 10
299.94998508029516
 20
194.5999993218316
 10
284.749993218316
 20
194.64999728732639
  0
LWPOLYLINE
  5
3EB
330
17
100
AcDbEntity
  8
EJE_VIA
100
AcDbPolyline
 90
3
 70
0
 10
284.749993218316
 20
194.45000542534723
 10
299.94998508029516
 20
194.5999993218316
 10
284.749993218316
 20
194.55000135633682
  0
LINE
  5
3EC
330
17
100
AcDbEntity
  8
EJE_VIA
100
AcDbLine
 10
284.749993218316
 20
194.45000542534723
 30
0.0
 11
299.94998508029516
 21
194.500003390842
 31
0.0
  0
LWPOLYLINE
  5
3ED
330
17
100
AcDbEntity
  8
EJE_VIA
100
AcDbPolyline
 90
3
 70
0
 10
140.08334689670139
 20
180.38333468967014
 10
299.95001898871527
 20
179.93333604600696
 10
140.08334689670139
 20
180.48333062065973
  0
LWPOLYLINE
  5
3EE
330
17
100
AcDbEntity
  8
EJE_VIA
100
AcDbPolyline
 90
3
 70
0
 10
140.08334689670139
 20
180.28333875868057
 10
299.95001898871527
 20
179.93333604600696
 10
140.08334689670139
 20
180.38333468967014
  0
LINE
  5
3EF
330
17
100
AcDbEntity
  8
EJE_VIA
100
AcDbLine
 10
140.08334689670139
 20
180.28333875868057
 30
0.0
 11
299.95001898871527
 21
179.83334011501736
 31
0.0
  0
LINE
  5
3F0
330
17
100
AcDbEntity
  8
EJE_VIA
100
AcDbLine
 10
299.95001898871527
 20
179.73332722981772
 30
0.0
 11
140.08334689670139
 21
180.2833218044705
 31
0.0
  0
LWPOLYLINE
  5
3F1
330
17
100
AcDbEntity
  8
EJE_VIA
100
AcDbPolyline
 90
4
 70
0
 10
140.08334689670139
 20
180.38333468967014
 10
299.95001898871527
 20
179.73332722981772
 10
299.95001898871527
 20
179.93333604600696
 10
140.08334689670139
 20
180.48333062065973
  0
LWPOLYLINE
  5
3F2
330
17
100
AcDbEntity
  8
EJE_VIA
100
AcDbPolyline
 90
3
 70
0
 10
299.95001898871527
 20
181.84999254014758
 10
299.46668836805554
 20
181.7999945746528
 10
299.95001898871527
 20
181.94998847113717
  0
LWPOLYLINE
  5
3F3
330
17
100
AcDbEntity
  8
EJE_VIA
100
AcDbPolyline
 90
3
 70
0
 10
299.93333604600696
 20
182.05000135633682
 10
299.46665445963544
 20
181.7999945746528
 10
299.95001898871527
 20
181.95000542534723
  0
LWPOLYLINE
  5
3F4
330
17
100
AcDbEntity
  8
EJE_VIA
100
AcDbPolyline
 90
3
 70
0
 10
299.93333604600696
 20
182.05000135633682
 10
299.45000542534723
 20
181.90000745985245
 10
299.46665445963544
 20
181.7999945746528
  0
LINE
  5
3F5
330
17
100
AcDbEntity
  8
EJE_VIA
100
AcDbLine
 10
299.4333224826389
 20
182.000003390842
 30
0.0
 11
299.93333604600696
 21
182.05000135633682
 31
0.0
  0
LWPOLYLINE
  5
3F6
330
17
100
AcDbEntity
  8
EJE_VIA
100
AcDbPolyline
 90
4
 70
0
 10
299.95001898871527
 20
181.95000542534723
 10
299.433356391059
 20
182.000003390842
 10
299.46668836805554
 20
181.80001152886285
 10
299.95001898871527
 20
181.85000949435764
  0
LINE
  5
3F7
330
17
100
AcDbEntity
  8
EJE_VIA
100
AcDbLine
 10
57.5
 20
190.7166714138455
 30
0.0
 11
51.033333672417534
 21
190.73333740234375
 31
0.0
  0
LINE
  5
3F8
330
17
100
AcDbEntity
  8
EJE_VIA
100
AcDbLine
 10
57.5
 20
190.7166714138455
 30
0.0
 11
51.033333672417534
 21
190.68333943684897
 31
0.0
  0
LINE
  5
3F9
330
17
100
AcDbEntity
  8
EJE_VIA
100
AcDbLine
 10
51.0333251953125
 20
190.63334147135419
 30
0.0
 11
57.499991522894966
 21
190.6666734483507
 31
0.0
  0
LINE
  5
3FA
330
17
100
AcDbEntity
  8
EJE_VIA
100
AcDbLine
 10
57.5
 20
190.61665852864584
 30
0.0
 11
51.033333672417534
 21
190.6333245171441
 31
0.0
  0
LWPOLYLINE
  5
3FB
330
17
100
AcDbEntity
  8
EJE_VIA
100
AcDbPolyline
 90
3
 70
0
 10
58.30000135633681
 20
190.6666734483507
 10
60.300000508626304
 20
190.60000949435764
 10
58.30000135633681
 20
190.7166714138455
  0
LWPOLYLINE
  5
3FC
330
17
100
AcDbEntity
  8
EJE_VIA
100
AcDbPolyline
 90
3
 70
0
 10
58.30000135633681
 20
190.6666734483507
 10
60.300000508626304
 20
190.60000949435764
 10
58.30000135633681
 20
190.7166714138455
  0
LWPOLYLINE
  5
3FD
330
17
100
AcDbEntity
  8
EJE_VIA
100
AcDbPolyline
 90
3
 70
0
 10
80.71665445963542
 20
190.58332655164932
 10
96.71665615505643
 20
190.48333062065973
 10
80.71665445963542
 20
190.6333245171441
  0
LWPOLYLINE
  5
3FE
330
17
100
AcDbEntity
  8
EJE_VIA
100
AcDbPolyline
 90
3
 70
0
 10
97.51668294270834
 20
190.5333285861545
 10
99.51668633355035
 20
190.46666463216147
 10
97.51668294270834
 20
190.58332655164932
  0
LWPOLYLINE
  5
3FF
330
17
100
AcDbEntity
  8
EJE_VIA
100
AcDbPolyline
 90
3
 70
0
 10
97.51668294270834
 20
190.5333285861545
 10
99.51668633355035
 20
190.46666463216147
 10
97.51668294270834
 20
190.58332655164932
  0
LWPOLYLINE
  5
400
330
17
100
AcDbEntity
  8
EJE_VIA
100
AcDbPolyline
 90
3
 70
0
 10
100.31667073567709
 20
190.51666259765625
 10
116.3166724310981
 20
190.41666666666669
 10
100.31667073567709
 20
190.56666056315106
  0
LWPOLYLINE
  5
401
330
17
100
AcDbEntity
  8
EJE_VIA
100
AcDbPolyline
 90
3
 70
0
 10
117.11666531032986
 20
190.46666463216147
 10
119.11666870117188
 20
190.40000067816842
 10
117.11666531032986
 20
190.51666259765625
  0
LWPOLYLINE
  5
402
330
17
100
AcDbEntity
  8
EJE_VIA
100
AcDbPolyline
 90
3
 70
0
 10
117.11666531032986
 20
190.46666463216147
 10
119.11666870117188
 20
190.40000067816842
 10
117.11666531032986
 20
190.51666259765625
  0
LWPOLYLINE
  5
403
330
17
100
AcDbEntity
  8
EJE_VIA
100
AcDbPolyline
 90
3
 70
0
 10
119.91665310329861
 20
190.4499986436632
 10
135.91665479871963
 20
190.35000271267361
 10
119.91665310329861
 20
190.499996609158
  0
LWPOLYLINE
  5
404
330
17
100
AcDbEntity
  8
EJE_VIA
100
AcDbPolyline
 90
3
 70
0
 10
136.71668158637152
 20
190.38333468967014
 10
138.71668497721356
 20
190.33333672417535
 10
136.71668158637152
 20
190.43333265516495
  0
LWPOLYLINE
  5
405
330
17
100
AcDbEntity
  8
EJE_VIA
100
AcDbPolyline
 90
3
 70
0
 10
136.71668158637152
 20
190.38333468967014
 10
138.71668497721356
 20
190.33333672417535
 10
136.71668158637152
 20
190.43333265516495
  0
LWPOLYLINE
  5
406
330
17
100
AcDbEntity
  8
EJE_VIA
100
AcDbPolyline
 90
3
 70
0
 10
139.51666937934027
 20
190.38333468967014
 10
155.51666259765625
 20
190.28333875868057
 10
139.51666937934027
 20
190.43333265516495
  0
LWPOLYLINE
  5
407
330
17
100
AcDbEntity
  8
EJE_VIA
100
AcDbPolyline
 90
3
 70
0
 10
159.11665174696182
 20
190.3166707356771
 10
175.11664496527777
 20
190.2166748046875
 10
159.11665174696182
 20
190.36666870117188
  0
LWPOLYLINE
  5
408
330
17
100
AcDbEntity
  8
EJE_VIA
100
AcDbPolyline
 90
3
 70
0
 10
175.91666327582465
 20
190.25000678168405
 10
177.91666666666669
 20
190.20000881618924
 10
175.91666327582465
 20
190.30000474717883
  0
LWPOLYLINE
  5
409
330
17
100
AcDbEntity
  8
EJE_VIA
100
AcDbPolyline
 90
3
 70
0
 10
175.91666327582465
 20
190.25000678168405
 10
177.91666666666669
 20
190.20000881618924
 10
175.91666327582465
 20
190.30000474717883
  0
LWPOLYLINE
  5
40A
330
17
100
AcDbEntity
  8
EJE_VIA
100
AcDbPolyline
 90
3
 70
0
 10
178.71666802300348
 20
190.25000678168405
 10
194.71666124131946
 20
190.1333448621962
 10
178.71666802300348
 20
190.30000474717883
  0
LWPOLYLINE
  5
40B
330
17
100
AcDbEntity
  8
EJE_VIA
100
AcDbPolyline
 90
3
 70
0
 10
195.51666259765625
 20
190.18332587348092
 10
197.51666598849826
 20
190.13332790798611
 10
195.51666259765625
 20
190.2333238389757
  0
LWPOLYLINE
  5
40C
330
17
100
AcDbEntity
  8
EJE_VIA
100
AcDbPolyline
 90
3
 70
0
 10
195.51666259765625
 20
190.18332587348092
 10
197.51666598849826
 20
190.13332790798611
 10
195.51666259765625
 20
190.2333238389757
  0
LWPOLYLINE
  5
40D
330
17
100
AcDbEntity
  8
EJE_VIA
100
AcDbPolyline
 90
3
 70
0
 10
198.31666734483508
 20
190.18332587348092
 10
214.31666056315106
 20
190.06666395399307
 10
198.31666734483508
 20
190.2333238389757
  0
LWPOLYLINE
  5
40E
330
17
100
AcDbEntity
  8
EJE_VIA
100
AcDbPolyline
 90
3
 70
0
 10
215.11666191948785
 20
190.11666191948785
 10
217.11666531032986
 20
190.06666395399307
 10
215.11666191948785
 20
190.16665988498264
  0
LWPOLYLINE
  5
40F
330
17
100
AcDbEntity
  8
EJE_VIA
100
AcDbPolyline
 90
3
 70
0
 10
215.11666191948785
 20
190.11666191948785
 10
217.11666531032986
 20
190.06666395399307
 10
215.11666191948785
 20
190.16665988498264
  0
LWPOLYLINE
  5
410
330
17
100
AcDbEntity
  8
EJE_VIA
100
AcDbPolyline
 90
3
 70
0
 10
217.91666666666669
 20
190.11666191948785
 10
233.91665988498264
 20
190.0
 10
217.91666666666669
 20
190.16665988498264
  0
LWPOLYLINE
  5
411
330
17
100
AcDbEntity
  8
EJE_VIA
100
AcDbPolyline
 90
3
 70
0
 10
234.71666124131946
 20
190.0499979654948
 10
236.71666463216147
 20
190.0
 10
234.71666124131946
 20
190.0999959309896
  0
LWPOLYLINE
  5
412
330
17
100
AcDbEntity
  8
EJE_VIA
100
AcDbPolyline
 90
3
 70
0
 10
234.71666124131946
 20
190.0499979654948
 10
236.71666463216147
 20
190.0
 10
234.71666124131946
 20
190.0999959309896
  0
LWPOLYLINE
  5
413
330
17
100
AcDbEntity
  8
EJE_VIA
100
AcDbPolyline
 90
3
 70
0
 10
237.51666598849826
 20
190.0499979654948
 10
253.51665920681424
 20
189.93333604600696
 10
237.51666598849826
 20
190.0999959309896
  0
LWPOLYLINE
  5
414
330
17
100
AcDbEntity
  8
EJE_VIA
100
AcDbPolyline
 90
3
 70
0
 10
254.31666056315106
 20
189.98333401150174
 10
256.31666395399304
 20
189.93333604600696
 10
254.31666056315106
 20
190.03333197699655
  0
LWPOLYLINE
  5
415
330
17
100
AcDbEntity
  8
EJE_VIA
100
AcDbPolyline
 90
3
 70
0
 10
254.31666056315106
 20
189.98333401150174
 10
256.31666395399304
 20
189.93333604600696
 10
254.31666056315106
 20
190.03333197699655
  0
LWPOLYLINE
  5
416
330
17
100
AcDbEntity
  8
EJE_VIA
100
AcDbPolyline
 90
3
 70
0
 10
257.1166653103299
 20
189.98333401150174
 10
273.11665852864587
 20
189.86667209201389
 10
257.1166653103299
 20
190.03333197699655
  0
LWPOLYLINE
  5
417
330
17
100
AcDbEntity
  8
EJE_VIA
100
AcDbPolyline
 90
3
 70
0
 10
273.91665988498266
 20
189.9166700575087
 10
275.91666327582465
 20
189.86667209201389
 10
273.91665988498266
 20
189.96666802300348
  0
LWPOLYLINE
  5
418
330
17
100
AcDbEntity
  8
EJE_VIA
100
AcDbPolyline
 90
3
 70
0
 10
273.91665988498266
 20
189.9166700575087
 10
275.91666327582465
 20
189.86667209201389
 10
273.91665988498266
 20
189.96666802300348
  0
LWPOLYLINE
  5
419
330
17
100
AcDbEntity
  8
EJE_VIA
100
AcDbPolyline
 90
3
 70
0
 10
276.7166646321615
 20
189.90000406901044
 10
292.7166748046875
 20
189.80000813802084
 10
276.7166646321615
 20
189.95000203450522
  0
LWPOLYLINE
  5
41A
330
17
100
AcDbEntity
  8
EJE_VIA
100
AcDbPolyline
 90
3
 70
0
 10
293.5166422526042
 20
189.85000610351562
 10
295.51662868923614
 20
189.80000813802084
 10
293.5166422526042
 20
189.90000406901044
  0
LWPOLYLINE
  5
41B
330
17
100
AcDbEntity
  8
EJE_VIA
100
AcDbPolyline
 90
3
 70
0
 10
293.5166422526042
 20
189.85000610351562
 10
295.51662868923614
 20
189.80000813802084
 10
293.5166422526042
 20
189.90000406901044
  0
LWPOLYLINE
  5
41C
330
17
100
AcDbEntity
  8
EJE_VIA
100
AcDbPolyline
 90
3
 70
0
 10
296.31666395399304
 20
189.83334011501736
 10
299.94998508029516
 20
189.78334214952258
 10
296.31666395399304
 20
189.88333808051217
  0
LWPOLYLINE
  5
41D
330
17
100
AcDbEntity
  8
EJE_VIA
100
AcDbPolyline
 90
3
 70
0
 10
296.31666395399304
 20
189.83334011501736
 10
299.94998508029516
 20
189.78334214952258
 10
296.31666395399304
 20
189.88333808051217
  0
LWPOLYLINE
  5
41E
330
17
100
AcDbEntity
  8
EJE_VIA
100
AcDbPolyline
 90
4
 70
0
 10
88.13334147135417
 20
201.5666707356771
 10
102.13333977593317
 20
201.41667683919272
 10
102.13333977593317
 20
201.61666870117188
 10
88.13334147135417
 20
201.66666666666669
  0
LWPOLYLINE
  5
41F
330
17
100
AcDbEntity
  8
EJE_VIA
100
AcDbPolyline
 90
4
 70
0
 10
102.933349609375
 20
201.51665581597223
 10
104.53335232204861
 20
201.39999389648438
 10
104.53335232204861
 20
201.59998575846356
 10
102.933349609375
 20
201.61665174696182
  0
LWPOLYLINE
  5
420
330
17
100
AcDbEntity
  8
EJE_VIA
100
AcDbPolyline
 90
4
 70
0
 10
102.933349609375
 20
201.51665581597223
 10
104.53335232204861
 20
201.39999389648438
 10
104.53335232204861
 20
201.59998575846356
 10
102.933349609375
 20
201.61665174696182
  0
LWPOLYLINE
  5
421
330
17
100
AcDbEntity
  8
EJE_VIA
100
AcDbPolyline
 90
4
 70
0
 10
105.33331976996529
 20
201.50000678168405
 10
106.9333224826389
 20
201.40001085069446
 10
106.9333224826389
 20
201.60000271267361
 10
105.33331976996529
 20
201.60000271267361
  0
LWPOLYLINE
  5
422
330
17
100
AcDbEntity
  8
EJE_VIA
100
AcDbPolyline
 90
4
 70
0
 10
105.33331976996529
 20
201.50000678168405
 10
106.9333224826389
 20
201.40001085069446
 10
106.9333224826389
 20
201.60000271267361
 10
105.33331976996529
 20
201.60000271267361
  0
LWPOLYLINE
  5
423
330
17
100
AcDbEntity
  8
EJE_VIA
100
AcDbPolyline
 90
4
 70
0
 10
107.73332383897569
 20
201.50000678168405
 10
121.73332214355469
 20
201.35001288519967
 10
121.73332214355469
 20
201.55000474717883
 10
107.73332383897569
 20
201.60000271267361
  0
LWPOLYLINE
  5
424
330
17
100
AcDbEntity
  8
EJE_VIA
100
AcDbPolyline
 90
4
 70
0
 10
124.93333604600696
 20
201.43334282769098
 10
126.53333875868056
 20
201.33334689670139
 10
126.53333875868056
 20
201.53333875868057
 10
124.93333604600696
 20
201.53333875868057
  0
LWPOLYLINE
  5
425
330
17
100
AcDbEntity
  8
EJE_VIA
100
AcDbPolyline
 90
4
 70
0
 10
124.93333604600696
 20
201.43334282769098
 10
126.53333875868056
 20
201.33334689670139
 10
126.53333875868056
 20
201.53333875868057
 10
124.93333604600696
 20
201.53333875868057
  0
LWPOLYLINE
  5
426
330
17
100
AcDbEntity
  8
EJE_VIA
100
AcDbPolyline
 90
4
 70
0
 10
127.33334011501736
 20
201.43334282769098
 10
141.33333841959637
 20
201.2833489312066
 10
141.33333841959637
 20
201.48334079318576
 10
127.33334011501736
 20
201.53333875868057
  0
LWPOLYLINE
  5
427
330
17
100
AcDbEntity
  8
EJE_VIA
100
AcDbPolyline
 90
4
 70
0
 10
142.1333482530382
 20
201.38332790798611
 10
143.73335096571182
 20
201.26666598849826
 10
143.73335096571182
 20
201.46665785047745
 10
142.1333482530382
 20
201.4833238389757
  0
LWPOLYLINE
  5
428
330
17
100
AcDbEntity
  8
EJE_VIA
100
AcDbPolyline
 90
4
 70
0
 10
142.1333482530382
 20
201.38332790798611
 10
143.73335096571182
 20
201.26666598849826
 10
143.73335096571182
 20
201.46665785047745
 10
142.1333482530382
 20
201.4833238389757
  0
LWPOLYLINE
  5
429
330
17
100
AcDbEntity
  8
EJE_VIA
100
AcDbPolyline
 90
4
 70
0
 10
144.53331841362848
 20
201.36667887369794
 10
146.1333211263021
 20
201.26668294270834
 10
146.1333211263021
 20
201.4666748046875
 10
144.53331841362848
 20
201.4666748046875
  0
LWPOLYLINE
  5
42A
330
17
100
AcDbEntity
  8
EJE_VIA
100
AcDbPolyline
 90
4
 70
0
 10
144.53331841362848
 20
201.36667887369794
 10
146.1333211263021
 20
201.26668294270834
 10
146.1333211263021
 20
201.4666748046875
 10
144.53331841362848
 20
201.4666748046875
  0
LWPOLYLINE
  5
42B
330
17
100
AcDbEntity
  8
EJE_VIA
100
AcDbPolyline
 90
4
 70
0
 10
146.93332248263889
 20
201.36667887369794
 10
160.93332926432294
 20
201.21668497721356
 10
160.93332926432294
 20
201.41667683919272
 10
146.93332248263889
 20
201.4666748046875
  0
LWPOLYLINE
  5
42C
330
17
100
AcDbEntity
  8
EJE_VIA
100
AcDbPolyline
 90
4
 70
0
 10
161.73333062065973
 20
201.31666395399307
 10
163.33333333333334
 20
201.20000203450522
 10
163.33333333333334
 20
201.39999389648438
 10
161.73333062065973
 20
201.41665988498264
  0
LWPOLYLINE
  5
42D
330
17
100
AcDbEntity
  8
EJE_VIA
100
AcDbPolyline
 90
4
 70
0
 10
161.73333062065973
 20
201.31666395399307
 10
163.33333333333334
 20
201.20000203450522
 10
163.33333333333334
 20
201.39999389648438
 10
161.73333062065973
 20
201.41665988498264
  0
LWPOLYLINE
  5
42E
330
17
100
AcDbEntity
  8
EJE_VIA
100
AcDbPolyline
 90
4
 70
0
 10
164.13333468967014
 20
201.30001491970486
 10
165.73333740234375
 20
201.2000189887153
 10
165.73333740234375
 20
201.40001085069446
 10
164.13333468967014
 20
201.40001085069446
  0
LWPOLYLINE
  5
42F
330
17
100
AcDbEntity
  8
EJE_VIA
100
AcDbPolyline
 90
4
 70
0
 10
164.13333468967014
 20
201.30001491970486
 10
165.73333740234375
 20
201.2000189887153
 10
165.73333740234375
 20
201.40001085069446
 10
164.13333468967014
 20
201.40001085069446
  0
LWPOLYLINE
  5
430
330
17
100
AcDbEntity
  8
EJE_VIA
100
AcDbPolyline
 90
4
 70
0
 10
166.53333875868057
 20
201.30001491970486
 10
180.5333455403646
 20
201.1500210232205
 10
180.5333455403646
 20
201.35001288519967
 10
166.53333875868057
 20
201.40001085069446
  0
LWPOLYLINE
  5
431
330
17
100
AcDbEntity
  8
EJE_VIA
100
AcDbPolyline
 90
4
 70
0
 10
186.13333808051217
 20
201.23331705729169
 10
200.15001085069446
 20
201.0833231608073
 10
200.15001085069446
 20
201.28331502278647
 10
186.13333808051217
 20
201.33331298828125
  0
LWPOLYLINE
  5
432
330
17
100
AcDbEntity
  8
EJE_VIA
100
AcDbPolyline
 90
4
 70
0
 10
205.750003390842
 20
201.15000406901044
 10
219.75001017252606
 20
201.01667616102432
 10
219.75001017252606
 20
201.21666802300348
 10
205.750003390842
 20
201.25
  0
LWPOLYLINE
  5
433
330
17
100
AcDbEntity
  8
EJE_VIA
100
AcDbPolyline
 90
4
 70
0
 10
225.35000271267361
 20
201.08334011501736
 10
239.35000949435764
 20
200.933346218533
 10
239.35000949435764
 20
201.13333808051217
 10
225.35000271267361
 20
201.18333604600696
  0
LWPOLYLINE
  5
434
330
17
100
AcDbEntity
  8
EJE_VIA
100
AcDbPolyline
 90
4
 70
0
 10
244.95000203450522
 20
201.01667616102432
 10
258.95000881618927
 20
200.86668226453995
 10
258.95000881618927
 20
201.0666741265191
 10
244.95000203450522
 20
201.11667209201389
  0
LWPOLYLINE
  5
435
330
17
100
AcDbEntity
  8
EJE_VIA
100
AcDbPolyline
 90
4
 70
0
 10
259.749993218316
 20
200.96666124131946
 10
261.3499959309896
 20
200.86666531032986
 10
261.3499959309896
 20
201.06665717230905
 10
259.749993218316
 20
201.06665717230905
  0
LWPOLYLINE
  5
436
330
17
100
AcDbEntity
  8
EJE_VIA
100
AcDbPolyline
 90
4
 70
0
 10
259.749993218316
 20
200.96666124131946
 10
261.3499959309896
 20
200.86666531032986
 10
261.3499959309896
 20
201.06665717230905
 10
259.749993218316
 20
201.06665717230905
  0
LWPOLYLINE
  5
437
330
17
100
AcDbEntity
  8
EJE_VIA
100
AcDbPolyline
 90
4
 70
0
 10
262.1499972873264
 20
200.96666124131946
 10
263.75
 20
200.8499993218316
 10
263.75
 20
201.04999118381076
 10
262.1499972873264
 20
201.06665717230905
  0
LWPOLYLINE
  5
438
330
17
100
AcDbEntity
  8
EJE_VIA
100
AcDbPolyline
 90
4
 70
0
 10
262.1499972873264
 20
200.96666124131946
 10
263.75
 20
200.8499993218316
 10
263.75
 20
201.04999118381076
 10
262.1499972873264
 20
201.06665717230905
  0
LWPOLYLINE
  5
439
330
17
100
AcDbEntity
  8
EJE_VIA
100
AcDbPolyline
 90
4
 70
0
 10
264.5500013563368
 20
200.95001220703125
 10
278.55000813802087
 20
200.80001831054688
 10
278.55000813802087
 20
201.00001017252606
 10
264.5500013563368
 20
201.05000813802084
  0
LWPOLYLINE
  5
43A
330
17
100
AcDbEntity
  8
EJE_VIA
100
AcDbPolyline
 90
4
 70
0
 10
279.3499925401476
 20
200.89999728732639
 10
280.94999525282117
 20
200.80000135633682
 10
280.94999525282117
 20
200.99999321831598
 10
279.3499925401476
 20
200.99999321831598
  0
LWPOLYLINE
  5
43B
330
17
100
AcDbEntity
  8
EJE_VIA
100
AcDbPolyline
 90
4
 70
0
 10
279.3499925401476
 20
200.89999728732639
 10
280.94999525282117
 20
200.80000135633682
 10
280.94999525282117
 20
200.99999321831598
 10
279.3499925401476
 20
200.99999321831598
  0
LWPOLYLINE
  5
43C
330
17
100
AcDbEntity
  8
EJE_VIA
100
AcDbPolyline
 90
4
 70
0
 10
281.749996609158
 20
200.89999728732639
 10
283.3499993218316
 20
200.78333536783856
 10
283.3499993218316
 20
200.98332722981772
 10
281.749996609158
 20
200.99999321831598
  0
LWPOLYLINE
  5
43D
330
17
100
AcDbEntity
  8
EJE_VIA
100
AcDbPolyline
 90
4
 70
0
 10
281.749996609158
 20
200.89999728732639
 10
283.3499993218316
 20
200.78333536783856
 10
283.3499993218316
 20
200.98332722981772
 10
281.749996609158
 20
200.99999321831598
  0
LWPOLYLINE
  5
43E
330
17
100
AcDbEntity
  8
EJE_VIA
100
AcDbPolyline
 90
4
 70
0
 10
284.1500006781684
 20
200.8833482530382
 10
298.1499905056424
 20
200.73335435655383
 10
298.1499905056424
 20
200.933346218533
 10
284.1500006781684
 20
200.9833441840278
  0
LWPOLYLINE
  5
43F
330
17
100
AcDbEntity
  8
EJE_VIA
100
AcDbPolyline
 90
4
 70
0
 10
298.9499918619792
 20
200.83333333333334
 10
299.94998508029516
 20
200.73333740234375
 10
299.94998508029516
 20
200.93332926432294
 10
298.9499918619792
 20
200.93332926432294
  0
LWPOLYLINE
  5
440
330
17
100
AcDbEntity
  8
EJE_VIA
100
AcDbPolyline
 90
4
 70
0
 10
298.9499918619792
 20
200.83333333333334
 10
299.94998508029516
 20
200.73333740234375
 10
299.94998508029516
 20
200.93332926432294
 10
298.9499918619792
 20
200.93332926432294
  0
LWPOLYLINE
  5
441
330
17
100
AcDbEntity
  8
EJE_VIA
100
AcDbPolyline
 90
4
 70
0
 10
51.09998914930556
 20
198.30000135633682
 10
51.09998914930556
 20
198.10000949435764
 10
61.44998762342665
 20
198.0499945746528
 10
61.44998762342665
 20
198.250003390842
  0
LWPOLYLINE
  5
442
330
17
100
AcDbEntity
  8
EJE_VIA
100
AcDbPolyline
 90
5
 70
0
 10
51.09998914930556
 20
198.30000135633682
 10
61.44998762342665
 20
198.250003390842
 10
61.44998762342665
 20
198.0499945746528
 10
51.09998914930556
 20
198.10000949435764
 10
51.09998914930556
 20
198.30000135633682
  0
LWPOLYLINE
  5
443
330
17
100
AcDbEntity
  8
EJE_VIA
100
AcDbPolyline
 90
4
 70
0
 10
90.88334825303819
 20
198.0499945746528
 10
100.21668328179254
 20
197.91666666666669
 10
100.21668328179254
 20
198.11665852864584
 10
90.88334825303819
 20
198.14999050564236
  0
LWPOLYLINE
  5
444
330
17
100
AcDbEntity
  8
EJE_VIA
100
AcDbPolyline
 90
4
 70
0
 10
105.816650390625
 20
198.00001356336807
 10
119.816648695204
 20
197.8500196668837
 10
119.816648695204
 20
198.05001152886285
 10
105.816650390625
 20
198.10000949435764
  0
LWPOLYLINE
  5
445
330
17
100
AcDbEntity
  8
EJE_VIA
100
AcDbPolyline
 90
4
 70
0
 10
120.61665852864584
 20
197.9499986436632
 10
122.21666124131944
 20
197.85000271267361
 10
122.21666124131944
 20
198.0499945746528
 10
120.61665852864584
 20
198.0499945746528
  0
LWPOLYLINE
  5
446
330
17
100
AcDbEntity
  8
EJE_VIA
100
AcDbPolyline
 90
4
 70
0
 10
120.61665852864584
 20
197.9499986436632
 10
122.21666124131944
 20
197.85000271267361
 10
122.21666124131944
 20
198.0499945746528
 10
120.61665852864584
 20
198.0499945746528
  0
LWPOLYLINE
  5
447
330
17
100
AcDbEntity
  8
EJE_VIA
100
AcDbPolyline
 90
4
 70
0
 10
125.41666666666667
 20
197.933349609375
 10
139.41666497124567
 20
197.78335571289062
 10
139.41666497124567
 20
197.9833475748698
 10
125.41666666666667
 20
198.0333455403646
  0
LWPOLYLINE
  5
448
330
17
100
AcDbEntity
  8
EJE_VIA
100
AcDbPolyline
 90
4
 70
0
 10
145.01668294270834
 20
197.86665174696182
 10
159.01668972439236
 20
197.71665785047745
 10
159.01668972439236
 20
197.9166497124566
 10
145.01668294270834
 20
197.96664767795139
  0
LWPOLYLINE
  5
449
330
17
100
AcDbEntity
  8
EJE_VIA
100
AcDbPolyline
 90
4
 70
0
 10
159.81665717230902
 20
197.8166707356771
 10
161.41665988498264
 20
197.7166748046875
 10
161.41665988498264
 20
197.91666666666669
 10
159.81665717230902
 20
197.91666666666669
  0
LWPOLYLINE
  5
44A
330
17
100
AcDbEntity
  8
EJE_VIA
100
AcDbPolyline
 90
4
 70
0
 10
159.81665717230902
 20
197.8166707356771
 10
161.41665988498264
 20
197.7166748046875
 10
161.41665988498264
 20
197.91666666666669
 10
159.81665717230902
 20
197.91666666666669
  0
LWPOLYLINE
  5
44B
330
17
100
AcDbEntity
  8
EJE_VIA
100
AcDbPolyline
 90
4
 70
0
 10
162.21666124131946
 20
197.79998779296875
 10
163.81666395399307
 20
197.69999186197919
 10
163.81666395399307
 20
197.89998372395834
 10
162.21666124131946
 20
197.89998372395834
  0
LWPOLYLINE
  5
44C
330
17
100
AcDbEntity
  8
EJE_VIA
100
AcDbPolyline
 90
4
 70
0
 10
162.21666124131946
 20
197.79998779296875
 10
163.81666395399307
 20
197.69999186197919
 10
163.81666395399307
 20
197.89998372395834
 10
162.21666124131946
 20
197.89998372395834
  0
LWPOLYLINE
  5
44D
330
17
100
AcDbEntity
  8
EJE_VIA
100
AcDbPolyline
 90
4
 70
0
 10
164.61666531032986
 20
197.79998779296875
 10
178.61667209201389
 20
197.64999389648438
 10
178.61667209201389
 20
197.84998575846356
 10
164.61666531032986
 20
197.89998372395834
  0
LWPOLYLINE
  5
44E
330
17
100
AcDbEntity
  8
EJE_VIA
100
AcDbPolyline
 90
4
 70
0
 10
184.21666463216147
 20
197.7333238389757
 10
198.2166714138455
 20
197.58332994249133
 10
198.2166714138455
 20
197.7833218044705
 10
184.21666463216147
 20
197.8333197699653
  0
LWPOLYLINE
  5
44F
330
17
100
AcDbEntity
  8
EJE_VIA
100
AcDbPolyline
 90
4
 70
0
 10
203.81666395399307
 20
197.66665988498264
 10
217.8166707356771
 20
197.51666598849826
 10
217.8166707356771
 20
197.71665785047745
 10
203.81666395399307
 20
197.76665581597223
  0
LWPOLYLINE
  5
450
330
17
100
AcDbEntity
  8
EJE_VIA
100
AcDbPolyline
 90
4
 70
0
 10
223.41666327582467
 20
197.5999959309896
 10
237.4166700575087
 20
197.45000203450522
 10
237.4166700575087
 20
197.64999389648438
 10
223.41666327582467
 20
197.69999186197919
  0
LWPOLYLINE
  5
451
330
17
100
AcDbEntity
  8
EJE_VIA
100
AcDbPolyline
 90
4
 70
0
 10
238.2166714138455
 20
197.55001491970486
 10
239.8166741265191
 20
197.433353000217
 10
239.8166741265191
 20
197.6333448621962
 10
238.2166714138455
 20
197.65001085069446
  0
LWPOLYLINE
  5
452
330
17
100
AcDbEntity
  8
EJE_VIA
100
AcDbPolyline
 90
4
 70
0
 10
238.2166714138455
 20
197.55001491970486
 10
239.8166741265191
 20
197.433353000217
 10
239.8166741265191
 20
197.6333448621962
 10
238.2166714138455
 20
197.65001085069446
  0
LWPOLYLINE
  5
453
330
17
100
AcDbEntity
  8
EJE_VIA
100
AcDbPolyline
 90
4
 70
0
 10
240.61665852864584
 20
197.53333197699655
 10
242.21666124131946
 20
197.43333604600696
 10
242.21666124131946
 20
197.63332790798611
 10
240.61665852864584
 20
197.63332790798611
  0
LWPOLYLINE
  5
454
330
17
100
AcDbEntity
  8
EJE_VIA
100
AcDbPolyline
 90
4
 70
0
 10
240.61665852864584
 20
197.53333197699655
 10
242.21666124131946
 20
197.43333604600696
 10
242.21666124131946
 20
197.63332790798611
 10
240.61665852864584
 20
197.63332790798611
  0
LWPOLYLINE
  5
455
330
17
100
AcDbEntity
  8
EJE_VIA
100
AcDbPolyline
 90
4
 70
0
 10
243.01666259765625
 20
197.53333197699655
 10
257.01666937934027
 20
197.38333808051217
 10
257.01666937934027
 20
197.58332994249133
 10
243.01666259765625
 20
197.63332790798611
  0
LWPOLYLINE
  5
456
330
17
100
AcDbEntity
  8
EJE_VIA
100
AcDbPolyline
 90
4
 70
0
 10
257.8166707356771
 20
197.48331705729169
 10
259.4166734483507
 20
197.36665513780383
 10
259.4166734483507
 20
197.566646999783
 10
257.8166707356771
 20
197.58331298828125
  0
LWPOLYLINE
  5
457
330
17
100
AcDbEntity
  8
EJE_VIA
100
AcDbPolyline
 90
4
 70
0
 10
257.8166707356771
 20
197.48331705729169
 10
259.4166734483507
 20
197.36665513780383
 10
259.4166734483507
 20
197.566646999783
 10
257.8166707356771
 20
197.58331298828125
  0
LWPOLYLINE
  5
458
330
17
100
AcDbEntity
  8
EJE_VIA
100
AcDbPolyline
 90
4
 70
0
 10
260.2166748046875
 20
197.46666802300348
 10
261.81667751736114
 20
197.36667209201389
 10
261.81667751736114
 20
197.56666395399307
 10
260.2166748046875
 20
197.56666395399307
  0
LWPOLYLINE
  5
459
330
17
100
AcDbEntity
  8
EJE_VIA
100
AcDbPolyline
 90
4
 70
0
 10
260.2166748046875
 20
197.46666802300348
 10
261.81667751736114
 20
197.36667209201389
 10
261.81667751736114
 20
197.56666395399307
 10
260.2166748046875
 20
197.56666395399307
  0
LWPOLYLINE
  5
45A
330
17
100
AcDbEntity
  8
EJE_VIA
100
AcDbPolyline
 90
4
 70
0
 10
262.61666191948785
 20
197.46666802300348
 10
276.6166687011719
 20
197.3166741265191
 10
276.6166687011719
 20
197.51666598849826
 10
262.61666191948785
 20
197.56666395399307
  0
LWPOLYLINE
  5
45B
330
17
100
AcDbEntity
  8
EJE_VIA
100
AcDbPolyline
 90
4
 70
0
 10
277.41667005750867
 20
197.41665310329861
 10
279.0166727701823
 20
197.29999118381076
 10
279.0166727701823
 20
197.49998304578995
 10
277.41667005750867
 20
197.5166490342882
  0
LWPOLYLINE
  5
45C
330
17
100
AcDbEntity
  8
EJE_VIA
100
AcDbPolyline
 90
4
 70
0
 10
277.41667005750867
 20
197.41665310329861
 10
279.0166727701823
 20
197.29999118381076
 10
279.0166727701823
 20
197.49998304578995
 10
277.41667005750867
 20
197.5166490342882
  0
LWPOLYLINE
  5
45D
330
17
100
AcDbEntity
  8
EJE_VIA
100
AcDbPolyline
 90
4
 70
0
 10
279.8166741265191
 20
197.40000406901044
 10
281.41667683919275
 20
197.30000813802084
 10
281.41667683919275
 20
197.5
 10
279.8166741265191
 20
197.5
  0
LWPOLYLINE
  5
45E
330
17
100
AcDbEntity
  8
EJE_VIA
100
AcDbPolyline
 90
4
 70
0
 10
279.8166741265191
 20
197.40000406901044
 10
281.41667683919275
 20
197.30000813802084
 10
281.41667683919275
 20
197.5
 10
279.8166741265191
 20
197.5
  0
LWPOLYLINE
  5
45F
330
17
100
AcDbEntity
  8
EJE_VIA
100
AcDbPolyline
 90
4
 70
0
 10
282.21666124131946
 20
197.40000406901044
 10
296.2166680230035
 20
197.25001017252606
 10
296.2166680230035
 20
197.45000203450522
 10
282.21666124131946
 20
197.5
  0
LWPOLYLINE
  5
460
330
17
100
AcDbEntity
  8
EJE_VIA
100
AcDbPolyline
 90
4
 70
0
 10
297.01666937934027
 20
197.33334011501736
 10
298.6166720920139
 20
197.2333441840278
 10
298.6166720920139
 20
197.43333604600696
 10
297.01666937934027
 20
197.43333604600696
  0
LWPOLYLINE
  5
461
330
17
100
AcDbEntity
  8
EJE_VIA
100
AcDbPolyline
 90
4
 70
0
 10
297.01666937934027
 20
197.33334011501736
 10
298.6166720920139
 20
197.2333441840278
 10
298.6166720920139
 20
197.43333604600696
 10
297.01666937934027
 20
197.43333604600696
  0
LWPOLYLINE
  5
462
330
17
100
AcDbEntity
  8
EJE_VIA
100
AcDbPolyline
 90
4
 70
0
 10
299.4166734483507
 20
197.33334011501736
 10
299.95001898871527
 20
197.2333441840278
 10
299.95001898871527
 20
197.43333604600696
 10
299.4166734483507
 20
197.43333604600696
  0
LWPOLYLINE
  5
463
330
17
100
AcDbEntity
  8
EJE_VIA
100
AcDbPolyline
 90
4
 70
0
 10
299.4166734483507
 20
197.33334011501736
 10
299.95001898871527
 20
197.2333441840278
 10
299.95001898871527
 20
197.43333604600696
 10
299.4166734483507
 20
197.43333604600696
  0
LINE
  5
464
330
17
100
AcDbEntity
  8
EJE_VIA
100
AcDbLine
 10
66.19998508029514
 20
180.63334147135419
 30
0.0
 11
51.033316718207466
 21
180.6666734483507
 31
0.0
  0
LINE
  5
465
330
17
100
AcDbEntity
  8
EJE_VIA
100
AcDbLine
 10
66.19998508029514
 20
180.63334147135419
 30
0.0
 11
51.033316718207466
 21
180.56667751736111
 31
0.0
  0
LINE
  5
466
330
17
100
AcDbEntity
  8
EJE_VIA
100
AcDbLine
 10
51.0333251953125
 20
180.46666463216147
 30
0.0
 11
66.19999355740018
 21
180.5333285861545
 31
0.0
  0
LINE
  5
467
330
17
100
AcDbEntity
  8
EJE_VIA
100
AcDbLine
 10
66.19998508029514
 20
180.43333265516495
 30
0.0
 11
51.033316718207466
 21
180.46666463216147
 31
0.0
  0
LWPOLYLINE
  5
468
330
17
100
AcDbEntity
  8
EJE_VIA
100
AcDbPolyline
 90
4
 70
0
 10
72.21666124131944
 20
180.5333285861545
 10
81.56666225857205
 20
180.41666666666669
 10
81.56666225857205
 20
180.61665852864584
 10
72.21666124131944
 20
180.6333245171441
  0
LWPOLYLINE
  5
469
330
17
100
AcDbEntity
  8
EJE_VIA
100
AcDbPolyline
 90
3
 70
0
 10
92.86665174696181
 20
180.499996609158
 10
115.08332146538629
 20
180.4499986436632
 10
115.01664903428819
 20
150.4499986436632
  0
LINE
  5
46A
330
17
100
AcDbEntity
  8
EJE_VIA
100
AcDbLine
 10
115.01668294270834
 20
150.54999457465277
 30
0.0
 11
51.03335062662761
 21
150.69998847113715
 31
0.0
  0
LINE
  5
46B
330
17
100
AcDbEntity
  8
EJE_VIA
100
AcDbLine
 10
115.01668294270834
 20
150.54999457465277
 30
0.0
 11
51.03335062662761
 21
150.59999254014758
 31
0.0
  0
LINE
  5
46C
330
17
100
AcDbEntity
  8
EJE_VIA
100
AcDbLine
 10
51.0333251953125
 20
150.499996609158
 30
0.0
 11
115.01665751139323
 21
150.4499986436632
 31
0.0
  0
LINE
  5
46D
330
17
100
AcDbEntity
  8
EJE_VIA
100
AcDbLine
 10
115.01668294270834
 20
150.35000271267361
 30
0.0
 11
51.03335062662761
 21
150.499996609158
 31
0.0
  0
LWPOLYLINE
  5
46E
330
17
100
AcDbEntity
  8
EJE_VIA
100
AcDbPolyline
 90
4
 70
0
 10
51.0333251953125
 20
150.499996609158
 10
115.01665751139323
 20
150.35000271267361
 10
115.01665751139323
 20
150.54999457465277
 10
51.0333251953125
 20
150.69998847113715
  0
LWPOLYLINE
  5
46F
330
17
100
AcDbEntity
  8
EJE_VIA
100
AcDbPolyline
 90
4
 70
0
 10
118.46666124131944
 20
132.21666124131946
 10
116.0333251953125
 20
134.76665920681424
 10
115.8999972873264
 20
134.63333129882812
 10
118.3999972873264
 20
132.14999728732639
  0
LWPOLYLINE
  5
470
330
17
100
AcDbEntity
  8
EJE_VIA
100
AcDbPolyline
 90
4
 70
0
 10
118.46666124131944
 20
132.21666124131946
 10
116.0333251953125
 20
134.76665920681424
 10
115.8999972873264
 20
134.63333129882812
 10
118.3999972873264
 20
132.14999728732639
  0
LWPOLYLINE
  5
471
330
17
100
AcDbEntity
  8
EJE_VIA
100
AcDbPolyline
 90
4
 70
0
 10
157.44998508029514
 20
125.19999186197917
 10
157.31665717230902
 20
125.28332180447049
 10
157.31665717230902
 20
125.4333241780599
 10
157.44998508029514
 20
125.49998813205296
  0
LWPOLYLINE
  5
472
330
17
100
AcDbEntity
  8
EJE_VIA
100
AcDbPolyline
 90
3
 70
0
 10
157.44998508029514
 20
125.35000271267361
 10
299.94998508029516
 20
125.0666724310981
 10
157.44998508029514
 20
125.50000508626303
  0
LWPOLYLINE
  5
473
330
17
100
AcDbEntity
  8
EJE_VIA
100
AcDbPolyline
 90
3
 70
0
 10
157.44998508029514
 20
125.19999186197917
 10
299.94998508029516
 20
125.06665547688803
 10
157.44998508029514
 20
125.34999423556859
  0
LWPOLYLINE
  5
474
330
17
100
AcDbEntity
  8
EJE_VIA
100
AcDbPolyline
 90
3
 70
0
 10
157.44998508029514
 20
125.19999186197917
 10
299.94998508029516
 20
124.91666158040366
 10
299.94998508029516
 20
125.06665547688803
  0
LWPOLYLINE
  5
475
330
17
100
AcDbEntity
  8
EJE_VIA
100
AcDbPolyline
 90
3
 70
0
 10
299.95001898871527
 20
124.76665920681424
 10
299.95001898871527
 20
124.91666158040366
 10
157.45001898871527
 20
125.19999186197917
  0
LWPOLYLINE
  5
476
330
17
100
AcDbEntity
  8
EJE_VIA
100
AcDbPolyline
 90
6
 70
0
 10
157.44998508029514
 20
125.35000271267361
 10
157.44998508029514
 20
125.20000033908421
 10
299.94998508029516
 20
124.76666768391928
 10
299.94998508029516
 20
125.0666724310981
 10
157.44998508029514
 20
125.50000508626303
 10
157.44998508029514
 20
125.35000271267361
  0
LWPOLYLINE
  5
477
330
17
100
AcDbEntity
  8
EJE_VIA
100
AcDbPolyline
 90
3
 70
0
 10
157.46666802300348
 20
131.3499959309896
 10
299.95001898871527
 20
130.96666124131946
 10
157.46666802300348
 20
131.39999389648438
  0
LWPOLYLINE
  5
478
330
17
100
AcDbEntity
  8
EJE_VIA
100
AcDbPolyline
 90
3
 70
0
 10
157.46666802300348
 20
131.2999979654948
 10
299.95001898871527
 20
130.96666124131946
 10
157.46666802300348
 20
131.3499959309896
  0
LINE
  5
479
330
17
100
AcDbEntity
  8
EJE_VIA
100
AcDbLine
 10
157.46666802300348
 20
131.2999979654948
 30
0.0
 11
299.95001898871527
 21
130.91666327582465
 31
0.0
  0
LWPOLYLINE
  5
47A
330
17
100
AcDbEntity
  8
EJE_VIA
100
AcDbPolyline
 90
3
 70
0
 10
157.46666802300348
 20
131.3499959309896
 10
299.95001898871527
 20
130.86666531032986
 10
157.46666802300348
 20
131.39999389648438
  0
LWPOLYLINE
  5
47B
330
17
100
AcDbEntity
  8
EJE_VIA
100
AcDbPolyline
 90
19
 70
0
 10
157.44998508029514
 20
125.35000271267361
 10
156.61665174696182
 20
125.31667073567709
 10
155.71896405683623
 20
125.20335114871463
 10
154.84716137250265
 20
125.01199339826903
 10
154.0050058397982
 20
124.74627788489065
 10
153.19625960456
 20
124.40988500912985
 10
152.42468481262526
 20
124.00649517153701
 10
151.69404360983108
 20
123.53978877266249
 10
151.0080981420146
 20
123.01344621305665
 10
150.37061055501303
 20
122.43114789326987
 10
149.78534299466347
 20
121.7965742138525
 10
149.25605760680304
 20
121.1134055753549
 10
148.78651653726897
 20
120.38532237832746
 10
148.38048193189834
 20
119.61600502332053
 10
148.0417159365283
 20
118.80913391088447
 10
147.77398069699606
 20
117.96838944156966
 10
147.58103835913872
 20
117.09745201592645
 10
147.4666510687934
 20
116.20000203450522
 10
147.41665310329861
 20
115.38333468967015
  0
LWPOLYLINE
  5
47C
330
17
100
AcDbEntity
  8
EJE_VIA
100
AcDbPolyline
 90
19
 70
0
 10
157.46666802300348
 20
131.3499959309896
 10
156.45000881618924
 20
131.31666395399307
 10
154.9673290343748
 20
131.16033893078566
 10
153.52689382102756
 20
130.8705476588673
 10
152.1352570793695
 20
130.4537195670936
 10
150.79897271262274
 20
129.91628408432007
 10
149.5245946240094
 20
129.26467063940234
 10
148.31867671675153
 20
128.50530866119598
 10
147.1877728940712
 20
127.64462757855654
 10
146.13843705919055
 20
126.68905682033963
 10
145.1772231153316
 20
125.64502581540081
 10
144.31068496571646
 20
124.51896399259567
 10
143.54537651356725
 20
123.31730078077979
 10
142.887851662106
 20
122.04646560880873
 10
142.3446643145548
 20
120.71288790553808
 10
141.92236837413577
 20
119.32299709982343
 10
141.62751774407096
 20
117.88322262052033
 10
141.46666632758246
 20
116.39999389648438
 10
141.41666836208768
 20
115.38332621256511
  0
LWPOLYLINE
  5
47D
330
17
100
AcDbEntity
  8
EJE_VIA
100
AcDbPolyline
 90
4
 70
0
 10
128.46666124131946
 20
129.9166700575087
 10
146.3499959309896
 20
129.78333367241754
 10
146.3499959309896
 20
129.98333401150174
 10
128.46666124131946
 20
130.01666598849826
  0
LWPOLYLINE
  5
47E
330
17
100
AcDbEntity
  8
EJE_VIA
100
AcDbPolyline
 90
4
 70
0
 10
148.35001627604169
 20
129.86667209201389
 10
166.35001288519965
 20
129.73333570692276
 10
166.35001288519965
 20
129.93333604600696
 10
148.35001627604169
 20
129.96666802300348
  0
LWPOLYLINE
  5
47F
330
17
100
AcDbEntity
  8
EJE_VIA
100
AcDbPolyline
 90
4
 70
0
 10
168.3499993218316
 20
129.83334011501736
 10
186.3499959309896
 20
129.68333774142795
 10
186.3499959309896
 20
129.88333808051215
 10
168.3499993218316
 20
129.93333604600696
  0
LWPOLYLINE
  5
480
330
17
100
AcDbEntity
  8
EJE_VIA
100
AcDbPolyline
 90
4
 70
0
 10
188.3499993218316
 20
129.7833251953125
 10
206.3499959309896
 20
129.63332282172308
 10
206.3499959309896
 20
129.8333231608073
 10
188.3499993218316
 20
129.8833211263021
  0
LWPOLYLINE
  5
481
330
17
100
AcDbEntity
  8
EJE_VIA
100
AcDbPolyline
 90
4
 70
0
 10
208.3499993218316
 20
129.73332722981772
 10
226.36666191948785
 20
129.59999084472656
 10
226.36666191948785
 20
129.79999118381076
 10
208.3499993218316
 20
129.8333231608073
  0
LWPOLYLINE
  5
482
330
17
100
AcDbEntity
  8
EJE_VIA
100
AcDbPolyline
 90
4
 70
0
 10
228.36666531032986
 20
129.68332926432294
 10
246.36666191948785
 20
129.54999287923178
 10
246.36666191948785
 20
129.74999321831598
 10
228.36666531032986
 20
129.7833251953125
  0
LWPOLYLINE
  5
483
330
17
100
AcDbEntity
  8
EJE_VIA
100
AcDbPolyline
 90
4
 70
0
 10
248.36666531032986
 20
129.64999728732639
 10
266.36666191948785
 20
129.499994913737
 10
266.36666191948785
 20
129.6999952528212
 10
248.36666531032986
 20
129.74999321831598
  0
LWPOLYLINE
  5
484
330
17
100
AcDbEntity
  8
EJE_VIA
100
AcDbPolyline
 90
4
 70
0
 10
268.3666653103299
 20
129.5999993218316
 10
286.36667887369794
 20
129.46666293674045
 10
286.36667887369794
 20
129.66666327582465
 10
268.3666653103299
 20
129.6999952528212
  0
LWPOLYLINE
  5
485
330
17
100
AcDbEntity
  8
EJE_VIA
100
AcDbPolyline
 90
3
 70
0
 10
288.3666653103299
 20
129.55000135633682
 10
299.94998508029516
 20
129.63333129882812
 10
288.3666653103299
 20
129.64999728732639
  0
LWPOLYLINE
  5
486
330
17
100
AcDbEntity
  8
EJE_VIA
100
AcDbPolyline
 90
3
 70
0
 10
288.3666653103299
 20
129.45000542534723
 10
299.94998508029516
 20
129.63333977593317
 10
288.3666653103299
 20
129.55000135633682
  0
LWPOLYLINE
  5
487
330
17
100
AcDbEntity
  8
EJE_VIA
100
AcDbPolyline
 90
3
 70
0
 10
288.3666653103299
 20
129.45000542534723
 10
299.94998508029516
 20
129.53333536783856
 10
299.94998508029516
 20
129.63333977593317
  0
LINE
  5
488
330
17
100
AcDbEntity
  8
EJE_VIA
100
AcDbLine
 10
299.95001898871527
 20
129.43333943684897
 30
0.0
 11
288.36669921875
 21
129.45000542534723
 31
0.0
  0
LWPOLYLINE
  5
489
330
17
100
AcDbEntity
  8
EJE_VIA
100
AcDbPolyline
 90
3
 70
0
 10
97.44998508029515
 20
125.63334147135417
 10
51.033316718207466
 20
125.73333740234375
 10
51.033316718207466
 20
125.58334350585938
  0
LWPOLYLINE
  5
48A
330
17
100
AcDbEntity
  8
EJE_VIA
100
AcDbPolyline
 90
3
 70
0
 10
97.44998508029515
 20
125.63334147135417
 10
51.033316718207466
 20
125.58334350585938
 10
51.033316718207466
 20
125.43334113226997
  0
LWPOLYLINE
  5
48B
330
17
100
AcDbEntity
  8
EJE_VIA
100
AcDbPolyline
 90
3
 70
0
 10
51.0333251953125
 20
125.43333265516493
 10
97.44999355740018
 20
125.48333062065973
 10
97.44999355740018
 20
125.63333299424914
  0
LWPOLYLINE
  5
48C
330
17
100
AcDbEntity
  8
EJE_VIA
100
AcDbPolyline
 90
3
 70
0
 10
97.44998508029515
 20
125.33333672417535
 10
97.44998508029515
 20
125.48333909776477
 10
51.033316718207466
 20
125.43333265516493
  0
LWPOLYLINE
  5
48D
330
17
100
AcDbEntity
  8
EJE_VIA
100
AcDbPolyline
 90
4
 70
0
 10
97.44998508029515
 20
125.63334147135417
 10
97.58332146538629
 20
125.55001152886285
 10
97.58332146538629
 20
125.40000915527344
 10
97.44998508029515
 20
125.3333452012804
  0
LINE
  5
48E
330
17
100
AcDbEntity
  8
EJE_VIA
100
AcDbLine
 10
97.44998508029515
 20
131.53333875868057
 30
0.0
 11
51.033316718207466
 21
131.63333468967014
 31
0.0
  0
LINE
  5
48F
330
17
100
AcDbEntity
  8
EJE_VIA
100
AcDbLine
 10
97.44998508029515
 20
131.53333875868057
 30
0.0
 11
51.033316718207466
 21
131.58333672417535
 31
0.0
  0
LINE
  5
490
330
17
100
AcDbEntity
  8
EJE_VIA
100
AcDbLine
 10
51.0333251953125
 20
131.53333875868057
 30
0.0
 11
97.44999355740018
 21
131.48334079318576
 31
0.0
  0
LWPOLYLINE
  5
491
330
17
100
AcDbEntity
  8
EJE_VIA
100
AcDbPolyline
 90
3
 70
0
 10
51.0333251953125
 20
131.53333875868057
 10
97.44999355740018
 20
131.43334282769098
 10
51.0333251953125
 20
131.63333468967014
  0
LWPOLYLINE
  5
492
330
17
100
AcDbEntity
  8
EJE_VIA
100
AcDbPolyline
 90
3
 70
0
 10
107.30000813802084
 20
71.15000406901042
 10
107.26667616102431
 20
115.46666463216147
 10
107.15000576443143
 20
71.15000406901042
  0
LWPOLYLINE
  5
493
330
17
100
AcDbEntity
  8
EJE_VIA
100
AcDbPolyline
 90
3
 70
0
 10
107.44998508029515
 20
71.15000406901042
 10
107.26665072970921
 20
115.46666463216147
 10
107.29998270670573
 20
71.15000406901042
  0
LWPOLYLINE
  5
494
330
17
100
AcDbEntity
  8
EJE_VIA
100
AcDbPolyline
 90
3
 70
0
 10
107.44998508029515
 20
71.15000406901042
 10
107.41665310329861
 20
115.46666463216147
 10
107.26665072970921
 20
115.46666463216147
  0
LWPOLYLINE
  5
495
330
17
100
AcDbEntity
  8
EJE_VIA
100
AcDbPolyline
 90
3
 70
0
 10
107.56666395399306
 20
115.46666463216147
 10
107.41666158040366
 20
115.46666463216147
 10
107.44999355740018
 20
71.15000406901042
  0
LWPOLYLINE
  5
496
330
17
100
AcDbEntity
  8
EJE_VIA
100
AcDbPolyline
 90
6
 70
0
 10
107.30000813802084
 20
71.15000406901042
 10
107.45001051161024
 20
71.15000406901042
 10
107.5666724310981
 20
115.46666463216147
 10
107.26667616102431
 20
115.46666463216147
 10
107.15000576443143
 20
71.15000406901042
 10
107.30000813802084
 20
71.15000406901042
  0
LWPOLYLINE
  5
497
330
17
100
AcDbEntity
  8
EJE_VIA
100
AcDbPolyline
 90
5
 70
0
 10
107.41665310329861
 20
115.46666463216147
 10
107.56665547688803
 20
115.46666463216147
 10
107.5333234998915
 20
116.28333197699654
 10
107.23331875271268
 20
116.28333197699654
 10
107.26665072970921
 20
115.46666463216147
  0
LWPOLYLINE
  5
498
330
17
100
AcDbEntity
  8
EJE_VIA
100
AcDbPolyline
 90
6
 70
0
 10
107.41665310329861
 20
115.46666463216147
 10
107.56665547688803
 20
115.46666463216147
 10
107.5333234998915
 20
116.28333197699654
 10
107.23331875271268
 20
116.28333197699654
 10
107.26665072970921
 20
115.46666463216147
 10
107.41665310329861
 20
115.46666463216147
  0
LWPOLYLINE
  5
499
330
17
100
AcDbEntity
  8
EJE_VIA
100
AcDbPolyline
 90
5
 70
0
 10
107.38332112630209
 20
116.28333197699654
 10
107.5333234998915
 20
116.2999979654948
 10
107.43331909179688
 20
117.11666531032986
 10
107.1333228217231
 20
117.08333333333334
 10
107.23331875271268
 20
116.26666598849827
  0
LWPOLYLINE
  5
49A
330
17
100
AcDbEntity
  8
EJE_VIA
100
AcDbPolyline
 90
6
 70
0
 10
107.38332112630209
 20
116.28333197699654
 10
107.5333234998915
 20
116.2999979654948
 10
107.43331909179688
 20
117.11666531032986
 10
107.1333228217231
 20
117.08333333333334
 10
107.23331875271268
 20
116.26666598849827
 10
107.38332112630209
 20
116.28333197699654
  0
LWPOLYLINE
  5
49B
330
17
100
AcDbEntity
  8
EJE_VIA
100
AcDbPolyline
 90
5
 70
0
 10
106.88334147135417
 20
118.70000203450522
 10
107.01667785644531
 20
118.75
 10
106.7166731092665
 20
119.53333536783855
 10
106.45000881618924
 20
119.43333943684897
 10
106.75000508626303
 20
118.65000406901042
  0
LWPOLYLINE
  5
49C
330
17
100
AcDbEntity
  8
EJE_VIA
100
AcDbPolyline
 90
5
 70
0
 10
106.23331705729167
 20
120.2166748046875
 10
106.36665344238281
 20
120.30000474717882
 10
105.93332078721788
 20
121.01667616102431
 10
105.6666480170356
 20
120.85000779893663
 10
106.09998067220053
 20
120.13334486219618
  0
LWPOLYLINE
  5
49D
330
17
100
AcDbEntity
  8
EJE_VIA
100
AcDbPolyline
 90
5
 70
0
 10
105.80000135633681
 20
120.93332926432292
 10
105.91667175292969
 20
121.01665920681424
 10
105.44999864366319
 20
121.68333265516493
 10
105.21666632758247
 20
121.51666429307726
 10
105.68333095974393
 20
120.8499993218316
  0
LWPOLYLINE
  5
49E
330
17
100
AcDbEntity
  8
EJE_VIA
100
AcDbPolyline
 90
4
 70
0
 10
104.80000813802084
 20
122.23332722981772
 10
104.31667751736111
 20
122.9333241780599
 10
104.11667717827692
 20
122.73332383897569
 10
104.70001220703125
 20
122.13333129882812
  0
LWPOLYLINE
  5
49F
330
17
100
AcDbEntity
  8
EJE_VIA
100
AcDbPolyline
 90
5
 70
0
 10
104.21668158637154
 20
122.83333672417535
 10
104.31667751736111
 20
122.95000712076823
 10
103.68334452311198
 20
123.48333570692274
 10
103.48334418402779
 20
123.25000339084202
 10
104.11668565538194
 20
122.71666632758247
  0
LWPOLYLINE
  5
4A0
330
17
100
AcDbEntity
  8
EJE_VIA
100
AcDbPolyline
 90
5
 70
0
 10
103.58334011501736
 20
123.36666531032986
 10
103.66667005750868
 20
123.48333570692274
 10
103.00000508626303
 20
123.96666632758247
 10
102.83333672417535
 20
123.73333401150174
 10
103.50001017252605
 20
123.24999491373698
  0
LWPOLYLINE
  5
4A1
330
17
100
AcDbEntity
  8
EJE_VIA
100
AcDbPolyline
 90
5
 70
0
 10
102.91666666666667
 20
123.84999593098959
 10
102.99999660915799
 20
123.98333231608073
 10
102.28333367241754
 20
124.3999989827474
 10
102.11666531032986
 20
124.13332621256511
 10
102.83333672417535
 20
123.71665954589844
  0
LWPOLYLINE
  5
4A2
330
17
100
AcDbEntity
  8
EJE_VIA
100
AcDbPolyline
 90
5
 70
0
 10
102.20001220703125
 20
124.26666259765625
 10
102.26667616102431
 20
124.3999989827474
 10
101.5333472357856
 20
124.76665920681424
 10
101.40001085069444
 20
124.49999491373698
 10
102.13334825303819
 20
124.13332621256511
  0
LWPOLYLINE
  5
4A3
330
17
100
AcDbEntity
  8
EJE_VIA
100
AcDbPolyline
 90
5
 70
0
 10
101.4666748046875
 20
124.63333129882812
 10
101.5166727701823
 20
124.76666768391928
 10
100.73333740234375
 20
125.06666395399306
 10
100.63334147135417
 20
124.7999996609158
 10
101.41667683919272
 20
124.49999491373698
  0
LWPOLYLINE
  5
4A4
330
17
100
AcDbEntity
  8
EJE_VIA
100
AcDbPolyline
 90
5
 70
0
 10
100.6833224826389
 20
124.93333604600696
 10
100.73332044813368
 20
125.08333841959636
 10
99.94998508029515
 20
125.31667073567709
 10
99.84998914930556
 20
125.01666598849827
 10
100.6333245171441
 20
124.78333367241754
  0
LWPOLYLINE
  5
4A5
330
17
100
AcDbEntity
  8
EJE_VIA
100
AcDbPolyline
 90
5
 70
0
 10
99.90000406901042
 20
125.16665988498265
 10
99.93333604600694
 20
125.31666225857205
 10
99.11666870117188
 20
125.49999660915799
 10
99.05000474717882
 20
125.19999186197917
 10
99.8666720920139
 20
125.01665751139323
  0
LWPOLYLINE
  5
4A6
330
17
100
AcDbEntity
  8
EJE_VIA
100
AcDbPolyline
 90
5
 70
0
 10
99.08331976996529
 20
125.35000271267361
 10
99.09998575846355
 20
125.50000508626303
 10
98.28331841362848
 20
125.60000101725261
 10
98.24998643663194
 20
125.30000474717883
 10
99.06665378146702
 20
125.20000033908421
  0
LWPOLYLINE
  5
4A7
330
17
100
AcDbEntity
  8
EJE_VIA
100
AcDbPolyline
 90
6
 70
0
 10
99.08331976996529
 20
125.35000271267361
 10
99.09998575846355
 20
125.50000508626303
 10
98.28331841362848
 20
125.60000101725261
 10
98.24998643663194
 20
125.30000474717883
 10
99.06665378146702
 20
125.20000033908421
 10
99.08331976996529
 20
125.35000271267361
  0
LWPOLYLINE
  5
4A8
330
17
100
AcDbEntity
  8
EJE_VIA
100
AcDbPolyline
 90
5
 70
0
 10
98.26666937934029
 20
125.4499986436632
 10
98.26666937934029
 20
125.60000101725261
 10
97.45000203450522
 20
125.63333299424914
 10
97.45000203450522
 20
125.33332824707031
 10
98.26666937934029
 20
125.29999627007379
  0
LWPOLYLINE
  5
4A9
330
17
100
AcDbEntity
  8
EJE_VIA
100
AcDbPolyline
 90
6
 70
0
 10
98.26666937934029
 20
125.4499986436632
 10
98.26666937934029
 20
125.60000101725261
 10
97.45000203450522
 20
125.63333299424914
 10
97.45000203450522
 20
125.33332824707031
 10
98.26666937934029
 20
125.29999627007379
 10
98.26666937934029
 20
125.4499986436632
  0
LWPOLYLINE
  5
4AA
330
17
100
AcDbEntity
  8
EJE_VIA
100
AcDbPolyline
 90
4
 70
0
 10
97.44998508029515
 20
125.33333672417535
 10
97.316648695204
 20
125.41666666666667
 10
97.316648695204
 20
125.56666904025609
 10
97.44998508029515
 20
125.63333299424914
  0
LWPOLYLINE
  5
4AB
330
17
100
AcDbEntity
  8
EJE_VIA
100
AcDbPolyline
 90
19
 70
0
 10
113.41668023003473
 20
115.44999864366319
 10
113.40001424153647
 20
116.45000033908421
 10
113.23834485270912
 20
117.938474126988
 10
112.94486534264352
 20
119.38282801045312
 10
112.52577319120368
 20
120.77677414649064
 10
111.98726587825352
 20
122.11402469211156
 10
111.335540883657
 20
123.38829180432691
 10
110.57679568727812
 20
124.59328764014775
 10
109.7172277689808
 20
125.72272435658509
 10
108.76303460862901
 20
126.77031411064996
 10
107.72041368608674
 20
127.72976905935342
 10
106.59556248121793
 20
128.59480135970645
 10
105.39467847388651
 20
129.35912316872015
 10
104.12395914395651
 20
130.0164466434055
 10
102.78960197129184
 20
130.56048394077354
 10
101.39780443575647
 20
130.98494721783533
 10
99.95476401721439
 20
131.28354863160186
 10
98.46667819552952
 20
131.4500003390842
 10
97.45001051161024
 20
131.48333231608075
  0
LINE
  5
4AC
330
17
100
AcDbEntity
  8
EJE_VIA
100
AcDbLine
 10
51.66666666666667
 20
147.6833258734809
 30
0.0
 11
51.033333672417534
 21
147.69999186197919
 31
0.0
  0
LINE
  5
4AD
330
17
100
AcDbEntity
  8
EJE_VIA
100
AcDbLine
 10
51.66666666666667
 20
147.6833258734809
 30
0.0
 11
51.033333672417534
 21
147.61666191948785
 31
0.0
  0
LINE
  5
4AE
330
17
100
AcDbEntity
  8
EJE_VIA
100
AcDbLine
 10
51.0333251953125
 20
147.53333197699652
 30
0.0
 11
51.66665818956164
 21
147.6833258734809
 31
0.0
  0
LINE
  5
4AF
330
17
100
AcDbEntity
  8
EJE_VIA
100
AcDbLine
 10
51.0333251953125
 20
147.51666598849826
 30
0.0
 11
51.66665818956164
 21
147.58332994249133
 31
0.0
  0
LINE
  5
4B0
330
17
100
AcDbEntity
  8
EJE_VIA
100
AcDbLine
 10
51.66666666666667
 20
147.48333401150174
 30
0.0
 11
51.033333672417534
 21
147.5
 31
0.0
  0
LINE
  5
4B1
330
17
100
AcDbEntity
  8
EJE_VIA
100
AcDbLine
 10
51.66666666666667
 20
147.58332994249133
 30
0.0
 11
51.033333672417534
 21
147.51666598849826
 31
0.0
  0
LWPOLYLINE
  5
4B2
330
17
100
AcDbEntity
  8
EJE_VIA
100
AcDbPolyline
 90
4
 70
0
 10
51.0333251953125
 20
147.5
 10
51.66665818956164
 20
147.48333401150174
 10
51.66665818956164
 20
147.6833258734809
 10
51.0333251953125
 20
147.69999186197919
  0
LWPOLYLINE
  5
4B3
330
17
100
AcDbEntity
  8
EJE_VIA
100
AcDbPolyline
 90
4
 70
0
 10
52.46666802300347
 20
147.58332994249133
 10
66.46666632758247
 20
147.45000203450522
 10
66.46666632758247
 20
147.64999389648438
 10
52.46666802300347
 20
147.6833258734809
  0
LWPOLYLINE
  5
4B4
330
17
100
AcDbEntity
  8
EJE_VIA
100
AcDbPolyline
 90
4
 70
0
 10
67.26667616102431
 20
147.5499979654948
 10
68.8666746351454
 20
147.45000203450522
 10
68.8666746351454
 20
147.64999389648438
 10
67.26667616102431
 20
147.64999389648438
  0
LWPOLYLINE
  5
4B5
330
17
100
AcDbEntity
  8
EJE_VIA
100
AcDbPolyline
 90
4
 70
0
 10
67.26667616102431
 20
147.5499979654948
 10
68.8666746351454
 20
147.45000203450522
 10
68.8666746351454
 20
147.64999389648438
 10
67.26667616102431
 20
147.64999389648438
  0
LWPOLYLINE
  5
4B6
330
17
100
AcDbEntity
  8
EJE_VIA
100
AcDbPolyline
 90
4
 70
0
 10
69.66668023003473
 20
147.5499979654948
 10
71.26668294270834
 20
147.45000203450522
 10
71.26668294270834
 20
147.64999389648438
 10
69.66668023003473
 20
147.64999389648438
  0
LWPOLYLINE
  5
4B7
330
17
100
AcDbEntity
  8
EJE_VIA
100
AcDbPolyline
 90
4
 70
0
 10
69.66668023003473
 20
147.5499979654948
 10
71.26668294270834
 20
147.45000203450522
 10
71.26668294270834
 20
147.64999389648438
 10
69.66668023003473
 20
147.64999389648438
  0
LWPOLYLINE
  5
4B8
330
17
100
AcDbEntity
  8
EJE_VIA
100
AcDbPolyline
 90
4
 70
0
 10
72.066650390625
 20
147.5499979654948
 10
86.066648695204
 20
147.4166700575087
 10
86.066648695204
 20
147.61666191948785
 10
72.066650390625
 20
147.64999389648438
  0
LWPOLYLINE
  5
4B9
330
17
100
AcDbEntity
  8
EJE_VIA
100
AcDbPolyline
 90
4
 70
0
 10
91.66666666666667
 20
147.5
 10
105.66666497124567
 20
147.36667209201389
 10
105.66666497124567
 20
147.56666395399307
 10
91.66666666666667
 20
147.5999959309896
  0
LWPOLYLINE
  5
4BA
330
17
100
AcDbEntity
  8
EJE_VIA
100
AcDbPolyline
 90
4
 70
0
 10
111.26668294270834
 20
147.45000203450522
 10
125.26668124728734
 20
147.33334011501736
 10
125.26668124728734
 20
147.53333197699652
 10
111.26668294270834
 20
147.5499979654948
  0
LWPOLYLINE
  5
4BB
330
17
100
AcDbEntity
  8
EJE_VIA
100
AcDbPolyline
 90
4
 70
0
 10
126.06665717230904
 20
147.4166700575087
 10
127.66665988498265
 20
147.3166741265191
 10
127.66665988498265
 20
147.51666598849826
 10
126.06665717230904
 20
147.51666598849826
  0
LWPOLYLINE
  5
4BC
330
17
100
AcDbEntity
  8
EJE_VIA
100
AcDbPolyline
 90
4
 70
0
 10
126.06665717230904
 20
147.4166700575087
 10
127.66665988498265
 20
147.3166741265191
 10
127.66665988498265
 20
147.51666598849826
 10
126.06665717230904
 20
147.51666598849826
  0
LWPOLYLINE
  5
4BD
330
17
100
AcDbEntity
  8
EJE_VIA
100
AcDbPolyline
 90
3
 70
0
 10
60.74998643663195
 20
130.16665988498264
 10
51.03332095675999
 20
130.08332994249133
 10
51.03332095675999
 20
129.9833255343967
  0
LWPOLYLINE
  5
4BE
330
17
100
AcDbEntity
  8
EJE_VIA
100
AcDbPolyline
 90
3
 70
0
 10
51.0333251953125
 20
129.98333401150174
 10
60.74999067518446
 20
130.06666395399307
 10
60.74999067518446
 20
130.16666836208768
  0
LWPOLYLINE
  5
4BF
330
17
100
AcDbEntity
  8
EJE_VIA
100
AcDbPolyline
 90
4
 70
0
 10
62.75000678168403
 20
130.06666395399307
 10
80.76666937934029
 20
129.91666158040366
 10
80.76666937934029
 20
130.11666191948785
 10
62.75000678168403
 20
130.16665988498264
  0
LWPOLYLINE
  5
4C0
330
17
100
AcDbEntity
  8
EJE_VIA
100
AcDbPolyline
 90
4
 70
0
 10
147.26667616102432
 20
115.38333468967015
 10
147.35000610351562
 20
115.51667107476129
 10
147.50001695421008
 20
115.51667107476129
 10
147.56668090820312
 20
115.38333468967015
  0
LWPOLYLINE
  5
4C1
330
17
100
AcDbEntity
  8
EJE_VIA
100
AcDbPolyline
 90
3
 70
0
 10
147.41665310329861
 20
115.38333468967015
 10
147.4666510687934
 20
71.15000406901042
 10
147.566646999783
 20
115.38333468967015
  0
LWPOLYLINE
  5
4C2
330
17
100
AcDbEntity
  8
EJE_VIA
100
AcDbPolyline
 90
3
 70
0
 10
147.26667616102432
 20
115.38333468967015
 10
147.46666802300348
 20
71.15000406901042
 10
147.4166700575087
 20
115.38333468967015
  0
LWPOLYLINE
  5
4C3
330
17
100
AcDbEntity
  8
EJE_VIA
100
AcDbPolyline
 90
3
 70
0
 10
147.26667616102432
 20
115.38333468967015
 10
147.3166741265191
 20
71.15000406901042
 10
147.46666802300348
 20
71.15000406901042
  0
LWPOLYLINE
  5
4C4
330
17
100
AcDbEntity
  8
EJE_VIA
100
AcDbPolyline
 90
3
 70
0
 10
147.16668023003473
 20
71.15000406901042
 10
147.3166741265191
 20
71.15000406901042
 10
147.26667616102432
 20
115.38333468967015
  0
LWPOLYLINE
  5
4C5
330
17
100
AcDbEntity
  8
EJE_VIA
100
AcDbPolyline
 90
6
 70
0
 10
147.41665310329861
 20
115.38333468967015
 10
147.26665920681424
 20
115.38333468967015
 10
147.1666463216146
 20
71.15000406901042
 10
147.4666510687934
 20
71.15000406901042
 10
147.566646999783
 20
115.38333468967015
 10
147.41665310329861
 20
115.38333468967015
  0
LWPOLYLINE
  5
4C6
330
17
100
AcDbEntity
  8
EJE_VIA
100
AcDbPolyline
 90
3
 70
0
 10
141.30001491970486
 20
75.35000271267361
 10
141.2833489312066
 20
74.76666768391928
 10
141.35001288519965
 20
75.35000271267361
  0
LWPOLYLINE
  5
4C7
330
17
100
AcDbEntity
  8
EJE_VIA
100
AcDbPolyline
 90
3
 70
0
 10
141.30001491970486
 20
75.35000271267361
 10
141.2833489312066
 20
74.76666768391928
 10
141.35001288519965
 20
75.35000271267361
  0
LWPOLYLINE
  5
4C8
330
17
100
AcDbEntity
  8
EJE_VIA
100
AcDbPolyline
 90
4
 70
0
 10
141.33334689670139
 20
74.76665920681424
 10
141.3833448621962
 20
74.1833241780599
 10
141.4833492702908
 20
74.21665615505643
 10
141.3833448621962
 20
74.7833251953125
  0
LWPOLYLINE
  5
4C9
330
17
100
AcDbEntity
  8
EJE_VIA
100
AcDbPolyline
 90
4
 70
0
 10
141.43334282769098
 20
74.19999864366319
 10
141.5166727701823
 20
73.63332960340712
 10
141.61667717827692
 20
73.66666158040366
 10
141.48334079318576
 20
74.21666463216147
  0
LWPOLYLINE
  5
4CA
330
17
100
AcDbEntity
  8
EJE_VIA
100
AcDbPolyline
 90
3
 70
0
 10
141.5666707356771
 20
73.65000406901042
 10
141.7166731092665
 20
73.10000101725261
 10
141.61666870117188
 20
73.66667005750868
  0
LWPOLYLINE
  5
4CB
330
17
100
AcDbEntity
  8
EJE_VIA
100
AcDbPolyline
 90
4
 70
0
 10
141.76666259765625
 20
73.11665852864584
 10
141.9833289252387
 20
72.58332146538629
 10
142.08333333333334
 20
72.61666191948785
 10
141.81666056315106
 20
73.1333245171441
  0
LWPOLYLINE
  5
4CC
330
17
100
AcDbEntity
  8
EJE_VIA
100
AcDbPolyline
 90
3
 70
0
 10
142.03331841362848
 20
72.59999593098959
 10
142.2833251953125
 20
72.08333333333334
 10
142.08331637912326
 20
72.63332790798611
  0
LWPOLYLINE
  5
4CD
330
17
100
AcDbEntity
  8
EJE_VIA
100
AcDbPolyline
 90
3
 70
0
 10
142.33334011501736
 20
72.11666531032986
 10
142.66667683919272
 20
71.65000067816841
 10
142.36667209201389
 20
72.14999728732639
  0
LWPOLYLINE
  5
4CE
330
17
100
AcDbEntity
  8
EJE_VIA
100
AcDbPolyline
 90
3
 70
0
 10
142.33334011501736
 20
72.11666531032986
 10
142.66667683919272
 20
71.65000067816841
 10
142.36667209201389
 20
72.14999728732639
  0
LWPOLYLINE
  5
4CF
330
17
100
AcDbEntity
  8
EJE_VIA
100
AcDbPolyline
 90
3
 70
0
 10
142.69999186197919
 20
71.68333265516493
 10
143.06666056315106
 20
71.23333401150174
 10
142.7333238389757
 20
71.71666463216147
  0
LWPOLYLINE
  5
4D0
330
17
100
AcDbEntity
  8
EJE_VIA
100
AcDbPolyline
 90
3
 70
0
 10
143.06667751736111
 20
71.23333401150174
 10
143.28335232204861
 20
71.18333604600694
 10
143.10000949435764
 20
71.26666598849826
  0
LINE
  5
4D1
330
17
100
AcDbEntity
  8
EJE_VIA
100
AcDbLine
 10
144.76667616102432
 20
212.89998372395834
 30
0.0
 11
144.80000813802084
 21
223.4166463216146
 31
0.0
  0
LINE
  5
4D2
330
17
100
AcDbEntity
  8
EJE_VIA
100
AcDbLine
 10
144.76667616102432
 20
212.89998372395834
 30
0.0
 11
144.70001220703125
 21
223.4166463216146
 31
0.0
  0
LINE
  5
4D3
330
17
100
AcDbEntity
  8
EJE_VIA
100
AcDbLine
 10
144.60001627604169
 20
223.41668023003473
 30
0.0
 11
144.66668023003473
 21
212.90001763237848
 31
0.0
  0
LINE
  5
4D4
330
17
100
AcDbEntity
  8
EJE_VIA
100
AcDbLine
 10
144.566650390625
 20
212.89998372395834
 30
0.0
 11
144.59998236762152
 21
223.4166463216146
 31
0.0
  0
LWPOLYLINE
  5
4D5
330
17
100
AcDbEntity
  8
EJE_VIA
100
AcDbPolyline
 90
4
 70
0
 10
120.71665445963542
 20
219.49998643663196
 10
120.54998609754774
 20
199.4833204481337
 10
120.74998643663194
 20
199.4833204481337
 10
120.816650390625
 20
219.49998643663196
  0
LWPOLYLINE
  5
4D6
330
17
100
AcDbEntity
  8
EJE_VIA
100
AcDbPolyline
 90
4
 70
0
 10
120.64999050564236
 20
198.4833441840278
 10
120.54999457465279
 20
196.48334079318576
 10
120.74998643663194
 20
196.48334079318576
 10
120.74998643663194
 20
198.4833441840278
  0
LWPOLYLINE
  5
4D7
330
17
100
AcDbEntity
  8
EJE_VIA
100
AcDbPolyline
 90
4
 70
0
 10
120.64999050564236
 20
195.48333062065973
 10
120.48332214355469
 20
175.48333062065973
 10
120.6833224826389
 20
175.48333062065973
 10
120.74998643663194
 20
195.48333062065973
  0
LWPOLYLINE
  5
4D8
330
17
100
AcDbEntity
  8
EJE_VIA
100
AcDbPolyline
 90
4
 70
0
 10
120.58332655164931
 20
174.48333740234375
 10
120.48333062065973
 20
172.48333401150174
 10
120.6833224826389
 20
172.48333401150174
 10
120.6833224826389
 20
174.48333740234375
  0
LWPOLYLINE
  5
4D9
330
17
100
AcDbEntity
  8
EJE_VIA
100
AcDbPolyline
 90
4
 70
0
 10
120.58332655164931
 20
171.48334079318576
 10
120.41665818956163
 20
151.48334079318576
 10
120.61665852864584
 20
151.48334079318576
 10
120.6833224826389
 20
171.48334079318576
  0
LWPOLYLINE
  5
4DA
330
17
100
AcDbEntity
  8
EJE_VIA
100
AcDbPolyline
 90
4
 70
0
 10
120.51666259765625
 20
150.48333062065973
 10
120.41666666666667
 20
148.48332722981772
 10
120.61665852864584
 20
148.48332722981772
 10
120.61665852864584
 20
150.48333062065973
  0
LWPOLYLINE
  5
4DB
330
17
100
AcDbEntity
  8
EJE_VIA
100
AcDbPolyline
 90
4
 70
0
 10
120.51666259765625
 20
147.48333401150174
 10
120.36666022406685
 20
131.03333367241754
 10
120.56666056315105
 20
131.03333367241754
 10
120.61665852864584
 20
147.48333401150174
  0
LWPOLYLINE
  5
4DC
330
17
100
AcDbEntity
  8
EJE_VIA
100
AcDbPolyline
 90
4
 70
0
 10
143.41668023003473
 20
113.13334147135417
 10
143.30001831054688
 20
102.78333875868056
 10
143.50001017252606
 20
102.78333875868056
 10
143.51667616102432
 20
113.13334147135417
  0
LWPOLYLINE
  5
4DD
330
17
100
AcDbEntity
  8
EJE_VIA
100
AcDbPolyline
 90
4
 70
0
 10
143.3833482530382
 20
101.98333740234375
 10
143.28335232204861
 20
100.38333468967015
 10
143.48334418402777
 20
100.38333468967015
 10
143.48334418402777
 20
101.98333740234375
  0
LWPOLYLINE
  5
4DE
330
17
100
AcDbEntity
  8
EJE_VIA
100
AcDbPolyline
 90
4
 70
0
 10
143.3833482530382
 20
101.98333740234375
 10
143.28335232204861
 20
100.38333468967015
 10
143.48334418402777
 20
100.38333468967015
 10
143.48334418402777
 20
101.98333740234375
  0
LWPOLYLINE
  5
4DF
330
17
100
AcDbEntity
  8
EJE_VIA
100
AcDbPolyline
 90
4
 70
0
 10
143.3833482530382
 20
99.58333333333334
 10
143.28335232204861
 20
97.98333062065973
 10
143.48334418402777
 20
97.98333062065973
 10
143.48334418402777
 20
99.58333333333334
  0
LWPOLYLINE
  5
4E0
330
17
100
AcDbEntity
  8
EJE_VIA
100
AcDbPolyline
 90
4
 70
0
 10
143.3833482530382
 20
99.58333333333334
 10
143.28335232204861
 20
97.98333062065973
 10
143.48334418402777
 20
97.98333062065973
 10
143.48334418402777
 20
99.58333333333334
  0
LWPOLYLINE
  5
4E1
330
17
100
AcDbEntity
  8
EJE_VIA
100
AcDbPolyline
 90
4
 70
0
 10
143.3833482530382
 20
97.18332926432292
 10
143.2500203450521
 20
83.18333095974393
 10
143.45001220703125
 20
83.18333095974393
 10
143.48334418402777
 20
97.18332926432292
  0
LWPOLYLINE
  5
4E2
330
17
100
AcDbEntity
  8
EJE_VIA
100
AcDbPolyline
 90
3
 70
0
 10
143.33333333333334
 20
77.58332994249132
 10
143.41666327582465
 20
71.14999559190538
 10
143.43332926432294
 20
77.58332994249132
  0
LWPOLYLINE
  5
4E3
330
17
100
AcDbEntity
  8
EJE_VIA
100
AcDbPolyline
 90
3
 70
0
 10
143.23333740234375
 20
77.58332994249132
 10
143.41666327582465
 20
71.14999559190538
 10
143.33333333333334
 20
77.58332994249132
  0
LINE
  5
4E4
330
17
100
AcDbEntity
  8
EJE_VIA
100
AcDbLine
 10
143.23333740234375
 20
77.58332994249132
 30
0.0
 11
143.31666734483508
 21
71.14999559190538
 31
0.0
  0
LINE
  5
4E5
330
17
100
AcDbEntity
  8
EJE_VIA
100
AcDbLine
 10
143.21665445963544
 20
71.15000406901042
 30
0.0
 11
143.2333204481337
 21
77.58333841959636
 31
0.0
  0
LWPOLYLINE
  5
4E6
330
17
100
AcDbEntity
  8
EJE_VIA
100
AcDbPolyline
 90
4
 70
0
 10
138.61667209201389
 20
191.15000406901044
 10
138.48333570692276
 20
178.2666693793403
 10
138.68333604600696
 20
178.2666693793403
 10
138.71666802300348
 20
191.15000406901044
  0
LWPOLYLINE
  5
4E7
330
17
100
AcDbEntity
  8
EJE_VIA
100
AcDbPolyline
 90
4
 70
0
 10
138.58334011501736
 20
172.66665988498264
 10
138.43333774142795
 20
158.66665310329861
 10
138.63333808051215
 20
158.66665310329861
 10
138.68333604600696
 20
172.66665988498264
  0
LWPOLYLINE
  5
4E8
330
17
100
AcDbEntity
  8
EJE_VIA
100
AcDbPolyline
 90
4
 70
0
 10
138.5333251953125
 20
157.86666870117188
 10
138.43332926432294
 20
156.26666598849826
 10
138.6333211263021
 20
156.26666598849826
 10
138.6333211263021
 20
157.86666870117188
  0
LWPOLYLINE
  5
4E9
330
17
100
AcDbEntity
  8
EJE_VIA
100
AcDbPolyline
 90
4
 70
0
 10
138.5333251953125
 20
157.86666870117188
 10
138.43332926432294
 20
156.26666598849826
 10
138.6333211263021
 20
156.26666598849826
 10
138.6333211263021
 20
157.86666870117188
  0
LWPOLYLINE
  5
4EA
330
17
100
AcDbEntity
  8
EJE_VIA
100
AcDbPolyline
 90
4
 70
0
 10
138.5333251953125
 20
155.46666463216147
 10
138.43332926432294
 20
153.86666191948785
 10
138.6333211263021
 20
153.86666191948785
 10
138.6333211263021
 20
155.46666463216147
  0
LWPOLYLINE
  5
4EB
330
17
100
AcDbEntity
  8
EJE_VIA
100
AcDbPolyline
 90
4
 70
0
 10
138.5333251953125
 20
155.46666463216147
 10
138.43332926432294
 20
153.86666191948785
 10
138.6333211263021
 20
153.86666191948785
 10
138.6333211263021
 20
155.46666463216147
  0
LWPOLYLINE
  5
4EC
330
17
100
AcDbEntity
  8
EJE_VIA
100
AcDbPolyline
 90
4
 70
0
 10
138.5333251953125
 20
153.06666056315106
 10
138.38332282172308
 20
139.06666225857205
 10
138.5833231608073
 20
139.06666225857205
 10
138.6333211263021
 20
153.06666056315106
  0
LWPOLYLINE
  5
4ED
330
17
100
AcDbEntity
  8
EJE_VIA
100
AcDbPolyline
 90
4
 70
0
 10
138.48334418402777
 20
138.26666937934027
 10
138.3833482530382
 20
136.66666666666669
 10
138.58334011501736
 20
136.66666666666669
 10
138.58334011501736
 20
138.26666937934027
  0
LWPOLYLINE
  5
4EE
330
17
100
AcDbEntity
  8
EJE_VIA
100
AcDbPolyline
 90
4
 70
0
 10
138.48334418402777
 20
138.26666937934027
 10
138.3833482530382
 20
136.66666666666669
 10
138.58334011501736
 20
136.66666666666669
 10
138.58334011501736
 20
138.26666937934027
  0
LWPOLYLINE
  5
4EF
330
17
100
AcDbEntity
  8
EJE_VIA
100
AcDbPolyline
 90
4
 70
0
 10
138.48334418402777
 20
135.86666531032986
 10
138.3833482530382
 20
134.26666259765625
 10
138.58334011501736
 20
134.26666259765625
 10
138.58334011501736
 20
135.86666531032986
  0
LWPOLYLINE
  5
4F0
330
17
100
AcDbEntity
  8
EJE_VIA
100
AcDbPolyline
 90
4
 70
0
 10
138.48334418402777
 20
135.86666531032986
 10
138.3833482530382
 20
134.26666259765625
 10
138.58334011501736
 20
134.26666259765625
 10
138.58334011501736
 20
135.86666531032986
  0
LWPOLYLINE
  5
4F1
330
17
100
AcDbEntity
  8
EJE_VIA
100
AcDbPolyline
 90
4
 70
0
 10
138.46666124131946
 20
133.46666124131946
 10
138.3333248562283
 20
119.44999694824219
 10
138.5333251953125
 20
119.44999694824219
 10
138.56665717230902
 20
133.46666124131946
  0
LWPOLYLINE
  5
4F2
330
17
100
AcDbEntity
  8
EJE_VIA
100
AcDbPolyline
 90
4
 70
0
 10
138.43332926432294
 20
118.65000406901042
 10
138.33333333333334
 20
117.05000135633681
 10
138.5333251953125
 20
117.05000135633681
 10
138.5333251953125
 20
118.65000406901042
  0
LWPOLYLINE
  5
4F3
330
17
100
AcDbEntity
  8
EJE_VIA
100
AcDbPolyline
 90
4
 70
0
 10
138.43332926432294
 20
118.65000406901042
 10
138.33333333333334
 20
117.05000135633681
 10
138.5333251953125
 20
117.05000135633681
 10
138.5333251953125
 20
118.65000406901042
  0
LWPOLYLINE
  5
4F4
330
17
100
AcDbEntity
  8
EJE_VIA
100
AcDbPolyline
 90
4
 70
0
 10
138.41668023003473
 20
113.84999593098959
 10
138.28334384494357
 20
99.8499976264106
 10
138.48334418402777
 20
99.8499976264106
 10
138.51667616102432
 20
113.84999593098959
  0
LWPOLYLINE
  5
4F5
330
17
100
AcDbEntity
  8
EJE_VIA
100
AcDbPolyline
 90
4
 70
0
 10
138.3833482530382
 20
99.05000474717882
 10
138.28335232204861
 20
97.45000203450522
 10
138.48334418402777
 20
97.45000203450522
 10
138.48334418402777
 20
99.05000474717882
  0
LWPOLYLINE
  5
4F6
330
17
100
AcDbEntity
  8
EJE_VIA
100
AcDbPolyline
 90
4
 70
0
 10
138.3833482530382
 20
99.05000474717882
 10
138.28335232204861
 20
97.45000203450522
 10
138.48334418402777
 20
97.45000203450522
 10
138.48334418402777
 20
99.05000474717882
  0
LWPOLYLINE
  5
4F7
330
17
100
AcDbEntity
  8
EJE_VIA
100
AcDbPolyline
 90
4
 70
0
 10
138.3833482530382
 20
96.65000067816841
 10
138.28335232204861
 20
95.0499979654948
 10
138.48334418402777
 20
95.0499979654948
 10
138.48334418402777
 20
96.65000067816841
  0
LWPOLYLINE
  5
4F8
330
17
100
AcDbEntity
  8
EJE_VIA
100
AcDbPolyline
 90
4
 70
0
 10
138.3833482530382
 20
96.65000067816841
 10
138.28335232204861
 20
95.0499979654948
 10
138.48334418402777
 20
95.0499979654948
 10
138.48334418402777
 20
96.65000067816841
  0
LWPOLYLINE
  5
4F9
330
17
100
AcDbEntity
  8
EJE_VIA
100
AcDbPolyline
 90
4
 70
0
 10
138.36666531032986
 20
94.24999660915799
 10
138.2333289252387
 20
80.249998304579
 10
138.43332926432294
 20
80.249998304579
 10
138.46666124131946
 20
94.24999660915799
  0
LWPOLYLINE
  5
4FA
330
17
100
AcDbEntity
  8
EJE_VIA
100
AcDbPolyline
 90
4
 70
0
 10
118.46666124131944
 20
132.21666124131946
 10
118.36666531032986
 20
130.39999220106338
 10
118.56665717230904
 20
130.39999220106338
 10
118.56665717230904
 20
132.21666124131946
  0
LWPOLYLINE
  5
4FB
330
17
100
AcDbEntity
  8
EJE_VIA
100
AcDbPolyline
 90
4
 70
0
 10
118.46666124131944
 20
132.21666124131946
 10
118.36666531032986
 20
130.39999220106338
 10
118.56665717230904
 20
130.39999220106338
 10
118.56665717230904
 20
132.21666124131946
  0
LWPOLYLINE
  5
4FC
330
17
100
AcDbEntity
  8
EJE_VIA
100
AcDbPolyline
 90
4
 70
0
 10
118.46666124131944
 20
129.1999986436632
 10
118.31665886773004
 20
114.55000135633681
 10
118.51665920681424
 20
114.55000135633681
 10
118.56665717230904
 20
129.1999986436632
  0
LWPOLYLINE
  5
4FD
330
17
100
AcDbEntity
  8
EJE_VIA
100
AcDbPolyline
 90
4
 70
0
 10
118.41668023003473
 20
112.5499979654948
 10
118.26667785644531
 20
94.55000135633681
 10
118.46667819552952
 20
94.55000135633681
 10
118.51667616102431
 20
112.5499979654948
  0
LWPOLYLINE
  5
4FE
330
17
100
AcDbEntity
  8
EJE_VIA
100
AcDbPolyline
 90
4
 70
0
 10
118.36666531032986
 20
92.5499979654948
 10
118.21666293674046
 20
74.55000135633681
 10
118.41666327582466
 20
74.55000135633681
 10
118.46666124131944
 20
92.5499979654948
  0
LWPOLYLINE
  5
4FF
330
17
100
AcDbEntity
  8
EJE_VIA
100
AcDbPolyline
 90
4
 70
0
 10
118.316650390625
 20
72.5499979654948
 10
118.21665445963542
 20
71.14999559190538
 10
118.41664632161459
 20
71.14999559190538
 10
118.41664632161459
 20
72.5499979654948
  0
LWPOLYLINE
  5
500
330
17
100
AcDbEntity
  8
EJE_VIA
100
AcDbPolyline
 90
4
 70
0
 10
118.316650390625
 20
72.5499979654948
 10
118.21665445963542
 20
71.14999559190538
 10
118.41664632161459
 20
71.14999559190538
 10
118.41664632161459
 20
72.5499979654948
  0
LWPOLYLINE
  5
501
330
17
100
AcDbEntity
  8
EJE_VIA
100
AcDbPolyline
 90
3
 70
0
 10
113.316650390625
 20
71.15000406901042
 10
113.3666483561198
 20
115.44999864366319
 10
113.26665242513022
 20
71.15000406901042
  0
LWPOLYLINE
  5
502
330
17
100
AcDbEntity
  8
EJE_VIA
100
AcDbPolyline
 90
3
 70
0
 10
113.36666531032986
 20
71.15000406901042
 10
113.36666531032986
 20
115.44999864366319
 10
113.31666734483507
 20
71.15000406901042
  0
LINE
  5
503
330
17
100
AcDbEntity
  8
EJE_VIA
100
AcDbLine
 10
113.36666531032986
 20
71.15000406901042
 30
0.0
 11
113.41666327582466
 21
115.44999864366319
 31
0.0
  0
LWPOLYLINE
  5
504
330
17
100
AcDbEntity
  8
EJE_VIA
100
AcDbPolyline
 90
4
 70
0
 10
113.316650390625
 20
71.15000406901042
 10
113.46665276421442
 20
115.44999864366319
 10
113.3666483561198
 20
115.44999864366319
 10
113.26665242513022
 20
71.15000406901042
  0
LWPOLYLINE
  5
505
330
17
100
AcDbEntity
  8
EJE_VIA
100
AcDbPolyline
 90
22
 70
0
 10
118.43333774142796
 20
129.1999986436632
 10
118.63333808051216
 20
129.21666463216147
 10
118.80000644259984
 20
129.29999457465277
 10
118.92868234051599
 20
129.41585284140376
 10
119.01327345106337
 20
129.55565995640225
 10
119.05505888991887
 20
129.70964045988188
 10
119.05531777275934
 20
129.8680188920763
 10
119.01532921526167
 20
130.02101979321904
 10
118.93637233310277
 20
130.15886770354376
 10
118.81972624195947
 20
130.2717871632841
 10
118.66667005750868
 20
130.35000271267361
 10
118.48333570692274
 20
130.4000006781684
 10
118.30000135633681
 20
130.36666870117188
 10
118.11666700575087
 20
130.28333028157553
 10
117.98333909776476
 20
130.16666836208768
 10
117.90000067816841
 20
130.0
 10
117.86666870117188
 20
129.81666564941406
 10
117.88333468967015
 20
129.63333129882812
 10
117.9666731092665
 20
129.4499969482422
 10
118.08333502875435
 20
129.31666904025607
 10
118.25000339084202
 20
129.23333062065973
 10
118.43333774142796
 20
129.1999986436632
  0
LWPOLYLINE
  5
506
330
17
100
AcDbEntity
  8
EJE_VIA
100
AcDbPolyline
 90
22
 70
0
 10
116.76667107476129
 20
126.85000101725261
 10
116.95000542534723
 20
126.86666700575087
 10
117.1166737874349
 20
126.94999694824219
 10
117.26666768391928
 20
127.06666734483508
 10
117.35000610351562
 20
127.23333570692274
 10
117.38333808051216
 20
127.41667005750868
 10
117.3666720920139
 20
127.60000440809462
 10
117.28333367241754
 20
127.78333028157553
 10
117.15000576443143
 20
127.91666666666667
 10
116.98333740234375
 20
128.00000508626303
 10
116.80000305175781
 20
128.0500030517578
 10
116.61666870117188
 20
128.0166710747613
 10
116.44743172658815
 20
127.93510481715202
 10
116.32057733005948
 20
127.8224880165524
 10
116.23551949858665
 20
127.68724827302827
 10
116.19167221917047
 20
127.53781318664551
 10
116.18844947881169
 20
127.38261035746999
 10
116.22526526451111
 20
127.23006738556757
 10
116.30153356326952
 20
127.0886118710041
 10
116.41666836208768
 20
126.96667141384549
 10
116.58333672417535
 20
126.88333299424914
 10
116.76667107476129
 20
126.85000101725261
  0
LWPOLYLINE
  5
507
330
17
100
AcDbEntity
  8
EJE_VIA
100
AcDbPolyline
 90
22
 70
0
 10
120.25000678168404
 20
126.83333502875435
 10
120.43334113226997
 20
126.85000101725261
 10
120.60000949435765
 20
126.93333095974393
 10
120.73056537244055
 20
127.05537526143922
 10
120.81628415319655
 20
127.19722708066305
 10
120.85855253868634
 20
127.35059551066823
 10
120.8587572309706
 20
127.50718964470758
 10
120.81828493211005
 20
127.65871857603392
 10
120.73852234416539
 20
127.79689139790005
 10
120.6208561691973
 20
127.91341720355882
 10
120.4666731092665
 20
128.00000508626303
 10
120.28333875868056
 20
128.03333706325955
 10
120.10000440809462
 20
128.0166710747613
 10
119.93333604600694
 20
127.93333265516493
 10
119.78334214952257
 20
127.80000474717883
 10
119.70000372992622
 20
127.63333638509116
 10
119.66667175292969
 20
127.45000203450522
 10
119.68333774142796
 20
127.26666768391928
 10
119.76667616102431
 20
127.0999993218316
 10
119.90000406901042
 20
126.96667141384549
 10
120.05000644259984
 20
126.86666700575087
 10
120.25000678168404
 20
126.83333502875435
  0
LWPOLYLINE
  5
508
330
17
100
AcDbEntity
  8
EJE_VIA
100
AcDbPolyline
 90
22
 70
0
 10
94.35000949435765
 20
128.38333977593317
 10
94.38334147135417
 20
128.20000542534723
 10
94.45000542534723
 20
128.03333706325955
 10
94.58334181043837
 20
127.90000915527344
 10
94.75001017252605
 20
127.80000474717883
 10
94.93334452311198
 20
127.7666727701823
 10
95.11667887369792
 20
127.80000474717883
 10
95.28333875868056
 20
127.86667717827692
 10
95.43334113226997
 20
128.00000508626303
 10
95.51667955186632
 20
128.1666734483507
 10
95.55001152886285
 20
128.35000779893664
 10
95.53334554036459
 20
128.53334214952258
 10
95.45443392462201
 20
128.69085523817276
 10
95.34420145882501
 20
128.81626923878989
 10
95.2108316620191
 20
128.90670326020984
 10
95.06250805324979
 20
128.95927641126846
 10
94.90741415156259
 20
128.9711078008016
 10
94.75373347600302
 20
128.93931653764514
 10
94.60964954561658
 20
128.86102173063492
 10
94.48334587944879
 20
128.73334248860678
 10
94.38334147135417
 20
128.5666741265191
 10
94.35000949435765
 20
128.38333977593317
  0
LWPOLYLINE
  5
509
330
17
100
AcDbEntity
  8
EJE_VIA
100
AcDbPolyline
 90
23
 70
0
 10
116.10001458062067
 20
189.85000610351562
 10
116.2833489312066
 20
189.86667209201389
 10
116.45001729329428
 20
189.95000203450522
 10
116.58120041092238
 20
190.07841295666165
 10
116.66890978813171
 20
190.22151205274795
 10
116.71376084287962
 20
190.3726585706075
 10
116.71636899312338
 20
190.52521175808377
 10
116.6773496568203
 20
190.67253086302017
 10
116.5973182519277
 20
190.8079751332601
 10
116.47689019640288
 20
190.924903816647
 10
116.31668090820312
 20
191.01667616102432
 10
116.13334655761719
 20
191.05000813802084
 10
115.95001220703125
 20
191.03334214952258
 10
115.79552961720361
 20
190.95662133561243
 10
115.67138142055936
 20
190.8468598789639
 10
115.58089792728424
 20
190.7127880718973
 10
115.52740944756403
 20
190.56313620673288
 10
115.51424629158444
 20
190.40663457579083
 10
115.54473876953125
 20
190.25201347139148
 10
115.62221719159021
 20
190.10800318585504
 10
115.75001186794705
 20
189.98333401150174
 10
115.91668023003473
 20
189.88333808051217
 10
116.10001458062067
 20
189.85000610351562
  0
LWPOLYLINE
  5
50A
330
17
100
AcDbEntity
  8
EJE_VIA
100
AcDbPolyline
 90
23
 70
0
 10
117.83335367838542
 20
191.86667548285592
 10
118.01668802897136
 20
191.88334147135419
 10
118.2000223795573
 20
191.9666714138455
 10
118.3221247792244
 20
192.08856725030475
 10
118.40403159459433
 20
192.229433854421
 10
118.44601641098659
 20
192.3814199037022
 10
118.4483528137207
 20
192.53667407565646
 10
118.41131438811621
 20
192.6873450477918
 10
118.3351747194926
 20
192.82558149761624
 10
118.2202073931694
 20
192.94353210263782
 10
118.06668599446616
 20
193.0333455403646
 10
117.88335164388022
 20
193.06667751736111
 10
117.70001729329428
 20
193.05001152886285
 10
117.54653897550371
 20
192.98177722427582
 10
117.4220249387953
 20
192.87950330310397
 10
117.33004947503409
 20
192.75120718611612
 10
117.27418687608507
 20
192.60490629408096
 10
117.25801143381331
 20
192.4486180477672
 10
117.28509744008383
 20
192.29035986794366
 10
117.35901918676164
 20
192.13814917537903
 10
117.48335096571181
 20
192.000003390842
 10
117.65001932779948
 20
191.90000745985245
 10
117.83335367838542
 20
191.86667548285592
  0
LWPOLYLINE
  5
50B
330
17
100
AcDbEntity
  8
EJE_VIA
100
AcDbPolyline
 90
4
 70
0
 10
108.59998914930556
 20
195.3166707356771
 10
108.49999321831598
 20
194.66666327582467
 10
108.69998508029515
 20
194.66666327582467
 10
108.69998508029515
 20
195.3166707356771
  0
LWPOLYLINE
  5
50C
330
17
100
AcDbEntity
  8
EJE_VIA
100
AcDbPolyline
 90
4
 70
0
 10
108.59998914930556
 20
195.3166707356771
 10
108.49999321831598
 20
194.66666327582467
 10
108.69998508029515
 20
194.66666327582467
 10
108.69998508029515
 20
195.3166707356771
  0
LWPOLYLINE
  5
50D
330
17
100
AcDbEntity
  8
EJE_VIA
100
AcDbPolyline
 90
4
 70
0
 10
110.05001491970486
 20
194.76667616102432
 10
109.51667785644531
 20
194.36667548285592
 10
109.65001424153647
 20
194.2333475748698
 10
110.11667887369792
 20
194.70001220703125
  0
LWPOLYLINE
  5
50E
330
17
100
AcDbEntity
  8
EJE_VIA
100
AcDbPolyline
 90
4
 70
0
 10
110.05001491970486
 20
194.76667616102432
 10
109.51667785644531
 20
194.36667548285592
 10
109.65001424153647
 20
194.2333475748698
 10
110.11667887369792
 20
194.70001220703125
  0
LWPOLYLINE
  5
50F
330
17
100
AcDbEntity
  8
EJE_VIA
100
AcDbPolyline
 90
4
 70
0
 10
125.29998779296875
 20
194.64999728732639
 10
125.6833224826389
 20
194.11666870117188
 10
125.816650390625
 20
194.249996609158
 10
125.36665174696181
 20
194.71666124131946
  0
LWPOLYLINE
  5
510
330
17
100
AcDbEntity
  8
EJE_VIA
100
AcDbPolyline
 90
4
 70
0
 10
125.29998779296875
 20
194.64999728732639
 10
125.6833224826389
 20
194.11666870117188
 10
125.816650390625
 20
194.249996609158
 10
125.36665174696181
 20
194.71666124131946
  0
LWPOLYLINE
  5
511
330
17
100
AcDbEntity
  8
EJE_VIA
100
AcDbPolyline
 90
3
 70
0
 10
126.4833238389757
 20
71.15000406901042
 10
125.64999050564236
 20
79.26667107476129
 10
126.58331976996529
 20
71.15000406901042
  0
LWPOLYLINE
  5
512
330
17
100
AcDbEntity
  8
EJE_VIA
100
AcDbPolyline
 90
3
 70
0
 10
126.683349609375
 20
71.16667005750868
 10
125.65001593695747
 20
79.26667107476129
 10
126.58335367838542
 20
71.15000406901042
  0
LWPOLYLINE
  5
513
330
17
100
AcDbEntity
  8
EJE_VIA
100
AcDbPolyline
 90
3
 70
0
 10
126.683349609375
 20
71.16667005750868
 10
125.75002034505209
 20
79.28333706325955
 10
125.65001593695747
 20
79.26667107476129
  0
LINE
  5
514
330
17
100
AcDbEntity
  8
EJE_VIA
100
AcDbLine
 10
125.85001627604167
 20
79.29999457465279
 30
0.0
 11
126.683349609375
 21
71.16666158040366
 31
0.0
  0
LWPOLYLINE
  5
515
330
17
100
AcDbEntity
  8
EJE_VIA
100
AcDbPolyline
 90
4
 70
0
 10
126.58331976996529
 20
71.15000406901042
 10
125.84998236762154
 20
79.30000305175781
 10
125.64999050564236
 20
79.26667107476129
 10
126.4833238389757
 20
71.15000406901042
  0
LWPOLYLINE
  5
516
330
17
100
AcDbEntity
  8
EJE_VIA
100
AcDbPolyline
 90
4
 70
0
 10
125.33331976996529
 20
83.25000339084201
 10
123.34998236762154
 20
103.16667344835069
 10
123.14999050564236
 20
103.13334147135417
 10
125.2333238389757
 20
83.23333740234375
  0
LWPOLYLINE
  5
517
330
17
100
AcDbEntity
  8
EJE_VIA
100
AcDbPolyline
 90
4
 70
0
 10
125.33331976996529
 20
83.25000339084201
 10
123.34998236762154
 20
103.16667344835069
 10
123.14999050564236
 20
103.13334147135417
 10
125.2333238389757
 20
83.23333740234375
  0
LWPOLYLINE
  5
518
330
17
100
AcDbEntity
  8
EJE_VIA
100
AcDbPolyline
 90
39
 70
0
 10
121.56665378146702
 20
129.93333604600696
 10
121.53332180447049
 20
130.18333435058594
 10
121.44998338487413
 20
130.41666666666669
 10
121.35223478285803
 20
130.57606395334005
 10
121.23684739073119
 20
130.7109992702802
 10
121.10670330416825
 20
130.82174359510344
 10
120.96468461884393
 20
130.90856790542603
 10
120.81367343043289
 20
130.97174317886433
 10
120.65655183460977
 20
131.01154039303464
 10
120.4962019270493
 20
131.02823052555323
 10
120.33550580342612
 20
131.02208455403647
 10
120.17734555941489
 20
130.99337345610064
 10
120.02460329069032
 20
130.94236820936203
 10
119.88016109292707
 20
130.869339791437
 10
119.74690106179979
 20
130.77455917994183
 10
119.6277052929832
 20
130.6582973524928
 10
119.52545588215193
 20
130.5208252867063
 10
119.44303492498067
 20
130.36241396019858
 10
119.3833245171441
 20
130.18333435058594
 10
119.3666500515408
 20
129.93333604600696
 10
119.3833245171441
 20
129.7000037299262
 10
119.44100361731317
 20
129.5203010013534
 10
119.52188054720561
 20
129.36080609758696
 10
119.62302683128252
 20
129.2218767085837
 10
119.74151399400499
 20
129.10387052430048
 10
119.87441355983417
 20
129.0071452346941
 10
120.01879705323114
 20
128.93205852972136
 10
120.17173599865701
 20
128.87896809933915
 10
120.33030192057292
 20
128.84823163350424
 10
120.49156634343996
 20
128.84020682217346
 10
120.65260079171922
 20
128.85525135530366
 10
120.81047678987186
 20
128.89372292285165
 10
120.96226586235895
 20
128.95597921477423
 10
121.1050395336416
 20
129.04237792102828
 10
121.23586932818095
 20
129.15327673157057
 10
121.3518267704381
 20
129.28903333635793
 10
121.44998338487413
 20
129.45000542534723
 10
121.53332180447049
 20
129.68333774142795
 10
121.56665378146702
 20
129.93333604600696
  0
LWPOLYLINE
  5
519
330
17
100
AcDbEntity
  8
EJE_VIA
100
AcDbPolyline
 90
3
 70
0
 10
131.60000271267361
 20
71.15000406901042
 10
131.43333435058594
 20
103.16667344835069
 10
131.35000440809463
 20
71.15000406901042
  0
LWPOLYLINE
  5
51A
330
17
100
AcDbEntity
  8
EJE_VIA
100
AcDbPolyline
 90
3
 70
0
 10
131.85000949435764
 20
71.15000406901042
 10
131.43334282769098
 20
103.16667344835069
 10
131.60001118977866
 20
71.15000406901042
  0
LWPOLYLINE
  5
51B
330
17
100
AcDbEntity
  8
EJE_VIA
100
AcDbPolyline
 90
3
 70
0
 10
131.85000949435764
 20
71.15000406901042
 10
131.68334113226996
 20
103.16667344835069
 10
131.43334282769098
 20
103.16667344835069
  0
LWPOLYLINE
  5
51C
330
17
100
AcDbEntity
  8
EJE_VIA
100
AcDbPolyline
 90
6
 70
0
 10
131.60000271267361
 20
71.15000406901042
 10
131.85000101725262
 20
71.15000406901042
 10
131.93333943684897
 20
103.16667344835069
 10
131.43333435058594
 20
103.16667344835069
 10
131.35000440809463
 20
71.15000406901042
 10
131.60000271267361
 20
71.15000406901042
  0
LWPOLYLINE
  5
51D
330
17
100
AcDbEntity
  8
EJE_VIA
100
AcDbPolyline
 90
5
 70
0
 10
131.43334282769098
 20
103.16667344835069
 10
131.50000678168402
 20
103.35000779893663
 10
131.68334113226996
 20
103.41667175292969
 10
131.7833455403646
 20
103.40000576443143
 10
131.9166734483507
 20
103.26666937934029
  0
LWPOLYLINE
  5
51E
330
17
100
AcDbEntity
  8
EJE_VIA
100
AcDbPolyline
 90
5
 70
0
 10
134.7833251953125
 20
106.16667005750868
 10
134.71666124131946
 20
105.98333570692274
 10
134.53332689073352
 20
105.91667175292969
 10
134.43332248263889
 20
105.93333774142796
 10
134.29999457465277
 20
106.0666741265191
  0
LWPOLYLINE
  5
51F
330
17
100
AcDbEntity
  8
EJE_VIA
100
AcDbPolyline
 90
5
 70
0
 10
134.53331841362848
 20
106.16667005750868
 10
134.78331671820746
 20
106.16667005750868
 10
134.83331468370227
 20
186.41665988498264
 10
134.33331807454428
 20
186.41665988498264
 10
134.2833201090495
 20
106.16667005750868
  0
LWPOLYLINE
  5
520
330
17
100
AcDbEntity
  8
EJE_VIA
100
AcDbPolyline
 90
6
 70
0
 10
134.53331841362848
 20
106.16667005750868
 10
134.78331671820746
 20
106.16667005750868
 10
134.83331468370227
 20
186.41665988498264
 10
134.33331807454428
 20
186.41665988498264
 10
134.2833201090495
 20
106.16667005750868
 10
134.53331841362848
 20
106.16667005750868
  0
LWPOLYLINE
  5
521
330
17
100
AcDbEntity
  8
EJE_VIA
100
AcDbPolyline
 90
5
 70
0
 10
134.58333333333334
 20
186.41665988498264
 10
134.76666768391928
 20
186.23333401150174
 10
136.76666259765625
 20
188.2333204481337
 10
136.40000237358942
 20
188.59998914930557
 10
134.3999989827474
 20
186.59998575846356
  0
LWPOLYLINE
  5
522
330
17
100
AcDbEntity
  8
EJE_VIA
100
AcDbPolyline
 90
3
 70
0
 10
136.40001085069446
 20
188.60000610351562
 10
136.5833452012804
 20
188.6666700575087
 10
136.5833452012804
 20
188.41668023003473
  0
LWPOLYLINE
  5
523
330
17
100
AcDbEntity
  8
EJE_VIA
100
AcDbPolyline
 90
3
 70
0
 10
136.58331976996527
 20
188.41666327582467
 10
299.94998508029516
 20
188.09999254014758
 10
136.58331976996527
 20
188.6666700575087
  0
LWPOLYLINE
  5
524
330
17
100
AcDbEntity
  8
EJE_VIA
100
AcDbPolyline
 90
3
 70
0
 10
136.58331976996527
 20
188.1666734483507
 10
299.94998508029516
 20
188.10000949435764
 10
136.58331976996527
 20
188.41668023003473
  0
LWPOLYLINE
  5
525
330
17
100
AcDbEntity
  8
EJE_VIA
100
AcDbPolyline
 90
3
 70
0
 10
136.58331976996527
 20
188.1666734483507
 10
299.94998508029516
 20
187.85000271267361
 10
299.94998508029516
 20
188.10000949435764
  0
LWPOLYLINE
  5
526
330
17
100
AcDbEntity
  8
EJE_VIA
100
AcDbPolyline
 90
3
 70
0
 10
299.95001898871527
 20
187.5999959309896
 10
299.95001898871527
 20
187.85000271267361
 10
136.58335367838544
 20
188.16665649414062
  0
LWPOLYLINE
  5
527
330
17
100
AcDbEntity
  8
EJE_VIA
100
AcDbPolyline
 90
3
 70
0
 10
278.9499918619792
 20
223.33333333333334
 10
279.26666259765625
 20
223.33333333333334
 10
278.999989827474
 20
223.3499993218316
  0
LWPOLYLINE
  5
528
330
17
100
AcDbEntity
  8
EJE_VIA
100
AcDbPolyline
 90
3
 70
0
 10
278.9499918619792
 20
223.35001627604169
 10
279.23333062065973
 20
223.23335435655383
 10
279.26666259765625
 20
223.35001627604169
  0
LWPOLYLINE
  5
529
330
17
100
AcDbEntity
  8
EJE_VIA
100
AcDbPolyline
 90
4
 70
0
 10
138.61667209201389
 20
191.15000406901044
 10
144.61666531032986
 20
191.05000813802084
 10
144.61666531032986
 20
191.25
 10
138.61667209201389
 20
191.25
  0
LWPOLYLINE
  5
52A
330
17
100
AcDbEntity
  8
EJE_VIA
100
AcDbPolyline
 90
5
 70
0
 10
293.8333468967014
 20
214.28331163194446
 10
293.8333468967014
 20
223.316650390625
 10
294.03333875868054
 20
223.316650390625
 10
294.03333875868054
 20
214.28331163194446
 10
293.8333468967014
 20
214.28331163194446
  0
LWPOLYLINE
  5
52B
330
17
100
AcDbEntity
  8
EJE_VIA
100
AcDbPolyline
 90
22
 70
0
 10
294.4333224826389
 20
196.1333211263021
 10
294.41663953993054
 20
196.29998101128473
 10
294.3333265516493
 20
196.44999186197919
 10
294.2166476779514
 20
196.5833197699653
 10
294.0666707356771
 20
196.64998372395834
 10
293.8999769422743
 20
196.68331570095486
 10
293.7333170572917
 20
196.64998372395834
 10
293.58330620659723
 20
196.5833197699653
 10
293.46666124131946
 20
196.44999186197919
 10
293.38331434461804
 20
196.29998101128473
 10
293.3666653103299
 20
196.1333211263021
 10
293.38331434461804
 20
195.96666124131946
 10
293.4561341338688
 20
195.82793676190906
 10
293.55817053053113
 20
195.72173357009888
 10
293.68137690756055
 20
195.64893003967074
 10
293.81770663791235
 20
195.61040454440646
 10
293.95911309454175
 20
195.60703545808792
 10
294.0975496504042
 20
195.63970115449695
 10
294.22496967845495
 20
195.70928000741534
 10
294.3333265516493
 20
195.816650390625
 10
294.41663953993054
 20
195.96666124131946
 10
294.4333224826389
 20
196.1333211263021
  0
LWPOLYLINE
  5
52C
330
17
100
AcDbEntity
  8
EJE_VIA
100
AcDbPolyline
 90
40
 70
0
 10
275.933346218533
 20
213.96664089626736
 10
278.183339436849
 20
213.96664089626736
 10
278.1500074598524
 20
214.3499755859375
 10
278.05001152886285
 20
214.73331027560764
 10
277.86698318603965
 20
215.10634005897575
 10
277.640297445986
 20
215.42411598894333
 10
277.3768305240406
 20
215.68716541760497
 10
277.0834586355421
 20
215.8960156970554
 10
276.7670579958293
 20
216.05119417938923
 10
276.4345048202409
 20
216.15322821670108
 10
276.0926753241155
 20
216.20264516108566
 10
275.74844572279187
 20
216.1999723646376
 10
275.40869223160877
 20
216.14573717945152
 10
275.0802910659048
 20
216.0404669576221
 10
274.7701184410188
 20
215.884689051244
 10
274.48505057228937
 20
215.67893081241183
 10
274.2319636750552
 20
215.42371959322028
 10
274.0177339646551
 20
215.119582745764
 10
273.84923765642776
 20
214.7670476221376
 10
273.7333509657118
 20
214.36664157443576
 10
273.70001898871527
 20
213.98330688476562
 10
273.7333509657118
 20
213.58330620659723
 10
273.84596629275217
 20
213.18236970653138
 10
274.0121743414137
 20
212.82919065819848
 10
274.22498169872495
 20
212.5243061242832
 10
274.4773949517144
 20
212.2682531674703
 10
274.76242068741055
 20
212.06156885044444
 10
275.0730654928419
 20
211.9047902358903
 10
275.402335955037
 20
211.79845438649258
 10
275.7432386610243
 20
211.743098364936
 10
276.0887801978323
 20
211.73925923390522
 10
276.43196715248956
 20
211.78747405608496
 10
276.7658061120245
 20
211.88827989415992
 10
277.0833036634657
 20
212.04221381081476
 10
277.37746639384164
 20
212.2498128687342
 10
277.6413008901808
 20
212.51161413060296
 10
277.8678137395117
 20
212.82815465910568
 10
278.05001152886285
 20
213.1999715169271
 10
278.1500074598524
 20
213.56664021809897
 10
278.183339436849
 20
213.96664089626736
  0
LWPOLYLINE
  5
52D
330
17
100
AcDbEntity
  8
EJE_VIA
100
AcDbPolyline
 90
22
 70
0
 10
107.59999593098959
 20
194.40000745985245
 10
107.79999627007379
 20
194.4166734483507
 10
107.96666463216147
 20
194.500003390842
 10
108.09949894746146
 20
194.62251673142117
 10
108.18606376647949
 20
194.7642535633511
 10
108.22813649972281
 20
194.9171479874187
 10
108.22749455769858
 20
195.07313410441083
 10
108.185915350914
 20
195.22414601511426
 10
108.10517628987631
 20
195.3621178203159
 10
107.98705478509268
 20
195.47898362080258
 10
107.83332824707031
 20
195.56667751736111
 10
107.64999389648438
 20
195.60000949435764
 10
107.46665954589844
 20
195.56667751736111
 10
107.2999996609158
 20
195.50001356336807
 10
107.1499972873264
 20
195.36666870117188
 10
107.06665886773004
 20
195.20000881618924
 10
107.0333268907335
 20
195.01666598849826
 10
107.04999287923178
 20
194.83334011501736
 10
107.13333129882812
 20
194.66668023003473
 10
107.26665920681424
 20
194.5166693793403
 10
107.41666158040366
 20
194.43333943684897
 10
107.59999593098959
 20
194.40000745985245
  0
LWPOLYLINE
  5
52E
330
17
100
AcDbEntity
  8
EJE_VIA
100
AcDbPolyline
 90
3
 70
0
 10
132.75000678168402
 20
138.49999321831598
 10
132.56667243109808
 20
138.46666124131946
 10
132.75000678168402
 20
137.89999220106338
  0
LWPOLYLINE
  5
52F
330
17
100
AcDbEntity
  8
EJE_VIA
100
AcDbPolyline
 90
3
 70
0
 10
132.56666395399307
 20
138.46666124131946
 10
132.3999955919054
 20
138.38333129882812
 10
132.749998304579
 20
137.89999220106338
  0
LWPOLYLINE
  5
530
330
17
100
AcDbEntity
  8
EJE_VIA
100
AcDbPolyline
 90
3
 70
0
 10
132.40000406901044
 20
138.38333129882812
 10
132.26666768391928
 20
138.249994913737
 10
132.75000678168402
 20
137.9000006781684
  0
LWPOLYLINE
  5
531
330
17
100
AcDbEntity
  8
EJE_VIA
100
AcDbPolyline
 90
3
 70
0
 10
132.26667616102432
 20
138.250003390842
 10
132.183346218533
 20
138.08333502875433
 10
132.75000678168402
 20
137.9000006781684
  0
LWPOLYLINE
  5
532
330
17
100
AcDbEntity
  8
EJE_VIA
100
AcDbPolyline
 90
3
 70
0
 10
132.18332926432294
 20
138.08332655164932
 10
132.14999728732639
 20
137.89999220106338
 10
132.749998304579
 20
137.89999220106338
  0
LWPOLYLINE
  5
533
330
17
100
AcDbEntity
  8
EJE_VIA
100
AcDbPolyline
 90
3
 70
0
 10
132.14999728732639
 20
137.9000006781684
 10
132.18332926432294
 20
137.71666632758246
 10
132.749998304579
 20
137.9000006781684
  0
LWPOLYLINE
  5
534
330
17
100
AcDbEntity
  8
EJE_VIA
100
AcDbPolyline
 90
3
 70
0
 10
132.18332926432294
 20
137.7166748046875
 10
132.26665920681424
 20
137.55000644259982
 10
132.749998304579
 20
137.90000915527344
  0
LWPOLYLINE
  5
535
330
17
100
AcDbEntity
  8
EJE_VIA
100
AcDbPolyline
 90
3
 70
0
 10
132.26667616102432
 20
137.5499979654948
 10
132.40001254611545
 20
137.41666158040366
 10
132.75000678168402
 20
137.9000006781684
  0
LWPOLYLINE
  5
536
330
17
100
AcDbEntity
  8
EJE_VIA
100
AcDbPolyline
 90
3
 70
0
 10
132.40000406901044
 20
137.4166700575087
 10
132.56667243109808
 20
137.33334011501736
 10
132.75000678168402
 20
137.9000006781684
  0
LWPOLYLINE
  5
537
330
17
100
AcDbEntity
  8
EJE_VIA
100
AcDbPolyline
 90
3
 70
0
 10
132.56666395399307
 20
137.33334011501736
 10
132.749998304579
 20
137.30000813802084
 10
132.749998304579
 20
137.90000915527344
  0
LWPOLYLINE
  5
538
330
17
100
AcDbEntity
  8
EJE_VIA
100
AcDbPolyline
 90
3
 70
0
 10
132.75000678168402
 20
137.30000813802084
 10
132.93334113226996
 20
137.33334011501736
 10
132.75000678168402
 20
137.90000915527344
  0
LWPOLYLINE
  5
539
330
17
100
AcDbEntity
  8
EJE_VIA
100
AcDbPolyline
 90
3
 70
0
 10
132.933349609375
 20
137.33334011501736
 10
133.10001797146268
 20
137.4166700575087
 10
132.75001525878906
 20
137.90000915527344
  0
LWPOLYLINE
  5
53A
330
17
100
AcDbEntity
  8
EJE_VIA
100
AcDbPolyline
 90
3
 70
0
 10
133.10000949435764
 20
137.4166700575087
 10
133.2333458794488
 20
137.55000644259982
 10
132.75000678168402
 20
137.9000006781684
  0
LWPOLYLINE
  5
53B
330
17
100
AcDbEntity
  8
EJE_VIA
100
AcDbPolyline
 90
3
 70
0
 10
133.23333740234375
 20
137.5499979654948
 10
133.31666734483508
 20
137.71666632758246
 10
132.75000678168402
 20
137.9000006781684
  0
LWPOLYLINE
  5
53C
330
17
100
AcDbEntity
  8
EJE_VIA
100
AcDbPolyline
 90
3
 70
0
 10
133.316650390625
 20
137.7166748046875
 10
133.34998236762152
 20
137.90000915527344
 10
132.74998135036893
 20
137.90000915527344
  0
LWPOLYLINE
  5
53D
330
17
100
AcDbEntity
  8
EJE_VIA
100
AcDbPolyline
 90
3
 70
0
 10
133.35001627604169
 20
137.9000006781684
 10
133.31668429904514
 20
138.08333502875433
 10
132.75001525878906
 20
137.9000006781684
  0
LWPOLYLINE
  5
53E
330
17
100
AcDbEntity
  8
EJE_VIA
100
AcDbPolyline
 90
3
 70
0
 10
133.316650390625
 20
138.08332655164932
 10
133.2333204481337
 20
138.249994913737
 10
132.74998135036893
 20
137.89999220106338
  0
LWPOLYLINE
  5
53F
330
17
100
AcDbEntity
  8
EJE_VIA
100
AcDbPolyline
 90
3
 70
0
 10
133.23333740234375
 20
138.250003390842
 10
133.10000101725262
 20
138.38333977593317
 10
132.75000678168402
 20
137.9000006781684
  0
LWPOLYLINE
  5
540
330
17
100
AcDbEntity
  8
EJE_VIA
100
AcDbPolyline
 90
3
 70
0
 10
133.10000949435764
 20
138.38333129882812
 10
132.93334113226996
 20
138.46666124131946
 10
132.75000678168402
 20
137.9000006781684
  0
LWPOLYLINE
  5
541
330
17
100
AcDbEntity
  8
EJE_VIA
100
AcDbPolyline
 90
3
 70
0
 10
132.933349609375
 20
138.46666124131946
 10
132.75001525878906
 20
138.49999321831598
 10
132.75001525878906
 20
137.89999220106338
  0
LWPOLYLINE
  5
542
330
17
100
AcDbEntity
  8
EJE_VIA
100
AcDbPolyline
 90
3
 70
0
 10
153.10000949435764
 20
188.9666748046875
 10
152.91668362087674
 20
188.93334282769098
 10
153.10000949435764
 20
188.36668226453995
  0
LWPOLYLINE
  5
543
330
17
100
AcDbEntity
  8
EJE_VIA
100
AcDbPolyline
 90
3
 70
0
 10
152.91666666666669
 20
188.93332587348092
 10
152.75000678168402
 20
188.8499959309896
 10
153.09999254014758
 20
188.36666531032986
  0
LWPOLYLINE
  5
544
330
17
100
AcDbEntity
  8
EJE_VIA
100
AcDbPolyline
 90
3
 70
0
 10
152.75000678168402
 20
188.8499959309896
 10
152.61667887369794
 20
188.71666802300348
 10
153.10000949435764
 20
188.36666531032986
  0
LWPOLYLINE
  5
545
330
17
100
AcDbEntity
  8
EJE_VIA
100
AcDbPolyline
 90
3
 70
0
 10
152.61667887369794
 20
188.71666802300348
 10
152.5333489312066
 20
188.55000813802084
 10
153.10000949435764
 20
188.36666531032986
  0
LWPOLYLINE
  5
546
330
17
100
AcDbEntity
  8
EJE_VIA
100
AcDbPolyline
 90
3
 70
0
 10
152.53333197699652
 20
188.55000813802084
 10
152.5
 20
188.36668226453995
 10
153.09999254014758
 20
188.36668226453995
  0
LWPOLYLINE
  5
547
330
17
100
AcDbEntity
  8
EJE_VIA
100
AcDbPolyline
 90
3
 70
0
 10
152.5
 20
188.36666531032986
 10
152.53333197699652
 20
188.1666734483507
 10
153.09999254014758
 20
188.36666531032986
  0
LWPOLYLINE
  5
548
330
17
100
AcDbEntity
  8
EJE_VIA
100
AcDbPolyline
 90
3
 70
0
 10
152.53333197699652
 20
188.1666734483507
 10
152.61666191948785
 20
188.00001356336807
 10
153.09999254014758
 20
188.36666531032986
  0
LWPOLYLINE
  5
549
330
17
100
AcDbEntity
  8
EJE_VIA
100
AcDbPolyline
 90
3
 70
0
 10
152.61667887369794
 20
187.999996609158
 10
152.75000678168402
 20
187.86666870117188
 10
153.10000949435764
 20
188.36666531032986
  0
LWPOLYLINE
  5
54A
330
17
100
AcDbEntity
  8
EJE_VIA
100
AcDbPolyline
 90
3
 70
0
 10
152.75000678168402
 20
187.86666870117188
 10
152.91666666666669
 20
187.78333875868057
 10
153.10000949435764
 20
188.36666531032986
  0
LWPOLYLINE
  5
54B
330
17
100
AcDbEntity
  8
EJE_VIA
100
AcDbPolyline
 90
3
 70
0
 10
152.91666666666669
 20
187.78333875868057
 10
153.09999254014758
 20
187.7666727701823
 10
153.09999254014758
 20
188.36666531032986
  0
LWPOLYLINE
  5
54C
330
17
100
AcDbEntity
  8
EJE_VIA
100
AcDbPolyline
 90
3
 70
0
 10
153.10000949435764
 20
187.7666727701823
 10
153.28333536783856
 20
187.78333875868057
 10
153.10000949435764
 20
188.36666531032986
  0
LWPOLYLINE
  5
54D
330
17
100
AcDbEntity
  8
EJE_VIA
100
AcDbPolyline
 90
3
 70
0
 10
153.28331841362848
 20
187.78333875868057
 10
153.44997829861111
 20
187.86666870117188
 10
153.09999254014758
 20
188.36666531032986
  0
LWPOLYLINE
  5
54E
330
17
100
AcDbEntity
  8
EJE_VIA
100
AcDbPolyline
 90
3
 70
0
 10
153.45001220703125
 20
187.86666870117188
 10
153.58334011501736
 20
187.999996609158
 10
153.10000949435764
 20
188.36666531032986
  0
LWPOLYLINE
  5
54F
330
17
100
AcDbEntity
  8
EJE_VIA
100
AcDbPolyline
 90
3
 70
0
 10
153.58334011501736
 20
187.999996609158
 10
153.6666700575087
 20
188.16665649414062
 10
153.10000949435764
 20
188.36666531032986
  0
LWPOLYLINE
  5
550
330
17
100
AcDbEntity
  8
EJE_VIA
100
AcDbPolyline
 90
3
 70
0
 10
153.66665310329861
 20
188.1666734483507
 10
153.69998508029514
 20
188.36666531032986
 10
153.09999254014758
 20
188.36666531032986
  0
LWPOLYLINE
  5
551
330
17
100
AcDbEntity
  8
EJE_VIA
100
AcDbPolyline
 90
3
 70
0
 10
153.69998508029514
 20
188.36666531032986
 10
153.66665310329861
 20
188.54999118381076
 10
153.09999254014758
 20
188.36666531032986
  0
LWPOLYLINE
  5
552
330
17
100
AcDbEntity
  8
EJE_VIA
100
AcDbPolyline
 90
3
 70
0
 10
153.66665310329861
 20
188.55000813802084
 10
153.5833231608073
 20
188.71666802300348
 10
153.09999254014758
 20
188.36668226453995
  0
LWPOLYLINE
  5
553
330
17
100
AcDbEntity
  8
EJE_VIA
100
AcDbPolyline
 90
3
 70
0
 10
153.58334011501736
 20
188.71666802300348
 10
153.45001220703125
 20
188.8499959309896
 10
153.10000949435764
 20
188.36666531032986
  0
LWPOLYLINE
  5
554
330
17
100
AcDbEntity
  8
EJE_VIA
100
AcDbPolyline
 90
3
 70
0
 10
153.45001220703125
 20
188.8499959309896
 10
153.28335232204861
 20
188.93332587348092
 10
153.10000949435764
 20
188.36666531032986
  0
LWPOLYLINE
  5
555
330
17
100
AcDbEntity
  8
EJE_VIA
100
AcDbPolyline
 90
3
 70
0
 10
153.28331841362848
 20
188.93332587348092
 10
153.09999254014758
 20
188.96665785047745
 10
153.09999254014758
 20
188.36666531032986
  0
LWPOLYLINE
  5
556
330
17
100
AcDbEntity
  8
EJE_VIA
100
AcDbPolyline
 90
5
 70
0
 10
135.41666666666669
 20
150.68333943684897
 10
133.70000203450522
 20
150.68333943684897
 10
133.73333401150174
 20
180.68333943684897
 10
135.4499986436632
 20
180.68333943684897
 10
135.41666666666669
 20
150.68333943684897
  0
LWPOLYLINE
  5
557
330
17
100
AcDbEntity
  8
EJE_VIA
100
AcDbPolyline
 90
3
 70
0
 10
149.11665174696182
 20
187.68332587348092
 10
149.14998372395834
 20
189.0833197699653
 10
150.34998575846356
 20
188.36666531032986
  0
LWPOLYLINE
  5
558
330
17
100
AcDbEntity
  8
EJE_VIA
100
AcDbPolyline
 90
3
 70
0
 10
135.18331739637588
 20
187.01665242513022
 10
134.58331637912326
 20
186.41665988498264
 10
134.58331637912326
 20
185.58332655164932
  0
LWPOLYLINE
  5
559
330
17
100
AcDbEntity
  8
EJE_VIA
100
AcDbPolyline
 90
3
 70
0
 10
137.43331909179688
 20
188.41666327582467
 10
136.58331976996527
 20
188.41666327582467
 10
135.99998474121094
 20
187.8166707356771
  0
LWPOLYLINE
  5
55A
330
17
100
AcDbEntity
  8
EJE_VIA
100
AcDbPolyline
 90
3
 70
0
 10
299.95001898871527
 20
159.33332655164932
 10
147.6333448621962
 20
159.61666531032986
 10
299.95001898871527
 20
159.23333062065973
  0
LWPOLYLINE
  5
55B
330
17
100
AcDbEntity
  8
EJE_VIA
100
AcDbPolyline
 90
3
 70
0
 10
299.95001898871527
 20
159.43333943684897
 10
147.6333448621962
 20
159.61666531032986
 10
299.95001898871527
 20
159.33334350585938
  0
LWPOLYLINE
  5
55C
330
17
100
AcDbEntity
  8
EJE_VIA
100
AcDbPolyline
 90
3
 70
0
 10
299.95001898871527
 20
159.43333943684897
 10
147.6333448621962
 20
159.7166781955295
 10
147.6333448621962
 20
159.61666531032986
  0
LINE
  5
55D
330
17
100
AcDbEntity
  8
EJE_VIA
100
AcDbLine
 10
147.63332790798611
 20
159.8166741265191
 30
0.0
 11
299.95001898871527
 21
159.43333943684897
 31
0.0
  0
LWPOLYLINE
  5
55E
330
17
100
AcDbEntity
  8
EJE_VIA
100
AcDbPolyline
 90
4
 70
0
 10
299.95001898871527
 20
159.33332655164932
 10
147.6333448621962
 20
159.81665717230902
 10
147.6333448621962
 20
159.61666531032986
 10
299.95001898871527
 20
159.23333062065973
  0
LWPOLYLINE
  5
55F
330
17
100
AcDbEntity
  8
EJE_VIA
100
AcDbPolyline
 90
5
 70
0
 10
137.25000169542102
 20
189.98333401150174
 10
137.26666768391928
 20
190.11666191948785
 10
137.23333570692276
 20
190.23334079318576
 10
137.03333536783856
 20
190.36666870117188
 10
136.91666497124567
 20
190.38333468967014
  0
LWPOLYLINE
  5
560
330
17
100
AcDbEntity
  8
EJE_VIA
100
AcDbPolyline
 90
4
 70
0
 10
136.11667209201389
 20
189.6999952528212
 10
135.90000576443143
 20
189.68332926432294
 10
135.9666697184245
 20
189.53333536783856
 10
136.11667209201389
 20
189.6999952528212
  0
LWPOLYLINE
  5
561
330
17
100
AcDbEntity
  8
EJE_VIA
100
AcDbPolyline
 90
4
 70
0
 10
136.75000508626303
 20
189.74999321831598
 10
136.58333672417535
 20
189.89998711480035
 10
136.7666710747613
 20
189.93331909179688
 10
136.75000508626303
 20
189.74999321831598
  0
LWPOLYLINE
  5
562
330
17
100
AcDbEntity
  8
EJE_VIA
100
AcDbPolyline
 90
6
 70
0
 10
135.80000983344183
 20
136.93333943684897
 10
135.91668023003473
 20
136.90000745985245
 10
136.05000813802084
 20
136.9166734483507
 10
136.15001254611545
 20
136.9666714138455
 10
136.23334248860678
 20
137.08334181043838
 10
136.25000847710504
 20
137.2000037299262
  0
LWPOLYLINE
  5
563
330
17
100
AcDbEntity
  8
EJE_VIA
100
AcDbPolyline
 90
4
 70
0
 10
135.75001186794705
 20
138.10000949435764
 10
135.7666778564453
 20
138.33334181043838
 10
135.6166754828559
 20
138.28334384494357
 10
135.75001186794705
 20
138.10000949435764
  0
LWPOLYLINE
  5
564
330
17
100
AcDbEntity
  8
EJE_VIA
100
AcDbPolyline
 90
4
 70
0
 10
135.683347913954
 20
137.48334248860678
 10
135.85001627604169
 20
137.61667887369794
 10
135.85001627604169
 20
137.4166785346137
 10
135.683347913954
 20
137.48334248860678
  0
LWPOLYLINE
  5
565
330
17
100
AcDbEntity
  8
EJE_VIA
100
AcDbPolyline
 90
4
 70
0
 10
135.1500193277995
 20
104.98335096571181
 10
135.36668565538196
 20
104.88335503472223
 10
135.48335605197482
 20
104.90002102322049
 10
135.65001593695746
 20
105.0833468967014
  0
LWPOLYLINE
  5
566
330
17
100
AcDbEntity
  8
EJE_VIA
100
AcDbPolyline
 90
4
 70
0
 10
135.46669006347656
 20
106.11668904622397
 10
135.56668599446616
 20
106.31668938530817
 10
135.41669209798178
 20
106.33335537380643
 10
135.46669006347656
 20
106.11668904622397
  0
LWPOLYLINE
  5
567
330
17
100
AcDbEntity
  8
EJE_VIA
100
AcDbPolyline
 90
4
 70
0
 10
135.20002577039932
 20
105.53335401746962
 10
135.41669209798178
 20
105.61668395996094
 10
135.3500281439887
 20
105.43335808648004
 10
135.20002577039932
 20
105.53335401746962
  0
LWPOLYLINE
  5
568
330
17
100
AcDbEntity
  8
EJE_VIA
100
AcDbPolyline
 90
4
 70
0
 10
131.3500213623047
 20
104.40001593695747
 10
131.13335503472223
 20
104.55001831054688
 10
131.01668463812933
 20
104.55001831054688
 10
130.9000227186415
 20
104.48334587944879
  0
LWPOLYLINE
  5
569
330
17
100
AcDbEntity
  8
EJE_VIA
100
AcDbPolyline
 90
4
 70
0
 10
130.8333502875434
 20
103.35001627604167
 10
130.70001390245227
 20
103.16668192545573
 10
130.85001627604169
 20
103.13334994845921
 10
130.8333502875434
 20
103.35001627604167
  0
LWPOLYLINE
  5
56A
330
17
100
AcDbEntity
  8
EJE_VIA
100
AcDbPolyline
 90
4
 70
0
 10
131.183353000217
 20
103.86667887369792
 10
130.96668667263455
 20
103.8333468967014
 10
131.06668260362414
 20
104.00001525878906
 10
131.183353000217
 20
103.86667887369792
  0
LWPOLYLINE
  5
56B
330
17
100
AcDbEntity
  8
EJE_VIA
100
AcDbPolyline
 90
3
 70
0
 10
132.28331671820746
 20
103.7666744656033
 10
131.68331570095486
 20
103.16667344835069
 10
131.68331570095486
 20
102.33334011501736
  0
LWPOLYLINE
  5
56C
330
17
100
AcDbEntity
  8
EJE_VIA
100
AcDbPolyline
 90
4
 70
0
 10
108.56665717230904
 20
172.96666463216147
 10
99.19999016655817
 20
172.7333238389757
 10
99.19999016655817
 20
172.53333197699652
 10
108.56665717230904
 20
172.86666870117188
  0
LWPOLYLINE
  5
56D
330
17
100
AcDbEntity
  8
EJE_VIA
100
AcDbPolyline
 90
3
 70
0
 10
99.19999864366319
 20
172.63332790798611
 10
51.033333672417534
 20
172.64999389648438
 10
99.19999864366319
 20
172.53333197699652
  0
LWPOLYLINE
  5
56E
330
17
100
AcDbEntity
  8
EJE_VIA
100
AcDbPolyline
 90
3
 70
0
 10
99.19999864366319
 20
172.73334079318576
 10
51.033333672417534
 20
172.65001085069446
 10
99.19999864366319
 20
172.6333448621962
  0
LINE
  5
56F
330
17
100
AcDbEntity
  8
EJE_VIA
100
AcDbLine
 10
99.19999864366319
 20
172.73334079318576
 30
0.0
 11
51.033333672417534
 21
172.75000678168402
 31
0.0
  0
LINE
  5
570
330
17
100
AcDbEntity
  8
EJE_VIA
100
AcDbLine
 10
51.0333251953125
 20
172.85000271267361
 30
0.0
 11
99.19999016655817
 21
172.73334079318576
 31
0.0
  0
LINE
  5
571
330
17
100
AcDbEntity
  8
EJE_VIA
100
AcDbLine
 10
99.19999864366319
 20
172.63332790798611
 30
0.0
 11
51.033333672417534
 21
172.85000271267361
 31
0.0
  0
LINE
  5
572
330
17
100
AcDbEntity
  8
EJE_VIA
100
AcDbLine
 10
51.033333672417534
 20
172.64999389648438
 30
0.0
 11
99.19999864366319
 21
172.53333197699652
 31
0.0
  0
LWPOLYLINE
  5
573
330
17
100
AcDbEntity
  8
EJE_VIA
100
AcDbPolyline
 90
4
 70
0
 10
79.80000813802084
 20
183.30000135633682
 10
70.60000949435764
 20
183.43332926432294
 10
70.60000949435764
 20
183.23333740234375
 10
79.80000813802084
 20
183.20000542534723
  0
LWPOLYLINE
  5
574
330
17
100
AcDbEntity
  8
EJE_VIA
100
AcDbPolyline
 90
3
 70
0
 10
65.74998643663194
 20
183.3499993218316
 10
51.03332095675999
 20
183.30000135633682
 10
65.74998643663194
 20
183.250003390842
  0
LWPOLYLINE
  5
575
330
17
100
AcDbEntity
  8
EJE_VIA
100
AcDbPolyline
 90
3
 70
0
 10
65.74998643663194
 20
183.4499952528212
 10
51.03332095675999
 20
183.30000135633682
 10
65.74998643663194
 20
183.3499993218316
  0
LINE
  5
576
330
17
100
AcDbEntity
  8
EJE_VIA
100
AcDbLine
 10
65.74998643663194
 20
183.4499952528212
 30
0.0
 11
51.03332095675999
 21
183.39999728732639
 31
0.0
  0
LINE
  5
577
330
17
100
AcDbEntity
  8
EJE_VIA
100
AcDbLine
 10
51.0333251953125
 20
183.49999321831598
 30
0.0
 11
65.74999067518446
 21
183.4499952528212
 31
0.0
  0
LINE
  5
578
330
17
100
AcDbEntity
  8
EJE_VIA
100
AcDbLine
 10
65.74998643663194
 20
183.3499993218316
 30
0.0
 11
51.03332095675999
 21
183.49999321831598
 31
0.0
  0
LINE
  5
579
330
17
100
AcDbEntity
  8
EJE_VIA
100
AcDbLine
 10
51.03332095675999
 20
183.30000135633682
 30
0.0
 11
65.74998643663194
 21
183.250003390842
 31
0.0
  0
LWPOLYLINE
  5
57A
330
17
100
AcDbEntity
  8
EJE_VIA
100
AcDbPolyline
 90
19
 70
0
 10
108.90001085069444
 20
174.56666734483508
 10
107.03334384494359
 20
175.58332655164932
 10
106.32179417750902
 20
175.9483160244094
 10
105.60597116748492
 20
176.30474487940472
 10
104.88598956623012
 20
176.65262046787475
 10
104.16196412510342
 20
176.99195014105902
 10
103.43400959546368
 20
177.3227412501971
 10
102.70224072866971
 20
177.64500114652847
 10
101.96677227608032
 20
177.95873718129266
 10
101.22771898905437
 20
178.26395670572919
 10
100.48519561895067
 20
178.56066707107757
 10
99.73931691712804
 20
178.84887562857736
 10
98.99019763494532
 20
179.12858972946805
 10
98.23795252376134
 20
179.39981672498917
 10
97.4826963349349
 20
179.66256396638025
 10
96.72454381982486
 20
179.9168388048808
 10
95.96360972979004
 20
180.16264859173035
 10
95.20000881618924
 20
180.40000067816842
 10
93.15000745985243
 20
180.98332722981772
  0
LWPOLYLINE
  5
57B
330
17
100
AcDbEntity
  8
EJE_VIA
100
AcDbPolyline
 90
14
 70
0
 10
108.5666741265191
 20
172.96666463216147
 10
108.78334045410156
 20
172.999996609158
 10
108.89740916175975
 20
173.0462478970488
 10
108.99969157245424
 20
173.1050730082724
 10
109.16810644997491
 20
173.25461943944296
 10
109.28700298070908
 20
173.43698538011975
 10
109.35479905870226
 20
173.64052030775284
 10
109.3690400198102
 20
173.7465853533811
 10
109.36991257799997
 20
173.85357369979224
 10
109.35721897002723
 20
173.96002903166746
 10
109.3307614326477
 20
174.06449503368802
 10
109.29034220261707
 20
174.1655153905352
 10
109.1668276116252
 20
174.3513939074344
 10
108.90001085069444
 20
174.56666734483508
  0
LINE
  5
57C
330
17
100
AcDbEntity
  8
EJE_VIA
100
AcDbLine
 10
97.10001627604167
 20
159.76665920681424
 30
0.0
 11
51.03335062662761
 21
159.89998711480035
 31
0.0
  0
LINE
  5
57D
330
17
100
AcDbEntity
  8
EJE_VIA
100
AcDbLine
 10
97.10001627604167
 20
159.76665920681424
 30
0.0
 11
51.03335062662761
 21
159.79999118381076
 31
0.0
  0
LINE
  5
57E
330
17
100
AcDbEntity
  8
EJE_VIA
100
AcDbLine
 10
51.0333251953125
 20
159.6999952528212
 30
0.0
 11
97.09999084472656
 21
159.66666327582465
 31
0.0
  0
LINE
  5
57F
330
17
100
AcDbEntity
  8
EJE_VIA
100
AcDbLine
 10
97.10001627604167
 20
159.56666734483508
 30
0.0
 11
51.03335062662761
 21
159.6999952528212
 31
0.0
  0
LWPOLYLINE
  5
580
330
17
100
AcDbEntity
  8
EJE_VIA
100
AcDbPolyline
 90
4
 70
0
 10
51.0333251953125
 20
159.6999952528212
 10
97.09999084472656
 20
159.56666734483508
 10
97.09999084472656
 20
159.76665920681424
 10
51.0333251953125
 20
159.89998711480035
  0
LWPOLYLINE
  5
581
330
17
100
AcDbEntity
  8
EJE_VIA
100
AcDbPolyline
 90
3
 70
0
 10
72.65001085069444
 20
156.90000745985245
 10
92.06667582194011
 20
156.85000949435764
 10
92.5333489312066
 20
156.90000745985245
  0
LWPOLYLINE
  5
582
330
17
100
AcDbEntity
  8
EJE_VIA
100
AcDbPolyline
 90
3
 70
0
 10
72.65001085069444
 20
156.90000745985245
 10
51.033342149522575
 20
156.83334350585938
 10
72.65001085069444
 20
156.80001152886285
  0
LWPOLYLINE
  5
583
330
17
100
AcDbEntity
  8
EJE_VIA
100
AcDbPolyline
 90
3
 70
0
 10
72.65001085069444
 20
157.000003390842
 10
51.033342149522575
 20
156.83334350585938
 10
72.65001085069444
 20
156.90000745985245
  0
LINE
  5
584
330
17
100
AcDbEntity
  8
EJE_VIA
100
AcDbLine
 10
72.65001085069444
 20
157.000003390842
 30
0.0
 11
51.033342149522575
 21
156.93333943684897
 31
0.0
  0
LINE
  5
585
330
17
100
AcDbEntity
  8
EJE_VIA
100
AcDbLine
 10
51.0333251953125
 20
157.03333536783856
 30
0.0
 11
72.64999389648438
 21
157.000003390842
 31
0.0
  0
LINE
  5
586
330
17
100
AcDbEntity
  8
EJE_VIA
100
AcDbLine
 10
72.65001085069444
 20
156.90000745985245
 30
0.0
 11
51.033342149522575
 21
157.03333536783856
 31
0.0
  0
LINE
  5
587
330
17
100
AcDbEntity
  8
EJE_VIA
100
AcDbLine
 10
51.033342149522575
 20
156.83334350585938
 30
0.0
 11
72.65001085069444
 21
156.80001152886285
 31
0.0
  0
LWPOLYLINE
  5
588
330
17
100
AcDbEntity
  8
EJE_VIA
100
AcDbPolyline
 90
18
 70
0
 10
97.40000406901042
 20
157.80000474717883
 10
97.63333638509116
 20
157.93333265516495
 10
97.74175185710192
 20
158.026058367557
 10
97.83171008030574
 20
158.12904457251233
 10
97.90356264760098
 20
158.24044923815464
 10
97.95766115188599
 20
158.3584303326077
 10
97.99435718605916
 20
158.4811458239953
 10
98.01400234301886
 20
158.60675368044113
 10
98.01694821566343
 20
158.73341187006898
 10
98.00354639689128
 20
158.85927836100262
 10
97.97414847960076
 20
158.98251112136577
 10
97.92910605669022
 20
159.1012681192822
 10
97.86877072105806
 20
159.21370732287568
 10
97.79349406560263
 20
159.31798670026993
 10
97.59952316681544
 20
159.4946978489558
 10
97.48153210928044
 20
159.56344555649494
 10
97.35000610351562
 20
159.61666531032986
 10
97.10000779893663
 20
159.66666327582465
  0
LWPOLYLINE
  5
589
330
17
100
AcDbEntity
  8
EJE_VIA
100
AcDbPolyline
 90
4
 70
0
 10
267.9499986436632
 20
176.4333258734809
 10
167.16666327582465
 20
176.36666191948785
 10
167.16666327582465
 20
176.16665310329861
 10
267.9499986436632
 20
176.33332994249133
  0
LWPOLYLINE
  5
58A
330
17
100
AcDbEntity
  8
EJE_VIA
100
AcDbPolyline
 90
4
 70
0
 10
267.9499986436632
 20
176.4333258734809
 10
167.16666327582465
 20
176.36666191948785
 10
167.16666327582465
 20
176.16665310329861
 10
267.9499986436632
 20
176.33332994249133
  0
LWPOLYLINE
  5
58B
330
17
100
AcDbEntity
  8
EJE_VIA
100
AcDbPolyline
 90
4
 70
0
 10
167.16668023003473
 20
176.26666598849826
 10
165.68333943684897
 20
176.25
 10
165.68333943684897
 20
176.04999118381076
 10
167.16668023003473
 20
176.1666700575087
  0
LWPOLYLINE
  5
58C
330
17
100
AcDbEntity
  8
EJE_VIA
100
AcDbPolyline
 90
4
 70
0
 10
165.68332248263889
 20
176.15000406901044
 10
164.19998168945312
 20
176.0666741265191
 10
164.23333062065973
 20
175.86666531032986
 10
165.69998847113715
 20
176.05000813802084
  0
LWPOLYLINE
  5
58D
330
17
100
AcDbEntity
  8
EJE_VIA
100
AcDbPolyline
 90
4
 70
0
 10
164.21668158637152
 20
175.96666124131946
 10
162.73334079318576
 20
175.81666734483508
 10
162.76668972439236
 20
175.61665852864584
 10
164.2333475748698
 20
175.86666531032986
  0
LWPOLYLINE
  5
58E
330
17
100
AcDbEntity
  8
EJE_VIA
100
AcDbPolyline
 90
4
 70
0
 10
162.75000678168402
 20
175.7166714138455
 10
161.26666598849826
 20
175.499996609158
 10
161.30001491970486
 20
175.30000474717883
 10
162.7666727701823
 20
175.6166754828559
  0
LWPOLYLINE
  5
58F
330
17
100
AcDbEntity
  8
EJE_VIA
100
AcDbPolyline
 90
4
 70
0
 10
161.28333197699652
 20
175.4000006781684
 10
159.81665717230902
 20
175.11666191948785
 10
159.88333808051215
 20
174.9166700575087
 10
161.31666395399307
 20
175.30000474717883
  0
LWPOLYLINE
  5
590
330
17
100
AcDbEntity
  8
EJE_VIA
100
AcDbPolyline
 90
4
 70
0
 10
159.84998914930557
 20
175.01666598849826
 10
158.39999728732639
 20
174.66666327582465
 10
158.46666124131946
 20
174.4666714138455
 10
159.8833211263021
 20
174.9166700575087
  0
LWPOLYLINE
  5
591
330
17
100
AcDbEntity
  8
EJE_VIA
100
AcDbPolyline
 90
4
 70
0
 10
158.43332926432294
 20
174.56666734483508
 10
158.16665649414062
 20
174.55000135633682
 10
158.26666937934027
 20
174.38334147135419
 10
158.48332722981772
 20
174.48333740234375
  0
LWPOLYLINE
  5
592
330
17
100
AcDbEntity
  8
EJE_VIA
100
AcDbPolyline
 90
4
 70
0
 10
158.43332926432294
 20
174.56666734483508
 10
158.16665649414062
 20
174.55000135633682
 10
158.26666937934027
 20
174.38334147135419
 10
158.48332722981772
 20
174.48333740234375
  0
LWPOLYLINE
  5
593
330
17
100
AcDbEntity
  8
EJE_VIA
100
AcDbPolyline
 90
4
 70
0
 10
158.21665445963544
 20
174.4666714138455
 10
157.96664767795139
 20
174.40000745985245
 10
158.09999254014758
 20
174.23333062065973
 10
158.28331841362848
 20
174.38334147135419
  0
LWPOLYLINE
  5
594
330
17
100
AcDbEntity
  8
EJE_VIA
100
AcDbPolyline
 90
4
 70
0
 10
158.21665445963544
 20
174.4666714138455
 10
157.96664767795139
 20
174.40000745985245
 10
158.09999254014758
 20
174.23333062065973
 10
158.28331841362848
 20
174.38334147135419
  0
LWPOLYLINE
  5
595
330
17
100
AcDbEntity
  8
EJE_VIA
100
AcDbPolyline
 90
4
 70
0
 10
157.7166748046875
 20
173.68333604600696
 10
157.60001288519965
 20
173.4499952528212
 10
157.80000474717883
 20
173.4499952528212
 10
157.8166707356771
 20
173.68333604600696
  0
LWPOLYLINE
  5
596
330
17
100
AcDbEntity
  8
EJE_VIA
100
AcDbPolyline
 90
4
 70
0
 10
157.7166748046875
 20
173.68333604600696
 10
157.60001288519965
 20
173.4499952528212
 10
157.80000474717883
 20
173.4499952528212
 10
157.8166707356771
 20
173.68333604600696
  0
LWPOLYLINE
  5
597
330
17
100
AcDbEntity
  8
EJE_VIA
100
AcDbPolyline
 90
4
 70
0
 10
157.69999186197919
 20
173.4499952528212
 10
157.66665988498264
 20
173.18332248263889
 10
157.86665174696182
 20
173.250003390842
 10
157.79998779296875
 20
173.48332722981772
  0
LWPOLYLINE
  5
598
330
17
100
AcDbEntity
  8
EJE_VIA
100
AcDbPolyline
 90
4
 70
0
 10
157.69999186197919
 20
173.4499952528212
 10
157.66665988498264
 20
173.18332248263889
 10
157.86665174696182
 20
173.250003390842
 10
157.79998779296875
 20
173.48332722981772
  0
LWPOLYLINE
  5
599
330
17
100
AcDbEntity
  8
EJE_VIA
100
AcDbPolyline
 90
4
 70
0
 10
157.76665581597223
 20
173.2166714138455
 10
157.7833218044705
 20
172.9499986436632
 10
157.94998168945312
 20
173.05001152886285
 10
157.84998575846356
 20
173.26666937934027
  0
LWPOLYLINE
  5
59A
330
17
100
AcDbEntity
  8
EJE_VIA
100
AcDbPolyline
 90
4
 70
0
 10
157.86665174696182
 20
172.999996609158
 10
157.93331570095486
 20
172.7333238389757
 10
158.09999254014758
 20
172.86666870117188
 10
157.94998168945312
 20
173.06666056315106
  0
LWPOLYLINE
  5
59B
330
17
100
AcDbEntity
  8
EJE_VIA
100
AcDbPolyline
 90
4
 70
0
 10
158.01666259765625
 20
172.80000474717883
 10
158.1333245171441
 20
172.56666395399307
 10
158.26666937934027
 20
172.73334079318576
 10
158.08332655164932
 20
172.88333468967014
  0
LWPOLYLINE
  5
59C
330
17
100
AcDbEntity
  8
EJE_VIA
100
AcDbPolyline
 90
4
 70
0
 10
158.01666259765625
 20
172.80000474717883
 10
158.1333245171441
 20
172.56666395399307
 10
158.26666937934027
 20
172.73334079318576
 10
158.08332655164932
 20
172.88333468967014
  0
LWPOLYLINE
  5
59D
330
17
100
AcDbEntity
  8
EJE_VIA
100
AcDbPolyline
 90
4
 70
0
 10
158.20000542534723
 20
172.64999389648438
 10
158.36666531032986
 20
172.46666802300348
 10
158.4666781955295
 20
172.63332790798611
 10
158.250003390842
 20
172.7333238389757
  0
LWPOLYLINE
  5
59E
330
17
100
AcDbEntity
  8
EJE_VIA
100
AcDbPolyline
 90
4
 70
0
 10
158.20000542534723
 20
172.64999389648438
 10
158.36666531032986
 20
172.46666802300348
 10
158.4666781955295
 20
172.63332790798611
 10
158.250003390842
 20
172.7333238389757
  0
LWPOLYLINE
  5
59F
330
17
100
AcDbEntity
  8
EJE_VIA
100
AcDbPolyline
 90
4
 70
0
 10
158.41668023003473
 20
172.5499979654948
 10
158.63335503472223
 20
172.40000406901044
 10
158.66668701171875
 20
172.5999959309896
 10
158.433346218533
 20
172.64999389648438
  0
LWPOLYLINE
  5
5A0
330
17
100
AcDbEntity
  8
EJE_VIA
100
AcDbPolyline
 90
4
 70
0
 10
158.41668023003473
 20
172.5499979654948
 10
158.63335503472223
 20
172.40000406901044
 10
158.66668701171875
 20
172.5999959309896
 10
158.433346218533
 20
172.64999389648438
  0
LWPOLYLINE
  5
5A1
330
17
100
AcDbEntity
  8
EJE_VIA
100
AcDbPolyline
 90
3
 70
0
 10
158.65000406901044
 20
172.5
 10
299.95001898871527
 20
172.30000813802084
 10
158.65000406901044
 20
172.5999959309896
  0
LWPOLYLINE
  5
5A2
330
17
100
AcDbEntity
  8
EJE_VIA
100
AcDbPolyline
 90
3
 70
0
 10
158.65000406901044
 20
172.40000406901044
 10
299.95001898871527
 20
172.30000813802084
 10
158.65000406901044
 20
172.5
  0
LINE
  5
5A3
330
17
100
AcDbEntity
  8
EJE_VIA
100
AcDbLine
 10
158.65000406901044
 20
172.40000406901044
 30
0.0
 11
299.95001898871527
 21
172.20001220703125
 31
0.0
  0
LINE
  5
5A4
330
17
100
AcDbEntity
  8
EJE_VIA
100
AcDbLine
 10
299.95001898871527
 20
172.0999993218316
 30
0.0
 11
158.6500210232205
 21
172.40000406901044
 31
0.0
  0
LWPOLYLINE
  5
5A5
330
17
100
AcDbEntity
  8
EJE_VIA
100
AcDbPolyline
 90
4
 70
0
 10
158.65000406901044
 20
172.5
 10
299.95001898871527
 20
172.0999993218316
 10
299.95001898871527
 20
172.30000813802084
 10
158.65000406901044
 20
172.5999959309896
  0
LWPOLYLINE
  5
5A6
330
17
100
AcDbEntity
  8
EJE_VIA
100
AcDbPolyline
 90
17
 70
0
 10
147.63332790798611
 20
159.71666124131946
 10
147.39998711480035
 20
159.68332926432294
 10
147.26715971612268
 20
159.6409138540427
 10
147.1481079194281
 20
159.58017150561017
 10
147.04322846813335
 20
159.50335438052815
 10
146.8775735754106
 20
159.31050444642705
 10
146.81759162081613
 20
159.19897596041363
 10
146.77336898528867
 20
159.0803813437621
 10
146.74530241224502
 20
158.95697275797528
 10
146.73378864510192
 20
158.831002364556
 10
146.73922442727618
 20
158.70472232500714
 10
146.76200650218462
 20
158.5803848008315
 10
146.80253161324396
 20
158.46024195353192
 10
146.861196503871
 20
158.34654594461125
 10
146.9383979174826
 20
158.24154893557233
 10
147.14999728732639
 20
158.06666056315106
 10
149.66666327582465
 20
156.7833285861545
  0
LWPOLYLINE
  5
5A7
330
17
100
AcDbEntity
  8
EJE_VIA
100
AcDbPolyline
 90
4
 70
0
 10
299.46668836805554
 20
181.7999945746528
 10
299.433356391059
 20
181.99998643663196
 10
296.95000542534723
 20
181.66666666666669
 10
296.9833713107639
 20
181.46665785047745
  0
LWPOLYLINE
  5
5A8
330
17
100
AcDbEntity
  8
EJE_VIA
100
AcDbPolyline
 90
5
 70
0
 10
299.46668836805554
 20
181.7999945746528
 10
296.9833713107639
 20
181.46665785047745
 10
296.95000542534723
 20
181.66666666666669
 10
299.433356391059
 20
181.99998643663196
 10
299.46668836805554
 20
181.7999945746528
  0
LWPOLYLINE
  5
5A9
330
17
100
AcDbEntity
  8
EJE_VIA
100
AcDbPolyline
 90
4
 70
0
 10
296.98333740234375
 20
181.4666748046875
 10
296.95000542534723
 20
181.66666666666669
 10
294.48333740234375
 20
181.25
 10
294.51666937934027
 20
181.05000813802084
  0
LWPOLYLINE
  5
5AA
330
17
100
AcDbEntity
  8
EJE_VIA
100
AcDbPolyline
 90
5
 70
0
 10
296.98333740234375
 20
181.4666748046875
 10
294.51666937934027
 20
181.05000813802084
 10
294.48333740234375
 20
181.25
 10
296.95000542534723
 20
181.66666666666669
 10
296.98333740234375
 20
181.4666748046875
  0
LWPOLYLINE
  5
5AB
330
17
100
AcDbEntity
  8
EJE_VIA
100
AcDbPolyline
 90
4
 70
0
 10
294.51666937934027
 20
181.05000813802084
 10
294.48333740234375
 20
181.25
 10
292.01666937934027
 20
180.78333536783856
 10
292.0500013563368
 20
180.58334350585938
  0
LWPOLYLINE
  5
5AC
330
17
100
AcDbEntity
  8
EJE_VIA
100
AcDbPolyline
 90
5
 70
0
 10
294.51666937934027
 20
181.05000813802084
 10
292.0500013563368
 20
180.58334350585938
 10
292.01666937934027
 20
180.78333536783856
 10
294.48333740234375
 20
181.25
 10
294.51666937934027
 20
181.05000813802084
  0
LWPOLYLINE
  5
5AD
330
17
100
AcDbEntity
  8
EJE_VIA
100
AcDbPolyline
 90
4
 70
0
 10
292.0500013563368
 20
180.58332655164932
 10
292.01666937934027
 20
180.78331841362848
 10
289.56668429904516
 20
180.2333238389757
 10
289.6000162760417
 20
180.03333197699655
  0
LWPOLYLINE
  5
5AE
330
17
100
AcDbEntity
  8
EJE_VIA
100
AcDbPolyline
 90
5
 70
0
 10
292.0500013563368
 20
180.58332655164932
 10
289.6000162760417
 20
180.03333197699655
 10
289.56668429904516
 20
180.2333238389757
 10
292.01666937934027
 20
180.78331841362848
 10
292.0500013563368
 20
180.58332655164932
  0
LWPOLYLINE
  5
5AF
330
17
100
AcDbEntity
  8
EJE_VIA
100
AcDbPolyline
 90
3
 70
0
 10
140.0832960340712
 20
180.3833685980903
 10
140.01663208007812
 20
150.40003458658856
 10
167.54996405707465
 20
150.3333706325955
  0
LWPOLYLINE
  5
5B0
330
17
100
AcDbEntity
  8
EJE_VIA
100
AcDbPolyline
 90
3
 70
0
 10
170.2666727701823
 20
150.3166707356771
 10
299.95001898871527
 20
150.1333448621962
 10
170.2666727701823
 20
150.41666666666669
  0
LWPOLYLINE
  5
5B1
330
17
100
AcDbEntity
  8
EJE_VIA
100
AcDbPolyline
 90
3
 70
0
 10
170.2666727701823
 20
150.2166748046875
 10
299.95001898871527
 20
150.1333448621962
 10
170.2666727701823
 20
150.3166707356771
  0
LINE
  5
5B2
330
17
100
AcDbEntity
  8
EJE_VIA
100
AcDbLine
 10
170.2666727701823
 20
150.2166748046875
 30
0.0
 11
299.95001898871527
 21
150.0333489312066
 31
0.0
  0
LINE
  5
5B3
330
17
100
AcDbEntity
  8
EJE_VIA
100
AcDbLine
 10
299.95001898871527
 20
149.93333604600696
 30
0.0
 11
170.26668972439236
 21
150.2166748046875
 31
0.0
  0
LWPOLYLINE
  5
5B4
330
17
100
AcDbEntity
  8
EJE_VIA
100
AcDbPolyline
 90
4
 70
0
 10
170.2666727701823
 20
150.3166707356771
 10
299.95001898871527
 20
149.93333604600696
 10
299.95001898871527
 20
150.1333448621962
 10
170.2666727701823
 20
150.41666666666669
  0
LWPOLYLINE
  5
5B5
330
17
100
AcDbEntity
  8
EJE_VIA
100
AcDbPolyline
 90
4
 70
0
 10
110.26665581597223
 20
122.75000678168404
 10
108.96665785047743
 20
128.75000847710504
 10
108.86665344238281
 20
128.73334248860678
 10
110.16665988498265
 20
122.73334079318577
  0
LWPOLYLINE
  5
5B6
330
17
100
AcDbEntity
  8
EJE_VIA
100
AcDbPolyline
 90
4
 70
0
 10
108.68333604600694
 20
129.51666937934027
 10
108.60000610351562
 20
130.3166707356771
 10
108.40000576443143
 20
130.28333875868057
 10
108.58334011501736
 20
129.500003390842
  0
LWPOLYLINE
  5
5B7
330
17
100
AcDbEntity
  8
EJE_VIA
100
AcDbPolyline
 90
4
 70
0
 10
108.68333604600694
 20
129.51666937934027
 10
108.60000610351562
 20
130.3166707356771
 10
108.40000576443143
 20
130.28333875868057
 10
108.58334011501736
 20
129.500003390842
  0
LWPOLYLINE
  5
5B8
330
17
100
AcDbEntity
  8
EJE_VIA
100
AcDbPolyline
 90
4
 70
0
 10
108.316650390625
 20
131.0666741265191
 10
108.23332044813368
 20
131.8666754828559
 10
108.13331604003906
 20
131.85000949435764
 10
108.21665445963542
 20
131.05000813802084
  0
LWPOLYLINE
  5
5B9
330
17
100
AcDbEntity
  8
EJE_VIA
100
AcDbPolyline
 90
4
 70
0
 10
107.94999864366319
 20
132.63332790798611
 10
107.86666870117188
 20
133.41666327582465
 10
107.66666836208768
 20
133.38333129882812
 10
107.85000271267361
 20
132.61666191948785
  0
LWPOLYLINE
  5
5BA
330
17
100
AcDbEntity
  8
EJE_VIA
100
AcDbPolyline
 90
4
 70
0
 10
107.94999864366319
 20
132.63332790798611
 10
107.86666870117188
 20
133.41666327582465
 10
107.66666836208768
 20
133.38333129882812
 10
107.85000271267361
 20
132.61666191948785
  0
LWPOLYLINE
  5
5BB
330
17
100
AcDbEntity
  8
EJE_VIA
100
AcDbPolyline
 90
3
 70
0
 10
105.41668362087674
 20
143.43332926432294
 10
105.36668565538194
 20
143.70000203450522
 10
102.96668158637154
 20
153.9333258734809
  0
LWPOLYLINE
  5
5BC
330
17
100
AcDbEntity
  8
EJE_VIA
100
AcDbPolyline
 90
6
 70
0
 10
101.01667616102431
 20
200.7500203450521
 10
101.68334113226997
 20
200.40001763237848
 10
102.40001254611546
 20
200.11667887369794
 10
103.11667548285591
 20
199.9000210232205
 10
103.86667887369792
 20
199.75002712673611
 10
109.65000576443143
 20
199.75002712673611
  0
LWPOLYLINE
  5
5BD
330
17
100
AcDbEntity
  8
EJE_VIA
100
AcDbPolyline
 90
7
 70
0
 10
148.85002983940973
 20
199.7166951497396
 10
154.65003119574652
 20
199.7166951497396
 10
155.41670057508682
 20
199.76669311523438
 10
156.1833699544271
 20
199.88335503472223
 10
156.91669040256076
 20
200.08336385091147
 10
157.6500278049045
 20
200.35003662109375
 10
158.33336724175348
 20
200.7000223795573
  0
LWPOLYLINE
  5
5BE
330
17
100
AcDbEntity
  8
EJE_VIA
100
AcDbPolyline
 90
39
 70
0
 10
99.91670396592882
 20
174.01670667860245
 10
99.8833719889323
 20
174.31671142578125
 10
99.78336758083768
 20
174.61669921875
 10
99.66119112239944
 20
174.82058431953192
 10
99.5168501800961
 20
174.99328662951788
 10
99.35394219226308
 20
175.1351271942258
 10
99.1760645972358
 20
175.24642705917358
 10
98.98681483334965
 20
175.3275072698792
 10
98.7897903389401
 20
175.3786888718605
 10
98.58858855234253
 20
175.40029291063547
 10
98.38680691189236
 20
175.39264043172201
 10
98.18804285592503
 20
175.35605248063803
 10
97.99589382277595
 20
175.29085010290146
 10
97.81395725078053
 20
175.19735434403023
 10
97.6458305782742
 20
175.07588624954224
 10
97.49511124359238
 20
174.92676686495543
 10
97.36539668507046
 20
174.75031723578772
 10
97.2602843410439
 20
174.546858407557
 10
97.1833716498481
 20
174.31671142578125
 10
97.15003967285156
 20
174.01670667860245
 10
97.1833716498481
 20
173.70003594292535
 10
97.26447147420711
 20
173.47185774809785
 10
97.37273406651285
 20
173.27042639255524
 10
97.50466454567182
 20
173.09602385593786
 10
97.65676803059048
 20
172.94893211788602
 10
97.82554964017537
 20
172.82943315804005
 10
98.00751449333298
 20
172.73780895604028
 10
98.19916770896978
 20
172.67434149152703
 10
98.3970144059923
 20
172.63931274414062
 10
98.59755970330703
 20
172.6330046935214
 10
98.79730871982045
 20
172.65569931930966
 10
98.99276657443907
 20
172.70767860114574
 10
99.18043838606941
 20
172.78922451866998
 10
99.35682927361793
 20
172.90061905152268
 10
99.51844435599115
 20
173.04214417934418
 10
99.66178875209557
 20
173.2140818817748
 10
99.78336758083768
 20
173.41671413845486
 10
99.8833719889323
 20
173.70003594292535
 10
99.91670396592882
 20
174.01670667860245
  0
LWPOLYLINE
  5
5BF
330
17
100
AcDbEntity
  8
EJE_VIA
100
AcDbPolyline
 90
39
 70
0
 10
110.70003933376736
 20
121.68337504069011
 10
110.66670735677084
 20
121.9833713107639
 10
110.56670294867622
 20
122.28337605794272
 10
110.44071719464328
 20
122.48875052564675
 10
110.29325740204918
 20
122.66233331627316
 10
110.12788189368116
 20
122.80453336735567
 10
109.94814899232652
 20
122.91575961642796
 10
109.75761702077257
 20
122.99642100102372
 10
109.55984430180656
 20
123.04692645867667
 10
109.35838915821579
 20
123.06768492692048
 10
109.15680991278755
 20
123.05910534328885
 10
108.95866488830912
 20
123.0215966453155
 10
108.76751240756776
 20
122.9555677705341
 10
108.58691079335081
 20
122.86142765647836
 10
108.42041836844551
 20
122.73958524068198
 10
108.27159345563915
 20
122.59044946067864
 10
108.14399437771904
 20
122.41442925400204
 10
108.04117945747244
 20
122.2119335581859
 10
107.96670701768663
 20
121.9833713107639
 10
107.93337504069011
 20
121.68337504069011
 10
107.96670701768663
 20
121.36670430501303
 10
108.0421225147115
 20
121.13955494016409
 10
108.14633018440671
 20
120.93883842229843
 10
108.27564839687612
 20
120.76487460484108
 10
108.42639552222359
 20
120.61798334121704
 10
108.59488993055291
 20
120.49848448485136
 10
108.77744999196794
 20
120.40669788916907
 10
108.97039407657253
 20
120.34294340759516
 10
109.17004055447049
 20
120.30754089355469
 10
109.37270779576566
 20
120.30081020047268
 10
109.5747141705619
 20
120.32307118177414
 10
109.77237804896302
 20
120.37464369088411
 10
109.96201780107286
 20
120.45584758122763
 10
110.13995179699528
 20
120.56700270622969
 10
110.30249840683408
 20
120.70842891931534
 10
110.44597600069311
 20
120.88044607390961
 10
110.56670294867622
 20
121.0833740234375
 10
110.66670735677084
 20
121.36670430501303
 10
110.70003933376736
 20
121.68337504069011
  0
LWPOLYLINE
  5
5C0
330
17
100
AcDbEntity
  8
EJE_VIA
100
AcDbPolyline
 90
39
 70
0
 10
101.46670871310765
 20
201.78337944878473
 10
101.43337673611111
 20
202.08338419596356
 10
101.3333723280165
 20
202.3833719889323
 10
101.20198825581207
 20
202.58664614210528
 10
101.05107449822957
 20
202.75858531395596
 10
100.88392696860764
 20
202.8995606179039
 10
100.70384158028497
 20
203.0099431673686
 10
100.51411424660022
 20
203.0901040757696
 10
100.31804088089201
 20
203.14041445652646
 10
100.11891739649906
 20
203.1612454230587
 10
99.92003970676
 20
203.15296808878583
 10
99.72470372501347
 20
203.1159535671274
 10
99.53620536459817
 20
203.05057297150296
 10
99.35784053885276
 20
202.95719741533202
 10
99.19290516111586
 20
202.83619801203412
 10
99.04469514472618
 20
202.6879458750288
 10
98.91650640302235
 20
202.51281211773556
 10
98.81163484934304
 20
202.31116785357398
 10
98.73337639702692
 20
202.08338419596356
 10
98.70004442003038
 20
201.78337944878473
 10
98.73337639702692
 20
201.46670871310764
 10
98.80795156169269
 20
201.24404043787055
 10
98.90977331333691
 20
201.0459863477283
 10
99.03551522849335
 20
200.8730982326799
 10
99.18185088369582
 20
200.72592788272433
 10
99.34545385547811
 20
200.60502708786063
 10
99.52299772037401
 20
200.5109476380878
 10
99.71115605491731
 20
200.44424132340484
 10
99.90660243564183
 20
200.40545993381076
 10
100.10601043908133
 20
200.39515525930457
 10
100.30605364176962
 20
200.41387908988528
 10
100.50340562024051
 20
200.4621832155519
 10
100.69473995102777
 20
200.54061942630344
 10
100.8767302106652
 20
200.6497395121389
 10
101.04604997568661
 20
200.79009526305728
 10
101.19937282262578
 20
200.9622384690576
 10
101.3333723280165
 20
201.16672092013889
 10
101.43337673611111
 20
201.46670871310764
 10
101.46670871310765
 20
201.78337944878473
  0
LWPOLYLINE
  5
5C1
330
17
100
AcDbEntity
  8
EJE_VIA
100
AcDbPolyline
 90
39
 70
0
 10
160.5833774142795
 20
201.81671142578125
 10
160.550045437283
 20
202.11671617296008
 10
160.4500495062934
 20
202.41670396592883
 10
160.32862816005945
 20
202.62101859268216
 10
160.18407586548065
 20
202.79388801919092
 10
160.02017555551396
 20
202.9356772493985
 10
159.84071016311646
 20
203.0467512872484
 10
159.64946262124514
 20
203.12747513668407
 10
159.45021586285696
 20
203.1782138016489
 10
159.24675282090902
 20
203.19933228608636
 10
159.0428564283583
 20
203.1911955939399
 10
158.84230961816178
 20
203.15416872915296
 10
158.64889532327652
 20
203.08861669566897
 10
158.46639647665953
 20
202.9949044974314
 10
158.29859601126776
 20
202.87339713838367
 10
158.1492768600583
 20
202.72445962246923
 10
158.02222195598816
 20
202.54845695363153
 10
157.92121423201428
 20
202.345754135814
 10
157.85003662109375
 20
202.11671617296008
 10
157.81670464409723
 20
201.81671142578125
 10
157.85003662109375
 20
201.51670667860245
 10
157.92121423201428
 20
201.28766871574854
 10
158.02222195598816
 20
201.084965897931
 10
158.1492768600583
 20
200.9089632290933
 10
158.29859601126776
 20
200.76002571317886
 10
158.46639647665953
 20
200.63851835413112
 10
158.64889532327652
 20
200.54480615589355
 10
158.84230961816178
 20
200.47925412240957
 10
159.0428564283583
 20
200.44222725762262
 10
159.24675282090902
 20
200.43409056547617
 10
159.45021586285696
 20
200.45520904991363
 10
159.64946262124514
 20
200.50594771487846
 10
159.84071016311646
 20
200.58667156431412
 10
160.02017555551396
 20
200.69774560216402
 10
160.18407586548065
 20
200.8395348323716
 10
160.32862816005945
 20
201.01240425888037
 10
160.4500495062934
 20
201.2167188856337
 10
160.550045437283
 20
201.51670667860245
 10
160.5833774142795
 20
201.81671142578125
  0
LWPOLYLINE
  5
5C2
330
17
100
AcDbEntity
  8
EJE_VIA
100
AcDbPolyline
 90
39
 70
0
 10
160.56671142578125
 20
158.30003526475696
 10
160.53337944878473
 20
158.61670600043402
 10
160.43338351779514
 20
158.9000278049045
 10
160.31218792415328
 20
159.1041345314847
 10
160.1682526866595
 20
159.27682022253674
 10
160.00527043723397
 20
159.41848040454917
 10
159.8269338077969
 20
159.52951060401068
 10
159.63693543026847
 20
159.6103063474099
 10
159.4389679365688
 20
159.66126316123538
 10
159.23672395861811
 20
159.6827765719758
 10
159.0338961283366
 20
159.6752421061198
 10
158.8341770776444
 20
159.63905529015594
 10
158.64125943846173
 20
159.57461165057288
 10
158.45883584270877
 20
159.48230671385926
 10
158.29059892230563
 20
159.36253600650363
 10
158.14024130917258
 20
159.21569505499468
 10
158.01145563522977
 20
159.04217938582104
 10
157.90793453239732
 20
158.84238452547126
 10
157.8333706325955
 20
158.61670600043402
 10
157.80003865559897
 20
158.30003526475696
 10
157.8333706325955
 20
158.00003051757812
 10
157.9039175518685
 20
157.77199409902096
 10
158.00447533528012
 20
157.56993154684704
 10
158.13124033725924
 20
157.39425666630268
 10
158.28040891223483
 20
157.24538326263428
 10
158.44817741463584
 20
157.1237251410882
 10
158.6307421988911
 20
157.0296961069107
 10
158.82429961942964
 20
156.96370996534824
 10
159.02504603068036
 20
156.92618052164715
 10
159.22917778707213
 20
156.91752158105373
 10
159.43289124303394
 20
156.9381469488144
 10
159.63238275299472
 20
156.98847043017548
 10
159.82384867138333
 20
157.0689058303833
 10
160.00348535262876
 20
157.17986695468426
 10
160.16748915115994
 20
157.3217676083247
 10
160.31205642140574
 20
157.49502159655094
 10
160.43338351779514
 20
157.70004272460938
 10
160.53337944878473
 20
158.00003051757812
 10
160.56671142578125
 20
158.30003526475696
  0
LINE
  5
5C3
330
17
100
AcDbEntity
  8
EJE_VIA
100
AcDbLine
 10
299.95001898871527
 20
192.33334011501736
 30
0.0
 11
299.8333401150174
 21
189.83334011501736
 31
0.0
  0
LWPOLYLINE
  5
5C4
330
17
100
AcDbEntity
  8
EJE_VIA
100
AcDbPolyline
 90
3
 70
0
 10
299.95001898871527
 20
192.33334011501736
 10
299.93333604600696
 20
189.83334011501736
 10
299.8500230577257
 20
192.33334011501736
  0
LWPOLYLINE
  5
5C5
330
17
100
AcDbEntity
  8
EJE_VIA
100
AcDbPolyline
 90
4
 70
0
 10
51.79999457465278
 20
162.53333197699652
 10
58.99999406602648
 20
162.4166700575087
 10
58.99999406602648
 20
162.61666191948785
 10
51.79999457465278
 20
162.63332790798611
  0
LWPOLYLINE
  5
5C6
330
17
100
AcDbEntity
  8
EJE_VIA
100
AcDbPolyline
 90
4
 70
0
 10
59.800008138020836
 20
162.51666598849826
 10
67.00000762939453
 20
162.40000406901044
 10
67.00000762939453
 20
162.5999959309896
 10
59.800008138020836
 20
162.61666191948785
  0
LWPOLYLINE
  5
5C7
330
17
100
AcDbEntity
  8
EJE_VIA
100
AcDbPolyline
 90
4
 70
0
 10
67.79998779296875
 20
162.48333401150174
 10
74.99999152289497
 20
162.36667209201389
 10
74.99999152289497
 20
162.56666395399307
 10
67.79998779296875
 20
162.58332994249133
  0
LWPOLYLINE
  5
5C8
330
17
100
AcDbEntity
  8
EJE_VIA
100
AcDbPolyline
 90
4
 70
0
 10
75.80000135633681
 20
162.46666802300348
 10
83.00000508626303
 20
162.35000610351562
 10
83.00000508626303
 20
162.5499979654948
 10
75.80000135633681
 20
162.56666395399307
  0
LWPOLYLINE
  5
5C9
330
17
100
AcDbEntity
  8
EJE_VIA
100
AcDbPolyline
 90
4
 70
0
 10
83.80001491970486
 20
162.45000203450522
 10
91.00001864963109
 20
162.33334011501736
 10
91.00001864963109
 20
162.53333197699652
 10
83.80001491970486
 20
162.5499979654948
  0
LWPOLYLINE
  5
5CA
330
17
100
AcDbEntity
  8
EJE_VIA
100
AcDbPolyline
 90
4
 70
0
 10
91.79999457465279
 20
162.43333604600696
 10
99.01666429307726
 20
162.30000813802084
 10
99.01666429307726
 20
162.5
 10
91.79999457465279
 20
162.53333197699652
  0
LWPOLYLINE
  5
5CB
330
17
100
AcDbEntity
  8
EJE_VIA
100
AcDbPolyline
 90
4
 70
0
 10
99.81665717230904
 20
162.40000406901044
 10
107.01666090223524
 20
162.28334214952258
 10
107.01666090223524
 20
162.48333401150174
 10
99.81665717230904
 20
162.5
  0
LWPOLYLINE
  5
5CC
330
17
100
AcDbEntity
  8
EJE_VIA
100
AcDbPolyline
 90
4
 70
0
 10
107.81667073567709
 20
162.38333808051215
 10
115.0166744656033
 20
162.26667616102432
 10
115.0166744656033
 20
162.46666802300348
 10
107.81667073567709
 20
162.48333401150174
  0
LWPOLYLINE
  5
5CD
330
17
100
AcDbEntity
  8
EJE_VIA
100
AcDbPolyline
 90
4
 70
0
 10
115.816650390625
 20
162.36667209201389
 10
123.01665412055122
 20
162.25001017252606
 10
123.01665412055122
 20
162.45000203450522
 10
115.816650390625
 20
162.46666802300348
  0
LWPOLYLINE
  5
5CE
330
17
100
AcDbEntity
  8
EJE_VIA
100
AcDbPolyline
 90
4
 70
0
 10
123.81666395399306
 20
162.33334011501736
 10
131.01666768391928
 20
162.2166781955295
 10
131.01666768391928
 20
162.4166700575087
 10
123.81666395399306
 20
162.43333604600696
  0
LWPOLYLINE
  5
5CF
330
17
100
AcDbEntity
  8
EJE_VIA
100
AcDbPolyline
 90
4
 70
0
 10
131.81667751736111
 20
162.3166741265191
 10
139.01668124728732
 20
162.20001220703125
 10
139.01668124728732
 20
162.40000406901044
 10
131.81667751736111
 20
162.4166700575087
  0
LWPOLYLINE
  5
5D0
330
17
100
AcDbEntity
  8
EJE_VIA
100
AcDbPolyline
 90
4
 70
0
 10
139.81665717230902
 20
162.30000813802084
 10
147.01665242513022
 20
162.183346218533
 10
147.01665242513022
 20
162.38333808051215
 10
139.81665717230902
 20
162.40000406901044
  0
LWPOLYLINE
  5
5D1
330
17
100
AcDbEntity
  8
EJE_VIA
100
AcDbPolyline
 90
4
 70
0
 10
147.8166707356771
 20
162.2833251953125
 10
155.01666598849826
 20
162.14999728732639
 10
155.01666598849826
 20
162.34998914930557
 10
147.8166707356771
 20
162.3833211263021
  0
LWPOLYLINE
  5
5D2
330
17
100
AcDbEntity
  8
EJE_VIA
100
AcDbPolyline
 90
4
 70
0
 10
155.816650390625
 20
162.24999321831598
 10
163.0166456434462
 20
162.13333129882812
 10
163.0166456434462
 20
162.3333231608073
 10
155.816650390625
 20
162.34998914930557
  0
LWPOLYLINE
  5
5D3
330
17
100
AcDbEntity
  8
EJE_VIA
100
AcDbPolyline
 90
4
 70
0
 10
163.81666395399307
 20
162.23332722981772
 10
171.01665920681424
 20
162.11666531032986
 10
171.01665920681424
 20
162.31665717230902
 10
163.81666395399307
 20
162.3333231608073
  0
LWPOLYLINE
  5
5D4
330
17
100
AcDbEntity
  8
EJE_VIA
100
AcDbPolyline
 90
4
 70
0
 10
171.81666056315106
 20
162.21666124131946
 10
179.01665581597223
 20
162.0999993218316
 10
179.01665581597223
 20
162.29999118381076
 10
171.81666056315106
 20
162.31665717230902
  0
LWPOLYLINE
  5
5D5
330
17
100
AcDbEntity
  8
EJE_VIA
100
AcDbPolyline
 90
4
 70
0
 10
179.8166741265191
 20
162.18332926432294
 10
187.0166693793403
 20
162.06666734483508
 10
187.0166693793403
 20
162.26665920681424
 10
179.8166741265191
 20
162.2833251953125
  0
LWPOLYLINE
  5
5D6
330
17
100
AcDbEntity
  8
EJE_VIA
100
AcDbPolyline
 90
4
 70
0
 10
187.8166707356771
 20
162.16666327582465
 10
195.01666598849826
 20
162.05000135633682
 10
195.01666598849826
 20
162.24999321831598
 10
187.8166707356771
 20
162.26665920681424
  0
LWPOLYLINE
  5
5D7
330
17
100
AcDbEntity
  8
EJE_VIA
100
AcDbPolyline
 90
4
 70
0
 10
195.81666734483508
 20
162.14999728732639
 10
203.01666259765625
 20
162.03333536783856
 10
203.01666259765625
 20
162.23332722981772
 10
195.81666734483508
 20
162.24999321831598
  0
LWPOLYLINE
  5
5D8
330
17
100
AcDbEntity
  8
EJE_VIA
100
AcDbPolyline
 90
4
 70
0
 10
203.81666395399307
 20
162.13333129882812
 10
211.01665920681424
 20
162.000003390842
 10
211.01665920681424
 20
162.1999952528212
 10
203.81666395399307
 20
162.23332722981772
  0
LWPOLYLINE
  5
5D9
330
17
100
AcDbEntity
  8
EJE_VIA
100
AcDbPolyline
 90
4
 70
0
 10
211.81666056315106
 20
162.0999993218316
 10
219.01665581597223
 20
161.98333740234375
 10
219.01665581597223
 20
162.18332926432294
 10
211.81666056315106
 20
162.1999952528212
  0
LWPOLYLINE
  5
5DA
330
17
100
AcDbEntity
  8
EJE_VIA
100
AcDbPolyline
 90
4
 70
0
 10
219.8166741265191
 20
162.08333333333334
 10
227.0166693793403
 20
161.9666714138455
 10
227.0166693793403
 20
162.16666327582465
 10
219.8166741265191
 20
162.18332926432294
  0
LWPOLYLINE
  5
5DB
330
17
100
AcDbEntity
  8
EJE_VIA
100
AcDbPolyline
 90
4
 70
0
 10
227.8166707356771
 20
162.06666734483508
 10
235.01666598849826
 20
161.95000542534723
 10
235.01666598849826
 20
162.14999728732639
 10
227.8166707356771
 20
162.16666327582465
  0
LWPOLYLINE
  5
5DC
330
17
100
AcDbEntity
  8
EJE_VIA
100
AcDbPolyline
 90
3
 70
0
 10
235.81666734483508
 20
162.05000135633682
 10
242.83333672417535
 20
162.01666937934027
 10
246.7999945746528
 20
162.01666937934027
  0
LWPOLYLINE
  5
5DD
330
17
100
AcDbEntity
  8
EJE_VIA
100
AcDbPolyline
 90
4
 70
0
 10
247.5999959309896
 20
162.000003390842
 10
254.7999911838108
 20
161.88334147135419
 10
254.7999911838108
 20
162.08333333333334
 10
247.5999959309896
 20
162.0999993218316
  0
LWPOLYLINE
  5
5DE
330
17
100
AcDbEntity
  8
EJE_VIA
100
AcDbPolyline
 90
4
 70
0
 10
255.59999254014758
 20
161.98333740234375
 10
262.79998779296875
 20
161.85000949435764
 10
262.79998779296875
 20
162.05000135633682
 10
255.59999254014758
 20
162.08333333333334
  0
LWPOLYLINE
  5
5DF
330
17
100
AcDbEntity
  8
EJE_VIA
100
AcDbPolyline
 90
4
 70
0
 10
263.6000061035156
 20
161.95000542534723
 10
270.8000013563368
 20
161.83334350585938
 10
270.8000013563368
 20
162.03333536783856
 10
263.6000061035156
 20
162.05000135633682
  0
LWPOLYLINE
  5
5E0
330
17
100
AcDbEntity
  8
EJE_VIA
100
AcDbPolyline
 90
4
 70
0
 10
271.60000271267364
 20
161.9166734483507
 10
278.7999979654948
 20
161.80001152886285
 10
278.7999979654948
 20
162.000003390842
 10
271.60000271267364
 20
162.01666937934027
  0
LWPOLYLINE
  5
5E1
330
17
100
AcDbEntity
  8
EJE_VIA
100
AcDbPolyline
 90
4
 70
0
 10
279.5999993218316
 20
161.90000745985245
 10
286.79999457465277
 20
161.76667955186633
 10
286.79999457465277
 20
161.9666714138455
 10
279.5999993218316
 20
162.000003390842
  0
LWPOLYLINE
  5
5E2
330
17
100
AcDbEntity
  8
EJE_VIA
100
AcDbPolyline
 90
4
 70
0
 10
287.5999959309896
 20
161.86665852864584
 10
294.80000813802087
 20
161.749996609158
 10
294.80000813802087
 20
161.94998847113715
 10
287.5999959309896
 20
161.96665445963544
  0
LWPOLYLINE
  5
5E3
330
17
100
AcDbEntity
  8
EJE_VIA
100
AcDbPolyline
 90
4
 70
0
 10
295.5999755859375
 20
161.83332655164932
 10
299.94998508029516
 20
161.73333062065973
 10
299.94998508029516
 20
161.93332248263889
 10
295.5999755859375
 20
161.93332248263889
  0
LWPOLYLINE
  5
5E4
330
17
100
AcDbEntity
  8
EJE_VIA
100
AcDbPolyline
 90
4
 70
0
 10
299.95001898871527
 20
159.83334011501736
 10
297.78333875868054
 20
159.93333604600696
 10
297.78333875868054
 20
159.73334418402777
 10
299.95001898871527
 20
159.73334418402777
  0
LWPOLYLINE
  5
5E5
330
17
100
AcDbEntity
  8
EJE_VIA
100
AcDbPolyline
 90
5
 70
0
 10
51.98333740234375
 20
160.43333265516495
 10
51.98333740234375
 20
160.63334147135419
 10
54.48333740234375
 20
160.63334147135419
 10
54.48333740234375
 20
160.43333265516495
 10
51.98333740234375
 20
160.43333265516495
  0
LWPOLYLINE
  5
5E6
330
17
100
AcDbEntity
  8
EJE_VIA
100
AcDbPolyline
 90
5
 70
0
 10
132.46666802300348
 20
103.60000610351562
 10
132.2999996609158
 20
103.51667616102431
 10
132.11666531032986
 20
103.58334011501736
 10
132.03333536783856
 20
103.75000847710504
 10
132.0999993218316
 20
103.93334282769098
  0
LWPOLYLINE
  5
5E7
330
17
100
AcDbEntity
  8
EJE_VIA
100
AcDbPolyline
 90
5
 70
0
 10
132.2833251953125
 20
103.76666598849827
 10
132.46665954589844
 20
103.5999976264106
 10
134.11666022406683
 20
105.41666666666667
 10
133.74999152289496
 20
105.75000339084202
 10
132.09999084472656
 20
103.93333435058594
  0
LWPOLYLINE
  5
5E8
330
17
100
AcDbEntity
  8
EJE_VIA
100
AcDbPolyline
 90
5
 70
0
 10
133.75
 20
105.75000339084202
 10
133.91666836208768
 20
105.83333333333334
 10
134.10000271267361
 20
105.76666937934029
 10
134.18333265516495
 20
105.60000101725261
 10
134.11666870117188
 20
105.41666666666667
  0
LWPOLYLINE
  5
5E9
330
17
100
AcDbEntity
  8
EJE_VIA
100
AcDbPolyline
 90
5
 70
0
 10
135.96666124131946
 20
145.78333536783856
 10
135.96666124131946
 20
146.03334214952258
 10
133.16666497124567
 20
146.03334214952258
 10
133.16666497124567
 20
145.5333285861545
 10
135.96666124131946
 20
145.5333285861545
  0
LWPOLYLINE
  5
5EA
330
17
100
AcDbEntity
  8
EJE_VIA
100
AcDbPolyline
 90
5
 70
0
 10
135.61665852864584
 20
145.48333062065973
 10
135.86665683322482
 20
145.48333062065973
 10
135.86665683322482
 20
146.8833245171441
 10
135.36666022406683
 20
146.8833245171441
 10
135.36666022406683
 20
145.48333062065973
  0
LWPOLYLINE
  5
5EB
330
17
100
AcDbEntity
  8
EJE_VIA
100
AcDbPolyline
 90
5
 70
0
 10
135.36665174696182
 20
146.88334147135419
 10
135.43331570095486
 20
147.06666734483508
 10
135.6166500515408
 20
147.1333482530382
 10
135.71665445963544
 20
147.11668226453995
 10
135.84998236762152
 20
146.98333740234375
  0
LWPOLYLINE
  5
5EC
330
17
100
AcDbEntity
  8
EJE_VIA
100
AcDbPolyline
 90
5
 70
0
 10
134.81665717230902
 20
145.48333062065973
 10
134.74999321831598
 20
145.30000474717883
 10
134.56665886773004
 20
145.2333238389757
 10
134.46665445963544
 20
145.24998982747397
 10
134.33332655164932
 20
145.38333468967014
  0
LWPOLYLINE
  5
5ED
330
17
100
AcDbEntity
  8
EJE_VIA
100
AcDbPolyline
 90
5
 70
0
 10
134.566650390625
 20
145.48333062065973
 10
134.816648695204
 20
145.48333062065973
 10
134.816648695204
 20
146.8833245171441
 10
134.31665208604602
 20
146.8833245171441
 10
134.31665208604602
 20
145.48333062065973
  0
LWPOLYLINE
  5
5EE
330
17
100
AcDbEntity
  8
EJE_VIA
100
AcDbPolyline
 90
5
 70
0
 10
134.31667751736111
 20
146.88334147135419
 10
134.38334147135419
 20
147.06666734483508
 10
134.56667582194012
 20
147.1333482530382
 10
134.66668023003473
 20
147.11668226453995
 10
134.80000813802084
 20
146.98333740234375
  0
LWPOLYLINE
  5
5EF
330
17
100
AcDbEntity
  8
EJE_VIA
100
AcDbPolyline
 90
5
 70
0
 10
135.93332926432294
 20
111.01665920681424
 10
136.11666361490887
 20
110.94999525282118
 10
136.18332756890192
 20
110.76666090223524
 10
136.16666158040366
 20
110.66665649414062
 10
136.0333251953125
 20
110.53332858615452
  0
LWPOLYLINE
  5
5F0
330
17
100
AcDbEntity
  8
EJE_VIA
100
AcDbPolyline
 90
5
 70
0
 10
135.93332926432294
 20
110.76666937934029
 10
135.93332926432294
 20
111.01666768391928
 10
133.13333299424914
 20
111.01666768391928
 10
133.13333299424914
 20
110.51667107476129
 10
135.93332926432294
 20
110.51667107476129
  0
LWPOLYLINE
  5
5F1
330
17
100
AcDbEntity
  8
EJE_VIA
100
AcDbPolyline
 90
5
 70
0
 10
133.13334147135419
 20
110.51666259765625
 10
132.95000712076825
 20
110.58332655164931
 10
132.88334316677518
 20
110.76666090223524
 10
132.90000915527344
 20
110.86666531032986
 10
133.0333455403646
 20
110.99999321831598
  0
LWPOLYLINE
  5
5F2
330
17
100
AcDbEntity
  8
EJE_VIA
100
AcDbPolyline
 90
5
 70
0
 10
135.93332926432294
 20
111.81666056315105
 10
136.11666361490887
 20
111.74999660915799
 10
136.18332756890192
 20
111.56666225857205
 10
136.16666158040366
 20
111.46665785047743
 10
136.0333251953125
 20
111.33332994249132
  0
LWPOLYLINE
  5
5F3
330
17
100
AcDbEntity
  8
EJE_VIA
100
AcDbPolyline
 90
5
 70
0
 10
133.13334147135419
 20
111.31666395399306
 10
132.95000712076825
 20
111.38332790798611
 10
132.88334316677518
 20
111.56666225857205
 10
132.90000915527344
 20
111.66666666666667
 10
133.0333455403646
 20
111.79999457465279
  0
LWPOLYLINE
  5
5F4
330
17
100
AcDbEntity
  8
EJE_VIA
100
AcDbPolyline
 90
5
 70
0
 10
135.83333333333334
 20
110.46666463216147
 10
135.76666937934027
 20
110.28333028157553
 10
135.58333502875433
 20
110.21666632758247
 10
135.48333062065973
 20
110.23333231608073
 10
135.35000271267361
 20
110.36666870117188
  0
LWPOLYLINE
  5
5F5
330
17
100
AcDbEntity
  8
EJE_VIA
100
AcDbPolyline
 90
5
 70
0
 10
135.58332655164932
 20
110.46666463216147
 10
135.8333248562283
 20
110.46666463216147
 10
135.8333248562283
 20
111.86666700575087
 10
135.3333282470703
 20
111.86666700575087
 10
135.3333282470703
 20
110.46666463216147
  0
LWPOLYLINE
  5
5F6
330
17
100
AcDbEntity
  8
EJE_VIA
100
AcDbPolyline
 90
5
 70
0
 10
135.33331976996527
 20
111.86665852864584
 10
135.39998372395834
 20
112.04999287923178
 10
135.58331807454428
 20
112.11665683322484
 10
135.68332248263889
 20
112.09999084472656
 10
135.816650390625
 20
111.96665445963542
  0
LWPOLYLINE
  5
5F7
330
17
100
AcDbEntity
  8
EJE_VIA
100
AcDbPolyline
 90
5
 70
0
 10
134.7833251953125
 20
110.46666463216147
 10
134.71666124131946
 20
110.28333028157553
 10
134.53332689073352
 20
110.21666632758247
 10
134.43332248263889
 20
110.23333231608073
 10
134.29999457465277
 20
110.36666870117188
  0
LWPOLYLINE
  5
5F8
330
17
100
AcDbEntity
  8
EJE_VIA
100
AcDbPolyline
 90
5
 70
0
 10
134.53331841362848
 20
110.46666463216147
 10
134.78331671820746
 20
110.46666463216147
 10
134.78331671820746
 20
111.86666700575087
 10
134.2833201090495
 20
111.86666700575087
 10
134.2833201090495
 20
110.46666463216147
  0
LWPOLYLINE
  5
5F9
330
17
100
AcDbEntity
  8
EJE_VIA
100
AcDbPolyline
 90
5
 70
0
 10
134.2833455403646
 20
111.86665852864584
 10
134.35000949435764
 20
112.04999287923178
 10
134.53334384494357
 20
112.11665683322484
 10
134.6333482530382
 20
112.09999084472656
 10
134.76667616102432
 20
111.96665445963542
  0
LWPOLYLINE
  5
5FA
330
17
100
AcDbEntity
  8
EJE_VIA
100
AcDbPolyline
 90
5
 70
0
 10
133.73331705729169
 20
110.46666463216147
 10
133.66665310329861
 20
110.28333028157553
 10
133.48331875271268
 20
110.21666632758247
 10
133.38331434461807
 20
110.23333231608073
 10
133.24998643663196
 20
110.36666870117188
  0
LWPOLYLINE
  5
5FB
330
17
100
AcDbEntity
  8
EJE_VIA
100
AcDbPolyline
 90
5
 70
0
 10
133.48334418402777
 20
110.46666463216147
 10
133.73334248860678
 20
110.46666463216147
 10
133.73334248860678
 20
111.86666700575087
 10
133.2333458794488
 20
111.86666700575087
 10
133.2333458794488
 20
110.46666463216147
  0
LWPOLYLINE
  5
5FC
330
17
100
AcDbEntity
  8
EJE_VIA
100
AcDbPolyline
 90
5
 70
0
 10
133.23333740234375
 20
111.86665852864584
 10
133.30000135633682
 20
112.04999287923178
 10
133.48333570692276
 20
112.11665683322484
 10
133.58334011501736
 20
112.09999084472656
 10
133.71666802300348
 20
111.96665445963542
  0
LWPOLYLINE
  5
5FD
330
17
100
AcDbEntity
  8
EJE_VIA
100
AcDbPolyline
 90
5
 70
0
 10
135.93332926432294
 20
109.0166727701823
 10
136.11666361490887
 20
108.95000881618924
 10
136.18332756890192
 20
108.7666744656033
 10
136.16666158040366
 20
108.66667005750868
 10
136.0333251953125
 20
108.53334214952257
  0
LWPOLYLINE
  5
5FE
330
17
100
AcDbEntity
  8
EJE_VIA
100
AcDbPolyline
 90
5
 70
0
 10
135.93332926432294
 20
108.76666598849827
 10
135.93332926432294
 20
109.01666429307726
 10
133.13333299424914
 20
109.03333028157553
 10
133.13333299424914
 20
108.53333367241754
 10
135.93332926432294
 20
108.51666768391928
  0
LWPOLYLINE
  5
5FF
330
17
100
AcDbEntity
  8
EJE_VIA
100
AcDbPolyline
 90
5
 70
0
 10
133.13334147135419
 20
108.5333251953125
 10
132.95000712076825
 20
108.59998914930556
 10
132.88334316677518
 20
108.7833234998915
 10
132.90000915527344
 20
108.88332790798611
 10
133.0333455403646
 20
109.01665581597223
  0
LWPOLYLINE
  5
600
330
17
100
AcDbEntity
  8
EJE_VIA
100
AcDbPolyline
 90
5
 70
0
 10
135.93332926432294
 20
109.8166741265191
 10
136.11666361490887
 20
109.75001017252605
 10
136.18332756890192
 20
109.56667582194011
 10
136.16666158040366
 20
109.46667141384549
 10
136.0333251953125
 20
109.33334350585938
  0
LWPOLYLINE
  5
601
330
17
100
AcDbEntity
  8
EJE_VIA
100
AcDbPolyline
 90
5
 70
0
 10
135.93332926432294
 20
109.56666734483507
 10
135.93332926432294
 20
109.81666564941406
 10
133.13333299424914
 20
109.83333163791234
 10
133.13333299424914
 20
109.33333502875435
 10
135.93332926432294
 20
109.31666904025609
  0
LWPOLYLINE
  5
602
330
17
100
AcDbEntity
  8
EJE_VIA
100
AcDbPolyline
 90
5
 70
0
 10
133.13334147135419
 20
109.33332655164931
 10
132.95000712076825
 20
109.39999050564236
 10
132.88334316677518
 20
109.5833248562283
 10
132.90000915527344
 20
109.68332926432292
 10
133.0333455403646
 20
109.81665717230904
  0
LWPOLYLINE
  5
603
330
17
100
AcDbEntity
  8
EJE_VIA
100
AcDbPolyline
 90
5
 70
0
 10
135.83333333333334
 20
108.46666124131944
 10
135.76666937934027
 20
108.2833268907335
 10
135.58333502875433
 20
108.21666293674046
 10
135.48333062065973
 20
108.23332892523872
 10
135.35000271267361
 20
108.36666531032986
  0
LWPOLYLINE
  5
604
330
17
100
AcDbEntity
  8
EJE_VIA
100
AcDbPolyline
 90
5
 70
0
 10
135.58332655164932
 20
108.46666124131944
 10
135.8333248562283
 20
108.46666124131944
 10
135.8333248562283
 20
109.86666361490886
 10
135.3333282470703
 20
109.86666361490886
 10
135.3333282470703
 20
108.46666124131944
  0
LWPOLYLINE
  5
605
330
17
100
AcDbEntity
  8
EJE_VIA
100
AcDbPolyline
 90
5
 70
0
 10
135.33331976996527
 20
109.8666720920139
 10
135.39998372395834
 20
110.05000644259984
 10
135.58331807454428
 20
110.11667039659288
 10
135.68332248263889
 20
110.10000440809462
 10
135.816650390625
 20
109.96666802300348
  0
LWPOLYLINE
  5
606
330
17
100
AcDbEntity
  8
EJE_VIA
100
AcDbPolyline
 90
5
 70
0
 10
134.7833251953125
 20
108.46666124131944
 10
134.71666124131946
 20
108.2833268907335
 10
134.53332689073352
 20
108.21666293674046
 10
134.43332248263889
 20
108.23332892523872
 10
134.29999457465277
 20
108.36666531032986
  0
LWPOLYLINE
  5
607
330
17
100
AcDbEntity
  8
EJE_VIA
100
AcDbPolyline
 90
5
 70
0
 10
134.53331841362848
 20
108.46666124131944
 10
134.78331671820746
 20
108.46666124131944
 10
134.78331671820746
 20
109.86666361490886
 10
134.2833201090495
 20
109.86666361490886
 10
134.2833201090495
 20
108.46666124131944
  0
LWPOLYLINE
  5
608
330
17
100
AcDbEntity
  8
EJE_VIA
100
AcDbPolyline
 90
5
 70
0
 10
134.2833455403646
 20
109.8666720920139
 10
134.35000949435764
 20
110.05000644259984
 10
134.53334384494357
 20
110.11667039659288
 10
134.6333482530382
 20
110.10000440809462
 10
134.76667616102432
 20
109.96666802300348
  0
LWPOLYLINE
  5
609
330
17
100
AcDbEntity
  8
EJE_VIA
100
AcDbPolyline
 90
5
 70
0
 10
133.73331705729169
 20
108.48332722981772
 10
133.66665310329861
 20
108.29999287923178
 10
133.48331875271268
 20
108.23332892523872
 10
133.38331434461807
 20
108.24999491373698
 10
133.24998643663196
 20
108.38333129882812
  0
LWPOLYLINE
  5
60A
330
17
100
AcDbEntity
  8
EJE_VIA
100
AcDbPolyline
 90
5
 70
0
 10
133.48334418402777
 20
108.48332722981772
 10
133.73334248860678
 20
108.48332722981772
 10
133.73334248860678
 20
109.88332960340712
 10
133.2333458794488
 20
109.88332960340712
 10
133.2333458794488
 20
108.48332722981772
  0
LWPOLYLINE
  5
60B
330
17
100
AcDbEntity
  8
EJE_VIA
100
AcDbPolyline
 90
5
 70
0
 10
133.23333740234375
 20
109.88333808051216
 10
133.30000135633682
 20
110.0666724310981
 10
133.48333570692276
 20
110.13333638509116
 10
133.58334011501736
 20
110.11667039659288
 10
133.71666802300348
 20
109.98333401150174
  0
LWPOLYLINE
  5
60C
330
17
100
AcDbEntity
  8
EJE_VIA
100
AcDbPolyline
 90
3
 70
0
 10
134.55000135633682
 20
138.15000745985245
 10
51.033333672417534
 20
138.33334181043838
 10
51.033333672417534
 20
138.08334350585938
  0
LWPOLYLINE
  5
60D
330
17
100
AcDbEntity
  8
EJE_VIA
100
AcDbPolyline
 90
3
 70
0
 10
134.55000135633682
 20
138.15000745985245
 10
51.033333672417534
 20
138.08334350585938
 10
51.033333672417534
 20
137.83333672417535
  0
LWPOLYLINE
  5
60E
330
17
100
AcDbEntity
  8
EJE_VIA
100
AcDbPolyline
 90
3
 70
0
 10
51.0333251953125
 20
137.83333672417535
 10
134.54999287923178
 20
137.9000006781684
 10
134.54999287923178
 20
138.15000745985245
  0
LWPOLYLINE
  5
60F
330
17
100
AcDbEntity
  8
EJE_VIA
100
AcDbPolyline
 90
3
 70
0
 10
134.55000135633682
 20
137.64999389648438
 10
134.55000135633682
 20
137.89999220106338
 10
51.033333672417534
 20
137.8333282470703
  0
LWPOLYLINE
  5
610
330
17
100
AcDbEntity
  8
EJE_VIA
100
AcDbPolyline
 90
5
 70
0
 10
134.55000135633682
 20
138.15000745985245
 10
134.73333570692276
 20
138.08334350585938
 10
134.7999996609158
 20
137.90000915527344
 10
134.78333367241754
 20
137.80000474717883
 10
134.64999728732639
 20
137.66667683919272
  0
LWPOLYLINE
  5
611
330
17
100
AcDbEntity
  8
EJE_VIA
100
AcDbPolyline
 90
5
 70
0
 10
147.26667616102432
 20
189.7833251953125
 10
147.33334011501736
 20
189.96665106879342
 10
147.51668294270834
 20
190.03333197699655
 10
147.70000881618924
 20
189.96665106879342
 10
147.7666727701823
 20
189.7833251953125
  0
LWPOLYLINE
  5
612
330
17
100
AcDbEntity
  8
EJE_VIA
100
AcDbPolyline
 90
5
 70
0
 10
147.51668294270834
 20
189.7833251953125
 10
147.26667616102432
 20
189.7833251953125
 10
147.26667616102432
 20
186.9833204481337
 10
147.76668972439236
 20
186.9833204481337
 10
147.76668972439236
 20
189.7833251953125
  0
LWPOLYLINE
  5
613
330
17
100
AcDbEntity
  8
EJE_VIA
100
AcDbPolyline
 90
5
 70
0
 10
147.76665581597223
 20
186.98333740234375
 10
147.69999186197919
 20
186.80001152886285
 10
147.5166490342882
 20
186.73333062065973
 10
147.3333231608073
 20
186.80001152886285
 10
147.26665920681424
 20
186.98333740234375
  0
LWPOLYLINE
  5
614
330
17
100
AcDbEntity
  8
EJE_VIA
100
AcDbPolyline
 90
5
 70
0
 10
146.4666748046875
 20
189.7833251953125
 10
146.53333875868057
 20
189.96665106879342
 10
146.71668158637152
 20
190.03333197699655
 10
146.90000745985245
 20
189.96665106879342
 10
146.9666714138455
 20
189.7833251953125
  0
LWPOLYLINE
  5
615
330
17
100
AcDbEntity
  8
EJE_VIA
100
AcDbPolyline
 90
5
 70
0
 10
146.71668158637152
 20
189.7833251953125
 10
146.4666748046875
 20
189.7833251953125
 10
146.4666748046875
 20
186.9833204481337
 10
146.96668836805557
 20
186.9833204481337
 10
146.96668836805557
 20
189.7833251953125
  0
LWPOLYLINE
  5
616
330
17
100
AcDbEntity
  8
EJE_VIA
100
AcDbPolyline
 90
5
 70
0
 10
146.96665445963544
 20
186.98333740234375
 10
146.89999050564236
 20
186.80001152886285
 10
146.71664767795139
 20
186.73333062065973
 10
146.5333218044705
 20
186.80001152886285
 10
146.46665785047745
 20
186.98333740234375
  0
LWPOLYLINE
  5
617
330
17
100
AcDbEntity
  8
EJE_VIA
100
AcDbPolyline
 90
5
 70
0
 10
147.8166707356771
 20
189.68332926432294
 10
147.999996609158
 20
189.61666531032986
 10
148.06667751736111
 20
189.43332248263889
 10
147.999996609158
 20
189.249996609158
 10
147.8166707356771
 20
189.18333265516495
  0
LWPOLYLINE
  5
618
330
17
100
AcDbEntity
  8
EJE_VIA
100
AcDbPolyline
 90
5
 70
0
 10
147.8166707356771
 20
189.43333943684897
 10
147.8166707356771
 20
189.683346218533
 10
146.41667683919272
 20
189.683346218533
 10
146.41667683919272
 20
189.18333265516495
 10
147.8166707356771
 20
189.18333265516495
  0
LWPOLYLINE
  5
619
330
17
100
AcDbEntity
  8
EJE_VIA
100
AcDbPolyline
 90
5
 70
0
 10
146.41665988498264
 20
189.18333265516495
 10
146.23333401150174
 20
189.249996609158
 10
146.16665310329861
 20
189.43333943684897
 10
146.23333401150174
 20
189.61666531032986
 10
146.41665988498264
 20
189.68332926432294
  0
LWPOLYLINE
  5
61A
330
17
100
AcDbEntity
  8
EJE_VIA
100
AcDbPolyline
 90
5
 70
0
 10
147.8166707356771
 20
188.63333808051217
 10
147.999996609158
 20
188.5666741265191
 10
148.06667751736111
 20
188.38333129882812
 10
147.999996609158
 20
188.20000542534723
 10
147.8166707356771
 20
188.13334147135419
  0
LWPOLYLINE
  5
61B
330
17
100
AcDbEntity
  8
EJE_VIA
100
AcDbPolyline
 90
5
 70
0
 10
147.8166707356771
 20
188.38333129882812
 10
147.8166707356771
 20
188.63333808051217
 10
146.41667683919272
 20
188.63333808051217
 10
146.41667683919272
 20
188.1333245171441
 10
147.8166707356771
 20
188.1333245171441
  0
LWPOLYLINE
  5
61C
330
17
100
AcDbEntity
  8
EJE_VIA
100
AcDbPolyline
 90
5
 70
0
 10
146.41665988498264
 20
188.13334147135419
 10
146.23333401150174
 20
188.20000542534723
 10
146.16665310329861
 20
188.3833482530382
 10
146.23333401150174
 20
188.5666741265191
 10
146.41665988498264
 20
188.63333808051217
  0
LWPOLYLINE
  5
61D
330
17
100
AcDbEntity
  8
EJE_VIA
100
AcDbPolyline
 90
5
 70
0
 10
147.8166707356771
 20
187.58332994249133
 10
147.999996609158
 20
187.51666598849826
 10
148.06667751736111
 20
187.3333231608073
 10
147.999996609158
 20
187.14999728732639
 10
147.8166707356771
 20
187.08333333333334
  0
LWPOLYLINE
  5
61E
330
17
100
AcDbEntity
  8
EJE_VIA
100
AcDbPolyline
 90
5
 70
0
 10
147.8166707356771
 20
187.33334011501736
 10
147.8166707356771
 20
187.58334689670139
 10
146.41667683919272
 20
187.58334689670139
 10
146.41667683919272
 20
187.08333333333334
 10
147.8166707356771
 20
187.08333333333334
  0
LWPOLYLINE
  5
61F
330
17
100
AcDbEntity
  8
EJE_VIA
100
AcDbPolyline
 90
5
 70
0
 10
146.41665988498264
 20
187.08333333333334
 10
146.23333401150174
 20
187.14999728732639
 10
146.16665310329861
 20
187.33334011501736
 10
146.23333401150174
 20
187.51666598849826
 10
146.41665988498264
 20
187.58332994249133
  0
LWPOLYLINE
  5
620
330
17
100
AcDbEntity
  8
EJE_VIA
100
AcDbPolyline
 90
4
 70
0
 10
99.36665852864584
 20
271.2833319769965
 10
99.49999491373698
 20
271.2166680230035
 10
99.49999491373698
 20
271.066657172309
 10
99.36665852864584
 20
270.98332722981775
  0
LWPOLYLINE
  5
621
330
17
100
AcDbEntity
  8
EJE_VIA
100
AcDbPolyline
 90
5
 70
0
 10
97.48331705729167
 20
270.98334418402777
 10
97.48331705729167
 20
271.2833658854167
 10
99.36665852864584
 20
271.2833658854167
 10
99.36665852864584
 20
270.98334418402777
 10
97.48331705729167
 20
270.98334418402777
  0
LWPOLYLINE
  5
622
330
17
100
AcDbEntity
  8
EJE_VIA
100
AcDbPolyline
 90
4
 70
0
 10
97.48331705729167
 20
270.98334418402777
 10
97.34998067220053
 20
271.0666741265191
 10
97.34998067220053
 20
271.21668497721356
 10
97.48331705729167
 20
271.2833489312066
  0
LWPOLYLINE
  5
623
330
17
100
AcDbEntity
  8
EJE_VIA
100
AcDbPolyline
 90
5
 70
0
 10
133.04999457465277
 20
262.8166707356771
 10
133.2333289252387
 20
262.750006781684
 10
133.29999287923178
 20
262.56666395399304
 10
133.2333289252387
 20
262.38333808051215
 10
133.04999457465277
 20
262.3166741265191
  0
LWPOLYLINE
  5
624
330
17
100
AcDbEntity
  8
EJE_VIA
100
AcDbPolyline
 90
5
 70
0
 10
120.83333333333334
 20
262.316657172309
 10
120.83333333333334
 20
262.81663682725696
 10
133.04999457465277
 20
262.81663682725696
 10
133.04999457465277
 20
262.316657172309
 10
120.83333333333334
 20
262.316657172309
  0
LWPOLYLINE
  5
625
330
17
100
AcDbEntity
  8
EJE_VIA
100
AcDbPolyline
 90
4
 70
0
 10
120.83333333333334
 20
262.316657172309
 10
120.83333333333334
 20
262.81665378146704
 10
97.48333401150174
 20
262.83331976996527
 10
97.48333401150174
 20
262.3333231608073
  0
LWPOLYLINE
  5
626
330
17
100
AcDbEntity
  8
EJE_VIA
100
AcDbPolyline
 90
5
 70
0
 10
120.83333333333334
 20
262.316657172309
 10
97.48333401150174
 20
262.3333231608073
 10
97.48333401150174
 20
262.83331976996527
 10
120.83333333333334
 20
262.81665378146704
 10
120.83333333333334
 20
262.316657172309
  0
LWPOLYLINE
  5
627
330
17
100
AcDbEntity
  8
EJE_VIA
100
AcDbPolyline
 90
5
 70
0
 10
97.48331705729167
 20
262.3333401150174
 10
97.29998270670573
 20
262.40000406901044
 10
97.23331875271268
 20
262.5833468967014
 10
97.29998270670573
 20
262.7666727701823
 10
97.48331705729167
 20
262.83333672417535
  0
LWPOLYLINE
  5
628
330
17
100
AcDbEntity
  8
EJE_VIA
100
AcDbPolyline
 90
3
 70
0
 10
127.01665242513022
 20
262.066650390625
 10
120.6166500515408
 20
262.066650390625
 10
114.84998914930556
 20
262.0833163791233
  0
LWPOLYLINE
  5
629
330
17
100
AcDbEntity
  8
EJE_VIA
100
AcDbPolyline
 90
5
 70
0
 10
133.06667751736111
 20
261.81667751736114
 10
133.25001186794705
 20
261.75001356336804
 10
133.31667582194012
 20
261.5666707356771
 10
133.25001186794705
 20
261.38334486219617
 10
133.06667751736111
 20
261.3166809082031
  0
LWPOLYLINE
  5
62A
330
17
100
AcDbEntity
  8
EJE_VIA
100
AcDbPolyline
 90
5
 70
0
 10
120.86666531032986
 20
261.31666395399304
 10
120.86666531032986
 20
261.816643608941
 10
133.06667751736111
 20
261.816643608941
 10
133.06667751736111
 20
261.31666395399304
 10
120.86666531032986
 20
261.31666395399304
  0
LWPOLYLINE
  5
62B
330
17
100
AcDbEntity
  8
EJE_VIA
100
AcDbPolyline
 90
4
 70
0
 10
120.86666531032986
 20
261.31666395399304
 10
120.86666531032986
 20
261.81666056315106
 10
97.48333401150174
 20
261.8333265516493
 10
97.48333401150174
 20
261.33332994249133
  0
LWPOLYLINE
  5
62C
330
17
100
AcDbEntity
  8
EJE_VIA
100
AcDbPolyline
 90
5
 70
0
 10
120.86666531032986
 20
261.31666395399304
 10
97.48333401150174
 20
261.33332994249133
 10
97.48333401150174
 20
261.8333265516493
 10
120.86666531032986
 20
261.81666056315106
 10
120.86666531032986
 20
261.31666395399304
  0
LWPOLYLINE
  5
62D
330
17
100
AcDbEntity
  8
EJE_VIA
100
AcDbPolyline
 90
5
 70
0
 10
97.48331705729167
 20
261.3333468967014
 10
97.29998270670573
 20
261.40001085069446
 10
97.23331875271268
 20
261.58335367838544
 10
97.29998270670573
 20
261.76667955186633
 10
97.48331705729167
 20
261.8333435058594
  0
LWPOLYLINE
  5
62E
330
17
100
AcDbEntity
  8
EJE_VIA
100
AcDbPolyline
 90
3
 70
0
 10
127.65001085069446
 20
236.5666707356771
 10
127.65001085069446
 20
240.80000135633682
 10
127.75000678168404
 20
236.5666707356771
  0
LWPOLYLINE
  5
62F
330
17
100
AcDbEntity
  8
EJE_VIA
100
AcDbPolyline
 90
26
 70
0
 10
115.94999525282118
 20
257.8666687011719
 10
115.93332926432292
 20
257.7166748046875
 10
115.91666327582466
 20
257.5499979654948
 10
115.8999972873264
 20
257.3666720920139
 10
115.8999972873264
 20
257.18332926432294
 10
115.94999525282118
 20
256.63333468967016
 10
115.98332722981772
 20
256.4833407931858
 10
116.01665920681424
 20
256.36666191948785
 10
116.11666361490886
 20
256.20000203450525
 10
116.24999152289497
 20
256.2166680230035
 10
116.33332994249132
 20
256.3999938964844
 10
116.36666191948785
 20
256.53333875868054
 10
116.38332790798611
 20
256.6999986436632
 10
116.39464338620505
 20
256.8143319090208
 10
116.40103711022272
 20
256.92893160714044
 10
116.40305585331387
 20
257.043700185087
 10
116.40124638875326
 20
257.15854008992517
 10
116.39615548981561
 20
257.2733537687196
 10
116.38832992977567
 20
257.38804366853503
 10
116.37831648190817
 20
257.50251223643625
 10
116.36666191948785
 20
257.61666191948785
 10
116.2999979654948
 20
257.9166666666667
 10
116.21665954589844
 20
258.10000949435766
 10
116.06666564941406
 20
258.1333414713542
 10
115.98332722981772
 20
257.98333062065973
 10
115.94999525282118
 20
257.8666687011719
  0
LWPOLYLINE
  5
630
330
17
100
AcDbEntity
  8
EJE_VIA
100
AcDbPolyline
 90
18
 70
0
 10
134.58333333333334
 20
262.4666680230035
 10
134.56286802680955
 20
262.3326841700408
 10
134.55603605550198
 20
262.2267380149828
 10
134.55189448884792
 20
262.11647916585207
 10
134.5524451488422
 20
262.0041537243459
 10
134.5596898574796
 20
261.89200779216156
 10
134.5756304367549
 20
261.7822874709964
 10
134.60226870866285
 20
261.6772388625476
 10
134.66666327582465
 20
261.53333875868054
 10
134.7718245122168
 20
261.576334602303
 10
134.80968819724188
 20
261.70182837380304
 10
134.8307294646899
 20
261.87135765949887
 10
134.83541700575088
 20
262.06312603420685
 10
134.8242195116149
 20
262.2553370727433
 10
134.7976056734721
 20
262.42619434992474
 10
134.7560441825125
 20
262.5539014405675
 10
134.64999728732639
 20
262.61666191948785
 10
134.58333333333334
 20
262.4666680230035
  0
LWPOLYLINE
  5
631
330
17
100
AcDbEntity
  8
EJE_VIA
100
AcDbPolyline
 90
24
 70
0
 10
134.56666734483508
 20
261.500006781684
 10
134.63333129882812
 20
261.3166809082031
 10
134.75000169542102
 20
261.2666659884983
 10
134.81666564941406
 20
261.38334486219617
 10
134.85538880030316
 20
261.50671349631415
 10
134.87729726980132
 20
261.64441330151425
 10
134.89243159691495
 20
261.7923785911666
 10
134.9001983428995
 20
261.92500030414925
 10
134.90000406901044
 20
262.16668023003473
 10
134.88333808051215
 20
262.3166741265191
 10
134.87028810713028
 20
262.4394602245755
 10
134.84526607725357
 20
262.55008413559864
 10
134.81150719854568
 20
262.6633370584912
 10
134.77290067407822
 20
262.76728718645046
 10
134.64999728732639
 20
262.88333468967016
 10
134.56112085117235
 20
262.7239344848527
 10
134.52360669771832
 20
262.577064037323
 10
134.50155458516545
 20
262.41577840513656
 10
134.4923962487115
 20
262.2464646233453
 10
134.49356342355412
 20
262.0755097270012
 10
134.50248784489102
 20
261.9093007511563
 10
134.51660124791994
 20
261.7542247308625
 10
134.53333536783856
 20
261.6166687011719
 10
134.56666734483508
 20
261.500006781684
  0
LWPOLYLINE
  5
632
330
17
100
AcDbEntity
  8
EJE_VIA
100
AcDbPolyline
 90
3
 70
0
 10
133.06666056315106
 20
261.2499660915799
 10
133.04999457465277
 20
261.4166259765625
 10
133.04999457465277
 20
262.7499728732639
  0
LWPOLYLINE
  5
633
330
17
100
AcDbEntity
  8
EJE_VIA
100
AcDbPolyline
 90
30
 70
0
 10
263.499993218316
 20
69.0166727701823
 10
263.48332722981775
 20
68.8666746351454
 10
263.44999525282117
 20
68.70000627305772
 10
263.43332926432294
 20
68.51667192247179
 10
263.43332926432294
 20
68.13334147135417
 10
263.44999525282117
 20
67.95000712076823
 10
263.46666124131946
 20
67.78333875868056
 10
263.499993218316
 20
67.63334062364366
 10
263.5333251953125
 20
67.50000423855252
 10
263.566657172309
 20
67.40000406901042
 10
263.7166680230035
 20
67.3166741265191
 10
263.7999979654948
 20
67.4166742960612
 10
263.8499959309896
 20
67.53334045410156
 10
263.88332790798614
 20
67.6666726006402
 10
263.8999938964844
 20
67.81667073567709
 10
263.9115017321375
 20
67.93082199162907
 10
263.92146878772314
 20
68.04529203308954
 10
263.92931908369064
 20
68.15998320778212
 10
263.9344766404894
 20
68.27479786343045
 10
263.93636547856863
 20
68.3896383477582
 10
263.9344096183777
 20
68.50440700848898
 10
263.92803308036594
 20
68.61900619334645
 10
263.91665988498266
 20
68.73333825005426
 10
263.88332790798614
 20
68.90000661214194
 10
263.8499959309896
 20
69.05000474717882
 10
263.81666395399304
 20
69.15000491672092
 10
263.73333401150177
 20
69.28334130181207
 10
263.6333211263021
 20
69.28334130181207
 10
263.5499911838108
 20
69.13333892822266
 10
263.499993218316
 20
69.0166727701823
  0
LWPOLYLINE
  5
634
330
17
100
AcDbEntity
  8
EJE_VIA
100
AcDbPolyline
 90
3
 70
0
 10
216.23333401150174
 20
72.3166741265191
 10
213.18333943684897
 20
72.65001085069444
 10
207.14999728732639
 20
73.31667582194011
  0
LWPOLYLINE
  5
635
330
17
100
AcDbEntity
  8
EJE_VIA
100
AcDbPolyline
 90
3
 70
0
 10
216.1666700575087
 20
70.98334418402779
 10
213.18333943684897
 20
71.31668090820312
 10
207.14999728732639
 20
71.98334587944879
  0
LWPOLYLINE
  5
636
330
17
100
AcDbEntity
  8
EJE_VIA
100
AcDbPolyline
 90
12
 70
0
 10
205.15001085069446
 20
73.31666734483507
 10
204.9500189887153
 20
73.28333536783855
 10
204.84264755414594
 20
73.23437439070808
 10
204.66959992216695
 20
73.10066203276317
 10
204.5527886764871
 20
72.93138715955946
 10
204.49298510120977
 20
72.7411393986808
 10
204.49096048043836
 20
72.54450837771098
 10
204.54748609827627
 20
72.35608372423384
 10
204.66333323882688
 20
72.1904550658332
 10
204.8392731861936
 20
72.06221203009288
 10
204.9500189887153
 20
72.01666937934029
 10
205.15001085069446
 20
71.98333740234375
  0
LWPOLYLINE
  5
637
330
17
100
AcDbEntity
  8
EJE_VIA
100
AcDbPolyline
 90
3
 70
0
 10
246.83332655164932
 20
67.38333808051216
 10
246.28333197699655
 20
65.65000322129991
 10
245.68332248263889
 20
65.65000322129991
  0
LWPOLYLINE
  5
638
330
17
100
AcDbEntity
  8
EJE_VIA
100
AcDbPolyline
 90
3
 70
0
 10
233.66665310329861
 20
81.48334079318576
 10
233.61665513780383
 20
73.15000745985243
 10
232.86665174696182
 20
73.15000745985243
  0
LWPOLYLINE
  5
639
330
17
100
AcDbEntity
  8
EJE_VIA
100
AcDbPolyline
 90
3
 70
0
 10
252.53333197699655
 20
68.64999559190538
 10
252.5166659884983
 20
68.84999593098959
 10
252.3666720920139
 20
70.34999423556857
  0
LWPOLYLINE
  5
63A
330
17
100
AcDbEntity
  8
EJE_VIA
100
AcDbPolyline
 90
3
 70
0
 10
253.96665785047745
 20
68.79999372694228
 10
253.94999186197919
 20
68.98332807752821
 10
253.81666395399307
 20
70.48332638210721
  0
LWPOLYLINE
  5
63B
330
17
100
AcDbEntity
  8
EJE_VIA
100
AcDbPolyline
 90
20
 70
0
 10
252.999996609158
 20
70.21665361192491
 10
252.98333062065973
 20
70.11665344238281
 10
252.98333062065973
 20
69.74998897976346
 10
252.999996609158
 20
69.63331858317058
 10
253.01666259765625
 20
69.49998643663194
 10
253.08332655164932
 20
69.29998609754774
 10
253.1333245171441
 20
69.14998796251085
 10
253.23333740234375
 20
69.09998575846355
 10
253.31666734483508
 20
69.24998813205295
 10
253.33333333333334
 20
69.34998830159506
 10
253.33333333333334
 20
69.44998847113716
 10
253.3357104410728
 20
69.57607794346082
 10
253.33101411660513
 20
69.68902470337021
 10
253.3207289626201
 20
69.79631043763625
 10
253.30633958180746
 20
69.90541683302986
 10
253.28933057685694
 20
70.02382557632195
 10
253.2166714138455
 20
70.26665157741971
 10
253.16665649414062
 20
70.38332197401259
 10
253.03332858615454
 20
70.36665174696181
 10
252.999996609158
 20
70.21665361192491
  0
LWPOLYLINE
  5
63C
330
17
100
AcDbEntity
  8
EJE_VIA
100
AcDbPolyline
 90
27
 70
0
 10
252.9499986436632
 20
70.34998575846355
 10
252.93333265516495
 20
70.21665361192491
 10
252.93108155330023
 20
70.09434964921739
 10
252.9361171192593
 20
69.92385254965889
 10
252.9501772258017
 20
69.72321894433763
 10
252.96113456702895
 20
69.61724364923107
 10
252.97499974568686
 20
69.5105054643419
 10
252.99198999587034
 20
69.40526146855619
 10
253.01232255167432
 20
69.30376874075996
 10
253.0638835165236
 20
69.12106540468004
 10
253.13142051299414
 20
68.98045208719041
 10
253.2666693793403
 20
68.89998541937935
 10
253.33333333333334
 20
69.01665157741971
 10
253.35613982545007
 20
69.1414942426814
 10
253.37214602364435
 20
69.26439980665843
 10
253.3817916115125
 20
69.38606171972222
 10
253.38551627265085
 20
69.5071734322442
 10
253.3837596906556
 20
69.62842839459579
 10
253.37696154912314
 20
69.7505200571484
 10
253.36556153164972
 20
69.87414187027349
 10
253.3499993218316
 20
69.99998728434245
 10
253.28333536783856
 20
70.29998779296875
 10
253.24546760982938
 20
70.41296819845836
 10
253.197106561727
 20
70.51882296490173
 10
253.0925480524699
 20
70.62111914157867
 10
252.96666463216147
 20
70.44998592800565
 10
252.9499986436632
 20
70.34998575846355
  0
LWPOLYLINE
  5
63D
330
17
100
AcDbEntity
  8
EJE_VIA
100
AcDbPolyline
 90
3
 70
0
 10
214.43330552842883
 20
262.83333672417535
 10
214.4499715169271
 20
261.500006781684
 10
214.4499715169271
 20
261.33332994249133
  0
LWPOLYLINE
  5
63E
330
17
100
AcDbEntity
  8
EJE_VIA
100
AcDbPolyline
 90
3
 70
0
 10
212.80000474717883
 20
261.499989827474
 10
212.96666463216147
 20
261.6666497124566
 10
212.96666463216147
 20
262.66665988498266
  0
LWPOLYLINE
  5
63F
330
17
100
AcDbEntity
  8
EJE_VIA
100
AcDbPolyline
 90
20
 70
0
 10
205.30000474717883
 20
264.01665581597223
 10
205.30000474717883
 20
264.1333177354601
 10
205.28096993764242
 20
264.26555977927313
 10
205.2675907065471
 20
264.3753705711828
 10
205.24816890557608
 20
264.48462502823935
 10
205.20227822992538
 20
264.614394472705
 10
205.08332994249133
 20
264.63331434461804
 10
205.01666598849826
 20
264.51665242513025
 10
204.98333401150174
 20
264.31666056315106
 10
204.96666802300348
 20
264.1999816894531
 10
204.96666802300348
 20
263.81666395399304
 10
204.98333401150174
 20
263.69998508029516
 10
205.01666598849826
 20
263.499993218316
 10
205.07685595088535
 20
263.38931530714035
 10
205.1930569443438
 20
263.39004755434064
 10
205.2398118707869
 20
263.506501879957
 10
205.26978510949348
 20
263.6487353634503
 10
205.28333875868057
 20
263.7666490342882
 10
205.30000474717883
 20
263.88332790798614
 10
205.30000474717883
 20
264.01665581597223
  0
LWPOLYLINE
  5
640
330
17
100
AcDbEntity
  8
EJE_VIA
100
AcDbPolyline
 90
12
 70
0
 10
201.11667209201389
 20
262.48333401150177
 10
200.91668023003473
 20
262.45000203450525
 10
200.80593442751302
 20
262.4044606876042
 10
200.6299944801463
 20
262.276218769451
 10
200.5141473395957
 20
262.1105897385213
 10
200.4576217217578
 20
261.9221638184455
 10
200.4596463425292
 20
261.72553123285377
 10
200.51944991780653
 20
261.53528220537635
 10
200.63626116348638
 20
261.36600695964364
 10
200.80930879546537
 20
261.23229571928584
 10
200.91668023003473
 20
261.18333604600696
 10
201.11667209201389
 20
261.15000406901044
  0
LWPOLYLINE
  5
641
330
17
100
AcDbEntity
  8
EJE_VIA
100
AcDbPolyline
 90
19
 70
0
 10
209.36665852864584
 20
138.01667955186633
 10
209.2833285861545
 20
138.15001593695746
 10
208.97986047797733
 20
138.28518216394716
 10
208.71685478422378
 20
138.34294845660528
 10
208.49431150489383
 20
138.33437194840775
 10
208.31223063998752
 20
138.27050977283054
 10
208.17061218950485
 20
138.16241906334957
 10
208.06945615344577
 20
138.02115695344077
 10
208.00876253181033
 20
137.8577805765801
 10
207.98853132459854
 20
137.6833470662435
 10
208.00876253181033
 20
137.50891355590687
 10
208.06945615344577
 20
137.3455371790462
 10
208.17061218950485
 20
137.20427506913742
 10
208.31223063998752
 20
137.09618435965643
 10
208.49431150489383
 20
137.03232218407922
 10
208.71685478422378
 20
137.0237456758817
 10
208.97986047797733
 20
137.08151196853981
 10
209.2833285861545
 20
137.2166781955295
 10
209.36665852864584
 20
137.35001458062067
  0
LWPOLYLINE
  5
642
330
17
100
AcDbEntity
  8
EJE_VIA
100
AcDbPolyline
 90
3
 70
0
 10
209.04998779296875
 20
138.683344523112
 10
208.316650390625
 20
136.68334113226996
 10
209.44998847113717
 20
136.68334113226996
  0
LWPOLYLINE
  5
643
330
17
100
AcDbEntity
  8
EJE_VIA
100
AcDbPolyline
 90
3
 70
0
 10
39.26666259765625
 20
204.11665174696182
 10
39.76666344536675
 20
204.11665174696182
 10
39.516660902235245
 20
205.61665852864584
  0
LWPOLYLINE
  5
644
330
17
100
AcDbEntity
  8
EJE_VIA
100
AcDbPolyline
 90
3
 70
0
 10
39.26666259765625
 20
127.11666531032986
 10
39.76666344536675
 20
127.11666531032986
 10
39.516660902235245
 20
125.61666700575087
  0
LWPOLYLINE
  5
645
330
17
100
AcDbEntity
  8
EJE_VIA
100
AcDbPolyline
 90
3
 70
0
 10
45.50001356336806
 20
192.24999321831598
 10
46.00001441107856
 20
192.24999321831598
 10
45.75001186794705
 20
190.74998643663196
  0
LWPOLYLINE
  5
646
330
17
100
AcDbEntity
  8
EJE_VIA
100
AcDbPolyline
 90
3
 70
0
 10
45.50001356336806
 20
204.0833197699653
 10
46.00001441107856
 20
204.0833197699653
 10
45.75001186794705
 20
205.58332655164932
  0
LWPOLYLINE
  5
647
330
17
100
AcDbEntity
  8
EJE_VIA
100
AcDbPolyline
 90
3
 70
0
 10
45.50001356336806
 20
182.11666531032986
 10
46.00001441107856
 20
182.11666531032986
 10
45.75001186794705
 20
180.61665852864584
  0
LWPOLYLINE
  5
648
330
17
100
AcDbEntity
  8
EJE_VIA
100
AcDbPolyline
 90
3
 70
0
 10
45.50001356336806
 20
189.249996609158
 10
46.00001441107856
 20
189.249996609158
 10
45.75001186794705
 20
190.750003390842
  0
LWPOLYLINE
  5
649
330
17
100
AcDbEntity
  8
EJE_VIA
100
AcDbPolyline
 90
3
 70
0
 10
45.50001356336806
 20
179.11666870117188
 10
46.00001441107856
 20
179.11666870117188
 10
45.75001186794705
 20
180.61667548285592
  0
LWPOLYLINE
  5
64A
330
17
100
AcDbEntity
  8
EJE_VIA
100
AcDbPolyline
 90
3
 70
0
 10
45.50001356336806
 20
152.11666531032986
 10
46.00001441107856
 20
152.11666531032986
 10
45.75001186794705
 20
150.61665852864584
  0
LWPOLYLINE
  5
64B
330
17
100
AcDbEntity
  8
EJE_VIA
100
AcDbPolyline
 90
3
 70
0
 10
45.50001356336806
 20
149.11666870117188
 10
46.00001441107856
 20
149.11666870117188
 10
45.75001186794705
 20
150.6166754828559
  0
LWPOLYLINE
  5
64C
330
17
100
AcDbEntity
  8
EJE_VIA
100
AcDbPolyline
 90
3
 70
0
 10
45.50001356336806
 20
139.61666531032986
 10
46.00001441107856
 20
139.61666531032986
 10
45.75001186794705
 20
138.11666700575088
  0
LWPOLYLINE
  5
64D
330
17
100
AcDbEntity
  8
EJE_VIA
100
AcDbPolyline
 90
3
 70
0
 10
45.50001356336806
 20
136.61666870117188
 10
46.00001441107856
 20
136.61666870117188
 10
45.75001186794705
 20
138.11666700575088
  0
LWPOLYLINE
  5
64E
330
17
100
AcDbEntity
  8
EJE_VIA
100
AcDbPolyline
 90
3
 70
0
 10
45.50001356336806
 20
127.08333333333334
 10
46.00001441107856
 20
127.08333333333334
 10
45.75001186794705
 20
125.58333502875435
  0
LWPOLYLINE
  5
64F
330
17
100
AcDbEntity
  8
EJE_VIA
100
AcDbPolyline
 90
3
 70
0
 10
126.28333197699654
 20
218.316650390625
 10
126.28333197699654
 20
217.816653781467
 10
127.78333028157553
 20
218.06664360894098
  0
LWPOLYLINE
  5
650
330
17
100
AcDbEntity
  8
EJE_VIA
100
AcDbPolyline
 90
3
 70
0
 10
107.79998779296875
 20
218.316650390625
 10
107.79998779296875
 20
217.816653781467
 10
106.29998948838976
 20
218.06664360894098
  0
LWPOLYLINE
  5
651
330
17
100
AcDbEntity
  8
EJE_VIA
100
AcDbPolyline
 90
3
 70
0
 10
129.2833455403646
 20
218.316650390625
 10
129.2833455403646
 20
217.816653781467
 10
127.7833472357856
 20
218.06664360894098
  0
LWPOLYLINE
  5
652
330
17
100
AcDbEntity
  8
EJE_VIA
100
AcDbPolyline
 90
3
 70
0
 10
146.18333604600696
 20
218.316650390625
 10
146.18333604600696
 20
217.816653781467
 10
147.68334282769098
 20
218.06664360894098
  0
LWPOLYLINE
  5
653
330
17
100
AcDbEntity
  8
EJE_VIA
100
AcDbPolyline
 90
3
 70
0
 10
145.80000135633682
 20
61.516672770182296
 10
145.80000135633682
 20
61.016671922471794
 10
147.30000813802084
 20
61.2666744656033
  0
LWPOLYLINE
  5
654
330
17
100
AcDbEntity
  8
EJE_VIA
100
AcDbPolyline
 90
3
 70
0
 10
108.80001491970486
 20
61.516672770182296
 10
108.80001491970486
 20
61.016671922471794
 10
107.30001661512587
 20
61.2666744656033
  0
LWPOLYLINE
  5
655
330
17
100
AcDbEntity
  8
EJE_VIA
100
AcDbPolyline
 90
3
 70
0
 10
128.80001491970486
 20
66.18333604600694
 10
128.80001491970486
 20
65.68333519829645
 10
127.30001661512587
 20
65.93333774142795
  0
LWPOLYLINE
  5
656
330
17
100
AcDbEntity
  8
EJE_VIA
100
AcDbPolyline
 90
3
 70
0
 10
145.80000135633682
 20
66.18333604600694
 10
145.80000135633682
 20
65.68333519829645
 10
147.30000813802084
 20
65.93333774142795
  0
LWPOLYLINE
  5
657
330
17
100
AcDbEntity
  8
EJE_VIA
100
AcDbPolyline
 90
3
 70
0
 10
125.80000135633681
 20
66.18333604600694
 10
125.80000135633681
 20
65.68333519829645
 10
127.2999996609158
 20
65.93333774142795
  0
LWPOLYLINE
  5
658
330
17
100
AcDbEntity
  8
EJE_VIA
100
AcDbPolyline
 90
3
 70
0
 10
108.80001491970486
 20
66.18333604600694
 10
108.80001491970486
 20
65.68333519829645
 10
107.30001661512587
 20
65.93333774142795
  0
LWPOLYLINE
  5
659
330
17
100
AcDbEntity
  8
EJE_VIA
100
AcDbPolyline
 90
3
 70
0
 10
210.36666870117188
 20
186.65000067816842
 10
210.86666531032986
 20
186.65000067816842
 10
210.61667548285592
 20
188.15000745985245
  0
LWPOLYLINE
  5
65A
330
17
100
AcDbEntity
  8
EJE_VIA
100
AcDbPolyline
 90
3
 70
0
 10
210.36666870117188
 20
191.63333468967014
 10
210.86666531032986
 20
191.63333468967014
 10
210.61667548285592
 20
190.13332790798611
  0
LWPOLYLINE
  5
65B
330
17
100
AcDbEntity
  8
EJE_VIA
100
AcDbPolyline
 90
3
 70
0
 10
119.21668158637154
 20
185.99999321831598
 10
120.61668395996094
 20
185.40000067816842
 10
119.10001118977866
 20
185.51666259765625
  0
LWPOLYLINE
  5
65C
330
17
100
AcDbEntity
  8
EJE_VIA
100
AcDbPolyline
 90
3
 70
0
 10
115.11667887369792
 20
135.0999959309896
 10
115.98334418402779
 20
136.3499959309896
 10
115.56667751736111
 20
134.8999955919054
  0
LWPOLYLINE
  5
65D
330
17
100
AcDbEntity
  8
EJE_VIA
100
AcDbPolyline
 90
3
 70
0
 10
146.16665310329861
 20
214.96666802300348
 10
144.6666463216146
 20
214.71666124131946
 10
146.01665920681424
 20
215.43333265516495
  0
LWPOLYLINE
  5
65E
330
17
100
AcDbEntity
  8
EJE_VIA
100
AcDbPolyline
 90
3
 70
0
 10
140.19999186197919
 20
219.21668158637155
 10
138.68332756890192
 20
219.01668972439236
 10
140.04998948838977
 20
219.683346218533
  0
LWPOLYLINE
  5
65F
330
17
100
AcDbEntity
  8
EJE_VIA
100
AcDbPolyline
 90
3
 70
0
 10
256.79999457465277
 20
202.48331705729169
 10
256.54998779296875
 20
200.98331027560764
 10
256.2999979654948
 20
202.48331705729169
  0
LWPOLYLINE
  5
660
330
17
100
AcDbEntity
  8
EJE_VIA
100
AcDbPolyline
 90
3
 70
0
 10
261.6666666666667
 20
198.94999186197919
 10
261.41665988498266
 20
197.44998508029514
 10
261.16667005750867
 20
198.94999186197919
  0
LWPOLYLINE
  5
661
330
17
100
AcDbEntity
  8
EJE_VIA
100
AcDbPolyline
 90
3
 70
0
 10
266.1000061035156
 20
200.93332926432294
 10
265.8499993218316
 20
199.43332248263889
 10
265.60000949435766
 20
200.93332926432294
  0
LWPOLYLINE
  5
662
330
17
100
AcDbEntity
  8
EJE_VIA
100
AcDbPolyline
 90
3
 70
0
 10
54.4166734483507
 20
146.0666741265191
 10
54.66667175292969
 20
147.56668090820312
 10
54.9166742960612
 20
146.0666741265191
  0
LWPOLYLINE
  5
663
330
17
100
AcDbEntity
  8
EJE_VIA
100
AcDbPolyline
 90
3
 70
0
 10
116.83332655164931
 20
80.81666734483507
 10
118.3333248562283
 20
80.56666904025607
 10
116.83332655164931
 20
80.31667073567709
  0
LWPOLYLINE
  5
664
330
17
100
AcDbEntity
  8
EJE_VIA
100
AcDbPolyline
 90
23
 70
0
 10
58.13334147135417
 20
190.95001220703125
 10
58.05000729031033
 20
191.0666741265191
 10
57.85000695122613
 20
191.2000189887153
 10
57.712464870678055
 20
191.25433001253342
 10
57.57170021533966
 20
191.2829065322876
 10
57.43081843687428
 20
191.28639267550577
 10
57.29292498694526
 20
191.26543256971573
 10
57.16112531721592
 20
191.22067034244537
 10
57.0385248793496
 20
191.15275012122262
 10
56.92822912500964
 20
191.06231603357529
 10
56.833343505859375
 20
190.95001220703125
 10
56.750009324815544
 20
190.76668633355035
 10
56.750009324815544
 20
190.45001559787326
 10
56.823911840717
 20
190.2844896581438
 10
56.925086511505974
 20
190.1539452870687
 10
57.04898257222441
 20
190.05680018001132
 10
57.19104925791423
 20
189.99147203233508
 10
57.34673580361737
 20
189.9563785394033
 10
57.511491444375785
 20
189.94993739657932
 10
57.68076541523139
 20
189.97056629922656
 10
57.85000695122613
 20
190.01668294270834
 10
58.05000729031033
 20
190.15001085069446
 10
58.13334147135417
 20
190.2666727701823
  0
LWPOLYLINE
  5
665
330
17
100
AcDbEntity
  8
EJE_VIA
100
AcDbPolyline
 90
3
 70
0
 10
57.80000898573134
 20
191.61668565538196
 10
57.08334181043837
 20
189.61668226453995
 10
58.216675652398
 20
189.61668226453995
  0
LWPOLYLINE
  5
666
330
17
100
AcDbEntity
  8
EJE_VIA
100
AcDbPolyline
 90
3
 70
0
 10
135.08334689670139
 20
196.89999050564236
 10
135.08334689670139
 20
196.39999389648438
 10
136.5833452012804
 20
196.64998372395834
  0
LWPOLYLINE
  5
667
330
17
100
AcDbEntity
  8
EJE_VIA
100
AcDbPolyline
 90
3
 70
0
 10
129.13333468967014
 20
196.89999050564236
 10
129.13333468967014
 20
196.39999389648438
 10
127.63333638509116
 20
196.64998372395834
  0
LWPOLYLINE
  5
668
330
17
100
AcDbEntity
  8
EJE_VIA
100
AcDbPolyline
 90
3
 70
0
 10
128.86667887369794
 20
97.63332790798611
 10
128.86667887369794
 20
97.13333129882812
 10
127.36668056911893
 20
97.38332960340712
  0
LWPOLYLINE
  5
669
330
17
100
AcDbEntity
  8
EJE_VIA
100
AcDbPolyline
 90
3
 70
0
 10
130.16665988498264
 20
97.63332790798611
 10
130.16665988498264
 20
97.13333129882812
 10
131.66665818956164
 20
97.38332960340712
  0
LWPOLYLINE
  5
66A
330
17
100
AcDbEntity
  8
EJE_VIA
100
AcDbPolyline
 90
3
 70
0
 10
133.23333740234375
 20
156.83332655164932
 10
133.23333740234375
 20
156.33332994249133
 10
134.73333570692276
 20
156.58331976996527
  0
LWPOLYLINE
  5
66B
330
17
100
AcDbEntity
  8
EJE_VIA
100
AcDbPolyline
 90
3
 70
0
 10
129.14998372395834
 20
156.83332655164932
 10
129.14998372395834
 20
156.33332994249133
 10
127.64998541937935
 20
156.58331976996527
  0
LWPOLYLINE
  5
66C
330
17
100
AcDbEntity
  8
EJE_VIA
100
AcDbPolyline
 90
3
 70
0
 10
247.11666531032986
 20
186.53333875868057
 10
246.86665852864584
 20
185.03333197699655
 10
246.61666870117188
 20
186.53333875868057
  0
LWPOLYLINE
  5
66D
330
17
100
AcDbEntity
  8
EJE_VIA
100
AcDbPolyline
 90
3
 70
0
 10
130.15001085069446
 20
89.91667005750868
 10
131.65000915527344
 20
89.66667175292969
 10
130.15001085069446
 20
89.41667344835069
  0
LWPOLYLINE
  5
66E
330
17
100
AcDbEntity
  8
EJE_VIA
100
AcDbPolyline
 90
3
 70
0
 10
110.63334147135417
 20
132.8166707356771
 10
112.1166737874349
 20
132.5
 10
110.61667548285591
 20
132.3166741265191
  0
LWPOLYLINE
  5
66F
330
17
100
AcDbEntity
  8
EJE_VIA
100
AcDbPolyline
 90
3
 70
0
 10
110.61665852864584
 20
132.56666395399307
 10
101.61666022406685
 20
132.9499986436632
 10
99.91666158040366
 20
132.96666463216147
  0
LWPOLYLINE
  5
670
330
17
100
AcDbEntity
  8
EJE_VIA
100
AcDbPolyline
 90
19
 70
0
 10
88.56665717230904
 20
219.90000406901044
 10
88.68332756890192
 20
219.7333441840278
 10
88.75644521580803
 20
219.5755363504092
 10
88.80999008814494
 20
219.41666497124567
 10
88.84493632449045
 20
219.2573000656234
 10
88.86225806342232
 20
219.0980116526286
 10
88.86292944351833
 20
218.93936975134744
 10
88.84792460335626
 20
218.78194438086618
 10
88.8182176815139
 20
218.62630556027096
 10
88.77478281656902
 20
218.473023308648
 10
88.7185941470994
 20
218.32266764508356
 10
88.65062581168281
 20
218.17580858866376
 10
88.57185194889705
 20
218.03301615847482
 10
88.48324669731988
 20
217.894860373603
 10
88.3857841955291
 20
217.76191125313443
 10
88.28043858210246
 20
217.63473881615533
 10
88.16818399561777
 20
217.51391308175195
 10
88.04999457465279
 20
217.40000406901044
 10
87.84999423556857
 20
217.2333441840278
  0
LWPOLYLINE
  5
671
330
17
100
AcDbEntity
  8
EJE_VIA
100
AcDbPolyline
 90
3
 70
0
 10
134.10000271267361
 20
190.59999254014758
 10
135.16666836208768
 20
189.51665242513022
 10
133.81667243109808
 20
190.19999186197919
  0
LWPOLYLINE
  5
672
330
17
100
AcDbEntity
  8
EJE_VIA
100
AcDbPolyline
 90
3
 70
0
 10
95.44999864366319
 20
216.06665717230905
 10
83.28333536783855
 20
225.21665785047745
 10
59.91666581895617
 20
225.21665785047745
  0
LWPOLYLINE
  5
673
330
17
100
AcDbEntity
  8
EJE_VIA
100
AcDbPolyline
 90
3
 70
0
 10
130.95001220703125
 20
188.55000813802084
 10
132.03334384494357
 20
187.46666802300348
 10
130.66668192545575
 20
188.15000745985245
  0
LWPOLYLINE
  5
674
330
17
100
AcDbEntity
  8
EJE_VIA
100
AcDbPolyline
 90
3
 70
0
 10
96.73333062065973
 20
210.816650390625
 10
87.84999423556857
 20
217.23331027560764
 10
60.51666259765625
 20
217.23331027560764
  0
LWPOLYLINE
  5
675
330
17
100
AcDbEntity
  8
EJE_VIA
100
AcDbPolyline
 90
3
 70
0
 10
160.38333468967014
 20
193.55000813802084
 10
159.18333265516495
 20
192.60001288519967
 10
160.0
 20
193.8833448621962
  0
LWPOLYLINE
  5
676
330
17
100
AcDbEntity
  8
EJE_VIA
100
AcDbPolyline
 90
3
 70
0
 10
160.19999186197919
 20
193.71666802300348
 10
171.91665649414062
 20
206.71666463216147
 10
193.30000135633682
 20
206.71666463216147
  0
LWPOLYLINE
  5
677
330
17
100
AcDbEntity
  8
EJE_VIA
100
AcDbPolyline
 90
19
 70
0
 10
174.66666327582465
 20
93.24999491373698
 10
174.79999118381076
 20
93.08332655164931
 10
174.86566896239918
 20
92.92146877075236
 10
174.91373446252612
 20
92.76018094685342
 10
174.94495429926448
 20
92.5997987906966
 10
174.9600950876872
 20
92.44065801302592
 10
174.95992344286708
 20
92.28309432458546
 10
174.94520597987704
 20
92.1274434361193
 10
174.91670931379002
 20
91.97404105837147
 10
174.87520005967883
 20
91.82322290208604
 10
174.82144483261638
 20
91.6753246780071
 10
174.7562102476756
 20
91.53068209687869
 10
174.6802629199293
 20
91.38963086944487
 10
174.5943694644504
 20
91.25250670644972
 10
174.49929649631184
 20
91.1196453186373
 10
174.39581063058642
 20
90.99138241675165
 10
174.28467848234706
 20
90.86805371153686
 10
174.16666666666669
 20
90.74999491373698
 10
173.94999186197919
 20
90.58332655164931
  0
LWPOLYLINE
  5
678
330
17
100
AcDbEntity
  8
EJE_VIA
100
AcDbPolyline
 90
3
 70
0
 10
133.51667616102432
 20
101.68333265516493
 10
132.36667209201389
 20
102.66666836208768
 10
133.78334045410156
 20
102.11666531032986
  0
LWPOLYLINE
  5
679
330
17
100
AcDbEntity
  8
EJE_VIA
100
AcDbPolyline
 90
3
 70
0
 10
133.65000406901044
 20
101.90000745985243
 10
152.68334282769098
 20
90.58334350585938
 10
174.40000745985245
 20
90.58334350585938
  0
LWPOLYLINE
  5
67A
330
17
100
AcDbEntity
  8
EJE_VIA
100
AcDbPolyline
 90
19
 70
0
 10
177.26667616102432
 20
99.51666090223524
 10
177.38333808051215
 20
99.34999254014757
 10
177.4562877830532
 20
99.19591912585828
 10
177.50966078705258
 20
99.03959477941196
 10
177.5444666461812
 20
98.88173727732566
 10
177.56171491410998
 20
98.72306439611647
 10
177.56241514450974
 20
98.56429391230147
 10
177.5475768910514
 20
98.4061436023977
 10
177.51820970740584
 20
98.24933124292228
 10
177.47532314724393
 20
98.09457461039226
 10
177.41992676423655
 20
97.9425914813247
 10
177.35303011205463
 20
97.7940996322367
 10
177.27564274436898
 20
97.64981683964531
 10
177.18877421485053
 20
97.51046088006761
 10
177.09343407717017
 20
97.37674953002069
 10
176.99063188499875
 20
97.2494005660216
 10
176.88137719200716
 20
97.12913176458743
 10
176.76667955186633
 20
97.01666090223524
 10
176.55000474717883
 20
96.84999254014757
  0
LWPOLYLINE
  5
67B
330
17
100
AcDbEntity
  8
EJE_VIA
100
AcDbPolyline
 90
3
 70
0
 10
137.46666802300348
 20
104.31666056315105
 10
136.23333401150174
 20
105.21665785047743
 10
137.68333435058594
 20
104.76665920681424
  0
LWPOLYLINE
  5
67C
330
17
100
AcDbEntity
  8
EJE_VIA
100
AcDbPolyline
 90
3
 70
0
 10
137.58334689670139
 20
104.55000135633681
 10
153.0333455403646
 20
96.85000101725261
 10
176.8666754828559
 20
96.85000101725261
  0
LWPOLYLINE
  5
67D
330
17
100
AcDbEntity
  8
EJE_VIA
100
AcDbPolyline
 90
3
 70
0
 10
119.04998779296875
 20
239.566650390625
 10
120.566652086046
 20
239.44998847113717
 10
119.08331976996529
 20
239.066653781467
  0
LWPOLYLINE
  5
67E
330
17
100
AcDbEntity
  8
EJE_VIA
100
AcDbPolyline
 90
3
 70
0
 10
101.26668294270834
 20
260.93332926432294
 10
102.40001254611546
 20
261.94998847113715
 10
101.65001763237848
 20
260.61665852864587
  0
LWPOLYLINE
  5
67F
330
17
100
AcDbEntity
  8
EJE_VIA
100
AcDbPolyline
 90
3
 70
0
 10
128.9833238389757
 20
258.1499905056424
 10
127.71665785047743
 20
258.9833238389757
 10
129.1833241780599
 20
258.61665513780383
  0
LWPOLYLINE
  5
680
330
17
100
AcDbEntity
  8
EJE_VIA
100
AcDbPolyline
 90
3
 70
0
 10
129.08331976996527
 20
258.3833482530382
 10
142.24999321831598
 20
252.76668972439236
 10
143.86664496527777
 20
252.78335571289062
  0
LWPOLYLINE
  5
681
330
17
100
AcDbEntity
  8
EJE_VIA
100
AcDbPolyline
 90
23
 70
0
 10
127.38332112630209
 20
265.41668362087677
 10
127.26665072970921
 20
265.33335367838544
 10
127.1333228217231
 20
265.15001085069446
 10
127.07849580380652
 20
265.0144545899497
 10
127.04961021741232
 20
264.8722675111559
 10
127.04599203334915
 20
264.7276779678133
 10
127.06696722242567
 20
264.5849143134223
 10
127.11186175545058
 20
264.44820490148334
 10
127.1800016032325
 20
264.3217780854967
 10
127.27071273658011
 20
264.20986221896277
 10
127.38332112630209
 20
264.11668565538196
 10
127.56665547688803
 20
264.0333557128906
 10
127.88331773546008
 20
264.0333557128906
 10
128.05066524280443
 20
264.1082568301095
 10
128.18204283714294
 20
264.2112281587389
 10
128.27926677134303
 20
264.33747470378876
 10
128.34415329827203
 20
264.4822014702691
 10
128.37851867079735
 20
264.6406134631899
 10
128.38417914178638
 20
264.80791568756104
 10
128.36295096410646
 20
264.9793131483926
 10
128.316650390625
 20
265.15001085069446
 10
128.18332248263889
 20
265.33335367838544
 10
128.06665208604602
 20
265.41668362087677
  0
LWPOLYLINE
  5
682
330
17
100
AcDbEntity
  8
EJE_VIA
100
AcDbPolyline
 90
3
 70
0
 10
126.71665615505643
 20
265.10001288519965
 10
128.71665954589844
 20
264.3666754828559
 10
128.71665954589844
 20
265.51667955186633
  0
LWPOLYLINE
  5
683
330
17
100
AcDbEntity
  8
EJE_VIA
100
AcDbPolyline
 90
3
 70
0
 10
60.08334689670139
 20
139.0666707356771
 10
60.33334520128039
 20
140.56666904025607
 10
60.583347744411896
 20
139.0666707356771
  0
LWPOLYLINE
  5
684
330
17
100
AcDbEntity
  8
EJE_VIA
100
AcDbPolyline
 90
3
 70
0
 10
115.15001085069444
 20
259.35000949435766
 10
116.11668056911893
 20
258.1666734483507
 10
114.8166741265191
 20
258.9666748046875
  0
LWPOLYLINE
  5
685
330
17
100
AcDbEntity
  8
EJE_VIA
100
AcDbPolyline
 90
3
 70
0
 10
134.73333570692276
 20
263.433346218533
 10
134.73333570692276
 20
264.6166822645399
 10
142.48333401150174
 20
265.7166714138455
  0
LWPOLYLINE
  5
686
330
17
100
AcDbEntity
  8
EJE_VIA
100
AcDbPolyline
 90
3
 70
0
 10
147.64999389648438
 20
253.51667616102432
 10
147.24999321831598
 20
252.0166693793403
 10
148.09999254014758
 20
252.0166693793403
  0
LWPOLYLINE
  5
687
330
17
100
AcDbEntity
  8
EJE_VIA
100
AcDbPolyline
 90
19
 70
0
 10
109.46665445963542
 20
268.65000406901044
 10
109.61665683322484
 20
268.46667819552954
 10
109.71349201682541
 20
268.3660888257954
 10
109.8164693845643
 20
268.2708779308531
 10
109.9250774540835
 20
268.1818145596319
 10
110.03880474302504
 20
268.0996677610609
 10
110.15713976903095
 20
268.02520658406945
 10
110.27957104974324
 20
267.95920007758673
 10
110.40558710280392
 20
267.90241729054185
 10
110.53467644585504
 20
267.85562727186414
 10
110.66632759653861
 20
267.8195990704828
 10
110.80002907249663
 20
267.79510173532697
 10
110.93526939137115
 20
267.78290431532594
 10
111.07153707080418
 20
267.78377585940893
 10
111.20832062843773
 20
267.79848541650506
 10
111.34510858191385
 20
267.82780203554364
 10
111.48138944887454
 20
267.8724947654539
 10
111.61665174696181
 20
267.9333326551649
 10
111.74998813205296
 20
268.0333455403646
  0
LWPOLYLINE
  5
688
330
17
100
AcDbEntity
  8
EJE_VIA
100
AcDbPolyline
 90
3
 70
0
 10
109.74998474121094
 20
268.8499959309896
 10
111.24998304578993
 20
269.0333218044705
 10
109.74998474121094
 20
270.0
  0
LWPOLYLINE
  5
689
330
17
100
AcDbEntity
  8
EJE_VIA
100
AcDbPolyline
 90
3
 70
0
 10
111.24998304578993
 20
269.95000203450525
 10
109.74998474121094
 20
270.35000271267364
 10
109.74998474121094
 20
271.2833319769965
  0
LWPOLYLINE
  5
68A
330
17
100
AcDbEntity
  8
EJE_VIA
100
AcDbPolyline
 90
18
 70
0
 10
109.46665445963542
 20
274.3666754828559
 10
109.61665683322484
 20
274.4666714138455
 10
109.74772939044568
 20
274.52889958603515
 10
109.88112547331387
 20
274.57419921954477
 10
110.01617367275888
 20
274.603467538125
 10
110.15220257971022
 20
274.6176017655267
 10
110.28854078509742
 20
274.61749912550056
 10
110.42451687984997
 20
274.60405684179733
 10
110.55945945489738
 20
274.57817213816776
 10
110.69269710116917
 20
274.54074223836267
 10
110.82355840959484
 20
274.4926643661327
 10
110.95137197110388
 20
274.43483574522867
 10
111.07546637662584
 20
274.36815359940135
 10
111.1951702170902
 20
274.2935151524014
 10
111.30981208342645
 20
274.21181762797966
 10
111.41872056656415
 20
274.12395824988687
 10
111.52122425743276
 20
274.0308342418737
 10
111.74998813205296
 20
273.7500169542101
  0
LWPOLYLINE
  5
68B
330
17
100
AcDbEntity
  8
EJE_VIA
100
AcDbPolyline
 90
3
 70
0
 10
255.38333468967016
 20
86.50000678168404
 10
255.68333943684897
 20
85.00000847710504
 10
254.9166700575087
 20
86.3166724310981
  0
LWPOLYLINE
  5
68C
330
17
100
AcDbEntity
  8
EJE_VIA
100
AcDbPolyline
 90
3
 70
0
 10
255.14999389648438
 20
86.41665988498264
 10
250.98332722981772
 20
97.39999559190538
 10
248.94999186197919
 20
97.44999355740018
  0
LWPOLYLINE
  5
68D
330
17
100
AcDbEntity
  8
EJE_VIA
100
AcDbPolyline
 90
3
 70
0
 10
98.14999050564236
 20
272.3833211263021
 10
99.01665581597223
 20
271.1333211263021
 10
97.79998779296875
 20
272.04998440212677
  0
LWPOLYLINE
  5
68E
330
17
100
AcDbEntity
  8
EJE_VIA
100
AcDbPolyline
 90
3
 70
0
 10
97.96668158637154
 20
272.21666124131946
 10
96.2833489312066
 20
273.9833238389757
 10
89.51667785644531
 20
273.9833238389757
  0
LWPOLYLINE
  5
68F
330
17
100
AcDbEntity
  8
EJE_VIA
100
AcDbPolyline
 90
3
 70
0
 10
277.61666191948785
 20
70.2166748046875
 10
276.86665852864587
 20
71.53333875868056
 10
277.999996609158
 20
70.53334130181207
  0
LWPOLYLINE
  5
690
330
17
100
AcDbEntity
  8
EJE_VIA
100
AcDbPolyline
 90
3
 70
0
 10
277.8166707356771
 20
70.38333468967014
 10
283.10000949435766
 20
63.983332316080734
 10
285.60000949435766
 20
63.983332316080734
  0
LWPOLYLINE
  5
691
330
17
100
AcDbEntity
  8
EJE_VIA
100
AcDbPolyline
 90
3
 70
0
 10
263.7999979654948
 20
71.16667005750868
 10
263.6166720920139
 20
69.66667175292969
 10
263.3000013563368
 20
71.15000406901042
  0
LWPOLYLINE
  5
692
330
17
100
AcDbEntity
  8
EJE_VIA
100
AcDbPolyline
 90
3
 70
0
 10
214.85000610351562
 20
83.11665852864584
 10
214.75001017252606
 20
81.59999423556857
 10
214.35000949435764
 20
83.06666056315105
  0
LWPOLYLINE
  5
693
330
17
100
AcDbEntity
  8
EJE_VIA
100
AcDbPolyline
 90
3
 70
0
 10
214.5999993218316
 20
83.09999254014757
 10
212.71665785047745
 20
102.44999355740018
 10
211.50000678168405
 20
102.48332553439671
  0
LWPOLYLINE
  5
694
330
17
100
AcDbEntity
  8
EJE_VIA
100
AcDbPolyline
 90
23
 70
0
 10
255.3166707356771
 20
63.94999186197917
 10
255.20000881618924
 20
63.84999169243707
 10
255.06666395399307
 20
63.666657341851135
 10
255.02724326319165
 20
63.528249156143936
 10
255.00420649846396
 20
63.38710010051727
 10
254.99945763084625
 20
63.246198503507514
 10
255.0149006313748
 20
63.10853269365099
 10
255.05243947108588
 20
62.97709099948406
 10
255.11397812101578
 20
62.85486174954309
 10
255.20142055220074
 20
62.74483327236441
 10
255.3166707356771
 20
62.649993896484375
 10
255.499996609158
 20
62.549993726942276
 10
255.81666734483508
 20
62.549993726942276
 10
255.97320261928772
 20
62.631254701150795
 10
256.1045718193054
 20
62.737636102570434
 10
256.208733883169
 20
62.86490942868922
 10
256.28364774915906
 20
63.00884617699518
 10
256.3272723555565
 20
63.165217844976326
 10
256.33756664064197
 20
63.32979593012068
 10
256.3124895426962
 20
63.49835192991628
 10
256.25
 20
63.666657341851135
 10
256.1166720920139
 20
63.84999169243707
 10
256.00001017252606
 20
63.94999186197917
  0
LWPOLYLINE
  5
695
330
17
100
AcDbEntity
  8
EJE_VIA
100
AcDbPolyline
 90
3
 70
0
 10
254.66666327582467
 20
63.61665937635634
 10
256.6666666666667
 20
62.89999220106337
 10
256.6666666666667
 20
64.03332604302301
  0
LWPOLYLINE
  5
696
330
17
100
AcDbEntity
  8
EJE_VIA
100
AcDbPolyline
 90
19
 70
0
 10
207.3166741265191
 20
84.5999993218316
 10
207.46666802300348
 20
84.41666497124567
 10
207.56952318466372
 20
84.31555900101861
 10
207.6762824257215
 20
84.21993465887176
 10
207.78674187345638
 20
84.13055367974772
 10
207.90069765514798
 20
84.04817779858908
 10
208.0179458980759
 20
83.97356875033843
 10
208.13828272951974
 20
83.90748826993837
 10
208.2615042767591
 20
83.8506980923315
 10
208.38740666707358
 20
83.8039599524604
 10
208.51578602774276
 20
83.76803558526768
 10
208.64643848604626
 20
83.74368672569594
 10
208.7791601692637
 20
83.73167510868775
 10
208.91374720467462
 20
83.73276246918573
 10
209.04999571955867
 20
83.74771054213247
 10
209.18770184119543
 20
83.77728106247055
 10
209.3266616968645
 20
83.82223576514258
 10
209.4666714138455
 20
83.88333638509116
 10
209.5999993218316
 20
83.98333231608073
  0
LWPOLYLINE
  5
697
330
17
100
AcDbEntity
  8
EJE_VIA
100
AcDbPolyline
 90
23
 70
0
 10
209.91668701171875
 20
91.01665920681424
 10
209.98335096571182
 20
90.84999084472656
 10
210.13336181640625
 20
90.6833224826389
 10
210.2635129623943
 20
90.56685777174103
 10
210.42465554343332
 20
90.46544750531515
 10
210.60561746358871
 20
90.38701184921796
 10
210.795226626926
 20
90.3394709693061
 10
210.98231093751062
 20
90.3307450314363
 10
211.15569829940796
 20
90.3687542014652
 10
211.30421661668353
 20
90.46141864524948
 10
211.4166937934028
 20
90.61665852864584
 10
211.4166937934028
 20
90.89998881022136
 10
211.35001288519967
 20
91.06665717230904
 10
211.23375554879507
 20
91.21163424518373
 10
211.08467790815567
 20
91.34215222464668
 10
210.91139362918008
 20
91.45127730237114
 10
210.72251637776694
 20
91.53207567003038
 10
210.5266598198149
 20
91.57761351929771
 10
210.33243762122262
 20
91.58095704184639
 10
210.1484634478887
 20
91.53517242934969
 10
209.98335096571182
 20
91.43332587348091
 10
209.91668701171875
 20
91.29998948838976
 10
209.91668701171875
 20
91.01665920681424
  0
LWPOLYLINE
  5
698
330
17
100
AcDbEntity
  8
EJE_VIA
100
AcDbPolyline
 90
18
 70
0
 10
129.90000406901044
 20
238.39999728732639
 10
130.03334045410156
 20
238.2166714138455
 10
130.23126016060513
 20
238.02605595853595
 10
130.34015614539385
 20
237.9381965017981
 10
130.45478264490765
 20
237.85649882422555
 10
130.5744694794218
 20
237.78186012473373
 10
130.69854646921158
 20
237.71517760223813
 10
130.82634343455237
 20
237.65734845565427
 10
130.95719019571942
 20
237.60926988389758
 10
131.09041657298803
 20
237.57183908588357
 10
131.22535238663357
 20
237.54595326052774
 10
131.3613274569313
 20
237.53250960674552
 10
131.4976716041565
 20
237.53240532345242
 10
131.63371464858454
 20
237.54653760956396
 10
131.7687864104907
 20
237.57580366399554
 10
131.90221671015024
 20
237.6211006856627
 10
132.03333536783856
 20
237.68332587348092
 10
132.18333774142795
 20
237.78333875868057
  0
LWPOLYLINE
  5
699
330
17
100
AcDbEntity
  8
EJE_VIA
100
AcDbPolyline
 90
3
 70
0
 10
130.18333435058594
 20
238.59998914930557
 10
131.68333265516495
 20
238.78331502278647
 10
130.18333435058594
 20
239.74999321831598
  0
LWPOLYLINE
  5
69A
330
17
100
AcDbEntity
  8
EJE_VIA
100
AcDbPolyline
 90
3
 70
0
 10
131.68333265516495
 20
239.6999952528212
 10
130.18333435058594
 20
240.0999959309896
 10
130.18333435058594
 20
241.0333251953125
  0
LWPOLYLINE
  5
69B
330
17
100
AcDbEntity
  8
EJE_VIA
100
AcDbPolyline
 90
19
 70
0
 10
129.90000406901044
 20
244.11666870117188
 10
130.03334045410156
 20
244.21666463216147
 10
130.16860582555336
 20
244.27750271227626
 10
130.30489509304365
 20
244.32219598028396
 10
130.4416955448687
 20
244.35151343544325
 10
130.57849446932477
 20
244.36622407701282
 10
130.714779154708
 20
244.36709690425133
 10
130.85003688931465
 20
244.35490091641745
 10
130.98375496144098
 20
244.33040511276988
 10
131.11542065938315
 20
244.2943784925673
 10
131.2445212714374
 20
244.24759005506834
 10
131.3705440859
 20
244.19080879953174
 10
131.49297639106712
 20
244.12480372521614
 10
131.61130547523499
 20
244.05034383138022
 10
131.72501862669986
 20
243.96819811728267
 10
131.83360313375792
 20
243.87913558218216
 10
131.9365462847054
 20
243.78392522533736
 10
132.03333536783856
 20
243.68333604600696
 10
132.18333774142795
 20
243.50001017252606
  0
LWPOLYLINE
  5
69C
330
17
100
AcDbEntity
  8
EJE_VIA
100
AcDbPolyline
 90
3
 70
0
 10
119.08331976996529
 20
254.60001627604169
 10
119.08331976996529
 20
253.63335503472223
 10
131.8666500515408
 20
252.46668497721356
  0
LWPOLYLINE
  5
69D
330
17
100
AcDbEntity
  8
EJE_VIA
100
AcDbPolyline
 90
19
 70
0
 10
118.45001220703125
 20
268.00001356336804
 10
118.60001458062067
 20
267.81668768988715
 10
118.70211108484203
 20
267.7157831605938
 10
118.80844054950609
 20
267.62035058604346
 10
118.9187502881719
 20
267.53114798830615
 10
119.03278761439854
 20
267.4489333894518
 10
119.15029984174504
 20
267.37446481155024
 10
119.27103428377046
 20
267.3085002766715
 10
119.39473825403387
 20
267.2517978068855
 10
119.5211590660943
 20
267.20511542426215
 10
119.65004403351082
 20
267.1692111508714
 10
119.7811404698425
 20
267.14484300878314
 10
119.91419568864836
 20
267.1327690200673
 10
120.04895700348749
 20
267.1337472067939
 10
120.18517172791893
 20
267.1485355910328
 10
120.32258717550172
 20
267.1778921948539
 10
120.46095065979495
 20
267.2225750403272
 10
120.60000949435765
 20
267.2833421495226
 10
120.75001186794705
 20
267.38335503472223
  0
LWPOLYLINE
  5
69E
330
17
100
AcDbEntity
  8
EJE_VIA
100
AcDbPolyline
 90
3
 70
0
 10
118.75000847710504
 20
268.21668836805554
 10
120.25000678168404
 20
268.3833482530382
 10
118.75000847710504
 20
269.35002644856775
  0
LWPOLYLINE
  5
69F
330
17
100
AcDbEntity
  8
EJE_VIA
100
AcDbPolyline
 90
3
 70
0
 10
120.25000678168404
 20
269.30002848307294
 10
118.75000847710504
 20
269.7166951497396
 10
118.75000847710504
 20
270.63335842556427
  0
LWPOLYLINE
  5
6A0
330
17
100
AcDbEntity
  8
EJE_VIA
100
AcDbPolyline
 90
3
 70
0
 10
121.05001661512587
 20
269.50003729926215
 10
122.05001831054688
 20
268.51671006944446
 10
122.05001831054688
 20
269.5833672417535
  0
LWPOLYLINE
  5
6A1
330
17
100
AcDbEntity
  8
EJE_VIA
100
AcDbPolyline
 90
3
 70
0
 10
277.7166748046875
 20
74.58333333333334
 10
278.2166714138455
 20
74.58333333333334
 10
277.9666815863715
 20
73.08333502875435
  0
LWPOLYLINE
  5
6A2
330
17
100
AcDbEntity
  8
EJE_VIA
100
AcDbPolyline
 90
3
 70
0
 10
131.28333197699652
 20
131.41665988498264
 10
131.7833285861545
 20
131.41665988498264
 10
131.53333028157553
 20
129.91666158040366
  0
LWPOLYLINE
  5
6A3
330
17
100
AcDbEntity
  8
EJE_VIA
100
AcDbPolyline
 90
3
 70
0
 10
131.28333197699652
 20
136.41665988498264
 10
131.7833285861545
 20
136.41665988498264
 10
131.53333028157553
 20
137.91665818956164
  0
LWPOLYLINE
  5
6A4
330
17
100
AcDbEntity
  8
EJE_VIA
100
AcDbPolyline
 90
3
 70
0
 10
126.15000406901042
 20
156.83332655164932
 10
126.15000406901042
 20
156.33332994249133
 10
127.65000237358942
 20
156.58331976996527
  0
LWPOLYLINE
  5
6A5
330
17
100
AcDbEntity
  8
EJE_VIA
100
AcDbPolyline
 90
3
 70
0
 10
117.65001085069444
 20
156.83332655164932
 10
117.65001085069444
 20
156.33332994249133
 10
116.15001254611546
 20
156.58331976996527
  0
LWPOLYLINE
  5
6A6
330
17
100
AcDbEntity
  8
EJE_VIA
100
AcDbPolyline
 90
3
 70
0
 10
120.56667751736111
 20
115.53332858615452
 10
121.88334147135417
 20
116.28333197699654
 10
120.88334825303819
 20
115.13332790798611
  0
LWPOLYLINE
  5
6A7
330
17
100
AcDbEntity
  8
EJE_VIA
100
AcDbPolyline
 90
19
 70
0
 10
98.40000576443143
 20
100.28333875868056
 10
98.51667616102431
 20
100.11667039659288
 10
98.58966302126646
 20
99.96285393420193
 10
98.64305135276582
 20
99.80668395757675
 10
98.67785431030724
 20
99.6488928836253
 10
98.69508504867554
 20
99.49021312925551
 10
98.69575672265556
 20
99.33137711137533
 10
98.68088248703215
 20
99.17311724689272
 10
98.65147549659014
 20
99.01616595271561
 10
98.60854890611436
 20
98.86125564575195
 10
98.55311587038968
 20
98.7091187429097
 10
98.4861895442009
 20
98.56048766109679
 10
98.40878308233287
 20
98.41609481722116
 10
98.32190963957045
 20
98.27667262819078
 10
98.22658237069845
 20
98.14295351091359
 10
98.12381443050172
 20
98.01566988229752
 10
98.01461897376511
 20
97.89555415925052
 10
97.90000915527344
 20
97.78333875868056
 10
97.68334282769098
 20
97.61667039659288
  0
LWPOLYLINE
  5
6A8
330
17
100
AcDbEntity
  8
EJE_VIA
100
AcDbPolyline
 90
3
 70
0
 10
128.45001220703125
 20
144.10000271267361
 10
129.5166778564453
 20
143.0333285861545
 10
128.16668192545575
 20
143.70000203450522
  0
LWPOLYLINE
  5
6A9
330
17
100
AcDbEntity
  8
EJE_VIA
100
AcDbPolyline
 90
3
 70
0
 10
128.30000135633682
 20
143.89999389648438
 10
114.11666870117188
 20
154.13333468967014
 10
90.81666734483507
 20
154.23333062065973
  0
LWPOLYLINE
  5
6AA
330
17
100
AcDbEntity
  8
EJE_VIA
100
AcDbPolyline
 90
19
 70
0
 10
193.78333197699655
 20
261.38332790798614
 10
193.65000406901044
 20
261.2999979654948
 10
193.51498377819857
 20
260.9968288118641
 10
193.45734377702078
 20
260.73391149441403
 10
193.4660269568364
 20
260.5112825954954
 10
193.52997620900473
 20
260.3289786974589
 10
193.63813442488512
 20
260.1870363826553
 10
193.7794444958369
 20
260.08549223343533
 10
193.9428493132194
 20
260.0243828321497
 10
194.11729176839194
 20
260.0037447611491
 10
194.29171475271386
 20
260.02361460278433
 10
194.45506115754446
 20
260.0840289394061
 10
194.5962738742431
 20
260.1850243533651
 10
194.70429579416913
 20
260.32663742701214
 10
194.76806980868182
 20
260.5089047426979
 10
194.77653880914053
 20
260.7318628827731
 10
194.7186456869046
 20
260.9955484295885
 10
194.58333333333334
 20
261.2999979654948
 10
194.4666714138455
 20
261.38332790798614
  0
LWPOLYLINE
  5
6AB
330
17
100
AcDbEntity
  8
EJE_VIA
100
AcDbPolyline
 90
3
 70
0
 10
193.11665852864584
 20
261.0499911838108
 10
195.11666191948785
 20
260.33331976996527
 10
195.11666191948785
 20
261.4666578504774
  0
LWPOLYLINE
  5
6AC
330
17
100
AcDbEntity
  8
EJE_VIA
100
AcDbPolyline
 90
3
 70
0
 10
192.8166707356771
 20
257.98333062065973
 10
194.13333468967014
 20
257.21666124131946
 10
192.6333448621962
 20
257.5166659884983
  0
LWPOLYLINE
  5
6AD
330
17
100
AcDbEntity
  8
EJE_VIA
100
AcDbPolyline
 90
3
 70
0
 10
192.73334079318576
 20
257.750006781684
 10
186.35001288519967
 20
260.250006781684
 10
183.86667887369794
 20
260.250006781684
  0
LWPOLYLINE
  5
6AE
330
17
100
AcDbEntity
  8
EJE_VIA
100
AcDbPolyline
 90
3
 70
0
 10
214.08333672417535
 20
266.40001085069446
 10
214.08333672417535
 20
268.45001220703125
 10
223.250003390842
 20
274.7666761610243
  0
LWPOLYLINE
  5
6AF
330
17
100
AcDbEntity
  8
EJE_VIA
100
AcDbPolyline
 90
3
 70
0
 10
201.0666741265191
 20
257.41667005750867
 10
201.0666741265191
 20
255.2666727701823
 10
195.43333265516495
 20
249.68332926432294
  0
LWPOLYLINE
  5
6B0
330
17
100
AcDbEntity
  8
EJE_VIA
100
AcDbPolyline
 90
3
 70
0
 10
204.8166741265191
 20
266.433342827691
 10
204.95000203450522
 20
264.91667005750867
 10
204.33334350585938
 20
266.3166809082031
  0
LWPOLYLINE
  5
6B1
330
17
100
AcDbEntity
  8
EJE_VIA
100
AcDbPolyline
 90
3
 70
0
 10
70.54999457465279
 20
139.55000135633682
 10
71.04999542236328
 20
139.55000135633682
 10
70.79999287923178
 20
138.0500030517578
  0
LWPOLYLINE
  5
6B2
330
17
100
AcDbEntity
  8
EJE_VIA
100
AcDbPolyline
 90
3
 70
0
 10
70.54999457465279
 20
146.05000813802084
 10
71.04999542236328
 20
146.05000813802084
 10
70.79999287923178
 20
147.55001491970486
  0
LWPOLYLINE
  5
6B3
330
17
100
AcDbEntity
  8
EJE_VIA
100
AcDbPolyline
 90
3
 70
0
 10
266.4666748046875
 20
66.08334011501736
 10
266.4666748046875
 20
63.15000745985243
 10
274.683346218533
 20
56.133338080512154
  0
LWPOLYLINE
  5
6B4
330
17
100
AcDbEntity
  8
EJE_VIA
100
AcDbPolyline
 90
3
 70
0
 10
213.73333401150174
 20
52.88333468967014
 10
212.30000813802084
 20
51.550000508626304
 10
213.71666802300348
 20
51.550000508626304
  0
LWPOLYLINE
  5
6B5
330
17
100
AcDbEntity
  8
EJE_VIA
100
AcDbPolyline
 90
27
 70
0
 10
215.68333943684897
 20
52.216669718424484
 10
215.4833475748698
 20
51.93333519829644
 10
215.2166748046875
 20
51.73333485921224
 10
215.07646492785878
 20
51.68389801453385
 10
214.9486996067895
 20
51.655583721068176
 10
214.8337657749653
 20
51.64682582331201
 10
214.73205036587186
 20
51.65605816576216
 10
214.56982254981995
 20
51.72222894926866
 10
214.4651116265191
 20
51.841566827562126
 10
214.42101306385464
 20
52.001542556617
 10
214.4406223297119
 20
52.18962689240774
 10
214.47528473205037
 20
52.29029439907107
 10
214.52703489197626
 20
52.3932905909088
 10
214.59625974297523
 20
52.49704931241771
 10
214.683346218533
 20
52.60000440809462
 10
214.93333604600696
 20
52.783334520128044
 10
215.25000678168405
 20
52.88333468967014
 10
215.60000949435764
 20
52.783334520128044
 10
215.7166714138455
 20
52.60000440809462
 10
215.68333943684897
 20
52.216669718424484
 10
215.50001356336807
 20
51.73333485921224
 10
215.23334079318576
 20
51.26667022705078
 10
214.95000203450522
 20
50.983335706922745
 10
214.61666531032986
 20
50.883335537380646
 10
214.43333943684897
 20
50.883335537380646
 10
214.18333265516495
 20
50.983335706922745
 10
214.15000067816842
 20
51.16667005750868
  0
LWPOLYLINE
  5
6B6
330
17
100
AcDbEntity
  8
EJE_VIA
100
AcDbPolyline
 90
26
 70
0
 10
219.63333129882812
 20
52.883338928222656
 10
219.31666056315106
 20
52.78333875868056
 10
219.0166727701823
 20
52.50000423855252
 10
218.75
 20
52.03333960639106
 10
218.65000406901044
 20
51.73333909776476
 10
218.56665717230905
 20
51.26667022705078
 10
218.6666700575087
 20
50.983339945475265
 10
218.91665988498264
 20
50.88333977593316
 10
219.0612217121654
 20
50.877145874417494
 10
219.1968001259698
 20
50.896626164515816
 10
219.3234219484859
 20
50.939342903180254
 10
219.44111400180392
 20
51.002858347362945
 10
219.549903108014
 20
51.084734754016004
 10
219.7408797674709
 20
51.29381948254175
 10
219.823120964898
 20
51.41615231831869
 10
219.89656650357776
 20
51.5470951443745
 10
219.9612432056003
 20
51.68421021766133
 10
220.01717789305582
 20
51.82505979513129
 10
220.0643973880344
 20
51.967206133736504
 10
220.10292851262622
 20
52.10821149042911
 10
220.13279808892145
 20
52.24563812216123
 10
220.1540329390102
 20
52.37704828588499
 10
220.16665988498264
 20
52.50000423855252
 10
220.08332994249133
 20
52.78333875868056
 10
219.8333231608073
 20
52.883338928222656
 10
219.63333129882812
 20
52.883338928222656
  0
LWPOLYLINE
  5
6B7
330
17
100
AcDbEntity
  8
EJE_VIA
100
AcDbPolyline
 90
3
 70
0
 10
227.96666463216147
 20
66.31666395399306
 10
228.49999321831598
 20
67.73333231608073
 10
228.4499952528212
 20
66.21666378445096
  0
LWPOLYLINE
  5
6B8
330
17
100
AcDbEntity
  8
EJE_VIA
100
AcDbPolyline
 90
3
 70
0
 10
250.14999389648438
 20
178.43332926432294
 10
250.03333197699655
 20
179.95000203450522
 10
250.6333245171441
 20
178.56665717230905
  0
LWPOLYLINE
  5
6B9
330
17
100
AcDbEntity
  8
EJE_VIA
100
AcDbPolyline
 90
19
 70
0
 10
244.11666870117188
 20
168.04999457465277
 10
244.85000610351562
 20
168.26666937934027
 10
245.57709654586185
 20
168.5342206267847
 10
246.26684668991302
 20
168.8655450940132
 10
246.9166625663638
 20
169.25629703121052
 10
247.5239502059089
 20
169.70213068856134
 10
248.08611563924288
 20
170.19870031625032
 10
248.6005648970604
 20
170.7416601644622
 10
249.06470401005615
 20
171.32666448338165
 10
249.4759390089247
 20
171.94936752319336
 10
249.83167592436075
 20
172.60542353408204
 10
250.12932078705896
 20
173.2904867662324
 10
250.3662796277139
 20
174.00021146982908
 10
250.53995847702026
 20
174.73025189505682
 10
250.64776336567272
 20
175.47626229210033
 10
250.68710032436584
 20
176.23389691114426
 10
250.6553753837943
 20
176.99881000237332
 10
250.5499945746528
 20
177.76665581597223
 10
250.40000067816842
 20
178.49999321831598
  0
LWPOLYLINE
  5
6BA
330
17
100
AcDbEntity
  8
EJE_VIA
100
AcDbPolyline
 90
3
 70
0
 10
247.96666463216147
 20
151.61666870117188
 10
247.58332994249133
 20
150.14999389648438
 10
248.41666327582467
 20
151.41667683919272
  0
LWPOLYLINE
  5
6BB
330
17
100
AcDbEntity
  8
EJE_VIA
100
AcDbPolyline
 90
19
 70
0
 10
248.18333943684897
 20
151.5166727701823
 10
248.5666741265191
 20
152.36667209201389
 10
248.9278543367982
 20
153.37132657981581
 10
249.20455591546167
 20
154.38969204823178
 10
249.39792508466377
 20
155.41712005519204
 10
249.50910806655884
 20
156.44896215862698
 10
249.5392510833012
 20
157.4805699164669
 10
249.48950035704507
 20
158.50729488664203
 10
249.36100210994482
 20
159.52448862708277
 10
249.15490256415475
 20
160.52750269571942
 10
248.8723479418291
 20
161.51168865048223
 10
248.51448446512222
 20
162.47239804930157
 10
248.08245835618843
 20
163.40498245010775
 10
247.57741583718195
 20
164.30479341083102
 10
247.00050313025713
 20
165.16718248940177
 10
246.3528664575683
 20
165.98750124375027
 10
245.63565204126968
 20
166.7611012318068
 10
244.85000610351562
 20
167.48333401150174
 10
244.11666870117188
 20
168.05001152886285
  0
LWPOLYLINE
  5
6BC
330
17
100
AcDbEntity
  8
EJE_VIA
100
AcDbPolyline
 90
3
 70
0
 10
269.8333401150174
 20
180.83333333333334
 10
269.1166687011719
 20
178.83332994249133
 10
270.250006781684
 20
178.83332994249133
  0
LWPOLYLINE
  5
6BD
330
17
100
AcDbEntity
  8
EJE_VIA
100
AcDbPolyline
 90
3
 70
0
 10
264.8166741265191
 20
175.2166748046875
 10
265.73333740234375
 20
176.43334282769098
 10
265.2666727701823
 20
174.98333401150174
  0
LWPOLYLINE
  5
6BE
330
17
100
AcDbEntity
  8
EJE_VIA
100
AcDbPolyline
 90
3
 70
0
 10
265.0499979654948
 20
175.0999959309896
 10
262.3500061035156
 20
169.98333401150174
 10
260.8499993218316
 20
169.98333401150174
  0
LWPOLYLINE
  5
6BF
330
17
100
AcDbEntity
  8
EJE_VIA
100
AcDbPolyline
 90
3
 70
0
 10
264.68332926432294
 20
151.55000474717883
 10
265.1999918619792
 20
150.11667887369794
 10
264.249996609158
 20
151.2999979654948
  0
LWPOLYLINE
  5
6C0
330
17
100
AcDbEntity
  8
EJE_VIA
100
AcDbPolyline
 90
3
 70
0
 10
264.4666714138455
 20
151.41665988498264
 10
262.3500061035156
 20
155.1833258734809
 10
260.8499993218316
 20
155.1833258734809
  0
LWPOLYLINE
  5
6C1
330
17
100
AcDbEntity
  8
EJE_VIA
100
AcDbPolyline
 90
3
 70
0
 10
222.48333401150174
 20
260.3166707356771
 10
221.7999945746528
 20
261.6666666666667
 10
222.88333468967014
 20
260.60000949435766
  0
LWPOLYLINE
  5
6C2
330
17
100
AcDbEntity
  8
EJE_VIA
100
AcDbPolyline
 90
3
 70
0
 10
222.68332587348092
 20
260.4666815863715
 10
224.46665445963544
 20
258.05001152886285
 10
226.96665445963544
 20
258.05001152886285
  0
LWPOLYLINE
  5
6C3
330
17
100
AcDbEntity
  8
EJE_VIA
100
AcDbPolyline
 90
3
 70
0
 10
203.3499993218316
 20
263.9833238389757
 10
203.86666191948785
 20
262.56666395399304
 10
202.90000067816842
 20
263.7499830457899
  0
LWPOLYLINE
  5
6C4
330
17
100
AcDbEntity
  8
EJE_VIA
100
AcDbPolyline
 90
3
 70
0
 10
240.16665988498264
 20
157.98333062065973
 10
240.66665649414062
 20
157.98333062065973
 10
240.41666666666669
 20
159.48333740234375
  0
LWPOLYLINE
  5
6C5
330
17
100
AcDbEntity
  8
EJE_VIA
100
AcDbPolyline
 90
3
 70
0
 10
240.16665988498264
 20
151.66666666666669
 10
240.66665649414062
 20
151.66666666666669
 10
240.41666666666669
 20
150.16665988498264
  0
LWPOLYLINE
  5
6C6
330
17
100
AcDbEntity
  8
EJE_VIA
100
AcDbPolyline
 90
3
 70
0
 10
116.05001661512587
 20
183.93332587348092
 10
116.60001966688368
 20
185.43333265516495
 10
117.51668294270834
 20
185.43333265516495
  0
LWPOLYLINE
  5
6C7
330
17
100
AcDbEntity
  8
EJE_VIA
100
AcDbPolyline
 90
3
 70
0
 10
132.11666531032986
 20
182.11666531032986
 10
133.59999762641058
 20
181.73333062065973
 10
132.08333333333334
 20
181.61666870117188
  0
LWPOLYLINE
  5
6C8
330
17
100
AcDbEntity
  8
EJE_VIA
100
AcDbPolyline
 90
3
 70
0
 10
132.10001627604169
 20
181.86665852864584
 10
114.60001627604167
 20
183.48332722981772
 10
90.38335164388022
 20
183.48332722981772
  0
LWPOLYLINE
  5
6C9
330
17
100
AcDbEntity
  8
EJE_VIA
100
AcDbPolyline
 90
3
 70
0
 10
213.83332994249133
 20
259.68332926432294
 10
213.19998847113717
 20
261.066657172309
 10
214.249996609158
 20
259.9666680230035
  0
LWPOLYLINE
  5
6CA
330
17
100
AcDbEntity
  8
EJE_VIA
100
AcDbPolyline
 90
3
 70
0
 10
84.06667073567709
 20
183.5666741265191
 10
84.06667073567709
 20
183.40001424153647
 10
90.35000271267361
 20
183.5666741265191
  0
LWPOLYLINE
  5
6CB
330
17
100
AcDbEntity
  8
EJE_VIA
100
AcDbPolyline
 90
3
 70
0
 10
84.06667073567709
 20
183.39999728732639
 10
90.35000271267361
 20
183.56665717230905
 10
90.35000271267361
 20
183.38333129882812
  0
LWPOLYLINE
  5
6CC
330
17
100
AcDbEntity
  8
EJE_VIA
100
AcDbPolyline
 90
39
 70
0
 10
90.38333468967015
 20
183.48332722981772
 10
90.35000271267361
 20
183.93332587348092
 10
90.249998304579
 20
184.36665852864584
 10
90.02159872195787
 20
184.93193166123498
 10
89.7201189895471
 20
185.41470898522272
 10
89.35676270681951
 20
185.8157437046369
 10
88.94273347324796
 20
186.13578902350534
 10
88.48923488830528
 20
186.3755981458558
 10
88.0074705514643
 20
186.53592427571616
 10
87.50864406219787
 20
186.6175206171142
 10
87.00395901997885
 20
186.6211403740777
 10
86.50461902428005
 20
186.54753675063452
 10
86.02182767457433
 20
186.39746295081247
 10
85.56678857033452
 20
186.1716721786393
 10
85.15070531103346
 20
185.8709176381429
 10
84.784781496144
 20
185.49595253335107
 10
84.48022072513899
 20
185.04753006829156
 10
84.24822659749124
 20
184.52640344699225
 10
84.10000271267361
 20
183.93332587348092
 10
84.06667073567709
 20
183.48332722981772
 10
84.10000271267361
 20
183.0333285861545
 10
84.2510794248018
 20
182.43881398191056
 10
84.48476577798526
 20
181.91640194919376
 10
84.79002536377973
 20
181.4668542601996
 10
85.15582177374098
 20
181.09093268712363
 10
85.57111859942476
 20
180.7893990021613
 10
86.02487943238683
 20
180.56301497750812
 10
86.50606786418292
 20
180.41254238535961
 10
87.00364748636882
 20
180.33874299791125
 10
87.50658189050026
 20
180.34237858735852
 10
88.003834668133
 20
180.42421092589697
 10
88.4843694108228
 20
180.58500178572206
 10
88.9371497101254
 20
180.82551293902927
 10
89.35113915759656
 20
181.14650615801415
 10
89.71530134479205
 20
181.54874321487216
 10
90.01859986326761
 20
182.0329858817988
 10
90.249998304579
 20
182.5999959309896
 10
90.35000271267361
 20
183.0333285861545
 10
90.38333468967015
 20
183.48332722981772
  0
LWPOLYLINE
  5
6CD
330
17
100
AcDbEntity
  8
EJE_VIA
100
AcDbPolyline
 90
3
 70
0
 10
177.73334079318576
 20
147.96666463216147
 10
177.73334079318576
 20
147.78333875868057
 10
184.0166727701823
 20
147.96666463216147
  0
LWPOLYLINE
  5
6CE
330
17
100
AcDbEntity
  8
EJE_VIA
100
AcDbPolyline
 90
3
 70
0
 10
177.73334079318576
 20
147.78333875868057
 10
184.0166727701823
 20
147.96666463216147
 10
184.0166727701823
 20
147.78333875868057
  0
LWPOLYLINE
  5
6CF
330
17
100
AcDbEntity
  8
EJE_VIA
100
AcDbPolyline
 90
39
 70
0
 10
184.05000474717883
 20
147.88333468967014
 10
184.0166727701823
 20
148.33333333333334
 10
183.91667683919272
 20
148.76666598849826
 10
183.68635183821124
 20
149.33239938070378
 10
183.3834366997083
 20
149.81543338961072
 10
183.01908501734337
 20
150.21655169212156
 10
182.60445038477582
 20
150.53653796513876
 10
182.15068639566502
 20
150.77617588556475
 10
181.6689466436704
 20
150.936249130302
 10
181.1703847224514
 20
151.01754137625298
 10
180.66615422566733
 20
151.0208363003201
 10
180.16740874697766
 20
150.94691757940583
 10
179.68530188004178
 20
150.79656889041266
 10
179.23098721851906
 20
150.57057391024298
 10
178.81561835606894
 20
150.2697163157993
 10
178.4503488863508
 20
149.89477978398403
 10
178.14633240302405
 20
149.44654799169965
 10
177.91472249974808
 20
148.9258046158486
 10
177.7666727701823
 20
148.33333333333334
 10
177.73334079318576
 20
147.88333468967014
 10
177.7666727701823
 20
147.43333604600696
 10
177.91371704389653
 20
146.83965034782887
 10
178.1441308061282
 20
146.3175729248259
 10
178.4468300516407
 20
145.86791802611617
 10
178.81073077519736
 20
145.49149990081787
 10
179.2247489715616
 20
145.1891327980492
 10
179.6778006354968
 20
144.96163096692828
 10
180.15880176176628
 20
144.8098086565733
 10
180.65666834513348
 20
144.73448011610245
 10
181.16031638036173
 20
144.73645959463386
 10
181.65866186221442
 20
144.8165613412857
 10
182.14062078545493
 20
144.9755996051762
 10
182.59510914484662
 20
145.21438863542346
 10
183.01104293515286
 20
145.53374268114567
 10
183.37733815113705
 20
145.93447599146103
 10
183.68291078756255
 20
146.41740281548766
 10
183.91667683919272
 20
146.98333740234375
 10
184.0166727701823
 20
147.43333604600696
 10
184.05000474717883
 20
147.88333468967014
  0
LWPOLYLINE
  5
6D0
330
17
100
AcDbEntity
  8
EJE_VIA
100
AcDbPolyline
 90
3
 70
0
 10
269.7666761610243
 20
151.00001017252606
 10
269.05000474717883
 20
149.00000678168402
 10
270.183342827691
 20
149.00000678168402
  0
LWPOLYLINE
  5
6D1
330
17
100
AcDbEntity
  8
EJE_VIA
100
AcDbPolyline
 90
3
 70
0
 10
368.1333414713542
 20
100.88333129882812
 10
367.9000176323785
 20
100.8499993218316
 10
368.1333414713542
 20
99.98333401150174
  0
LWPOLYLINE
  5
6D2
330
17
100
AcDbEntity
  8
EJE_VIA
100
AcDbPolyline
 90
3
 70
0
 10
367.89998372395837
 20
100.8499993218316
 10
367.68330891927087
 20
100.76666937934029
 10
368.133307562934
 20
99.98333401150174
  0
LWPOLYLINE
  5
6D3
330
17
100
AcDbEntity
  8
EJE_VIA
100
AcDbPolyline
 90
3
 70
0
 10
367.683342827691
 20
100.76666937934029
 10
367.48335096571185
 20
100.61666700575087
 10
368.1333414713542
 20
99.98333401150174
  0
LWPOLYLINE
  5
6D4
330
17
100
AcDbEntity
  8
EJE_VIA
100
AcDbPolyline
 90
3
 70
0
 10
367.4833170572917
 20
100.61665852864584
 10
367.3499891493056
 20
100.4333241780599
 10
368.133307562934
 20
99.98332553439671
  0
LWPOLYLINE
  5
6D5
330
17
100
AcDbEntity
  8
EJE_VIA
100
AcDbPolyline
 90
3
 70
0
 10
367.3499891493056
 20
100.43333265516493
 10
367.249993218316
 20
100.21666632758247
 10
368.133307562934
 20
99.98333401150174
  0
LWPOLYLINE
  5
6D6
330
17
100
AcDbEntity
  8
EJE_VIA
100
AcDbPolyline
 90
3
 70
0
 10
367.249993218316
 20
100.2166748046875
 10
367.23331027560766
 20
99.98334248860678
 10
368.1333414713542
 20
99.98334248860678
  0
LWPOLYLINE
  5
6D7
330
17
100
AcDbEntity
  8
EJE_VIA
100
AcDbPolyline
 90
3
 70
0
 10
367.23334418402777
 20
99.98333401150174
 10
367.25002712673614
 20
99.750001695421
 10
368.1333414713542
 20
99.98333401150174
  0
LWPOLYLINE
  5
6D8
330
17
100
AcDbEntity
  8
EJE_VIA
100
AcDbPolyline
 90
3
 70
0
 10
367.249993218316
 20
99.74999321831598
 10
367.3499891493056
 20
99.5333268907335
 10
368.1333414713542
 20
99.98332553439671
  0
LWPOLYLINE
  5
6D9
330
17
100
AcDbEntity
  8
EJE_VIA
100
AcDbPolyline
 90
3
 70
0
 10
367.3499891493056
 20
99.53333536783855
 10
367.4833170572917
 20
99.35000101725261
 10
368.133307562934
 20
99.98333401150174
  0
LWPOLYLINE
  5
6DA
330
17
100
AcDbEntity
  8
EJE_VIA
100
AcDbPolyline
 90
3
 70
0
 10
367.4833170572917
 20
99.34999254014757
 10
367.68330891927087
 20
99.19999016655817
 10
368.133307562934
 20
99.98332553439671
  0
LWPOLYLINE
  5
6DB
330
17
100
AcDbEntity
  8
EJE_VIA
100
AcDbPolyline
 90
3
 70
0
 10
367.683342827691
 20
99.19999864366319
 10
367.9000176323785
 20
99.11666870117188
 10
368.1333414713542
 20
99.98333401150174
  0
LWPOLYLINE
  5
6DC
330
17
100
AcDbEntity
  8
EJE_VIA
100
AcDbPolyline
 90
3
 70
0
 10
367.89998372395837
 20
99.11666870117188
 10
368.133307562934
 20
99.08333672417535
 10
368.133307562934
 20
99.98333401150174
  0
LWPOLYLINE
  5
6DD
330
17
100
AcDbEntity
  8
EJE_VIA
100
AcDbPolyline
 90
3
 70
0
 10
368.1333414713542
 20
99.08333672417535
 10
368.3666653103299
 20
99.11666870117188
 10
368.1333414713542
 20
99.98333401150174
  0
LWPOLYLINE
  5
6DE
330
17
100
AcDbEntity
  8
EJE_VIA
100
AcDbPolyline
 90
3
 70
0
 10
368.3666653103299
 20
99.11666870117188
 10
368.5833401150174
 20
99.19999864366319
 10
368.1333414713542
 20
99.98333401150174
  0
LWPOLYLINE
  5
6DF
330
17
100
AcDbEntity
  8
EJE_VIA
100
AcDbPolyline
 90
3
 70
0
 10
368.5833401150174
 20
99.19999864366319
 10
368.76668294270837
 20
99.35000101725261
 10
368.1333414713542
 20
99.98333401150174
  0
LWPOLYLINE
  5
6E0
330
17
100
AcDbEntity
  8
EJE_VIA
100
AcDbPolyline
 90
3
 70
0
 10
368.76668294270837
 20
99.34999254014757
 10
368.90001085069446
 20
99.5333268907335
 10
368.1333414713542
 20
99.98332553439671
  0
LWPOLYLINE
  5
6E1
330
17
100
AcDbEntity
  8
EJE_VIA
100
AcDbPolyline
 90
3
 70
0
 10
368.90001085069446
 20
99.53333536783855
 10
369.000006781684
 20
99.750001695421
 10
368.1333414713542
 20
99.98333401150174
  0
LWPOLYLINE
  5
6E2
330
17
100
AcDbEntity
  8
EJE_VIA
100
AcDbPolyline
 90
3
 70
0
 10
369.000006781684
 20
99.74999321831598
 10
369.0333387586806
 20
99.98332553439671
 10
368.1333414713542
 20
99.98332553439671
  0
LWPOLYLINE
  5
6E3
330
17
100
AcDbEntity
  8
EJE_VIA
100
AcDbPolyline
 90
3
 70
0
 10
369.0333387586806
 20
99.98333401150174
 10
369.000006781684
 20
100.21666632758247
 10
368.1333414713542
 20
99.98333401150174
  0
LWPOLYLINE
  5
6E4
330
17
100
AcDbEntity
  8
EJE_VIA
100
AcDbPolyline
 90
3
 70
0
 10
369.000006781684
 20
100.2166748046875
 10
368.90001085069446
 20
100.43334113226997
 10
368.1333414713542
 20
99.98334248860678
  0
LWPOLYLINE
  5
6E5
330
17
100
AcDbEntity
  8
EJE_VIA
100
AcDbPolyline
 90
3
 70
0
 10
368.90001085069446
 20
100.43333265516493
 10
368.76668294270837
 20
100.61666700575087
 10
368.1333414713542
 20
99.98333401150174
  0
LWPOLYLINE
  5
6E6
330
17
100
AcDbEntity
  8
EJE_VIA
100
AcDbPolyline
 90
3
 70
0
 10
368.76668294270837
 20
100.61665852864584
 10
368.5833401150174
 20
100.76666090223524
 10
368.1333414713542
 20
99.98332553439671
  0
LWPOLYLINE
  5
6E7
330
17
100
AcDbEntity
  8
EJE_VIA
100
AcDbPolyline
 90
3
 70
0
 10
368.5833401150174
 20
100.76666937934029
 10
368.3666653103299
 20
100.8499993218316
 10
368.1333414713542
 20
99.98333401150174
  0
LWPOLYLINE
  5
6E8
330
17
100
AcDbEntity
  8
EJE_VIA
100
AcDbPolyline
 90
3
 70
0
 10
368.3666653103299
 20
100.8499993218316
 10
368.1333414713542
 20
100.88333129882812
 10
368.1333414713542
 20
99.98333401150174
  0
LWPOLYLINE
  5
6E9
330
17
100
AcDbEntity
  8
EJE_VIA
100
AcDbPolyline
 90
3
 70
0
 10
314.90000406901044
 20
163.7999979654948
 10
341.63333468967016
 20
163.75
 10
341.53333875868054
 20
118.75
  0
LWPOLYLINE
  5
6EA
330
17
100
AcDbEntity
  8
EJE_VIA
100
AcDbPolyline
 90
19
 70
0
 10
415.58336046006946
 20
133.16668192545575
 10
390.38336859809027
 20
133.16668192545575
 10
390.1219907237424
 20
133.1927579123941
 10
389.8695385456085
 20
133.18216640088295
 10
389.62805541025267
 20
133.13761491949361
 10
389.39958466423883
 20
133.06181099679736
 10
389.18616965413094
 20
132.9574621613655
 10
388.989853726493
 20
132.8272759417693
 10
388.81268022788896
 20
132.67395986658005
 10
388.6566925048828
 20
132.50022146436905
 10
388.52393390403853
 20
132.30876826370758
 10
388.4164477719201
 20
132.10230779316691
 10
388.3362774550915
 20
131.88354758131837
 10
388.28546630011664
 20
131.6551951567332
 10
388.2660576535596
 20
131.41995804798273
 10
388.28009486198425
 20
131.18054378363823
 10
388.32962127195464
 20
130.93965989227098
 10
388.41668023003473
 20
130.70001390245227
 10
388.5833740234375
 20
130.38335164388022
  0
LWPOLYLINE
  5
6EB
330
17
100
AcDbEntity
  8
EJE_VIA
100
AcDbPolyline
 90
20
 70
0
 10
412.3499891493056
 20
157.13333129882812
 10
406.98333740234375
 20
155.80000135633682
 10
406.6403275148736
 20
155.69640888108148
 10
406.3100285662545
 20
155.56271685494318
 10
405.99380277097225
 20
155.40080520841812
 10
405.69301234351263
 20
155.2125538720025
 10
405.4090194983615
 20
154.99984277619257
 10
405.1431864500046
 20
154.76455185148453
 10
404.8968754129277
 20
154.50856102837457
 10
404.67144860161676
 20
154.23375023735895
 10
404.46826823055744
 20
153.94199940893387
 10
404.2886965142356
 20
153.63518847359552
 10
404.13409566713705
 20
153.31519736184015
 10
404.00582790374756
 20
152.98390600416397
 10
403.90525543855296
 20
152.64319433106317
 10
403.83374048603906
 20
152.294942273034
 10
403.79264526069164
 20
151.94102976057266
 10
403.7833319769965
 20
151.58333672417535
 10
403.8166639539931
 20
151.06665717230902
 10
415.58332655164935
 20
151.06665717230902
  0
LWPOLYLINE
  5
6EC
330
17
100
AcDbEntity
  8
EJE_VIA
100
AcDbPolyline
 90
3
 70
0
 10
372.20001220703125
 20
83.98334079318576
 10
371.01667616102435
 20
84.93334452311198
 10
372.45001898871527
 20
84.41667344835069
  0
LWPOLYLINE
  5
6ED
330
17
100
AcDbEntity
  8
EJE_VIA
100
AcDbPolyline
 90
3
 70
0
 10
372.01666937934027
 20
159.8166741265191
 10
370.8833482530382
 20
158.81668090820312
 10
371.63333468967016
 20
160.1333448621962
  0
LWPOLYLINE
  5
6EE
330
17
100
AcDbEntity
  8
EJE_VIA
100
AcDbPolyline
 90
3
 70
0
 10
371.83332655164935
 20
159.96666802300348
 10
382.26667616102435
 20
172.7166748046875
 10
385.49997965494794
 20
172.7166748046875
  0
LWPOLYLINE
  5
6EF
330
17
100
AcDbEntity
  8
EJE_VIA
100
AcDbPolyline
 90
20
 70
0
 10
412.40000406901044
 20
170.1333448621962
 10
412.18332926432294
 20
170.0333489312066
 10
411.9166734483507
 20
169.85000610351562
 10
411.81788808769653
 20
169.73347925477557
 10
411.73377301957873
 20
169.59798044628567
 10
411.67110529210834
 20
169.45089250802994
 10
411.6366619533963
 20
169.2995982699924
 10
411.6372200515535
 20
169.1514805621571
 10
411.67955663469104
 20
169.01392221450806
 10
411.7704487509198
 20
168.8943060570293
 10
411.9166734483507
 20
168.80001491970486
 10
412.20001220703125
 20
168.80001491970486
 10
412.43333604600696
 20
168.90001085069446
 10
412.683342827691
 20
169.08333672417535
 10
412.88333468967016
 20
169.3666754828559
 10
412.9666815863715
 20
169.55001831054688
 10
412.9666815863715
 20
169.85000610351562
 10
412.85000271267364
 20
170.0333489312066
 10
412.6999918619792
 20
170.1333448621962
 10
412.40000406901044
 20
170.1333448621962
  0
LWPOLYLINE
  5
6F0
330
17
100
AcDbEntity
  8
EJE_VIA
100
AcDbPolyline
 90
4
 70
0
 10
420.54999457465277
 20
170.76666937934027
 10
420.48333062065973
 20
170.58334350585938
 10
420.3166707356771
 20
170.38333468967014
 10
420.1999918619792
 20
170.30000474717883
  0
LWPOLYLINE
  5
6F1
330
17
100
AcDbEntity
  8
EJE_VIA
100
AcDbPolyline
 90
4
 70
0
 10
421.1333211263021
 20
170.76666937934027
 10
421.066657172309
 20
170.58334350585938
 10
420.8999972873264
 20
170.38333468967014
 10
420.76666937934027
 20
170.30000474717883
  0
LWPOLYLINE
  5
6F2
330
17
100
AcDbEntity
  8
EJE_VIA
100
AcDbPolyline
 90
19
 70
0
 10
388.58330620659723
 20
130.38333468967014
 10
390.89996337890625
 20
129.18333265516495
 10
392.22428258922366
 20
128.53644923617443
 10
393.55768971973
 20
127.90842331118054
 10
394.8999235033989
 20
127.2994404244754
 10
396.2507226732042
 20
126.70968612035117
 10
397.60982596211966
 20
126.13934594309993
 10
398.9769721031189
 20
125.58860543701384
 10
400.35189982917575
 20
125.05765014638504
 10
401.7343478732639
 20
124.54666561550565
 10
403.1240549683571
 20
124.0558373886678
 10
404.5207598474291
 20
123.58535101016363
 10
405.9242012434536
 20
123.13539202428527
 10
407.3341178894043
 20
122.70614597532484
 10
408.75024851825503
 20
122.2977984075745
 10
410.1723318629795
 20
121.91053486532635
 10
411.60010665655136
 20
121.54454089287255
 10
413.03331163194446
 20
121.20000203450522
 10
415.5832926432292
 20
120.63333299424913
  0
LWPOLYLINE
  5
6F3
330
17
100
AcDbEntity
  8
EJE_VIA
100
AcDbPolyline
 90
5
 70
0
 10
372.05000135633685
 20
114.90000406901042
 10
369.46665445963544
 20
114.90000406901042
 10
369.58333333333337
 20
163.65000406901044
 10
372.1499972873264
 20
163.65000406901044
 10
372.05000135633685
 20
114.90000406901042
  0
LWPOLYLINE
  5
6F4
330
17
100
AcDbEntity
  8
EJE_VIA
100
AcDbPolyline
 90
3
 70
0
 10
370.5000135633681
 20
171.68333265516495
 10
370.8833482530382
 20
173.9333258734809
 10
371.25
 20
171.68333265516495
  0
LWPOLYLINE
  5
6F5
330
17
100
AcDbEntity
  8
EJE_VIA
100
AcDbPolyline
 90
51
 70
0
 10
348.38338216145837
 20
134.73331875271268
 10
347.8667195638021
 20
133.89998541937933
 10
347.61671278211804
 20
133.46665276421442
 10
347.40003797743054
 20
133.04998609754776
 10
347.3313407931063
 20
132.90539455703563
 10
347.2670763068729
 20
132.75993511080742
 10
347.2073348197672
 20
132.6135796825919
 10
347.15220663282605
 20
132.46630019611783
 10
347.1017820470863
 20
132.318068575114
 10
347.0561513635847
 20
132.16885674330925
 10
347.0154048833582
 20
132.01863662443228
 10
346.9796329074436
 20
131.8673801422119
 10
346.94892573687764
 20
131.71505922037696
 10
346.92337367269727
 20
131.56164578265614
 10
346.9030670159393
 20
131.4071117527783
 10
346.8880960676405
 20
131.2514290544722
 10
346.8785511288378
 20
131.0945696114666
 10
346.874522500568
 20
130.9365053474903
 10
346.87610048386784
 20
130.77720818627213
 10
346.8833753797743
 20
130.6166500515408
 10
346.91670735677087
 20
130.09998745388455
 10
346.9333902994792
 20
129.566650390625
 10
346.93686856163873
 20
129.3965222934882
 10
346.9372664557563
 20
129.22504941622418
 10
346.93265120188397
 20
129.05310109257698
 10
346.9210900200738
 20
128.8815466562907
 10
346.90065013037787
 20
128.71125544110936
 10
346.8693987528483
 20
128.54309678077698
 10
346.82540310753717
 20
128.37794000903767
 10
346.7667304144965
 20
128.21665445963544
 10
346.6667005750868
 20
128.0333201090495
 10
346.5333726671007
 20
127.88331773546008
 10
346.3833957248264
 20
127.73331536187067
 10
346.0994954738352
 20
127.55178133646648
 10
345.77671938472326
 20
127.40533497598437
 10
345.42031892471846
 20
127.29152513874902
 10
345.0355455610487
 20
127.20790068308513
 10
344.62765076094206
 20
127.15201046731738
 10
344.20188599162634
 20
127.12140334977045
 10
343.7635027203295
 20
127.11362818876903
 10
343.31775241427954
 20
127.12623384263782
 10
342.86988654070433
 20
127.15676916970148
 10
342.4251565668318
 20
127.20278302828471
 10
341.98881395988997
 20
127.26182427671222
 10
341.5661101871067
 20
127.33144177330865
 10
341.1622967157099
 20
127.40918437639873
 10
340.7826250129276
 20
127.49260094430713
 10
340.4323465459877
 20
127.57924033535852
 10
340.11671278211804
 20
127.66665140787761
 10
339.2333984375
 20
127.94998168945312
 10
338.36669921875
 20
128.2333204481337
  0
LWPOLYLINE
  5
6F6
330
17
100
AcDbEntity
  8
EJE_VIA
100
AcDbPolyline
 90
19
 70
0
 10
349.61669921875
 20
140.36665174696182
 10
349.800042046441
 20
140.96665276421442
 10
350.02846269143953
 20
141.63346512243152
 10
350.15839907858106
 20
142.26540815499095
 10
350.20326791538133
 20
142.86599137095942
 10
350.176485909356
 20
143.4387242794037
 10
350.09146976802083
 20
143.9871163893905
 10
349.96163619889154
 20
144.5146772099866
 10
349.8004019094838
 20
145.02491625025868
 10
349.62118360731336
 20
145.52134301927356
 10
349.43739799989595
 20
146.0074670260979
 10
349.26246179474725
 20
146.4867977797985
 10
349.109791699383
 20
146.9628447894421
 10
348.9928044213189
 20
147.4391175640954
 10
348.9249166680707
 20
147.91912561282516
 10
348.91954514715405
 20
148.40637844469813
 10
348.99010656608476
 20
148.90438556878104
 10
349.1500176323785
 20
149.41665649414062
 10
349.4000244140625
 20
149.98331705729169
  0
LWPOLYLINE
  5
6F7
330
17
100
AcDbEntity
  8
EJE_VIA
100
AcDbPolyline
 90
3
 70
0
 10
349.2166476779514
 20
150.11666191948785
 10
350.2333238389757
 20
151.23333401150174
 10
349.63331434461804
 20
149.84998914930557
  0
LWPOLYLINE
  5
6F8
330
17
100
AcDbEntity
  8
EJE_VIA
100
AcDbPolyline
 90
3
 70
0
 10
338.316650390625
 20
127.99999660915799
 10
336.8999905056424
 20
128.53333367241754
 10
338.4166463216146
 20
128.48332722981772
  0
LWPOLYLINE
  5
6F9
330
17
100
AcDbEntity
  8
EJE_VIA
100
AcDbPolyline
 90
3
 70
0
 10
373.1333414713542
 20
157.2833251953125
 10
372.1333482530382
 20
156.1333211263021
 10
372.6999918619792
 20
157.5499979654948
  0
LWPOLYLINE
  5
6FA
330
17
100
AcDbEntity
  8
EJE_VIA
100
AcDbPolyline
 90
3
 70
0
 10
371.20001898871527
 20
76.63333468967014
 10
370.81668429904516
 20
74.38333299424913
 10
370.45003255208337
 20
76.63333468967014
  0
LWPOLYLINE
  5
6FB
330
17
100
AcDbEntity
  8
EJE_VIA
100
AcDbPolyline
 90
3
 70
0
 10
324.11668565538196
 20
99.63333129882812
 10
321.866692437066
 20
100.0
 10
324.11668565538196
 20
100.38333468967015
  0
LWPOLYLINE
  5
6FC
330
17
100
AcDbEntity
  8
EJE_VIA
100
AcDbPolyline
 90
39
 70
0
 10
366.51665581597223
 20
101.69999864366319
 10
366.4833238389757
 20
101.99999491373698
 10
366.39997694227435
 20
102.28333367241754
 10
366.26652678681745
 20
102.52867134908836
 10
366.10645724667444
 20
102.73621883657243
 10
365.9241067949269
 20
102.90655842257871
 10
365.7238139046563
 20
103.04027239481609
 10
365.5099170489444
 20
103.13794304099348
 10
365.2867547008727
 20
103.20015264881982
 10
365.0586653335227
 20
103.22748350600402
 10
364.82998741997613
 20
103.22051790025499
 10
364.6050594333146
 20
103.17983811928167
 10
364.3882198466195
 20
103.10602645079295
 10
364.1838071329726
 20
102.99966518249776
 10
363.9961597654555
 20
102.86133660210504
 10
363.82961621714963
 20
102.69162299732368
 10
363.6885149611367
 20
102.4911066558626
 10
363.57719447049834
 20
102.26036986543073
 10
363.499993218316
 20
101.99999491373698
 10
363.46666124131946
 20
101.69999864366319
 10
363.499993218316
 20
101.41666836208768
 10
363.5740782651637
 20
101.15762597570817
 10
363.68280026647784
 20
100.92777990632588
 10
363.8217988444699
 20
100.72773928857512
 10
363.9867136213515
 20
100.55811325709026
 10
364.1731842193339
 20
100.41951094650561
 10
364.3768502606286
 20
100.3125414914555
 10
364.59335136744716
 20
100.2378140265743
 10
364.8183271620009
 20
100.19593768649632
 10
365.0474172665013
 20
100.18752160585589
 10
365.27626130315997
 20
100.21317491928737
 10
365.5004988941882
 20
100.27350676142508
 10
365.7157696617974
 20
100.36912626690335
 10
365.91771322819926
 20
100.50064257035653
 10
366.10196921560504
 20
100.66866480641896
 10
366.2641772462262
 20
100.87380210972495
 10
366.39997694227435
 20
101.11666361490886
 10
366.4833238389757
 20
101.41666836208768
 10
366.51665581597223
 20
101.69999864366319
  0
LWPOLYLINE
  5
6FD
330
17
100
AcDbEntity
  8
EJE_VIA
100
AcDbPolyline
 90
39
 70
0
 10
358.3833143446181
 20
101.74999660915799
 10
358.3499823676215
 20
102.04999287923178
 10
358.26663547092016
 20
102.33333163791234
 10
358.13679884705283
 20
102.57460800309977
 10
357.97922962241705
 20
102.7791655725903
 10
357.7984015726381
 20
102.94747308724457
 10
357.59878847334124
 20
103.07999928792319
 10
357.3848641001516
 20
103.17721291548676
 10
357.1611022286945
 20
103.23958271079594
 10
356.9319766345952
 20
103.26757741471133
 10
356.70196109347876
 20
103.26166576809354
 10
356.47552938097056
 20
103.22231651180321
 10
356.2571552726958
 20
103.14999838670096
 10
356.05131254427965
 20
103.04518013364739
 10
355.8624749713474
 20
102.90833049350316
 10
355.6951163295243
 20
102.73991820712885
 10
355.5537103944355
 20
102.5404120153851
 10
355.44273094170626
 20
102.31028065913254
 10
355.3666517469618
 20
102.04999287923178
 10
355.33331976996527
 20
101.74999660915799
 10
355.3666517469618
 20
101.45000033908421
 10
355.4426702194744
 20
101.18949053188166
 10
355.55348369810315
 20
100.95893310176002
 10
355.69464269611575
 20
100.75884685748154
 10
355.86169772677954
 20
100.58975060780844
 10
356.05019930336215
 20
100.45216316150295
 10
356.25569793913104
 20
100.34660332732732
 10
356.4737441473537
 20
100.27358991404375
 10
356.6998884412978
 20
100.2336417304145
 10
356.9296813342307
 20
100.2272775852018
 10
357.1586733394199
 20
100.25501628716788
 10
357.3824149701331
 20
100.31737664507496
 10
357.59645673963763
 20
100.41487746768529
 10
357.7963491612011
 20
100.54803756376108
 10
357.977642748091
 20
100.71737574206459
 10
358.13588801357486
 20
100.92341081135804
 10
358.26663547092016
 20
101.16666158040366
 10
358.3499823676215
 20
101.45000033908421
 10
358.3833143446181
 20
101.74999660915799
  0
LWPOLYLINE
  5
6FE
330
17
100
AcDbEntity
  8
EJE_VIA
100
AcDbPolyline
 90
39
 70
0
 10
350.4333157009549
 20
101.78332858615452
 10
350.39998372395837
 20
102.0833248562283
 10
350.31663682725696
 20
102.36666361490886
 10
350.18708779580066
 20
102.61046684450574
 10
350.0303936666913
 20
102.8171914153629
 10
349.8508941051033
 20
102.98731098572414
 10
349.65292877621124
 20
103.12129921383328
 10
349.44083734518955
 20
103.21962975793416
 10
349.2189594772127
 20
103.28277627627055
 10
348.99163483745525
 20
103.3112124270863
 10
348.7632030910916
 20
103.30541186862523
 10
348.53800390329627
 20
103.26584825913112
 10
348.3203769392438
 20
103.19299525684781
 10
348.11466186410854
 20
103.08732652001912
 10
347.92519834306506
 20
102.94931570688884
 10
347.7563260412879
 20
102.7794364757008
 10
347.6123846239514
 20
102.57816248469884
 10
347.49771375623016
 20
102.34596739212672
 10
347.41665310329864
 20
102.0833248562283
 10
347.3833211263021
 20
101.78332858615452
 10
347.41665310329864
 20
101.499998304579
 10
347.49390166666774
 20
101.23828507132
 10
347.60571863916186
 20
101.0067907969157
 10
347.7476679450936
 20
100.80598178837035
 10
347.9153135087755
 20
100.63632435268826
 10
348.1042192545202
 20
100.49828479687373
 10
348.3099491066403
 20
100.39232942793105
 10
348.52806698944835
 20
100.3189245528645
 10
348.75413682725696
 20
100.27853647867839
 10
348.98372254437874
 20
100.271631512377
 10
349.2123880651262
 20
100.29867596096463
 10
349.43569731381206
 20
100.36013613144557
 10
349.64921421474884
 20
100.45647833082411
 10
349.8485026922491
 20
100.58816886610455
 10
350.0291266706255
 20
100.75567404429118
 10
350.1866500741906
 20
100.95946017238829
 10
350.31663682725696
 20
101.19999355740018
 10
350.39998372395837
 20
101.499998304579
 10
350.4333157009549
 20
101.78332858615452
  0
LWPOLYLINE
  5
6FF
330
17
100
AcDbEntity
  8
EJE_VIA
100
AcDbPolyline
 90
39
 70
0
 10
342.56666395399304
 20
101.83332655164931
 10
342.5333319769965
 20
102.1333228217231
 10
342.44998508029516
 20
102.41666158040366
 10
342.31941531929704
 20
102.65566989572513
 10
342.1614777379566
 20
102.85849529835913
 10
341.98058889144
 20
103.0255564985176
 10
341.78116533491345
 20
103.15727220641243
 10
341.56762362354334
 20
103.25406113225553
 10
341.3443803124958
 20
103.31634198625883
 10
341.11585195693704
 20
103.34453347863423
 10
340.88645511203345
 20
103.33905431959364
 10
340.66060633295115
 20
103.300323219349
 10
340.4427221748564
 20
103.22875888811218
 10
340.2372191929155
 20
103.12478003609512
 10
340.0485139422947
 20
102.98880537350973
 10
339.8810229781601
 20
102.82125361056792
 10
339.73916285567816
 20
102.6225434574816
 10
339.627350130015
 20
102.3930936244627
 10
339.5500013563368
 20
102.1333228217231
 10
339.51666937934027
 20
101.83332655164931
 10
339.5500013563368
 20
101.53333028157553
 10
339.62764554553564
 20
101.27246014566886
 10
339.7392643822564
 20
101.04137399130398
 10
339.8805377218458
 20
100.84063700710735
 10
340.04714541965063
 20
100.6708143817054
 10
340.2347673310174
 20
100.53247130372459
 10
340.43908331129285
 20
100.42617296179137
 10
340.65577321582373
 20
100.35248454453217
 10
340.8805168999566
 20
100.31197124057347
 10
341.1089942190382
 20
100.30519823854169
 10
341.3368850284153
 20
100.33273072706329
 10
341.5598691834344
 20
100.39513389476473
 10
341.77362653944226
 20
100.49297293027243
 10
341.97383695178564
 20
100.62681302221286
 10
342.1561802758111
 20
100.79721935921246
 10
342.31633636686536
 20
101.00475712989768
 10
342.44998508029516
 20
101.24999152289497
 10
342.5333319769965
 20
101.53333028157553
 10
342.56666395399304
 20
101.83332655164931
  0
LWPOLYLINE
  5
700
330
17
100
AcDbEntity
  8
EJE_VIA
100
AcDbPolyline
 90
3
 70
0
 10
340.8000013563368
 20
97.23332722981772
 10
341.433342827691
 20
98.61666361490886
 10
341.2833319769965
 20
97.09999084472656
  0
LWPOLYLINE
  5
701
330
17
100
AcDbEntity
  8
EJE_VIA
100
AcDbPolyline
 90
3
 70
0
 10
341.0333251953125
 20
97.16666327582466
 10
336.4666748046875
 20
80.69999694824219
 10
334.5500013563368
 20
80.69999694824219
  0
LWPOLYLINE
  5
702
330
17
100
AcDbEntity
  8
EJE_VIA
100
AcDbPolyline
 90
3
 70
0
 10
366.76666259765625
 20
89.58333333333334
 10
368.26666937934027
 20
89.750001695421
 10
366.8999905056424
 20
89.10000271267361
  0
LWPOLYLINE
  5
703
330
17
100
AcDbEntity
  8
EJE_VIA
100
AcDbPolyline
 90
3
 70
0
 10
366.83332655164935
 20
89.33332655164931
 10
336.53333875868054
 20
80.69999694824219
 10
334.6166653103299
 20
80.69999694824219
  0
LWPOLYLINE
  5
704
330
17
100
AcDbEntity
  8
EJE_VIA
100
AcDbPolyline
 90
3
 70
0
 10
331.53333875868054
 20
105.13332790798611
 10
332.16668023003473
 20
103.76665751139323
 10
331.1166720920139
 20
104.8499976264106
  0
LWPOLYLINE
  5
705
330
17
100
AcDbEntity
  8
EJE_VIA
100
AcDbPolyline
 90
3
 70
0
 10
369.31667751736114
 20
78.78333197699654
 10
369.31667751736114
 20
78.28333536783855
 10
370.81668429904516
 20
78.53333367241754
  0
LWPOLYLINE
  5
706
330
17
100
AcDbEntity
  8
EJE_VIA
100
AcDbPolyline
 90
3
 70
0
 10
361.7500135633681
 20
78.78333197699654
 10
361.7500135633681
 20
78.28333536783855
 10
360.250006781684
 20
78.53333367241754
  0
LWPOLYLINE
  5
707
330
17
100
AcDbEntity
  8
EJE_VIA
100
AcDbPolyline
 90
3
 70
0
 10
365.01668294270837
 20
162.14999728732639
 10
365.5166965060764
 20
162.14999728732639
 10
365.2666897243924
 20
163.65000406901044
  0
LWPOLYLINE
  5
708
330
17
100
AcDbEntity
  8
EJE_VIA
100
AcDbPolyline
 90
3
 70
0
 10
365.01668294270837
 20
152.7666727701823
 10
365.5166965060764
 20
152.7666727701823
 10
365.2666897243924
 20
151.26666598849826
  0
LWPOLYLINE
  5
709
330
17
100
AcDbEntity
  8
EJE_VIA
100
AcDbPolyline
 90
3
 70
0
 10
331.4833238389757
 20
99.55000135633681
 10
332.9499986436632
 20
99.91667005750868
 10
331.6666666666667
 20
99.10000271267361
  0
LWPOLYLINE
  5
70A
330
17
100
AcDbEntity
  8
EJE_VIA
100
AcDbPolyline
 90
3
 70
0
 10
331.58331976996527
 20
99.31666056315105
 10
329.24997965494794
 20
98.31665886773004
 10
328.33333333333337
 20
98.31665886773004
  0
LWPOLYLINE
  5
70B
330
17
100
AcDbEntity
  8
EJE_VIA
100
AcDbPolyline
 90
3
 70
0
 10
390.183342827691
 20
113.30000135633681
 10
390.183342827691
 20
112.81667073567709
 10
389.8500230577257
 20
113.26666937934029
  0
LWPOLYLINE
  5
70C
330
17
100
AcDbEntity
  8
EJE_VIA
100
AcDbPolyline
 90
3
 70
0
 10
390.183342827691
 20
112.81667073567709
 10
389.8500230577257
 20
113.26666937934029
 10
389.93333604600696
 20
112.80000474717882
  0
LWPOLYLINE
  5
70D
330
17
100
AcDbEntity
  8
EJE_VIA
100
AcDbPolyline
 90
3
 70
0
 10
389.8499891493056
 20
113.26666937934029
 10
389.93333604600696
 20
112.80000474717882
 10
389.5333184136285
 20
113.18333943684897
  0
LWPOLYLINE
  5
70E
330
17
100
AcDbEntity
  8
EJE_VIA
100
AcDbPolyline
 90
3
 70
0
 10
389.93333604600696
 20
112.80000474717882
 10
389.53335232204864
 20
113.18333943684897
 10
389.70001220703125
 20
112.73334079318577
  0
LWPOLYLINE
  5
70F
330
17
100
AcDbEntity
  8
EJE_VIA
100
AcDbPolyline
 90
3
 70
0
 10
389.53335232204864
 20
113.18333943684897
 10
389.70001220703125
 20
112.73334079318577
 10
389.2333645290799
 20
113.03333706325955
  0
LWPOLYLINE
  5
710
330
17
100
AcDbEntity
  8
EJE_VIA
100
AcDbPolyline
 90
3
 70
0
 10
389.70001220703125
 20
112.73334079318577
 10
389.23333062065973
 20
113.03333706325955
 10
389.48333740234375
 20
112.63334486219618
  0
LWPOLYLINE
  5
711
330
17
100
AcDbEntity
  8
EJE_VIA
100
AcDbPolyline
 90
3
 70
0
 10
389.23333062065973
 20
113.03332858615452
 10
389.48333740234375
 20
112.63332790798611
 10
388.9666748046875
 20
112.84999423556859
  0
LWPOLYLINE
  5
712
330
17
100
AcDbEntity
  8
EJE_VIA
100
AcDbPolyline
 90
3
 70
0
 10
389.48333740234375
 20
112.63332790798611
 10
388.9666748046875
 20
112.84999423556859
 10
389.2833455403646
 20
112.48332553439671
  0
LWPOLYLINE
  5
713
330
17
100
AcDbEntity
  8
EJE_VIA
100
AcDbPolyline
 90
3
 70
0
 10
388.9666748046875
 20
112.85000271267361
 10
389.2833455403646
 20
112.48333401150174
 10
388.73335096571185
 20
112.61667039659288
  0
LWPOLYLINE
  5
714
330
17
100
AcDbEntity
  8
EJE_VIA
100
AcDbPolyline
 90
3
 70
0
 10
388.75
 20
110.18332587348091
 10
389.11665174696185
 20
110.49999660915799
 10
388.9833238389757
 20
109.96665954589844
  0
LWPOLYLINE
  5
715
330
17
100
AcDbEntity
  8
EJE_VIA
100
AcDbPolyline
 90
3
 70
0
 10
389.11668565538196
 20
110.49999660915799
 10
388.98335774739587
 20
109.96665954589844
 10
389.2833455403646
 20
110.31666225857205
  0
LWPOLYLINE
  5
716
330
17
100
AcDbEntity
  8
EJE_VIA
100
AcDbPolyline
 90
3
 70
0
 10
388.9833238389757
 20
109.96666802300348
 10
389.28331163194446
 20
110.31667073567709
 10
389.26666259765625
 20
109.76666768391928
  0
LWPOLYLINE
  5
717
330
17
100
AcDbEntity
  8
EJE_VIA
100
AcDbPolyline
 90
3
 70
0
 10
389.2833455403646
 20
110.31667073567709
 10
389.26666259765625
 20
109.76666768391928
 10
389.5000203450521
 20
110.18333435058594
  0
LWPOLYLINE
  5
718
330
17
100
AcDbEntity
  8
EJE_VIA
100
AcDbPolyline
 90
3
 70
0
 10
389.26666259765625
 20
109.76665920681424
 10
389.49998643663196
 20
110.18332587348091
 10
389.55000135633685
 20
109.6333228217231
  0
LWPOLYLINE
  5
719
330
17
100
AcDbEntity
  8
EJE_VIA
100
AcDbPolyline
 90
3
 70
0
 10
389.49998643663196
 20
110.18332587348091
 10
389.55000135633685
 20
109.6333228217231
 10
389.71666124131946
 20
110.08332994249132
  0
LWPOLYLINE
  5
71A
330
17
100
AcDbEntity
  8
EJE_VIA
100
AcDbPolyline
 90
3
 70
0
 10
389.55000135633685
 20
109.63333129882812
 10
389.71666124131946
 20
110.08332994249132
 10
389.8833211263021
 20
109.55000135633681
  0
LWPOLYLINE
  5
71B
330
17
100
AcDbEntity
  8
EJE_VIA
100
AcDbPolyline
 90
3
 70
0
 10
389.71666124131946
 20
110.08332994249132
 10
389.8833211263021
 20
109.54999287923178
 10
389.94998508029516
 20
110.01666598849827
  0
LWPOLYLINE
  5
71C
330
17
100
AcDbEntity
  8
EJE_VIA
100
AcDbPolyline
 90
3
 70
0
 10
389.8833211263021
 20
109.55000135633681
 10
389.94998508029516
 20
110.01666598849827
 10
390.1999918619792
 20
109.53333536783855
  0
LWPOLYLINE
  5
71D
330
17
100
AcDbEntity
  8
EJE_VIA
100
AcDbPolyline
 90
3
 70
0
 10
389.95001898871527
 20
110.01666598849827
 10
390.20002577039935
 20
109.53333536783855
 10
390.20002577039935
 20
110.0
  0
LWPOLYLINE
  5
71E
330
17
100
AcDbEntity
  8
EJE_VIA
100
AcDbPolyline
 90
3
 70
0
 10
390.1999918619792
 20
110.0
 10
390.1999918619792
 20
109.53333536783855
 10
394.4333224826389
 20
110.01666598849827
  0
LWPOLYLINE
  5
71F
330
17
100
AcDbEntity
  8
EJE_VIA
100
AcDbPolyline
 90
3
 70
0
 10
390.1999918619792
 20
109.53333536783855
 10
394.4333224826389
 20
110.01666598849827
 10
394.4333224826389
 20
109.55000135633681
  0
LWPOLYLINE
  5
720
330
17
100
AcDbEntity
  8
EJE_VIA
100
AcDbPolyline
 90
3
 70
0
 10
394.4333224826389
 20
109.55000135633681
 10
394.4333224826389
 20
110.01666598849827
 10
394.7666422526042
 20
109.58333333333334
  0
LWPOLYLINE
  5
721
330
17
100
AcDbEntity
  8
EJE_VIA
100
AcDbPolyline
 90
3
 70
0
 10
394.4333224826389
 20
110.01666598849827
 10
394.7666422526042
 20
109.58333333333334
 10
394.68332926432294
 20
110.0499979654948
  0
LWPOLYLINE
  5
722
330
17
100
AcDbEntity
  8
EJE_VIA
100
AcDbPolyline
 90
3
 70
0
 10
394.76667616102435
 20
109.58333333333334
 10
394.68332926432294
 20
110.0499979654948
 10
395.0833468967014
 20
109.66666327582466
  0
LWPOLYLINE
  5
723
330
17
100
AcDbEntity
  8
EJE_VIA
100
AcDbPolyline
 90
3
 70
0
 10
394.68332926432294
 20
110.0499979654948
 10
395.08331298828125
 20
109.66666327582466
 10
394.91665310329864
 20
110.11666191948785
  0
LWPOLYLINE
  5
724
330
17
100
AcDbEntity
  8
EJE_VIA
100
AcDbPolyline
 90
3
 70
0
 10
395.0833468967014
 20
109.66666327582466
 10
394.91668701171875
 20
110.11666191948785
 10
395.38333468967016
 20
109.81666564941406
  0
LWPOLYLINE
  5
725
330
17
100
AcDbEntity
  8
EJE_VIA
100
AcDbPolyline
 90
3
 70
0
 10
394.91665310329864
 20
110.11666191948785
 10
395.38333468967016
 20
109.81666564941406
 10
395.14997694227435
 20
110.21665785047743
  0
LWPOLYLINE
  5
726
330
17
100
AcDbEntity
  8
EJE_VIA
100
AcDbPolyline
 90
3
 70
0
 10
395.38333468967016
 20
109.8166741265191
 10
395.15001085069446
 20
110.2166748046875
 10
395.6499905056424
 20
110.00000847710504
  0
LWPOLYLINE
  5
727
330
17
100
AcDbEntity
  8
EJE_VIA
100
AcDbPolyline
 90
3
 70
0
 10
395.8666653103299
 20
112.64999389648438
 10
395.5000135633681
 20
112.3499976264106
 10
395.6333414713542
 20
112.88332621256511
  0
LWPOLYLINE
  5
728
330
17
100
AcDbEntity
  8
EJE_VIA
100
AcDbPolyline
 90
3
 70
0
 10
395.5000135633681
 20
112.35000610351562
 10
395.6333414713542
 20
112.88334316677518
 10
395.33335367838544
 20
112.5166744656033
  0
LWPOLYLINE
  5
729
330
17
100
AcDbEntity
  8
EJE_VIA
100
AcDbPolyline
 90
3
 70
0
 10
395.6333414713542
 20
112.88333468967015
 10
395.33335367838544
 20
112.51666598849827
 10
395.36668565538196
 20
113.06666904025609
  0
LWPOLYLINE
  5
72A
330
17
100
AcDbEntity
  8
EJE_VIA
100
AcDbPolyline
 90
3
 70
0
 10
395.33331976996527
 20
112.51666598849827
 10
395.36665174696185
 20
113.06666904025609
 10
395.13332790798614
 20
112.66666836208768
  0
LWPOLYLINE
  5
72B
330
17
100
AcDbEntity
  8
EJE_VIA
100
AcDbPolyline
 90
3
 70
0
 10
395.36668565538196
 20
113.06666056315105
 10
395.13336181640625
 20
112.66665988498265
 10
395.0666978624132
 20
113.21666293674046
  0
LWPOLYLINE
  5
72C
330
17
100
AcDbEntity
  8
EJE_VIA
100
AcDbPolyline
 90
3
 70
0
 10
395.13332790798614
 20
112.66665988498265
 10
395.0666639539931
 20
113.21666293674046
 10
394.90000406901044
 20
112.76665581597223
  0
LWPOLYLINE
  5
72D
330
17
100
AcDbEntity
  8
EJE_VIA
100
AcDbPolyline
 90
3
 70
0
 10
395.0666639539931
 20
113.21667141384549
 10
394.90000406901044
 20
112.7666727701823
 10
394.749993218316
 20
113.30000135633681
  0
LWPOLYLINE
  5
72E
330
17
100
AcDbEntity
  8
EJE_VIA
100
AcDbPolyline
 90
3
 70
0
 10
394.90000406901044
 20
112.7666727701823
 10
394.749993218316
 20
113.30000983344185
 10
394.66668023003473
 20
112.83333672417535
  0
LWPOLYLINE
  5
72F
330
17
100
AcDbEntity
  8
EJE_VIA
100
AcDbPolyline
 90
3
 70
0
 10
394.749993218316
 20
113.30000135633681
 10
394.6666463216146
 20
112.83333672417535
 10
394.4166734483507
 20
113.31666734483507
  0
LWPOLYLINE
  5
730
330
17
100
AcDbEntity
  8
EJE_VIA
100
AcDbPolyline
 90
3
 70
0
 10
394.66668023003473
 20
112.83333672417535
 10
394.4166734483507
 20
113.31666734483507
 10
394.4166734483507
 20
112.85000271267361
  0
LWPOLYLINE
  5
731
330
17
100
AcDbEntity
  8
EJE_VIA
100
AcDbPolyline
 90
3
 70
0
 10
394.4166734483507
 20
112.85000271267361
 10
394.4166734483507
 20
113.31666734483507
 10
390.183342827691
 20
112.81667073567709
  0
LWPOLYLINE
  5
732
330
17
100
AcDbEntity
  8
EJE_VIA
100
AcDbPolyline
 90
3
 70
0
 10
394.4166734483507
 20
113.31666734483507
 10
390.183342827691
 20
112.81667073567709
 10
390.183342827691
 20
113.30000135633681
  0
LWPOLYLINE
  5
733
330
17
100
AcDbEntity
  8
EJE_VIA
100
AcDbPolyline
 90
3
 70
0
 10
348.5833401150174
 20
179.7833251953125
 10
348.5833401150174
 20
179.31666056315106
 10
348.2500203450521
 20
179.74999321831598
  0
LWPOLYLINE
  5
734
330
17
100
AcDbEntity
  8
EJE_VIA
100
AcDbPolyline
 90
3
 70
0
 10
348.5833401150174
 20
179.31666056315106
 10
348.2500203450521
 20
179.74999321831598
 10
348.3500162760417
 20
179.2833285861545
  0
LWPOLYLINE
  5
735
330
17
100
AcDbEntity
  8
EJE_VIA
100
AcDbPolyline
 90
3
 70
0
 10
348.24998643663196
 20
179.74999321831598
 10
348.3499823676215
 20
179.2833285861545
 10
347.9499986436632
 20
179.66666327582467
  0
LWPOLYLINE
  5
736
330
17
100
AcDbEntity
  8
EJE_VIA
100
AcDbPolyline
 90
3
 70
0
 10
348.3500162760417
 20
179.2833285861545
 10
347.95003255208337
 20
179.66666327582467
 10
348.10000949435766
 20
179.21666463216147
  0
LWPOLYLINE
  5
737
330
17
100
AcDbEntity
  8
EJE_VIA
100
AcDbPolyline
 90
3
 70
0
 10
347.9499986436632
 20
179.66666327582467
 10
348.10000949435766
 20
179.21666463216147
 10
347.65001085069446
 20
179.5166693793403
  0
LWPOLYLINE
  5
738
330
17
100
AcDbEntity
  8
EJE_VIA
100
AcDbPolyline
 90
3
 70
0
 10
348.10000949435766
 20
179.21666463216147
 10
347.65001085069446
 20
179.5166693793403
 10
347.88333468967016
 20
179.11666870117188
  0
LWPOLYLINE
  5
739
330
17
100
AcDbEntity
  8
EJE_VIA
100
AcDbPolyline
 90
3
 70
0
 10
347.65001085069446
 20
179.5166693793403
 10
347.88333468967016
 20
179.11666870117188
 10
347.38335503472223
 20
179.33334350585938
  0
LWPOLYLINE
  5
73A
330
17
100
AcDbEntity
  8
EJE_VIA
100
AcDbPolyline
 90
3
 70
0
 10
347.88333468967016
 20
179.11666870117188
 10
347.3833211263021
 20
179.33334350585938
 10
347.683342827691
 20
178.9666748046875
  0
LWPOLYLINE
  5
73B
330
17
100
AcDbEntity
  8
EJE_VIA
100
AcDbPolyline
 90
3
 70
0
 10
347.3833211263021
 20
179.33332655164932
 10
347.68330891927087
 20
178.96665785047745
 10
347.1499972873264
 20
179.09998575846356
  0
LWPOLYLINE
  5
73C
330
17
100
AcDbEntity
  8
EJE_VIA
100
AcDbPolyline
 90
3
 70
0
 10
347.16668023003473
 20
176.68333265516495
 10
347.51668294270837
 20
176.98333740234375
 10
347.40000406901044
 20
176.44999186197919
  0
LWPOLYLINE
  5
73D
330
17
100
AcDbEntity
  8
EJE_VIA
100
AcDbPolyline
 90
3
 70
0
 10
347.51668294270837
 20
176.98333740234375
 10
347.40000406901044
 20
176.45000881618924
 10
347.7000257703993
 20
176.81667751736111
  0
LWPOLYLINE
  5
73E
330
17
100
AcDbEntity
  8
EJE_VIA
100
AcDbPolyline
 90
3
 70
0
 10
347.40000406901044
 20
176.44999186197919
 10
347.6999918619792
 20
176.81666056315106
 10
347.66665988498266
 20
176.26666598849826
  0
LWPOLYLINE
  5
73F
330
17
100
AcDbEntity
  8
EJE_VIA
100
AcDbPolyline
 90
3
 70
0
 10
347.6999918619792
 20
176.81666056315106
 10
347.66665988498266
 20
176.26666598849826
 10
347.89998372395837
 20
176.66666666666669
  0
LWPOLYLINE
  5
740
330
17
100
AcDbEntity
  8
EJE_VIA
100
AcDbPolyline
 90
3
 70
0
 10
347.66665988498266
 20
176.26666598849826
 10
347.89998372395837
 20
176.66666666666669
 10
347.9666476779514
 20
176.11667209201389
  0
LWPOLYLINE
  5
741
330
17
100
AcDbEntity
  8
EJE_VIA
100
AcDbPolyline
 90
3
 70
0
 10
347.89998372395837
 20
176.66666666666669
 10
347.9666476779514
 20
176.11667209201389
 10
348.11665852864587
 20
176.5666707356771
  0
LWPOLYLINE
  5
742
330
17
100
AcDbEntity
  8
EJE_VIA
100
AcDbPolyline
 90
3
 70
0
 10
347.9666476779514
 20
176.11667209201389
 10
348.11665852864587
 20
176.5666707356771
 10
348.2833184136285
 20
176.03334214952258
  0
LWPOLYLINE
  5
743
330
17
100
AcDbEntity
  8
EJE_VIA
100
AcDbPolyline
 90
3
 70
0
 10
348.11665852864587
 20
176.5666707356771
 10
348.2833184136285
 20
176.03334214952258
 10
348.3666653103299
 20
176.50000678168402
  0
LWPOLYLINE
  5
744
330
17
100
AcDbEntity
  8
EJE_VIA
100
AcDbPolyline
 90
3
 70
0
 10
348.28335232204864
 20
176.0333251953125
 10
348.36669921875
 20
176.49998982747397
 10
348.6166720920139
 20
176.01665920681424
  0
LWPOLYLINE
  5
745
330
17
100
AcDbEntity
  8
EJE_VIA
100
AcDbPolyline
 90
3
 70
0
 10
348.3666653103299
 20
176.50000678168402
 10
348.6166720920139
 20
176.01667616102432
 10
348.59998914930554
 20
176.48334079318576
  0
LWPOLYLINE
  5
746
330
17
100
AcDbEntity
  8
EJE_VIA
100
AcDbPolyline
 90
3
 70
0
 10
348.59998914930554
 20
176.48334079318576
 10
348.6166720920139
 20
176.01667616102432
 10
352.85000271267364
 20
176.5166727701823
  0
LWPOLYLINE
  5
747
330
17
100
AcDbEntity
  8
EJE_VIA
100
AcDbPolyline
 90
3
 70
0
 10
348.6166720920139
 20
176.01665920681424
 10
352.85000271267364
 20
176.51665581597223
 10
352.85000271267364
 20
176.0333251953125
  0
LWPOLYLINE
  5
748
330
17
100
AcDbEntity
  8
EJE_VIA
100
AcDbPolyline
 90
3
 70
0
 10
352.85000271267364
 20
176.0333251953125
 10
352.85000271267364
 20
176.51665581597223
 10
353.1666734483507
 20
176.06665717230902
  0
LWPOLYLINE
  5
749
330
17
100
AcDbEntity
  8
EJE_VIA
100
AcDbPolyline
 90
3
 70
0
 10
352.85000271267364
 20
176.5166727701823
 10
353.1666734483507
 20
176.0666741265191
 10
353.0833265516493
 20
176.53333875868057
  0
LWPOLYLINE
  5
74A
330
17
100
AcDbEntity
  8
EJE_VIA
100
AcDbPolyline
 90
3
 70
0
 10
353.1666734483507
 20
176.0666741265191
 10
353.0833265516493
 20
176.53333875868057
 10
353.48334418402777
 20
176.15000406901044
  0
LWPOLYLINE
  5
74B
330
17
100
AcDbEntity
  8
EJE_VIA
100
AcDbPolyline
 90
3
 70
0
 10
353.0833265516493
 20
176.53333875868057
 10
353.48331027560766
 20
176.15000406901044
 10
353.33333333333337
 20
176.60000271267361
  0
LWPOLYLINE
  5
74C
330
17
100
AcDbEntity
  8
EJE_VIA
100
AcDbPolyline
 90
3
 70
0
 10
353.48334418402777
 20
176.15000406901044
 10
353.33333333333337
 20
176.60000271267361
 10
353.7833319769965
 20
176.2999979654948
  0
LWPOLYLINE
  5
74D
330
17
100
AcDbEntity
  8
EJE_VIA
100
AcDbPolyline
 90
3
 70
0
 10
353.33333333333337
 20
176.60000271267361
 10
353.7833319769965
 20
176.2999979654948
 10
353.55000813802087
 20
176.6999986436632
  0
LWPOLYLINE
  5
74E
330
17
100
AcDbEntity
  8
EJE_VIA
100
AcDbPolyline
 90
3
 70
0
 10
353.7833319769965
 20
176.2999979654948
 10
353.55000813802087
 20
176.6999986436632
 10
354.04998779296875
 20
176.4833238389757
  0
LWPOLYLINE
  5
74F
330
17
100
AcDbEntity
  8
EJE_VIA
100
AcDbPolyline
 90
3
 70
0
 10
353.55000813802087
 20
176.6999986436632
 10
354.0500217013889
 20
176.4833238389757
 10
353.75
 20
176.84999254014758
  0
LWPOLYLINE
  5
750
330
17
100
AcDbEntity
  8
EJE_VIA
100
AcDbPolyline
 90
3
 70
0
 10
354.04998779296875
 20
176.48334079318576
 10
353.75
 20
176.85000949435764
 10
354.28331163194446
 20
176.71668158637152
  0
LWPOLYLINE
  5
751
330
17
100
AcDbEntity
  8
EJE_VIA
100
AcDbPolyline
 90
3
 70
0
 10
354.26666259765625
 20
179.15000067816842
 10
353.91665988498266
 20
178.83332994249133
 10
354.03333875868054
 20
179.36667548285592
  0
LWPOLYLINE
  5
752
330
17
100
AcDbEntity
  8
EJE_VIA
100
AcDbPolyline
 90
3
 70
0
 10
353.91665988498266
 20
178.83332994249133
 10
354.03333875868054
 20
179.36665852864584
 10
353.7333170572917
 20
179.01665581597223
  0
LWPOLYLINE
  5
753
330
17
100
AcDbEntity
  8
EJE_VIA
100
AcDbPolyline
 90
3
 70
0
 10
354.03333875868054
 20
179.36665852864584
 10
353.7333509657118
 20
179.01665581597223
 10
353.76668294270837
 20
179.566650390625
  0
LWPOLYLINE
  5
754
330
17
100
AcDbEntity
  8
EJE_VIA
100
AcDbPolyline
 90
3
 70
0
 10
353.7333170572917
 20
179.0166727701823
 10
353.7666490342882
 20
179.56666734483508
 10
353.5333251953125
 20
179.15000067816842
  0
LWPOLYLINE
  5
755
330
17
100
AcDbEntity
  8
EJE_VIA
100
AcDbPolyline
 90
3
 70
0
 10
353.76668294270837
 20
179.56666734483508
 10
353.53335910373266
 20
179.15000067816842
 10
353.4666951497396
 20
179.6999952528212
  0
LWPOLYLINE
  5
756
330
17
100
AcDbEntity
  8
EJE_VIA
100
AcDbPolyline
 90
3
 70
0
 10
353.5333251953125
 20
179.15000067816842
 10
353.46666124131946
 20
179.6999952528212
 10
353.316650390625
 20
179.249996609158
  0
LWPOLYLINE
  5
757
330
17
100
AcDbEntity
  8
EJE_VIA
100
AcDbPolyline
 90
3
 70
0
 10
353.46666124131946
 20
179.6999952528212
 10
353.316650390625
 20
179.249996609158
 10
353.1499905056424
 20
179.7833251953125
  0
LWPOLYLINE
  5
758
330
17
100
AcDbEntity
  8
EJE_VIA
100
AcDbPolyline
 90
3
 70
0
 10
353.316650390625
 20
179.249996609158
 10
353.1499905056424
 20
179.7833251953125
 10
353.066643608941
 20
179.31666056315106
  0
LWPOLYLINE
  5
759
330
17
100
AcDbEntity
  8
EJE_VIA
100
AcDbPolyline
 90
3
 70
0
 10
353.1499905056424
 20
179.7833251953125
 10
353.066643608941
 20
179.31666056315106
 10
352.8166707356771
 20
179.79999118381076
  0
LWPOLYLINE
  5
75A
330
17
100
AcDbEntity
  8
EJE_VIA
100
AcDbPolyline
 90
3
 70
0
 10
353.06667751736114
 20
179.31666056315106
 10
352.8166707356771
 20
179.79999118381076
 10
352.83335367838544
 20
179.33332655164932
  0
LWPOLYLINE
  5
75B
330
17
100
AcDbEntity
  8
EJE_VIA
100
AcDbPolyline
 90
3
 70
0
 10
352.83331976996527
 20
179.33332655164932
 10
352.81663682725696
 20
179.79999118381076
 10
348.58330620659723
 20
179.31666056315106
  0
LWPOLYLINE
  5
75C
330
17
100
AcDbEntity
  8
EJE_VIA
100
AcDbPolyline
 90
3
 70
0
 10
352.8166707356771
 20
179.80000813802084
 10
348.5833401150174
 20
179.31667751736111
 10
348.5833401150174
 20
179.78334214952258
  0
LWPOLYLINE
  5
75D
330
17
100
AcDbEntity
  8
EJE_VIA
100
AcDbPolyline
 90
4
 70
0
 10
368.1833224826389
 20
163.65000406901044
 10
360.11664496527777
 20
163.65000406901044
 10
355.0333319769965
 20
155.499996609158
 10
351.1333211263021
 20
155.499996609158
  0
LWPOLYLINE
  5
75E
330
17
100
AcDbEntity
  8
EJE_VIA
100
AcDbPolyline
 90
4
 70
0
 10
369.6333143446181
 20
165.6666734483507
 10
368.316650390625
 20
165.6666734483507
 10
357.33330620659723
 20
177.91666666666669
 10
354.48330349392364
 20
177.91666666666669
  0
LWPOLYLINE
  5
75F
330
17
100
AcDbEntity
  8
EJE_VIA
100
AcDbPolyline
 90
3
 70
0
 10
370.8833143446181
 20
163.3499993218316
 10
361.53330485026044
 20
167.78333875868057
 10
360.0999959309896
 20
167.78333875868057
  0
LWPOLYLINE
  5
760
330
17
100
AcDbEntity
  8
EJE_VIA
100
AcDbPolyline
 90
3
 70
0
 10
354.1999986436632
 20
169.61666531032986
 10
354.1999986436632
 20
169.1500006781684
 10
353.88332790798614
 20
169.5999993218316
  0
LWPOLYLINE
  5
761
330
17
100
AcDbEntity
  8
EJE_VIA
100
AcDbPolyline
 90
3
 70
0
 10
354.1999986436632
 20
169.1500006781684
 10
353.88332790798614
 20
169.5999993218316
 10
353.9666748046875
 20
169.13333468967014
  0
LWPOLYLINE
  5
762
330
17
100
AcDbEntity
  8
EJE_VIA
100
AcDbPolyline
 90
3
 70
0
 10
353.88332790798614
 20
169.5999993218316
 10
353.9666748046875
 20
169.13333468967014
 10
353.566657172309
 20
169.500003390842
  0
LWPOLYLINE
  5
763
330
17
100
AcDbEntity
  8
EJE_VIA
100
AcDbPolyline
 90
3
 70
0
 10
353.9666748046875
 20
169.13333468967014
 10
353.5666910807292
 20
169.500003390842
 10
353.7333509657118
 20
169.0666707356771
  0
LWPOLYLINE
  5
764
330
17
100
AcDbEntity
  8
EJE_VIA
100
AcDbPolyline
 90
3
 70
0
 10
353.566657172309
 20
169.500003390842
 10
353.7333170572917
 20
169.0666707356771
 10
353.26666937934027
 20
169.3666754828559
  0
LWPOLYLINE
  5
765
330
17
100
AcDbEntity
  8
EJE_VIA
100
AcDbPolyline
 90
3
 70
0
 10
353.7333170572917
 20
169.0666707356771
 10
353.26663547092016
 20
169.3666754828559
 10
353.499993218316
 20
168.9666748046875
  0
LWPOLYLINE
  5
766
330
17
100
AcDbEntity
  8
EJE_VIA
100
AcDbPolyline
 90
3
 70
0
 10
353.26666937934027
 20
169.36665852864584
 10
353.499993218316
 20
168.96665785047745
 10
353.00001356336804
 20
169.18333265516495
  0
LWPOLYLINE
  5
767
330
17
100
AcDbEntity
  8
EJE_VIA
100
AcDbPolyline
 90
3
 70
0
 10
353.499993218316
 20
168.9666748046875
 10
352.99997965494794
 20
169.183349609375
 10
353.3000013563368
 20
168.81668090820312
  0
LWPOLYLINE
  5
768
330
17
100
AcDbEntity
  8
EJE_VIA
100
AcDbPolyline
 90
3
 70
0
 10
353.00001356336804
 20
169.18333265516495
 10
353.3000013563368
 20
168.81666395399307
 10
352.7666897243924
 20
168.9333258734809
  0
LWPOLYLINE
  5
769
330
17
100
AcDbEntity
  8
EJE_VIA
100
AcDbPolyline
 90
3
 70
0
 10
352.76665581597223
 20
168.9333258734809
 10
353.133307562934
 20
168.6333211263021
 10
352.58331298828125
 20
168.66665310329861
  0
LWPOLYLINE
  5
76A
330
17
100
AcDbEntity
  8
EJE_VIA
100
AcDbPolyline
 90
3
 70
0
 10
353.1333414713542
 20
168.63333808051215
 10
352.5833468967014
 20
168.6666700575087
 10
352.98333062065973
 20
168.433346218533
  0
LWPOLYLINE
  5
76B
330
17
100
AcDbEntity
  8
EJE_VIA
100
AcDbPolyline
 90
3
 70
0
 10
352.5833468967014
 20
168.6666700575087
 10
352.98333062065973
 20
168.43332926432294
 10
352.45001898871527
 20
168.36666531032986
  0
LWPOLYLINE
  5
76C
330
17
100
AcDbEntity
  8
EJE_VIA
100
AcDbPolyline
 90
3
 70
0
 10
352.98333062065973
 20
168.43332926432294
 10
352.44998508029516
 20
168.36666531032986
 10
352.88333468967016
 20
168.21665445963544
  0
LWPOLYLINE
  5
76D
330
17
100
AcDbEntity
  8
EJE_VIA
100
AcDbPolyline
 90
3
 70
0
 10
352.45001898871527
 20
168.36666531032986
 10
352.88336859809027
 20
168.2166714138455
 10
352.3666720920139
 20
168.04999457465277
  0
LWPOLYLINE
  5
76E
330
17
100
AcDbEntity
  8
EJE_VIA
100
AcDbPolyline
 90
3
 70
0
 10
352.88333468967016
 20
168.2166714138455
 10
352.3666720920139
 20
168.05001152886285
 10
352.8166707356771
 20
167.98333062065973
  0
LWPOLYLINE
  5
76F
330
17
100
AcDbEntity
  8
EJE_VIA
100
AcDbPolyline
 90
3
 70
0
 10
352.3666720920139
 20
168.04999457465277
 10
352.8166707356771
 20
167.98333062065973
 10
352.3333401150174
 20
167.7333238389757
  0
LWPOLYLINE
  5
770
330
17
100
AcDbEntity
  8
EJE_VIA
100
AcDbPolyline
 90
3
 70
0
 10
352.8166707356771
 20
167.98333062065973
 10
352.3333401150174
 20
167.7333238389757
 10
352.79998779296875
 20
167.7333238389757
  0
LWPOLYLINE
  5
771
330
17
100
AcDbEntity
  8
EJE_VIA
100
AcDbPolyline
 90
3
 70
0
 10
352.3333401150174
 20
167.73334079318576
 10
352.8000217013889
 20
167.73334079318576
 10
352.3666720920139
 20
167.40000406901044
  0
LWPOLYLINE
  5
772
330
17
100
AcDbEntity
  8
EJE_VIA
100
AcDbPolyline
 90
3
 70
0
 10
352.79998779296875
 20
167.73334079318576
 10
352.36663818359375
 20
167.40000406901044
 10
352.83331976996527
 20
167.48333401150174
  0
LWPOLYLINE
  5
773
330
17
100
AcDbEntity
  8
EJE_VIA
100
AcDbPolyline
 90
3
 70
0
 10
352.3666720920139
 20
167.40000406901044
 10
352.83335367838544
 20
167.48333401150174
 10
352.45001898871527
 20
167.08333333333334
  0
LWPOLYLINE
  5
774
330
17
100
AcDbEntity
  8
EJE_VIA
100
AcDbPolyline
 90
3
 70
0
 10
352.83331976996527
 20
167.48333401150174
 10
352.44998508029516
 20
167.08333333333334
 10
352.89998372395837
 20
167.24999321831598
  0
LWPOLYLINE
  5
775
330
17
100
AcDbEntity
  8
EJE_VIA
100
AcDbPolyline
 90
3
 70
0
 10
352.45001898871527
 20
167.08333333333334
 10
352.9000176323785
 20
167.24999321831598
 10
352.60002983940973
 20
166.7833285861545
  0
LWPOLYLINE
  5
776
330
17
100
AcDbEntity
  8
EJE_VIA
100
AcDbPolyline
 90
3
 70
0
 10
352.89998372395837
 20
167.24999321831598
 10
352.5999959309896
 20
166.7833285861545
 10
352.99997965494794
 20
167.03331841362848
  0
LWPOLYLINE
  5
777
330
17
100
AcDbEntity
  8
EJE_VIA
100
AcDbPolyline
 90
3
 70
0
 10
352.5999959309896
 20
166.7833285861545
 10
352.99997965494794
 20
167.03333536783856
 10
352.78333875868054
 20
166.51665581597223
  0
LWPOLYLINE
  5
778
330
17
100
AcDbEntity
  8
EJE_VIA
100
AcDbPolyline
 90
3
 70
0
 10
352.78333875868054
 20
166.5166727701823
 10
353.1333414713542
 20
166.83334350585938
 10
353.01666259765625
 20
166.28333197699652
  0
LWPOLYLINE
  5
779
330
17
100
AcDbEntity
  8
EJE_VIA
100
AcDbPolyline
 90
3
 70
0
 10
353.1333414713542
 20
166.83332655164932
 10
353.01666259765625
 20
166.28333197699652
 10
353.31668429904516
 20
166.6500006781684
  0
LWPOLYLINE
  5
77A
330
17
100
AcDbEntity
  8
EJE_VIA
100
AcDbPolyline
 90
3
 70
0
 10
353.01666259765625
 20
166.28333197699652
 10
353.316650390625
 20
166.6500006781684
 10
353.2833184136285
 20
166.10000610351562
  0
LWPOLYLINE
  5
77B
330
17
100
AcDbEntity
  8
EJE_VIA
100
AcDbPolyline
 90
3
 70
0
 10
353.316650390625
 20
166.6500006781684
 10
353.2833184136285
 20
166.10000610351562
 10
353.5166422526042
 20
166.5166727701823
  0
LWPOLYLINE
  5
77C
330
17
100
AcDbEntity
  8
EJE_VIA
100
AcDbPolyline
 90
3
 70
0
 10
353.28335232204864
 20
166.10000610351562
 10
353.5166761610243
 20
166.5166727701823
 10
353.5833401150174
 20
165.9666781955295
  0
LWPOLYLINE
  5
77D
330
17
100
AcDbEntity
  8
EJE_VIA
100
AcDbPolyline
 90
3
 70
0
 10
353.5166761610243
 20
166.5166727701823
 10
353.5833401150174
 20
165.9666781955295
 10
353.75
 20
166.41667683919272
  0
LWPOLYLINE
  5
77E
330
17
100
AcDbEntity
  8
EJE_VIA
100
AcDbPolyline
 90
3
 70
0
 10
353.5833401150174
 20
165.96666124131946
 10
353.75
 20
166.41665988498264
 10
353.90001085069446
 20
165.88333129882812
  0
LWPOLYLINE
  5
77F
330
17
100
AcDbEntity
  8
EJE_VIA
100
AcDbPolyline
 90
3
 70
0
 10
353.75
 20
166.41665988498264
 10
353.90001085069446
 20
165.88333129882812
 10
353.9833238389757
 20
166.3499959309896
  0
LWPOLYLINE
  5
780
330
17
100
AcDbEntity
  8
EJE_VIA
100
AcDbPolyline
 90
3
 70
0
 10
353.90001085069446
 20
165.88333129882812
 10
353.98335774739587
 20
166.3499959309896
 10
354.23333062065973
 20
165.8499993218316
  0
LWPOLYLINE
  5
781
330
17
100
AcDbEntity
  8
EJE_VIA
100
AcDbPolyline
 90
3
 70
0
 10
353.9833238389757
 20
166.3499959309896
 10
354.23333062065973
 20
165.8499993218316
 10
354.23333062065973
 20
166.33332994249133
  0
LWPOLYLINE
  5
782
330
17
100
AcDbEntity
  8
EJE_VIA
100
AcDbPolyline
 90
3
 70
0
 10
354.23333062065973
 20
166.33332994249133
 10
354.23333062065973
 20
165.8499993218316
 10
358.46666124131946
 20
166.3499959309896
  0
LWPOLYLINE
  5
783
330
17
100
AcDbEntity
  8
EJE_VIA
100
AcDbPolyline
 90
3
 70
0
 10
354.23333062065973
 20
165.8499993218316
 10
358.46666124131946
 20
166.3499959309896
 10
358.46666124131946
 20
165.88333129882812
  0
LWPOLYLINE
  5
784
330
17
100
AcDbEntity
  8
EJE_VIA
100
AcDbPolyline
 90
3
 70
0
 10
358.46666124131946
 20
165.88333129882812
 10
358.46666124131946
 20
166.3499959309896
 10
358.79998101128473
 20
165.91666327582465
  0
LWPOLYLINE
  5
785
330
17
100
AcDbEntity
  8
EJE_VIA
100
AcDbPolyline
 90
3
 70
0
 10
358.46666124131946
 20
166.3499959309896
 10
358.79998101128473
 20
165.91666327582465
 10
358.69998508029516
 20
166.38332790798611
  0
LWPOLYLINE
  5
786
330
17
100
AcDbEntity
  8
EJE_VIA
100
AcDbPolyline
 90
3
 70
0
 10
358.79998101128473
 20
165.91666327582465
 10
358.69998508029516
 20
166.38332790798611
 10
359.11665174696185
 20
165.99999321831598
  0
LWPOLYLINE
  5
787
330
17
100
AcDbEntity
  8
EJE_VIA
100
AcDbPolyline
 90
3
 70
0
 10
358.70001898871527
 20
166.38332790798611
 10
359.11668565538196
 20
165.99999321831598
 10
358.95002577039935
 20
166.44999186197919
  0
LWPOLYLINE
  5
788
330
17
100
AcDbEntity
  8
EJE_VIA
100
AcDbPolyline
 90
3
 70
0
 10
359.11668565538196
 20
165.99999321831598
 10
358.95002577039935
 20
166.44999186197919
 10
359.4000244140625
 20
166.14998711480035
  0
LWPOLYLINE
  5
789
330
17
100
AcDbEntity
  8
EJE_VIA
100
AcDbPolyline
 90
3
 70
0
 10
358.9499918619792
 20
166.44999186197919
 10
359.3999905056424
 20
166.14998711480035
 10
359.1666666666667
 20
166.54998779296875
  0
LWPOLYLINE
  5
78A
330
17
100
AcDbEntity
  8
EJE_VIA
100
AcDbPolyline
 90
3
 70
0
 10
359.3999905056424
 20
166.15000406901044
 10
359.1666666666667
 20
166.55000474717883
 10
359.6666463216146
 20
166.33332994249133
  0
LWPOLYLINE
  5
78B
330
17
100
AcDbEntity
  8
EJE_VIA
100
AcDbPolyline
 90
3
 70
0
 10
359.1666666666667
 20
166.55000474717883
 10
359.66668023003473
 20
166.33332994249133
 10
359.36665852864587
 20
166.68333265516495
  0
LWPOLYLINE
  5
78C
330
17
100
AcDbEntity
  8
EJE_VIA
100
AcDbPolyline
 90
3
 70
0
 10
359.66668023003473
 20
166.33332994249133
 10
359.366692437066
 20
166.68333265516495
 10
359.90000406901044
 20
166.5666707356771
  0
LWPOLYLINE
  5
78D
330
17
100
AcDbEntity
  8
EJE_VIA
100
AcDbPolyline
 90
3
 70
0
 10
359.36665852864587
 20
166.68333265516495
 10
359.90000406901044
 20
166.5666707356771
 10
359.55000135633685
 20
166.86665852864584
  0
LWPOLYLINE
  5
78E
330
17
100
AcDbEntity
  8
EJE_VIA
100
AcDbPolyline
 90
3
 70
0
 10
359.90000406901044
 20
166.5666707356771
 10
359.55000135633685
 20
166.8666754828559
 10
360.0833468967014
 20
166.83334350585938
  0
LWPOLYLINE
  5
78F
330
17
100
AcDbEntity
  8
EJE_VIA
100
AcDbPolyline
 90
3
 70
0
 10
359.55000135633685
 20
166.86665852864584
 10
360.0833468967014
 20
166.83332655164932
 10
359.68332926432294
 20
167.066650390625
  0
LWPOLYLINE
  5
790
330
17
100
AcDbEntity
  8
EJE_VIA
100
AcDbPolyline
 90
3
 70
0
 10
360.0833468967014
 20
166.83332655164932
 10
359.6833631727431
 20
167.06666734483508
 10
360.23335774739587
 20
167.13333129882812
  0
LWPOLYLINE
  5
791
330
17
100
AcDbEntity
  8
EJE_VIA
100
AcDbPolyline
 90
3
 70
0
 10
359.68332926432294
 20
167.06666734483508
 10
360.2333238389757
 20
167.13333129882812
 10
359.7833251953125
 20
167.30000813802084
  0
LWPOLYLINE
  5
792
330
17
100
AcDbEntity
  8
EJE_VIA
100
AcDbPolyline
 90
3
 70
0
 10
360.2333238389757
 20
167.13333129882812
 10
359.7833251953125
 20
167.29999118381076
 10
360.3166707356771
 20
167.45000203450522
  0
LWPOLYLINE
  5
793
330
17
100
AcDbEntity
  8
EJE_VIA
100
AcDbPolyline
 90
3
 70
0
 10
359.7833251953125
 20
167.30000813802084
 10
360.3166707356771
 20
167.45000203450522
 10
359.8499891493056
 20
167.5333489312066
  0
LWPOLYLINE
  5
794
330
17
100
AcDbEntity
  8
EJE_VIA
100
AcDbPolyline
 90
3
 70
0
 10
360.3166707356771
 20
167.45000203450522
 10
359.8499891493056
 20
167.53333197699652
 10
360.33335367838544
 20
167.78333875868057
  0
LWPOLYLINE
  5
795
330
17
100
AcDbEntity
  8
EJE_VIA
100
AcDbPolyline
 90
3
 70
0
 10
359.8499891493056
 20
167.53333197699652
 10
360.33331976996527
 20
167.78333875868057
 10
359.8666720920139
 20
167.78333875868057
  0
LWPOLYLINE
  5
796
330
17
100
AcDbEntity
  8
EJE_VIA
100
AcDbPolyline
 90
3
 70
0
 10
360.33331976996527
 20
167.78333875868057
 10
359.86663818359375
 20
167.78333875868057
 10
360.29998779296875
 20
168.10000949435764
  0
LWPOLYLINE
  5
797
330
17
100
AcDbEntity
  8
EJE_VIA
100
AcDbPolyline
 90
3
 70
0
 10
359.8666720920139
 20
167.78333875868057
 10
360.3000217013889
 20
168.10000949435764
 10
359.8499891493056
 20
168.01667955186633
  0
LWPOLYLINE
  5
798
330
17
100
AcDbEntity
  8
EJE_VIA
100
AcDbPolyline
 90
3
 70
0
 10
360.29998779296875
 20
168.09999254014758
 10
359.8499891493056
 20
168.01666259765625
 10
360.2166408962674
 20
168.41666327582465
  0
LWPOLYLINE
  5
799
330
17
100
AcDbEntity
  8
EJE_VIA
100
AcDbPolyline
 90
3
 70
0
 10
359.8499891493056
 20
168.01666259765625
 10
360.2166408962674
 20
168.41666327582465
 10
359.7833251953125
 20
168.250003390842
  0
LWPOLYLINE
  5
79A
330
17
100
AcDbEntity
  8
EJE_VIA
100
AcDbPolyline
 90
3
 70
0
 10
360.2166748046875
 20
168.41666327582465
 10
359.7833251953125
 20
168.250003390842
 10
360.0833468967014
 20
168.71666802300348
  0
LWPOLYLINE
  5
79B
330
17
100
AcDbEntity
  8
EJE_VIA
100
AcDbPolyline
 90
3
 70
0
 10
359.7833251953125
 20
168.250003390842
 10
360.08331298828125
 20
168.71666802300348
 10
359.6666463216146
 20
168.48334418402777
  0
LWPOLYLINE
  5
79C
330
17
100
AcDbEntity
  8
EJE_VIA
100
AcDbPolyline
 90
3
 70
0
 10
360.0833468967014
 20
168.71666802300348
 10
359.66668023003473
 20
168.48332722981772
 10
359.88335503472223
 20
168.98334079318576
  0
LWPOLYLINE
  5
79D
330
17
100
AcDbEntity
  8
EJE_VIA
100
AcDbPolyline
 90
3
 70
0
 10
359.66668023003473
 20
168.48332722981772
 10
359.88335503472223
 20
168.9833238389757
 10
359.53335232204864
 20
168.68331909179688
  0
LWPOLYLINE
  5
79E
330
17
100
AcDbEntity
  8
EJE_VIA
100
AcDbPolyline
 90
3
 70
0
 10
359.8833211263021
 20
168.98334079318576
 10
359.5333184136285
 20
168.68333604600696
 10
359.6499972873264
 20
169.21668158637152
  0
LWPOLYLINE
  5
79F
330
17
100
AcDbEntity
  8
EJE_VIA
100
AcDbPolyline
 90
3
 70
0
 10
359.53335232204864
 20
168.68333604600696
 10
359.6500311957465
 20
169.21666463216147
 10
359.35000949435766
 20
168.8499959309896
  0
LWPOLYLINE
  5
7A0
330
17
100
AcDbEntity
  8
EJE_VIA
100
AcDbPolyline
 90
3
 70
0
 10
359.6499972873264
 20
169.21666463216147
 10
359.35000949435766
 20
168.8499959309896
 10
359.3833414713542
 20
169.39999050564236
  0
LWPOLYLINE
  5
7A1
330
17
100
AcDbEntity
  8
EJE_VIA
100
AcDbPolyline
 90
3
 70
0
 10
359.35000949435766
 20
168.8499959309896
 10
359.3833414713542
 20
169.39999050564236
 10
359.1500176323785
 20
168.99998982747397
  0
LWPOLYLINE
  5
7A2
330
17
100
AcDbEntity
  8
EJE_VIA
100
AcDbPolyline
 90
3
 70
0
 10
359.3833414713542
 20
169.40000745985245
 10
359.1500176323785
 20
169.00000678168402
 10
359.08335367838544
 20
169.53333536783856
  0
LWPOLYLINE
  5
7A3
330
17
100
AcDbEntity
  8
EJE_VIA
100
AcDbPolyline
 90
3
 70
0
 10
359.14998372395837
 20
169.00000678168402
 10
359.08331976996527
 20
169.53333536783856
 10
358.93330891927087
 20
169.10000271267361
  0
LWPOLYLINE
  5
7A4
330
17
100
AcDbEntity
  8
EJE_VIA
100
AcDbPolyline
 90
3
 70
0
 10
359.08331976996527
 20
169.53333536783856
 10
358.93330891927087
 20
169.10000271267361
 10
358.7666490342882
 20
169.61666531032986
  0
LWPOLYLINE
  5
7A5
330
17
100
AcDbEntity
  8
EJE_VIA
100
AcDbPolyline
 90
3
 70
0
 10
358.933342827691
 20
169.10000271267361
 10
358.76668294270837
 20
169.61666531032986
 10
358.68333604600696
 20
169.16666666666669
  0
LWPOLYLINE
  5
7A6
330
17
100
AcDbEntity
  8
EJE_VIA
100
AcDbPolyline
 90
3
 70
0
 10
358.76668294270837
 20
169.61666531032986
 10
358.68333604600696
 20
169.16666666666669
 10
358.45001220703125
 20
169.64999728732639
  0
LWPOLYLINE
  5
7A7
330
17
100
AcDbEntity
  8
EJE_VIA
100
AcDbPolyline
 90
3
 70
0
 10
358.68333604600696
 20
169.16666666666669
 10
358.45001220703125
 20
169.64999728732639
 10
358.45001220703125
 20
169.18333265516495
  0
LWPOLYLINE
  5
7A8
330
17
100
AcDbEntity
  8
EJE_VIA
100
AcDbPolyline
 90
3
 70
0
 10
358.45001220703125
 20
169.18333265516495
 10
358.45001220703125
 20
169.64999728732639
 10
354.1999986436632
 20
169.1500006781684
  0
LWPOLYLINE
  5
7A9
330
17
100
AcDbEntity
  8
EJE_VIA
100
AcDbPolyline
 90
3
 70
0
 10
358.45001220703125
 20
169.64999728732639
 10
354.1999986436632
 20
169.1500006781684
 10
354.1999986436632
 20
169.61666531032986
  0
LWPOLYLINE
  5
7AA
330
17
100
AcDbEntity
  8
EJE_VIA
100
AcDbPolyline
 90
3
 70
0
 10
348.7166680230035
 20
170.0
 10
347.63332790798614
 20
169.00000678168402
 10
348.7166680230035
 20
169.00000678168402
  0
LWPOLYLINE
  5
7AB
330
17
100
AcDbEntity
  8
EJE_VIA
100
AcDbPolyline
 90
3
 70
0
 10
345.3166707356771
 20
167.8166707356771
 10
345.3166707356771
 20
167.65001085069446
 10
351.60000271267364
 20
167.8166707356771
  0
LWPOLYLINE
  5
7AC
330
17
100
AcDbEntity
  8
EJE_VIA
100
AcDbPolyline
 90
3
 70
0
 10
345.3166707356771
 20
167.64999389648438
 10
351.60000271267364
 20
167.816653781467
 10
351.60000271267364
 20
167.63332790798611
  0
LWPOLYLINE
  5
7AD
330
17
100
AcDbEntity
  8
EJE_VIA
100
AcDbPolyline
 90
39
 70
0
 10
351.63333468967016
 20
167.73334079318576
 10
351.60000271267364
 20
168.18333943684897
 10
351.500006781684
 20
168.61667209201389
 10
351.270454964704
 20
169.18335431565842
 10
350.96855726506976
 20
169.66706809070376
 10
350.60539284514056
 20
170.0686276414328
 10
350.1920408672757
 20
170.3888471921285
 10
349.7395804938343
 20
170.62854096707372
 10
349.25909088717566
 20
170.78852319055133
 10
348.7616512096591
 20
170.8696080868443
 10
348.2583406236437
 20
170.87260988023547
 10
347.76023829148875
 20
170.79834279500776
 10
347.2784233755536
 20
170.6476210554441
 10
346.8239750381973
 20
170.42125888582734
 10
346.40797244177924
 20
170.1200705104404
 10
346.04149474865864
 20
169.7448701535662
 10
345.73562112119464
 20
169.29647203948764
 10
345.50143072174654
 20
168.77569039248758
 10
345.35000271267364
 20
168.18333943684897
 10
345.3166707356771
 20
167.73334079318576
 10
345.35000271267364
 20
167.28334214952258
 10
345.49993427263365
 20
166.69104523956776
 10
345.73258227772186
 20
166.1699377828174
 10
346.03692016667793
 20
165.72088409629134
 10
346.40192137824164
 20
165.34474849700928
 10
346.8165593511529
 20
165.04239530199104
 10
347.2698075241513
 20
164.8146888282564
 10
347.7506393359767
 20
164.66249339282513
 10
348.24802822536896
 20
164.586673312717
 10
348.75094763106773
 20
164.58809290495185
 10
349.2483709918128
 20
164.66761648654938
 10
349.72927174634407
 20
164.8261083745294
 10
350.1826233334012
 20
165.06443288591174
 10
350.5973991917239
 20
165.3834543377161
 10
350.9625727600522
 20
165.7840370469623
 10
351.2671174771256
 20
166.26704533067016
 10
351.500006781684
 20
166.83334350585938
 10
351.60000271267364
 20
167.28334214952258
 10
351.63333468967016
 20
167.73334079318576
  0
LWPOLYLINE
  5
7AE
330
17
100
AcDbEntity
  8
EJE_VIA
100
AcDbPolyline
 90
3
 70
0
 10
324.35000949435766
 20
178.76666598849826
 10
324.66668023003473
 20
178.0499945746528
 10
324.3833414713542
 20
177.26665920681424
  0
LWPOLYLINE
  5
7AF
330
17
100
AcDbEntity
  8
EJE_VIA
100
AcDbPolyline
 90
3
 70
0
 10
390.39998372395837
 20
126.0666741265191
 10
390.39998372395837
 20
125.60000949435765
 10
390.0666639539931
 20
126.03334214952258
  0
LWPOLYLINE
  5
7B0
330
17
100
AcDbEntity
  8
EJE_VIA
100
AcDbPolyline
 90
3
 70
0
 10
390.39998372395837
 20
125.59999254014758
 10
390.0666639539931
 20
126.0333251953125
 10
390.14997694227435
 20
125.58332655164931
  0
LWPOLYLINE
  5
7B1
330
17
100
AcDbEntity
  8
EJE_VIA
100
AcDbPolyline
 90
3
 70
0
 10
390.0666639539931
 20
126.0333251953125
 10
390.15001085069446
 20
125.58332655164931
 10
389.749993218316
 20
125.94999525282118
  0
LWPOLYLINE
  5
7B2
330
17
100
AcDbEntity
  8
EJE_VIA
100
AcDbPolyline
 90
3
 70
0
 10
390.15001085069446
 20
125.58332655164931
 10
389.75002712673614
 20
125.94999525282118
 10
389.91668701171875
 20
125.51666259765625
  0
LWPOLYLINE
  5
7B3
330
17
100
AcDbEntity
  8
EJE_VIA
100
AcDbPolyline
 90
3
 70
0
 10
389.749993218316
 20
125.94999525282118
 10
389.91665310329864
 20
125.51666259765625
 10
389.45000542534723
 20
125.81665886773004
  0
LWPOLYLINE
  5
7B4
330
17
100
AcDbEntity
  8
EJE_VIA
100
AcDbPolyline
 90
3
 70
0
 10
389.91665310329864
 20
125.51666259765625
 10
389.4499715169271
 20
125.81665886773004
 10
389.69997829861114
 20
125.39999220106337
  0
LWPOLYLINE
  5
7B5
330
17
100
AcDbEntity
  8
EJE_VIA
100
AcDbPolyline
 90
3
 70
0
 10
389.45000542534723
 20
125.81666734483508
 10
389.70001220703125
 20
125.40000067816841
 10
389.183349609375
 20
125.61666700575087
  0
LWPOLYLINE
  5
7B6
330
17
100
AcDbEntity
  8
EJE_VIA
100
AcDbPolyline
 90
3
 70
0
 10
389.183349609375
 20
125.61665852864584
 10
389.48333740234375
 20
125.26665581597223
 10
388.95002577039935
 20
125.38332621256511
  0
LWPOLYLINE
  5
7B7
330
17
100
AcDbEntity
  8
EJE_VIA
100
AcDbPolyline
 90
3
 70
0
 10
389.48333740234375
 20
125.2666727701823
 10
388.9499918619792
 20
125.38334316677518
 10
389.31667751736114
 20
125.08333841959636
  0
LWPOLYLINE
  5
7B8
330
17
100
AcDbEntity
  8
EJE_VIA
100
AcDbPolyline
 90
3
 70
0
 10
388.9499918619792
 20
125.38333468967015
 10
389.316643608941
 20
125.08333841959636
 10
388.7666490342882
 20
125.1166703965929
  0
LWPOLYLINE
  5
7B9
330
17
100
AcDbEntity
  8
EJE_VIA
100
AcDbPolyline
 90
3
 70
0
 10
389.31667751736114
 20
125.08332994249133
 10
388.76668294270837
 20
125.11666191948785
 10
389.183349609375
 20
124.88332960340712
  0
LWPOLYLINE
  5
7BA
330
17
100
AcDbEntity
  8
EJE_VIA
100
AcDbPolyline
 90
3
 70
0
 10
388.76668294270837
 20
125.11666191948785
 10
389.183349609375
 20
124.88332960340712
 10
388.63335503472223
 20
124.81666564941406
  0
LWPOLYLINE
  5
7BB
330
17
100
AcDbEntity
  8
EJE_VIA
100
AcDbPolyline
 90
3
 70
0
 10
389.183349609375
 20
124.88333808051216
 10
388.63335503472223
 20
124.8166741265191
 10
389.08335367838544
 20
124.66667175292969
  0
LWPOLYLINE
  5
7BC
330
17
100
AcDbEntity
  8
EJE_VIA
100
AcDbPolyline
 90
3
 70
0
 10
388.6333211263021
 20
124.8166741265191
 10
389.08331976996527
 20
124.66667175292969
 10
388.5499742296007
 20
124.50000339084202
  0
LWPOLYLINE
  5
7BD
330
17
100
AcDbEntity
  8
EJE_VIA
100
AcDbPolyline
 90
3
 70
0
 10
389.08331976996527
 20
124.66666327582466
 10
388.5499742296007
 20
124.49999491373698
 10
389.01665581597223
 20
124.41666497124567
  0
LWPOLYLINE
  5
7BE
330
17
100
AcDbEntity
  8
EJE_VIA
100
AcDbPolyline
 90
3
 70
0
 10
388.55000813802087
 20
124.50000339084202
 10
389.0166897243924
 20
124.41667344835069
 10
388.51667616102435
 20
124.18333265516493
  0
LWPOLYLINE
  5
7BF
330
17
100
AcDbEntity
  8
EJE_VIA
100
AcDbPolyline
 90
3
 70
0
 10
389.01665581597223
 20
124.41667344835069
 10
388.5166422526042
 20
124.18334113226997
 10
388.9999728732639
 20
124.18334113226997
  0
LWPOLYLINE
  5
7C0
330
17
100
AcDbEntity
  8
EJE_VIA
100
AcDbPolyline
 90
3
 70
0
 10
388.51667616102435
 20
124.18333265516493
 10
389.000006781684
 20
124.18333265516493
 10
388.55000813802087
 20
123.84999593098959
  0
LWPOLYLINE
  5
7C1
330
17
100
AcDbEntity
  8
EJE_VIA
100
AcDbPolyline
 90
3
 70
0
 10
389.000006781684
 20
124.18333265516493
 10
388.55000813802087
 20
123.84999593098959
 10
389.0166897243924
 20
123.93333435058594
  0
LWPOLYLINE
  5
7C2
330
17
100
AcDbEntity
  8
EJE_VIA
100
AcDbPolyline
 90
3
 70
0
 10
388.55000813802087
 20
123.84999593098959
 10
389.0166897243924
 20
123.93332587348091
 10
388.63335503472223
 20
123.5333251953125
  0
LWPOLYLINE
  5
7C3
330
17
100
AcDbEntity
  8
EJE_VIA
100
AcDbPolyline
 90
3
 70
0
 10
389.01665581597223
 20
123.93332587348091
 10
388.6333211263021
 20
123.5333251953125
 10
389.08331976996527
 20
123.69999355740018
  0
LWPOLYLINE
  5
7C4
330
17
100
AcDbEntity
  8
EJE_VIA
100
AcDbPolyline
 90
3
 70
0
 10
388.6333211263021
 20
123.5333251953125
 10
389.08331976996527
 20
123.69999355740018
 10
388.7833319769965
 20
123.23332892523872
  0
LWPOLYLINE
  5
7C5
330
17
100
AcDbEntity
  8
EJE_VIA
100
AcDbPolyline
 90
3
 70
0
 10
389.08331976996527
 20
123.70000203450522
 10
388.7833319769965
 20
123.23333740234375
 10
389.1833157009549
 20
123.46666971842448
  0
LWPOLYLINE
  5
7C6
330
17
100
AcDbEntity
  8
EJE_VIA
100
AcDbPolyline
 90
3
 70
0
 10
388.7833319769965
 20
123.23333740234375
 10
389.1833157009549
 20
123.46666971842448
 10
388.9666748046875
 20
122.9666731092665
  0
LWPOLYLINE
  5
7C7
330
17
100
AcDbEntity
  8
EJE_VIA
100
AcDbPolyline
 90
3
 70
0
 10
389.183349609375
 20
123.46666124131944
 10
388.9666748046875
 20
122.96666463216147
 10
389.33336046006946
 20
123.26666090223524
  0
LWPOLYLINE
  5
7C8
330
17
100
AcDbEntity
  8
EJE_VIA
100
AcDbPolyline
 90
3
 70
0
 10
388.9666748046875
 20
122.96666463216147
 10
389.33332655164935
 20
123.26666090223524
 10
389.1999986436632
 20
122.73333231608073
  0
LWPOLYLINE
  5
7C9
330
17
100
AcDbEntity
  8
EJE_VIA
100
AcDbPolyline
 90
3
 70
0
 10
389.33332655164935
 20
123.26666937934029
 10
389.1999986436632
 20
122.73333231608073
 10
389.49998643663196
 20
123.10000101725261
  0
LWPOLYLINE
  5
7CA
330
17
100
AcDbEntity
  8
EJE_VIA
100
AcDbPolyline
 90
3
 70
0
 10
389.1999986436632
 20
122.73334079318577
 10
389.49998643663196
 20
123.10000949435765
 10
389.46665445963544
 20
122.55000644259984
  0
LWPOLYLINE
  5
7CB
330
17
100
AcDbEntity
  8
EJE_VIA
100
AcDbPolyline
 90
3
 70
0
 10
389.49998643663196
 20
123.09999254014757
 10
389.46665445963544
 20
122.54998948838976
 10
389.69997829861114
 20
122.96665615505643
  0
LWPOLYLINE
  5
7CC
330
17
100
AcDbEntity
  8
EJE_VIA
100
AcDbPolyline
 90
3
 70
0
 10
389.46665445963544
 20
122.5499979654948
 10
389.69997829861114
 20
122.96666463216147
 10
389.7666422526042
 20
122.41666158040366
  0
LWPOLYLINE
  5
7CD
330
17
100
AcDbEntity
  8
EJE_VIA
100
AcDbPolyline
 90
3
 70
0
 10
389.70001220703125
 20
122.96666463216147
 10
389.76667616102435
 20
122.41666158040366
 10
389.93333604600696
 20
122.84999423556859
  0
LWPOLYLINE
  5
7CE
330
17
100
AcDbEntity
  8
EJE_VIA
100
AcDbPolyline
 90
3
 70
0
 10
389.76667616102435
 20
122.41667005750868
 10
389.93333604600696
 20
122.85000271267361
 10
390.0833468967014
 20
122.33334011501736
  0
LWPOLYLINE
  5
7CF
330
17
100
AcDbEntity
  8
EJE_VIA
100
AcDbPolyline
 90
3
 70
0
 10
389.93333604600696
 20
122.85000271267361
 10
390.0833468967014
 20
122.33334011501736
 10
390.16665988498266
 20
122.80000474717882
  0
LWPOLYLINE
  5
7D0
330
17
100
AcDbEntity
  8
EJE_VIA
100
AcDbPolyline
 90
3
 70
0
 10
390.0833468967014
 20
122.33334011501736
 10
390.16669379340277
 20
122.80000474717882
 10
390.4166666666667
 20
122.30000813802084
  0
LWPOLYLINE
  5
7D1
330
17
100
AcDbEntity
  8
EJE_VIA
100
AcDbPolyline
 90
3
 70
0
 10
390.16665988498266
 20
122.80000474717882
 10
390.4166666666667
 20
122.30000813802084
 10
390.4166666666667
 20
122.78333875868056
  0
LWPOLYLINE
  5
7D2
330
17
100
AcDbEntity
  8
EJE_VIA
100
AcDbPolyline
 90
3
 70
0
 10
390.4166666666667
 20
122.78333875868056
 10
390.4166666666667
 20
122.30000813802084
 10
394.6499972873264
 20
122.80000474717882
  0
LWPOLYLINE
  5
7D3
330
17
100
AcDbEntity
  8
EJE_VIA
100
AcDbPolyline
 90
3
 70
0
 10
390.4166666666667
 20
122.30000813802084
 10
394.6499972873264
 20
122.80000474717882
 10
394.6499972873264
 20
122.33334011501736
  0
LWPOLYLINE
  5
7D4
330
17
100
AcDbEntity
  8
EJE_VIA
100
AcDbPolyline
 90
3
 70
0
 10
394.6499972873264
 20
122.33334011501736
 10
394.6499972873264
 20
122.80000474717882
 10
394.9833170572917
 20
122.3666720920139
  0
LWPOLYLINE
  5
7D5
330
17
100
AcDbEntity
  8
EJE_VIA
100
AcDbPolyline
 90
3
 70
0
 10
394.6499972873264
 20
122.80000474717882
 10
394.9833170572917
 20
122.3666720920139
 10
394.90000406901044
 20
122.83333672417535
  0
LWPOLYLINE
  5
7D6
330
17
100
AcDbEntity
  8
EJE_VIA
100
AcDbPolyline
 90
3
 70
0
 10
394.9833170572917
 20
122.3666720920139
 10
394.89997016059027
 20
122.83333672417535
 10
395.29998779296875
 20
122.45000203450522
  0
LWPOLYLINE
  5
7D7
330
17
100
AcDbEntity
  8
EJE_VIA
100
AcDbPolyline
 90
3
 70
0
 10
394.90000406901044
 20
122.83333672417535
 10
395.29998779296875
 20
122.45000203450522
 10
395.13332790798614
 20
122.88333468967015
  0
LWPOLYLINE
  5
7D8
330
17
100
AcDbEntity
  8
EJE_VIA
100
AcDbPolyline
 90
3
 70
0
 10
395.29998779296875
 20
122.45000203450522
 10
395.13332790798614
 20
122.88333468967015
 10
395.5999755859375
 20
122.58333841959636
  0
LWPOLYLINE
  5
7D9
330
17
100
AcDbEntity
  8
EJE_VIA
100
AcDbPolyline
 90
3
 70
0
 10
395.13332790798614
 20
122.88333468967015
 10
395.60000949435766
 20
122.58333841959636
 10
395.35000271267364
 20
123.00000508626303
  0
LWPOLYLINE
  5
7DA
330
17
100
AcDbEntity
  8
EJE_VIA
100
AcDbPolyline
 90
3
 70
0
 10
395.60000949435766
 20
122.58332994249132
 10
395.35000271267364
 20
122.99999660915799
 10
395.8666653103299
 20
122.78333028157553
  0
LWPOLYLINE
  5
7DB
330
17
100
AcDbEntity
  8
EJE_VIA
100
AcDbPolyline
 90
3
 70
0
 10
395.35000271267364
 20
122.99999660915799
 10
395.8666653103299
 20
122.78333028157553
 10
395.54999457465277
 20
123.13333299424913
  0
LWPOLYLINE
  5
7DC
330
17
100
AcDbEntity
  8
EJE_VIA
100
AcDbPolyline
 90
3
 70
0
 10
395.8666653103299
 20
122.78333875868056
 10
395.54999457465277
 20
123.13334147135417
 10
396.0999891493056
 20
123.01667107476129
  0
LWPOLYLINE
  5
7DD
330
17
100
AcDbEntity
  8
EJE_VIA
100
AcDbPolyline
 90
3
 70
0
 10
396.0999891493056
 20
123.01666259765625
 10
395.73333740234375
 20
123.31665886773004
 10
396.2833319769965
 20
123.2833268907335
  0
LWPOLYLINE
  5
7DE
330
17
100
AcDbEntity
  8
EJE_VIA
100
AcDbPolyline
 90
3
 70
0
 10
395.73333740234375
 20
123.31666734483507
 10
396.2833319769965
 20
123.28333536783855
 10
395.8666653103299
 20
123.51666768391928
  0
LWPOLYLINE
  5
7DF
330
17
100
AcDbEntity
  8
EJE_VIA
100
AcDbPolyline
 90
3
 70
0
 10
396.2833319769965
 20
123.28333536783855
 10
395.8666653103299
 20
123.51666768391928
 10
396.41665988498266
 20
123.58333163791234
  0
LWPOLYLINE
  5
7E0
330
17
100
AcDbEntity
  8
EJE_VIA
100
AcDbPolyline
 90
3
 70
0
 10
395.8666653103299
 20
123.51665920681424
 10
396.41665988498266
 20
123.5833231608073
 10
395.96666124131946
 20
123.73332553439671
  0
LWPOLYLINE
  5
7E1
330
17
100
AcDbEntity
  8
EJE_VIA
100
AcDbPolyline
 90
3
 70
0
 10
396.41665988498266
 20
123.58334011501736
 10
395.96666124131946
 20
123.73334248860678
 10
396.500006781684
 20
123.90001085069444
  0
LWPOLYLINE
  5
7E2
330
17
100
AcDbEntity
  8
EJE_VIA
100
AcDbPolyline
 90
3
 70
0
 10
395.96666124131946
 20
123.73333401150174
 10
396.500006781684
 20
123.90000237358942
 10
396.0333251953125
 20
123.98333231608073
  0
LWPOLYLINE
  5
7E3
330
17
100
AcDbEntity
  8
EJE_VIA
100
AcDbPolyline
 90
3
 70
0
 10
396.500006781684
 20
123.89999389648438
 10
396.0333251953125
 20
123.98332383897569
 10
396.5333387586806
 20
124.23333062065973
  0
LWPOLYLINE
  5
7E4
330
17
100
AcDbEntity
  8
EJE_VIA
100
AcDbPolyline
 90
3
 70
0
 10
396.0333251953125
 20
123.98334079318577
 10
396.5333387586806
 20
124.23333909776476
 10
396.05000813802087
 20
124.2166731092665
  0
LWPOLYLINE
  5
7E5
330
17
100
AcDbEntity
  8
EJE_VIA
100
AcDbPolyline
 90
3
 70
0
 10
396.5333387586806
 20
124.23333062065973
 10
396.05000813802087
 20
124.21666463216147
 10
396.500006781684
 20
124.55000135633681
  0
LWPOLYLINE
  5
7E6
330
17
100
AcDbEntity
  8
EJE_VIA
100
AcDbPolyline
 90
3
 70
0
 10
396.05000813802087
 20
124.21666463216147
 10
396.500006781684
 20
124.55000135633681
 10
396.0333251953125
 20
124.46666293674046
  0
LWPOLYLINE
  5
7E7
330
17
100
AcDbEntity
  8
EJE_VIA
100
AcDbPolyline
 90
3
 70
0
 10
396.500006781684
 20
124.55000135633681
 10
396.0333251953125
 20
124.46667141384549
 10
396.41665988498266
 20
124.8666720920139
  0
LWPOLYLINE
  5
7E8
330
17
100
AcDbEntity
  8
EJE_VIA
100
AcDbPolyline
 90
3
 70
0
 10
396.0333251953125
 20
124.46667141384549
 10
396.41665988498266
 20
124.8666720920139
 10
395.96666124131946
 20
124.70000372992622
  0
LWPOLYLINE
  5
7E9
330
17
100
AcDbEntity
  8
EJE_VIA
100
AcDbPolyline
 90
3
 70
0
 10
396.41665988498266
 20
124.8666720920139
 10
395.96666124131946
 20
124.70000372992622
 10
396.2666490342882
 20
125.16666836208768
  0
LWPOLYLINE
  5
7EA
330
17
100
AcDbEntity
  8
EJE_VIA
100
AcDbPolyline
 90
3
 70
0
 10
395.96666124131946
 20
124.69999525282118
 10
396.2666490342882
 20
125.16665988498265
 10
395.8666653103299
 20
124.93332756890192
  0
LWPOLYLINE
  5
7EB
330
17
100
AcDbEntity
  8
EJE_VIA
100
AcDbPolyline
 90
3
 70
0
 10
396.26668294270837
 20
125.16665988498265
 10
395.86669921875
 20
124.93332756890192
 10
396.0833401150174
 20
125.4333241780599
  0
LWPOLYLINE
  5
7EC
330
17
100
AcDbEntity
  8
EJE_VIA
100
AcDbPolyline
 90
3
 70
0
 10
396.0833401150174
 20
125.43333265516493
 10
395.7166883680556
 20
125.13333638509116
 10
395.8500162760417
 20
125.66666497124567
  0
LWPOLYLINE
  5
7ED
330
17
100
AcDbEntity
  8
EJE_VIA
100
AcDbPolyline
 90
3
 70
0
 10
395.71665445963544
 20
125.13332790798611
 10
395.8499823676215
 20
125.66666497124567
 10
395.54999457465277
 20
125.29999627007379
  0
LWPOLYLINE
  5
7EE
330
17
100
AcDbEntity
  8
EJE_VIA
100
AcDbPolyline
 90
3
 70
0
 10
395.8500162760417
 20
125.6666734483507
 10
395.55002848307294
 20
125.30000474717883
 10
395.56667751736114
 20
125.85000779893664
  0
LWPOLYLINE
  5
7EF
330
17
100
AcDbEntity
  8
EJE_VIA
100
AcDbPolyline
 90
3
 70
0
 10
395.54999457465277
 20
125.30000474717883
 10
395.56667751736114
 20
125.85000779893664
 10
395.33331976996527
 20
125.45000712076823
  0
LWPOLYLINE
  5
7F0
330
17
100
AcDbEntity
  8
EJE_VIA
100
AcDbPolyline
 90
3
 70
0
 10
395.56667751736114
 20
125.8499993218316
 10
395.33335367838544
 20
125.4499986436632
 10
395.2833387586806
 20
125.98333570692274
  0
LWPOLYLINE
  5
7F1
330
17
100
AcDbEntity
  8
EJE_VIA
100
AcDbPolyline
 90
3
 70
0
 10
395.33331976996527
 20
125.4499986436632
 10
395.28330485026044
 20
125.98333570692274
 10
395.11664496527777
 20
125.54999457465279
  0
LWPOLYLINE
  5
7F2
330
17
100
AcDbEntity
  8
EJE_VIA
100
AcDbPolyline
 90
3
 70
0
 10
395.2833387586806
 20
125.98332722981772
 10
395.11667887369794
 20
125.54999457465279
 10
394.9666680230035
 20
126.06665717230904
  0
LWPOLYLINE
  5
7F3
330
17
100
AcDbEntity
  8
EJE_VIA
100
AcDbPolyline
 90
3
 70
0
 10
395.11667887369794
 20
125.54999457465279
 10
394.9666680230035
 20
126.06665717230904
 10
394.88335503472223
 20
125.59999254014758
  0
LWPOLYLINE
  5
7F4
330
17
100
AcDbEntity
  8
EJE_VIA
100
AcDbPolyline
 90
3
 70
0
 10
394.9666680230035
 20
126.0666741265191
 10
394.8833211263021
 20
125.60000949435765
 10
394.6333482530382
 20
126.10000610351562
  0
LWPOLYLINE
  5
7F5
330
17
100
AcDbEntity
  8
EJE_VIA
100
AcDbPolyline
 90
3
 70
0
 10
394.8833211263021
 20
125.59999254014758
 10
394.6333143446181
 20
126.09998914930556
 10
394.6333143446181
 20
125.6333245171441
  0
LWPOLYLINE
  5
7F6
330
17
100
AcDbEntity
  8
EJE_VIA
100
AcDbPolyline
 90
3
 70
0
 10
394.6333143446181
 20
125.63334147135417
 10
394.6333143446181
 20
126.10000610351562
 10
390.39998372395837
 20
125.60000949435765
  0
LWPOLYLINE
  5
7F7
330
17
100
AcDbEntity
  8
EJE_VIA
100
AcDbPolyline
 90
3
 70
0
 10
394.6333143446181
 20
126.10000610351562
 10
390.39998372395837
 20
125.60000949435765
 10
390.39998372395837
 20
126.0666741265191
  0
LWPOLYLINE
  5
7F8
330
17
100
AcDbEntity
  8
EJE_VIA
100
AcDbPolyline
 90
4
 70
0
 10
388.55000813802087
 20
111.41666836208768
 10
378.01666259765625
 20
111.41666836208768
 10
375.999993218316
 20
113.43333774142796
 10
372.83335367838544
 20
113.43333774142796
  0
LWPOLYLINE
  5
7F9
330
17
100
AcDbEntity
  8
EJE_VIA
100
AcDbPolyline
 90
11
 70
0
 10
371.1166720920139
 20
115.36666870117188
 10
371.0833401150174
 20
115.50000508626303
 10
370.8500162760417
 20
115.63333299424913
 10
370.7166883680556
 20
115.60000101725261
 10
370.61665852864587
 20
115.50000508626303
 10
370.58332655164935
 20
115.36666870117188
 10
370.61665852864587
 20
115.23333231608073
 10
370.7166883680556
 20
115.13333638509116
 10
370.8500162760417
 20
115.10000440809462
 10
370.98334418402777
 20
115.13333638509116
 10
371.1166720920139
 20
115.36666870117188
  0
LWPOLYLINE
  5
7FA
330
17
100
AcDbEntity
  8
EJE_VIA
100
AcDbPolyline
 90
13
 70
0
 10
371.15000406901044
 20
163.3499993218316
 10
371.1166720920139
 20
163.48332722981772
 10
371.01667616102435
 20
163.58334011501736
 10
370.8833482530382
 20
163.61667209201389
 10
370.7500203450521
 20
163.58334011501736
 10
370.6499905056424
 20
163.48332722981772
 10
370.61665852864587
 20
163.3499993218316
 10
370.6499905056424
 20
163.2166714138455
 10
370.7500203450521
 20
163.11665852864584
 10
370.8833482530382
 20
163.08332655164932
 10
371.01667616102435
 20
163.11665852864584
 10
371.1166720920139
 20
163.2166714138455
 10
371.15000406901044
 20
163.3499993218316
  0
LWPOLYLINE
  5
7FB
330
17
100
AcDbEntity
  8
EJE_VIA
100
AcDbPolyline
 90
3
 70
0
 10
403.7833319769965
 20
114.78333367241754
 10
403.7833319769965
 20
116.94999694824219
 10
407.7333238389757
 20
116.94999694824219
  0
LWPOLYLINE
  5
7FC
330
17
100
AcDbEntity
  8
EJE_VIA
100
AcDbPolyline
 90
3
 70
0
 10
355.76666937934027
 20
106.98333740234375
 10
356.99998643663196
 20
106.10000610351562
 10
355.54999457465277
 20
106.53333875868056
  0
LWPOLYLINE
  5
7FD
330
17
100
AcDbEntity
  8
EJE_VIA
100
AcDbPolyline
 90
3
 70
0
 10
355.6499905056424
 20
106.74999660915799
 10
335.70000542534723
 20
116.46666632758247
 10
333.7833319769965
 20
116.46666632758247
  0
LWPOLYLINE
  5
7FE
330
17
100
AcDbEntity
  8
EJE_VIA
100
AcDbPolyline
 90
3
 70
0
 10
342.0500013563368
 20
107.3166741265191
 10
342.683342827691
 20
105.93333774142796
 10
341.63333468967016
 20
107.03334384494359
  0
LWPOLYLINE
  5
7FF
330
17
100
AcDbEntity
  8
EJE_VIA
100
AcDbPolyline
 90
3
 70
0
 10
358.90001085069446
 20
83.25000339084201
 10
360.2666897243924
 20
83.93333435058594
 10
359.1999986436632
 20
82.85000271267361
  0
LWPOLYLINE
  5
800
330
17
100
AcDbEntity
  8
EJE_VIA
100
AcDbPolyline
 90
3
 70
0
 10
359.04998779296875
 20
83.04999457465279
 10
356.0333251953125
 20
80.84999084472656
 10
356.0333251953125
 20
79.93332756890192
  0
LWPOLYLINE
  5
801
330
17
100
AcDbEntity
  8
EJE_VIA
100
AcDbPolyline
 90
3
 70
0
 10
351.16665310329864
 20
93.25000339084202
 10
352.4666680230035
 20
94.0166727701823
 10
351.4833238389757
 20
92.86666870117188
  0
LWPOLYLINE
  5
802
330
17
100
AcDbEntity
  8
EJE_VIA
100
AcDbPolyline
 90
3
 70
0
 10
351.31666395399304
 20
93.06666056315105
 10
336.53333875868054
 20
80.69999694824219
 10
334.6166653103299
 20
80.69999694824219
  0
LWPOLYLINE
  5
803
330
17
100
AcDbEntity
  8
EJE_VIA
100
AcDbPolyline
 90
21
 70
0
 10
403.26666937934027
 20
100.35000271267361
 10
403.1833224826389
 20
100.4666731092665
 10
403.0000135633681
 20
100.60000101725261
 10
402.862749364641
 20
100.64002845022414
 10
402.71971384684247
 20
100.66328472561307
 10
402.5749489996169
 20
100.66797296206157
 10
402.4324968126085
 20
100.65229627821181
 10
402.29639927546185
 20
100.61445779270596
 10
402.1706983778212
 20
100.5526606241862
 10
402.05943610933093
 20
100.46510789129469
 10
401.96665445963544
 20
100.35000271267361
 10
401.8833414713542
 20
100.16666836208768
 10
401.8833414713542
 20
99.85000610351562
 10
401.96665445963544
 20
99.66667175292969
 10
402.06668429904516
 20
99.53333536783855
 10
402.249993218316
 20
99.41667344835069
 10
402.43333604600696
 20
99.35000101725261
 10
402.8166707356771
 20
99.35000101725261
 10
403.0000135633681
 20
99.41667344835069
 10
403.1833224826389
 20
99.53333536783855
 10
403.26666937934027
 20
99.66667175292969
  0
LWPOLYLINE
  5
804
330
17
100
AcDbEntity
  8
EJE_VIA
100
AcDbPolyline
 90
3
 70
0
 10
402.9499986436632
 20
101.000001695421
 10
402.21666124131946
 20
98.999998304579
 10
403.3666653103299
 20
98.999998304579
  0
LWPOLYLINE
  5
805
330
17
100
AcDbEntity
  8
EJE_VIA
100
AcDbPolyline
 90
19
 70
0
 10
360.01668294270837
 20
155.15001085069446
 10
359.88335503472223
 20
155.06668090820312
 10
359.74818573229845
 20
154.76321280002594
 10
359.69041658772363
 20
154.5002071062724
 10
359.69899049235715
 20
154.27766382694244
 10
359.76285033755835
 20
154.09558296203613
 10
359.8709390146865
 20
153.95396451155347
 10
360.01219941510095
 20
153.85280847549438
 10
360.1755744301611
 20
153.79211485385895
 10
360.35000695122613
 20
153.77188364664715
 10
360.5244398696555
 20
153.79211485385895
 10
360.68781607680853
 20
153.85280847549438
 10
360.82907846404447
 20
153.95396451155347
 10
360.9371699227227
 20
154.09558296203613
 10
361.0010333442026
 20
154.27766382694244
 10
361.0096116198434
 20
154.5002071062724
 10
360.95184764100446
 20
154.76321280002594
 10
360.81668429904516
 20
155.06668090820312
 10
360.683356391059
 20
155.15001085069446
  0
LWPOLYLINE
  5
806
330
17
100
AcDbEntity
  8
EJE_VIA
100
AcDbPolyline
 90
3
 70
0
 10
359.35000949435766
 20
154.83334011501736
 10
361.3499959309896
 20
154.10000271267361
 10
361.3499959309896
 20
155.23334079318576
  0
LWPOLYLINE
  5
807
330
17
100
AcDbEntity
  8
EJE_VIA
100
AcDbPolyline
 90
7
 70
0
 10
332.3666720920139
 20
154.9166700575087
 10
330.183342827691
 20
156.11667209201389
 10
327.9499986436632
 20
157.25001017252606
 10
325.71668836805554
 20
158.3499993218316
 10
323.43332926432294
 20
159.3666754828559
 10
321.13335503472223
 20
160.35000271267361
 10
318.81666395399304
 20
161.26666598849826
  0
LWPOLYLINE
  5
808
330
17
100
AcDbEntity
  8
EJE_VIA
100
AcDbPolyline
 90
19
 70
0
 10
331.85000949435766
 20
152.5
 10
332.1333482530382
 20
152.5499979654948
 10
332.30968368550145
 20
152.61771543986268
 10
332.46894829803045
 20
152.70503871970706
 10
332.61059526767997
 20
152.80979009966057
 10
332.73407777150476
 20
152.92979187435574
 10
332.83884898655947
 20
153.0628663384252
 10
332.92436208989886
 20
153.20683578650159
 10
332.9900702585777
 20
153.3595225132174
 10
333.03542666965063
 20
153.5187488132053
 10
333.0598845001724
 20
153.68233698109788
 10
333.0628969271978
 20
153.84810931152768
 10
333.04391712778147
 20
154.01388809912734
 10
333.00239827897815
 20
154.17749563852948
 10
332.9377935578426
 20
154.33675422436662
 10
332.8495561414295
 20
154.4894861512714
 10
332.7371392067936
 20
154.63351371387643
 10
332.5999959309896
 20
154.76665920681424
 10
332.3666720920139
 20
154.9166700575087
  0
LWPOLYLINE
  5
809
330
17
100
AcDbEntity
  8
EJE_VIA
100
AcDbPolyline
 90
59
 70
0
 10
411.683349609375
 20
144.10000271267361
 10
412.48335096571185
 20
144.05000474717883
 10
412.88333468967016
 20
144.05000474717883
 10
413.33971682522036
 20
144.0625795018342
 10
413.7970428996616
 20
144.11425825622348
 10
414.25305330091055
 20
144.20299873169927
 10
414.7054884168837
 20
144.32675864961413
 10
415.15208863549765
 20
144.48349573132066
 10
415.59059434466894
 20
144.67116769817142
 10
416.0187459323142
 20
144.88773227151898
 10
416.43428378634985
 20
145.13114717271594
 10
416.8349482946926
 20
145.39937012311486
 10
417.21847984525897
 20
145.69035884406833
 10
417.5826188259655
 20
146.0020710569289
 10
417.92510562472876
 20
146.3324644830492
 10
418.24368062946536
 20
146.67949684378175
 10
418.5360842280918
 20
147.04112586047916
 10
418.8000568085247
 20
147.415309254494
 10
419.0333387586806
 20
147.80000474717883
 10
419.20003255208337
 20
148.1666734483507
 10
419.33336046006946
 20
148.53334214952258
 10
419.433356391059
 20
148.90001085069446
 10
419.4757298462921
 20
149.09287155916294
 10
419.5097084840139
 20
149.29796917570962
 10
419.5357316897975
 20
149.51351046976117
 10
419.55423884921606
 20
149.73770221074423
 10
419.5656693478426
 20
149.96875116808548
 10
419.57046257125006
 20
150.20486411121158
 10
419.56905790501173
 20
150.44424780954918
 10
419.56189473470056
 20
150.68510903252496
 10
419.5494124458896
 20
150.9256545495656
 10
419.532050424152
 20
151.16409113009772
 10
419.51024805506074
 20
151.398625543548
 10
419.4844447241889
 20
151.62746455934314
 10
419.45507981710966
 20
151.84881494690976
 10
419.422592719396
 20
152.06088347567453
 10
419.3874228166209
 20
152.26187691506414
 10
419.35000949435766
 20
152.45000203450522
 10
419.1666666666667
 20
153.2166714138455
 10
418.9666748046875
 20
153.98334079318576
 10
418.81735250353813
 20
154.45726953446865
 10
418.65014910697937
 20
154.9248946375317
 10
418.4677757322788
 20
155.38700223796897
 10
418.2729434967041
 20
155.8443784713745
 10
418.0683635175228
 20
156.29780947334237
 10
417.85674691200256
 20
156.74808137946658
 10
417.64080479741096
 20
157.19598032534122
 10
417.4232482910156
 20
157.64229244656033
 10
417.20678851008415
 20
158.08780387871795
 10
416.99413657188416
 20
158.53330075740814
 10
416.78800359368324
 20
158.97956921822495
 10
416.591100692749
 20
159.42739539676242
 10
416.4061389863491
 20
159.87756542861462
 10
416.2358295917511
 20
160.33086544937558
 10
416.0828836262226
 20
160.78808159463935
 10
415.95001220703125
 20
161.25
 10
415.7500203450521
 20
162.01666937934027
 10
415.616692437066
 20
162.78333875868057
 10
415.4833645290799
 20
163.5666741265191
  0
LWPOLYLINE
  5
80A
330
17
100
AcDbEntity
  8
EJE_VIA
100
AcDbPolyline
 90
78
 70
0
 10
412.750006781684
 20
144.05000474717883
 10
413.68333604600696
 20
144.0666707356771
 10
414.1500176323785
 20
144.0666707356771
 10
414.6166653103299
 20
144.03333875868057
 10
414.8299103892512
 20
144.0012375306752
 10
415.0390359428194
 20
143.96373440821966
 10
415.24407013422916
 20
143.9204338896606
 10
415.4450411266751
 20
143.8709404733446
 10
415.6419770833519
 20
143.81485865761837
 10
415.8349061674542
 20
143.75179294082855
 10
416.0238565421767
 20
143.68134782132176
 10
416.208856370714
 20
143.60312779744467
 10
416.3899338162608
 20
143.51673736754393
 10
416.5671170420117
 20
143.42178102996616
 10
416.7404342111614
 20
143.31786328305802
 10
416.9099134869046
 20
143.20458862516617
 10
417.0755830324359
 20
143.08156155463723
 10
417.2374710109499
 20
142.94838656981787
 10
417.39560558564136
 20
142.80466816905474
 10
417.5500149197049
 20
142.65001085069446
 10
417.85000271267364
 20
142.30000813802084
 10
418.1333414713542
 20
141.9166734483507
 10
418.30238753722773
 20
141.6298744413588
 10
418.45084620846643
 20
141.33729378382367
 10
418.5803824911515
 20
141.03940632608203
 10
418.6926613913642
 20
140.7366869184706
 10
418.78934791518583
 20
140.4296104113261
 10
418.87210706869763
 20
140.11865165498523
 10
418.9426038579808
 20
139.8042854997847
 10
419.00250328911676
 20
139.48698679606122
 10
419.05347036818665
 20
139.1672303941515
 10
419.09717010127173
 20
138.84549114439224
 10
419.13526749445333
 20
138.52224389712018
 10
419.1694275538127
 20
138.197963502672
 10
419.201315285431
 20
137.87312481138443
 10
419.23259569538965
 20
137.54820267359418
 10
419.2649337897698
 20
137.22367193963794
 10
419.29999457465277
 20
136.90000745985245
 10
419.3833414713542
 20
135.9666697184245
 10
419.45000542534723
 20
135.0166744656033
 10
419.45000542534723
 20
134.08333672417535
 10
419.433356391059
 20
133.63333808051215
 10
419.41990554332733
 20
133.36780830803846
 10
419.39843548668756
 20
133.10462325811386
 10
419.3694417344199
 20
132.84357538239823
 10
419.3334197998047
 20
132.58445713255142
 10
419.29086519612207
 20
132.3270609602332
 10
419.2422734366523
 20
132.07117931710349
 10
419.1881400346756
 20
131.8166046548221
 10
419.12896050347223
 20
131.56312942504883
 10
419.0652303563224
 20
131.31054607944355
 10
418.99744510650635
 20
131.05864706966614
 10
418.9261002673043
 20
130.80722484737635
 10
418.8516913519965
 20
130.55607186423407
 10
418.7747138738632
 20
130.30498057189916
 10
418.69566334618463
 20
130.0537434220314
 10
418.61503528224097
 20
129.80215286629067
 10
418.5333251953125
 20
129.55000135633682
 10
417.5833468967014
 20
126.90000745985243
 10
417.4831354452504
 20
126.61342132008738
 10
417.38771531316974
 20
126.32954885562262
 10
417.2974050872856
 20
126.04784197691414
 10
417.2125233544244
 20
125.767752594418
 10
417.13338870141246
 20
125.4887326185902
 10
417.06031971507605
 20
125.21023395988676
 10
416.99363498224153
 20
124.93170852876372
 10
416.9336530897353
 20
124.65260823567709
 10
416.8806926243835
 20
124.37238499108288
 10
416.83507217301263
 20
124.09049070543713
 10
416.797110322449
 20
123.80637728919586
 10
416.7671256595188
 20
123.51949665281508
 10
416.74543677104845
 20
123.22930070675082
 10
416.7323622438643
 20
122.9352413614591
 10
416.7282206647926
 20
122.63677052739594
 10
416.73333062065973
 20
122.33334011501736
 10
416.76666259765625
 20
121.38333638509116
 10
416.83332655164935
 20
120.45000712076823
 10
417.0000203450521
 20
118.58334011501736
  0
LWPOLYLINE
  5
80B
330
17
100
AcDbEntity
  8
EJE_VIA
100
AcDbPolyline
 90
3
 70
0
 10
415.4666476779514
 20
162.05000135633682
 10
415.48333062065973
 20
163.5666741265191
 10
415.96666124131946
 20
162.11666531032986
  0
LWPOLYLINE
  5
80C
330
17
100
AcDbEntity
  8
EJE_VIA
100
AcDbPolyline
 90
3
 70
0
 10
417.1333482530382
 20
120.09999593098959
 10
417.0000203450521
 20
118.58333163791234
 10
416.63333468967016
 20
120.06666395399306
  0
LWPOLYLINE
  5
80D
330
17
100
AcDbEntity
  8
EJE_VIA
100
AcDbPolyline
 90
3
 70
0
 10
375.39998372395837
 20
115.36666870117188
 10
382.1333143446181
 20
124.16666666666667
 10
388.75
 20
124.18333265516493
  0
LWPOLYLINE
  5
80E
330
17
100
AcDbEntity
  8
EJE_VIA
100
AcDbPolyline
 90
10
 70
0
 10
399.949951171875
 20
76.33332146538629
 10
399.8166232638889
 20
76.2333255343967
 10
399.699944390191
 20
76.2333255343967
 10
399.68329535590277
 20
76.43331739637587
 10
399.8166232638889
 20
76.53332180447049
 10
399.9332682291667
 20
76.53332180447049
 10
399.9832831488715
 20
76.43331739637587
 10
399.88328721788196
 20
76.11665513780382
 10
399.699944390191
 20
75.91665479871962
 10
399.44993760850696
 20
75.81665886773004
  0
LWPOLYLINE
  5
80F
330
17
100
AcDbEntity
  8
EJE_VIA
100
AcDbPolyline
 90
59
 70
0
 10
321.0166761610243
 20
144.10000271267361
 10
320.23335774739587
 20
144.05000474717883
 10
319.8333401150174
 20
144.05000474717883
 10
319.37635969784526
 20
144.06396046694783
 10
318.918577697542
 20
144.11622063981162
 10
318.46224031514595
 20
144.20487486239938
 10
318.00959375169543
 20
144.3280127313402
 10
317.56288420822887
 20
144.48372384326325
 10
317.1243578857846
 20
144.6700977947977
 10
316.69626098540095
 20
144.88522418257264
 10
316.28083970811633
 20
145.12719260321722
 10
315.8803402549691
 20
145.39409265336064
 10
315.49700882699756
 20
145.684013929632
 10
315.1330916252401
 20
145.9950460286604
 10
314.79083485073517
 20
146.32527854707507
 10
314.472484704521
 20
146.6728010815051
 10
314.180287387636
 20
147.03570322857962
 10
313.91648910111854
 20
147.41207458492784
 10
313.68333604600696
 20
147.80000474717883
 10
313.5166761610243
 20
148.1666734483507
 10
313.3666653103299
 20
148.53334214952258
 10
313.26666937934027
 20
148.90001085069446
 10
313.2247269070811
 20
149.12017179032168
 10
313.1909422741996
 20
149.34119376871323
 10
313.1649442927705
 20
149.56294123497275
 10
313.14636177486847
 20
149.78527863820395
 10
313.1348235325681
 20
150.0080704275105
 10
313.1299583779441
 20
150.23118105199603
 10
313.1313951230712
 20
150.45447496076426
 10
313.13876258002387
 20
150.67781660291885
 10
313.15168956087695
 20
150.90107042756347
 10
313.1698048777051
 20
151.1241008838018
 10
313.1927373425828
 20
151.3467724207375
 10
313.2201157675849
 20
151.56894948747424
 10
313.25156896478603
 20
151.79049653311571
 10
313.28672574626074
 20
152.0112780067656
 10
313.3252149240838
 20
152.23115835752753
 10
313.3666653103299
 20
152.45000203450522
 10
313.53335910373266
 20
153.2166714138455
 10
313.75
 20
153.98334079318576
 10
313.90197061002254
 20
154.4676448404789
 10
314.07020429770154
 20
154.94102623727588
 10
314.2522609978914
 20
155.40496447020107
 10
314.4457006454468
 20
155.8609390258789
 10
314.6480831752221
 20
156.3104293909338
 10
314.85696852207184
 20
156.75491505199008
 10
315.06991662085056
 20
157.19587549567223
 10
315.2844874064128
 20
157.6347902086046
 10
315.49824081361294
 20
158.0731386774116
 10
315.7087367773056
 20
158.51240038871765
 10
315.9135352323453
 20
158.95405482914714
 10
316.1101961135864
 20
159.39958148532443
 10
316.2962793558836
 20
159.85045984387398
 10
316.4693448940913
 20
160.30816939142017
 10
316.626952663064
 20
160.77418961458736
 10
316.76666259765625
 20
161.25
 10
316.95000542534723
 20
162.01666937934027
 10
317.1000162760417
 20
162.78333875868057
 10
317.21666124131946
 20
163.5666741265191
  0
LWPOLYLINE
  5
810
330
17
100
AcDbEntity
  8
EJE_VIA
100
AcDbPolyline
 90
59
 70
0
 10
319.9666680230035
 20
144.05000474717883
 10
319.03333875868054
 20
144.0666707356771
 10
318.566657172309
 20
144.0666707356771
 10
317.9159027669165
 20
144.0045187291172
 10
317.31890122095746
 20
143.887090616756
 10
316.77370922433005
 20
143.7171439578136
 10
316.2783834669325
 20
143.4974363115099
 10
315.830980638663
 20
143.2307252370649
 10
315.4295574294196
 20
142.91976829369864
 10
315.0721705291006
 20
142.5673230406311
 10
314.7568766276042
 20
142.17614703708225
 10
314.4817324148284
 20
141.74899784227213
 10
314.2447945806715
 20
141.28863301542071
 10
314.0441198150317
 20
140.79781011574798
 10
313.87776480780707
 20
140.27928670247397
 10
313.74378624889584
 20
139.73582033481864
 10
313.6402408281962
 20
139.17016857200198
 10
313.5651852356063
 20
138.58508897324404
 10
313.5166761610243
 20
137.98333909776477
 10
313.41668023003473
 20
137.03333536783856
 10
313.33333333333337
 20
136.10000610351562
 10
313.26666937934027
 20
135.16666836208768
 10
313.2536775701576
 20
134.86964530001086
 10
313.2466502984365
 20
134.57623624139362
 10
313.24569256769286
 20
134.28605790353484
 10
313.2509093814426
 20
133.99872700373334
 10
313.2624057432016
 20
133.71386025928788
 10
313.28028665648566
 20
133.43107438749738
 10
313.3046571248108
 20
133.14998610566062
 10
313.33562215169275
 20
132.87021213107639
 10
313.3732867406474
 20
132.59136918104358
 10
313.4177558951908
 20
132.313073972861
 10
313.46913461883867
 20
132.0349432238274
 10
313.5275279151069
 20
131.75659365124173
 10
313.5930407875114
 20
131.47764197240275
 10
313.6657782395681
 20
131.19770490460925
 10
313.74584527479277
 20
130.91639916516013
 10
313.8333468967014
 20
130.63334147135419
 10
314.1166517469618
 20
129.75000169542102
 10
315.35000271267364
 20
126.25
 10
315.4217074977027
 20
126.01163619508347
 10
315.4893853929308
 20
125.77962070703506
 10
315.55298156208465
 20
125.55294524878263
 10
315.61244116889105
 20
125.330601533254
 10
315.6677093770769
 20
125.11158127337694
 10
315.71873135036896
 20
124.89487618207932
 10
315.76545225249396
 20
124.67947797228894
 10
315.80781724717883
 20
124.4643783569336
 10
315.8457714981503
 20
124.24856904894114
 10
315.8792601691352
 20
124.03104176123938
 10
315.90822842386035
 20
123.81078820675611
 10
315.93262142605255
 20
123.58680009841919
 10
315.95238433943854
 20
123.35806914915642
 10
315.96746232774524
 20
123.1235870718956
 10
315.9778005546994
 20
122.88234557956457
 10
315.98334418402777
 20
122.63333638509116
 10
315.95001220703125
 20
121.70000712076823
 10
315.8999972873264
 20
120.76666937934029
 10
315.74998643663196
 20
118.91666836208768
  0
LWPOLYLINE
  5
811
330
17
100
AcDbEntity
  8
EJE_VIA
100
AcDbPolyline
 90
3
 70
0
 10
317.249993218316
 20
162.05000135633682
 10
317.21666124131946
 20
163.5666741265191
 10
316.74997965494794
 20
162.11666531032986
  0
LWPOLYLINE
  5
812
330
17
100
AcDbEntity
  8
EJE_VIA
100
AcDbPolyline
 90
3
 70
0
 10
315.60000949435766
 20
120.43333265516493
 10
315.7500203450521
 20
118.91666836208768
 10
316.1000230577257
 20
120.40000067816841
  0
LWPOLYLINE
  5
813
330
17
100
AcDbEntity
  8
EJE_VIA
100
AcDbPolyline
 90
3
 70
0
 10
109.55000983344185
 20
166.44999186197919
 10
105.4666731092665
 20
167.93333265516495
 10
103.25001186794705
 20
167.89998372395834
  0
LWPOLYLINE
  5
814
330
17
100
AcDbEntity
  8
EJE_VIA
100
AcDbPolyline
 90
3
 70
0
 10
111.85000949435765
 20
136.66666666666669
 10
113.35000779893663
 20
136.88333299424914
 10
112.00001186794705
 20
136.18333604600696
  0
LWPOLYLINE
  5
815
330
17
100
AcDbEntity
  8
EJE_VIA
100
AcDbPolyline
 90
3
 70
0
 10
111.9333224826389
 20
136.4333258734809
 10
101.59998575846355
 20
133.06666056315106
 10
99.91665310329861
 20
132.96665615505643
  0
LWPOLYLINE
  5
816
330
17
100
AcDbEntity
  8
EJE_VIA
100
AcDbPolyline
 90
3
 70
0
 10
335.0333319769965
 20
107.43333604600694
 10
334.5333184136285
 20
107.43333604600694
 10
334.7833251953125
 20
105.93333774142796
  0
LWPOLYLINE
  5
817
330
17
100
AcDbEntity
  8
EJE_VIA
100
AcDbPolyline
 90
3
 70
0
 10
335.0333319769965
 20
97.13333129882812
 10
334.5333184136285
 20
97.13333129882812
 10
334.7833251953125
 20
98.63332960340712
  0
LWPOLYLINE
  5
818
330
17
100
AcDbEntity
  8
EJE_VIA
100
AcDbPolyline
 90
3
 70
0
 10
365.01668294270837
 20
116.39999389648438
 10
365.5166965060764
 20
116.39999389648438
 10
365.2666897243924
 20
114.89999559190538
  0
LWPOLYLINE
  5
819
330
17
100
AcDbEntity
  8
EJE_VIA
100
AcDbPolyline
 90
3
 70
0
 10
365.01668294270837
 20
149.74999321831598
 10
365.5166965060764
 20
149.74999321831598
 10
365.2666897243924
 20
151.25
  0
LWPOLYLINE
  5
81A
330
17
100
AcDbEntity
  8
EJE_VIA
100
AcDbPolyline
 90
3
 70
0
 10
77.78333875868056
 20
183.58334011501736
 10
77.78333875868056
 20
183.40001424153647
 10
84.06667073567709
 20
183.5666741265191
  0
LWPOLYLINE
  5
81B
330
17
100
AcDbEntity
  8
EJE_VIA
100
AcDbPolyline
 90
3
 70
0
 10
77.78333875868056
 20
183.39999728732639
 10
84.06667073567709
 20
183.56665717230905
 10
84.06667073567709
 20
183.39999728732639
  0
LWPOLYLINE
  5
81C
330
17
100
AcDbEntity
  8
EJE_VIA
100
AcDbPolyline
 90
39
 70
0
 10
84.10000271267361
 20
183.48332722981772
 10
84.06667073567709
 20
183.93332587348092
 10
83.96666632758247
 20
184.36665852864584
 10
83.73701858644685
 20
184.93412269072402
 10
83.4348614845011
 20
185.41860524151062
 10
83.07131197096574
 20
185.82090088476738
 10
82.65748699506125
 20
186.14180432425607
 10
82.20450350600812
 20
186.38211026373838
 10
81.72347845302689
 20
186.54261340697607
 10
81.22552878533801
 20
186.6241084577309
 10
80.721771452162
 20
186.62739011976456
 10
80.22332340271937
 20
186.5532530968388
 10
79.7413015862306
 20
186.4024920927154
 10
79.28682295191619
 20
186.17590181115602
 10
78.87100444899666
 20
185.87427695592245
 10
78.50496302669248
 20
185.49841223077644
 10
78.19981563422415
 20
185.04910233947967
 10
77.9666792208122
 20
184.52714198579392
 10
77.81667073567709
 20
183.93332587348092
 10
77.78333875868056
 20
183.48332722981772
 10
77.81667073567709
 20
183.0333285861545
 10
77.96511431949007
 20
182.44039294620356
 10
78.19734457466338
 20
181.9192926751243
 10
78.5021481042107
 20
181.47080168955856
 10
78.8683115111457
 20
181.09569390614828
 10
79.28462139848206
 20
180.79474324153531
 10
79.73986436923346
 20
180.56872361236148
 10
80.22282702641355
 20
180.41840893526873
 10
80.72229597303603
 20
180.3445731268989
 10
81.22705781211457
 20
180.3479901038938
 10
81.72589914666283
 20
180.42943378289542
 10
82.20760657969448
 20
180.58967808054555
 10
82.66096671422324
 20
180.82949691348605
 10
83.07476615326273
 20
181.14966419835886
 10
83.43779149982664
 20
181.55095385180582
 10
83.73882935692868
 20
182.03413979046874
 10
83.96666632758247
 20
182.5999959309896
 10
84.06667073567709
 20
183.0333285861545
 10
84.10000271267361
 20
183.48332722981772
  0
LWPOLYLINE
  5
81D
330
17
100
AcDbEntity
  8
EJE_VIA
100
AcDbPolyline
 90
3
 70
0
 10
105.05001491970486
 20
269.6333482530382
 10
105.55001152886285
 20
269.6333482530382
 10
105.30001322428386
 20
271.13335503472223
  0
LWPOLYLINE
  5
81E
330
17
100
AcDbEntity
  8
EJE_VIA
100
AcDbPolyline
 90
3
 70
0
 10
105.05001491970486
 20
264.08331976996527
 10
105.55001152886285
 20
264.08331976996527
 10
105.30001322428386
 20
262.58331298828125
  0
LWPOLYLINE
  5
81F
330
17
100
AcDbEntity
  8
EJE_VIA
100
AcDbPolyline
 90
3
 70
0
 10
219.58333333333334
 20
269.3333265516493
 10
220.08332994249133
 20
269.3333265516493
 10
219.83334011501736
 20
270.83333333333337
  0
LWPOLYLINE
  5
820
330
17
100
AcDbEntity
  8
EJE_VIA
100
AcDbPolyline
 90
3
 70
0
 10
219.58333333333334
 20
264.1666666666667
 10
220.08332994249133
 20
264.1666666666667
 10
219.83334011501736
 20
262.66665988498266
  0
LWPOLYLINE
  5
821
330
17
100
AcDbEntity
  8
EJE_VIA
100
AcDbPolyline
 90
3
 70
0
 10
86.26666598849826
 20
162.58332994249133
 10
87.00000339084201
 20
164.58333333333334
 10
88.23332892523872
 20
164.58333333333334
  0
LWPOLYLINE
  5
822
330
17
100
AcDbEntity
  8
EJE_VIA
100
AcDbPolyline
 90
3
 70
0
 10
90.0666724310981
 20
162.56666395399307
 10
90.80000983344185
 20
164.56666734483508
 10
92.05000983344185
 20
164.56666734483508
  0
LWPOLYLINE
  5
823
330
17
100
AcDbEntity
  8
EJE_VIA
100
AcDbPolyline
 90
34
 70
0
 10
93.10000949435765
 20
164.56666734483508
 10
92.86667717827692
 20
164.4666714138455
 10
92.60001288519966
 20
164.2833285861545
 10
92.45950957139334
 20
164.11321414841547
 10
92.38706329630482
 20
164.01107021503978
 10
92.31605105929906
 20
163.9000627729628
 10
92.2486456980308
 20
163.78208754791154
 10
92.1870200501548
 20
163.65904026561313
 10
92.13334695332581
 20
163.53281665179466
 10
92.08979924519858
 20
163.40531243218317
 10
92.05854976342785
 20
163.27842333250575
 10
92.04177134566838
 20
163.15404507848953
 10
92.04163682957491
 20
163.03407339586153
 10
92.0603190528022
 20
162.92040401034885
 10
92.099990853005
 20
162.8149326476786
 10
92.25099453495609
 20
162.6361668937736
 10
92.3666720920139
 20
162.56666395399307
 10
92.73334079318577
 20
162.56666395399307
 10
92.9666731092665
 20
162.66665988498264
 10
93.16068238682217
 20
162.79443015654883
 10
93.34967136383057
 20
162.98205084270901
 10
93.4381268090672
 20
163.09329414119324
 10
93.5203394624922
 20
163.2134869032436
 10
93.59464675188065
 20
163.34062474883265
 10
93.6593861050076
 20
163.47270329793295
 10
93.71289494964812
 20
163.60771817051702
 10
93.75351071357727
 20
163.74366498655743
 10
93.77957082457013
 20
163.87853936602673
 10
93.78941271040175
 20
164.01033692889743
 10
93.7813737988472
 20
164.13705329514212
 10
93.75379151768155
 20
164.25668408473334
 10
93.70500329467986
 20
164.3672249176436
 10
93.46667819552952
 20
164.56666734483508
 10
93.10000949435765
 20
164.56666734483508
  0
LWPOLYLINE
  5
824
330
17
100
AcDbEntity
  8
EJE_VIA
100
AcDbPolyline
 90
3
 70
0
 10
150.28333875868057
 20
185.73333740234375
 10
149.80000813802084
 20
187.18332926432294
 10
150.73333740234375
 20
185.9666781955295
  0
LWPOLYLINE
  5
825
330
17
100
AcDbEntity
  8
EJE_VIA
100
AcDbPolyline
 90
3
 70
0
 10
150.50001356336807
 20
185.8499993218316
 10
152.46668497721356
 20
182.14999728732639
 10
155.70000542534723
 20
182.14999728732639
  0
LWPOLYLINE
  5
826
330
17
100
AcDbEntity
  8
EJE_VIA
100
AcDbPolyline
 90
3
 70
0
 10
184.0166727701823
 20
147.96666463216147
 10
184.0166727701823
 20
147.78333875868057
 10
190.30000474717883
 20
147.96666463216147
  0
LWPOLYLINE
  5
827
330
17
100
AcDbEntity
  8
EJE_VIA
100
AcDbPolyline
 90
3
 70
0
 10
184.0166727701823
 20
147.78333875868057
 10
190.30000474717883
 20
147.96666463216147
 10
190.30000474717883
 20
147.78333875868057
  0
LWPOLYLINE
  5
828
330
17
100
AcDbEntity
  8
EJE_VIA
100
AcDbPolyline
 90
39
 70
0
 10
190.33333672417535
 20
147.88333468967014
 10
190.30000474717883
 20
148.33333333333334
 10
190.20000881618924
 20
148.76666598849826
 10
189.96946029778985
 20
149.33095154662928
 10
189.6661177939839
 20
149.81276518768735
 10
189.30118496633239
 20
150.21288321250015
 10
188.88586547639636
 20
150.53208192189535
 10
188.4313629857368
 20
150.7711376167006
 10
187.94888115591473
 20
150.93082659774356
 10
187.44962364849118
 20
151.01192516585192
 10
186.94479412502713
 20
151.0152096218533
 10
186.4455962470836
 20
150.9414562665754
 10
185.96323367622165
 20
150.79144140084586
 10
185.50891007400222
 20
150.56594132549233
 10
185.09382910198636
 20
150.2657323413425
 10
184.7291944217351
 20
149.89159074922404
 10
184.4262096948094
 20
149.44429284996457
 10
184.1960785827703
 20
148.92461494439178
 10
184.05000474717883
 20
148.33333333333334
 10
184.0166727701823
 20
147.88333468967014
 10
184.05000474717883
 20
147.43333604600696
 10
184.19618680245347
 20
146.8399364501238
 10
184.4257903761334
 20
146.3180958562427
 10
184.72774494853286
 20
145.86863089766769
 10
185.0909799999661
 20
145.49235820770264
 10
185.50442501074738
 20
145.19009441965156
 10
185.95700946119098
 20
144.96265616681842
 10
186.4376628316111
 20
144.81086008250713
 10
186.93531460232205
 20
144.7355228000217
 10
187.43889425363807
 20
144.73746095266608
 10
187.93733126587338
 20
144.8174911737442
 10
188.41955511934228
 20
144.97643009656005
 10
188.874495294359
 20
145.2150943544176
 10
189.2910812712378
 20
145.53430058062077
 10
189.65824253029294
 20
145.93486540847354
 10
189.96490855183868
 20
146.4176054712799
 10
190.20000881618924
 20
146.98333740234375
 10
190.30000474717883
 20
147.43333604600696
 10
190.33333672417535
 20
147.88333468967014
  0
LWPOLYLINE
  5
829
330
17
100
AcDbEntity
  8
EJE_VIA
100
AcDbPolyline
 90
11
 70
0
 10
236.18330213758682
 20
122.28334214952257
 10
235.5999755859375
 20
121.86667548285591
 10
234.93330213758682
 20
121.2166765001085
 10
234.1832987467448
 20
120.36667717827692
 10
233.58330620659723
 20
119.30001152886285
 10
233.26663547092014
 20
118.43334621853299
 10
233.08330959743924
 20
117.3666720920139
 10
233.1999715169271
 20
116.50000678168404
 10
233.39996337890625
 20
115.8666737874349
 10
233.66663614908856
 20
115.43334113226997
 10
233.88329399956598
 20
115.43334113226997
  0
LWPOLYLINE
  5
82A
330
17
100
AcDbEntity
  8
EJE_VIA
100
AcDbPolyline
 90
11
 70
0
 10
236.18330213758682
 20
122.28334214952257
 10
236.39997694227432
 20
122.28334214952257
 10
235.79996744791669
 20
121.86667548285591
 10
235.14997694227432
 20
121.2166765001085
 10
234.3999735514323
 20
120.36667717827692
 10
233.79996405707467
 20
119.30001152886285
 10
233.48331027560764
 20
118.43334621853299
 10
233.29996744791669
 20
117.3666720920139
 10
233.4166293674045
 20
116.50000678168404
 10
233.61663818359375
 20
115.8666737874349
 10
233.88329399956598
 20
115.43334113226997
  0
LWPOLYLINE
  5
82B
330
17
100
AcDbEntity
  8
EJE_VIA
100
AcDbPolyline
 90
11
 70
0
 10
241.9666205512153
 20
122.26667616102431
 10
242.23329332139758
 20
121.85000949435765
 10
242.43328518337674
 20
121.20001051161024
 10
242.5499471028646
 20
120.35001118977866
 10
242.3666212293837
 20
119.26667955186632
 10
242.0499504937066
 20
118.41668023003473
 10
241.44995795355905
 20
117.35000610351562
 10
240.699954562717
 20
116.48334079318577
 10
240.03328111436633
 20
115.85000779893663
 10
239.449954562717
 20
115.41667514377171
 10
239.66661241319446
 20
115.41667514377171
  0
LWPOLYLINE
  5
82C
330
17
100
AcDbEntity
  8
EJE_VIA
100
AcDbPolyline
 90
11
 70
0
 10
241.9666205512153
 20
122.26667616102431
 10
242.1832953559028
 20
122.26667616102431
 10
242.449951171875
 20
121.85000949435765
 10
242.64995998806424
 20
121.20001051161024
 10
242.74995591905383
 20
120.35001118977866
 10
242.58327907986111
 20
119.26667955186632
 10
242.2666252983941
 20
118.41668023003473
 10
241.66661580403647
 20
117.35000610351562
 10
240.91661241319446
 20
116.48334079318577
 10
240.24995591905383
 20
115.85000779893663
 10
239.66661241319446
 20
115.41667514377171
  0
LWPOLYLINE
  5
82D
330
17
100
AcDbEntity
  8
EJE_VIA
100
AcDbPolyline
 90
11
 70
0
 10
235.29991997612848
 20
214.98333401150174
 10
234.71659342447919
 20
214.55000135633682
 10
234.04991997612848
 20
213.89999389648438
 10
233.29991658528647
 20
213.0499945746528
 10
232.69992404513889
 20
211.98333740234375
 10
232.38325330946182
 20
211.13333808051217
 10
232.19992743598092
 20
210.0499979654948
 10
232.31658935546875
 20
209.1999986436632
 10
232.51658121744794
 20
208.55000813802084
 10
232.78325398763022
 20
208.11667548285592
 10
232.99991183810764
 20
208.11667548285592
  0
LWPOLYLINE
  5
82E
330
17
100
AcDbEntity
  8
EJE_VIA
100
AcDbPolyline
 90
11
 70
0
 10
235.29991997612848
 20
214.98333401150174
 10
235.51659478081598
 20
214.98333401150174
 10
234.91658528645834
 20
214.55000135633682
 10
234.26659478081598
 20
213.89999389648438
 10
233.51659138997397
 20
213.0499945746528
 10
232.91658189561633
 20
211.98333740234375
 10
232.59992811414932
 20
211.11667209201389
 10
232.41658528645834
 20
210.0499979654948
 10
232.5332472059462
 20
209.1999986436632
 10
232.73325602213544
 20
208.55000813802084
 10
232.99991183810764
 20
208.11667548285592
  0
LWPOLYLINE
  5
82F
330
17
100
AcDbEntity
  8
EJE_VIA
100
AcDbPolyline
 90
11
 70
0
 10
241.51658799913196
 20
214.96666802300348
 10
241.78326076931424
 20
214.53333536783856
 10
241.96658664279514
 20
213.88332790798611
 10
242.083248562283
 20
213.0333285861545
 10
241.91658867730035
 20
211.9666714138455
 10
241.59991794162326
 20
211.10000610351562
 10
240.98325941297745
 20
210.03333197699655
 10
240.2499220106337
 20
209.18333265516495
 10
239.583248562283
 20
208.53334214952258
 10
238.9999220106337
 20
208.11667548285592
 10
239.21657986111111
 20
208.11667548285592
  0
LWPOLYLINE
  5
830
330
17
100
AcDbEntity
  8
EJE_VIA
100
AcDbPolyline
 90
11
 70
0
 10
241.51658799913196
 20
214.96666802300348
 10
241.71657986111111
 20
214.96666802300348
 10
241.99991861979169
 20
214.53333536783856
 10
242.18326144748264
 20
213.88332790798611
 10
242.2999233669705
 20
213.0333285861545
 10
242.1332465277778
 20
211.9666714138455
 10
241.81659274631076
 20
211.10000610351562
 10
241.19991726345486
 20
210.03333197699655
 10
240.46657986111111
 20
209.18333265516495
 10
239.7999233669705
 20
208.53334214952258
 10
239.21657986111111
 20
208.11667548285592
  0
LWPOLYLINE
  5
831
330
17
100
AcDbEntity
  8
EJE_VIA
100
AcDbPolyline
 90
9
 70
0
 10
288.64993625217016
 20
209.36665852864584
 10
289.19993082682294
 20
209.14998372395834
 10
289.3499416775174
 20
208.93332587348092
 10
289.3999226888021
 20
208.49999321831598
 10
289.1665988498264
 20
207.86665174696182
 10
288.7999471028646
 20
207.43331909179688
 10
288.4999254014757
 20
207.21666124131946
 10
287.78327094184027
 20
207.01665242513022
 10
286.06658935546875
 20
207.01665242513022
  0
LWPOLYLINE
  5
832
330
17
100
AcDbEntity
  8
EJE_VIA
100
AcDbPolyline
 90
3
 70
0
 10
328.11665852864587
 20
177.98333062065973
 10
328.11665852864587
 20
177.80000474717883
 10
334.3999905056424
 20
177.98333062065973
  0
LWPOLYLINE
  5
833
330
17
100
AcDbEntity
  8
EJE_VIA
100
AcDbPolyline
 90
3
 70
0
 10
328.11665852864587
 20
177.80000474717883
 10
334.3999905056424
 20
177.98333062065973
 10
334.3999905056424
 20
177.80000474717883
  0
LWPOLYLINE
  5
834
330
17
100
AcDbEntity
  8
EJE_VIA
100
AcDbPolyline
 90
39
 70
0
 10
334.4333224826389
 20
177.88333468967014
 10
334.3999905056424
 20
178.33333333333334
 10
334.29999457465277
 20
178.78333197699655
 10
334.0715052104659
 20
179.34866269429526
 10
333.7696854935752
 20
179.83139647377863
 10
333.4057951884137
 20
180.23227678404916
 10
332.99109405941437
 20
180.55204709370932
 10
332.5368418710099
 20
180.79145087136163
 10
332.0542983876334
 20
180.9512315856086
 10
331.55472337371776
 20
181.0321327050527
 10
331.04937659369574
 20
181.03489769829645
 10
330.5495178120004
 20
180.96027003394235
 10
330.0664067930646
 20
180.80899318059286
 10
329.61130330132113
 20
180.58181060685052
 10
329.19546710120306
 20
180.27946578131784
 10
328.8301579571433
 20
179.90270217259726
 10
328.5266356335746
 20
179.45226324929132
 10
328.29615989493
 20
178.92889248000253
 10
328.1499905056424
 20
178.33333333333334
 10
328.11665852864587
 20
177.88333468967014
 10
328.1499905056424
 20
177.45000203450522
 10
328.29615989493
 20
176.85444307410054
 10
328.5266356335746
 20
176.33107281393475
 10
328.8301579571433
 20
175.88063464810452
 10
329.19546710120306
 20
175.5038719707065
 10
329.61130330132113
 20
175.20152817583747
 10
330.0664067930646
 20
174.97434665759405
 10
330.5495178120004
 20
174.82307081007295
 10
331.04937659369574
 20
174.74844402737088
 10
331.55472337371776
 20
174.75120970358452
 10
332.0542983876334
 20
174.83211123281055
 10
332.5368418710099
 20
174.9918920091457
 10
332.99109405941437
 20
175.23129542668661
 10
333.4057951884137
 20
175.55106487953
 10
333.7696854935752
 20
175.95194376177258
 10
334.0715052104659
 20
176.43467546751103
 10
334.29999457465277
 20
177.000003390842
 10
334.3999905056424
 20
177.45000203450522
 10
334.4333224826389
 20
177.88333468967014
  0
LWPOLYLINE
  5
835
330
17
100
AcDbEntity
  8
EJE_VIA
100
AcDbPolyline
 90
3
 70
0
 10
334.3999905056424
 20
177.98333062065973
 10
334.3999905056424
 20
177.80000474717883
 10
340.6833224826389
 20
177.98333062065973
  0
LWPOLYLINE
  5
836
330
17
100
AcDbEntity
  8
EJE_VIA
100
AcDbPolyline
 90
3
 70
0
 10
334.3999905056424
 20
177.80000474717883
 10
340.6833224826389
 20
177.98333062065973
 10
340.6833224826389
 20
177.80000474717883
  0
LWPOLYLINE
  5
837
330
17
100
AcDbEntity
  8
EJE_VIA
100
AcDbPolyline
 90
39
 70
0
 10
340.71665445963544
 20
177.88333468967014
 10
340.6833224826389
 20
178.33333333333334
 10
340.5833265516493
 20
178.78333197699655
 10
340.3512039118343
 20
179.3491738041242
 10
340.0469300482008
 20
179.83221424950494
 10
339.68161586258145
 20
180.2332259880172
 10
339.26637225680884
 20
180.5529816945394
 10
338.8123101327154
 20
180.79225404394998
 10
338.3305403921339
 20
180.9518157111274
 10
337.8321739368969
 20
181.03243937095007
 10
337.3283216688368
 20
181.03489769829645
 10
336.83009448978635
 20
180.95996336804498
 10
336.3486033015781
 20
180.80840905507407
 10
335.8949590060446
 20
180.58100743426218
 10
335.48027250501843
 20
180.27853118048776
 10
335.11565470033224
 20
179.9017529686292
 10
334.8122164938185
 20
179.451445473565
 10
334.58106878730985
 20
178.92838137017358
 10
334.4333224826389
 20
178.33333333333334
 10
334.3999905056424
 20
177.88333468967014
 10
334.4333224826389
 20
177.43333604600696
 10
334.58346154126855
 20
176.84005786561303
 10
334.816676709387
 20
176.31892810265225
 10
335.1218584262663
 20
175.87066337880162
 10
335.4878971311781
 20
175.49598031573825
 10
335.90368326339456
 20
175.19559553513926
 10
336.35810726218756
 20
174.97022565868167
 10
336.8400595668289
 20
174.82058730804258
 10
337.3384306165907
 20
174.7473971048991
 10
337.8421108507448
 20
174.75137167092828
 10
338.33999070856305
 20
174.8332276278072
 10
338.8209606293175
 20
174.99368159721297
 10
339.27391105228
 20
175.23345020082263
 10
339.6877324167225
 20
175.55325006031327
 10
340.05131516191693
 20
175.95379779736203
 10
340.35354972713526
 20
176.4358100336459
 10
340.5833265516493
 20
177.000003390842
 10
340.6833224826389
 20
177.43333604600696
 10
340.71665445963544
 20
177.88333468967014
  0
LWPOLYLINE
  5
838
330
17
100
AcDbEntity
  8
EJE_VIA
100
AcDbPolyline
 90
3
 70
0
 10
224.16666666666669
 20
269.6499972873264
 10
223.20000542534723
 20
270.83333333333337
 10
224.48333740234375
 20
270.0333319769965
  0
LWPOLYLINE
  5
839
330
17
100
AcDbEntity
  8
EJE_VIA
100
AcDbPolyline
 90
3
 70
0
 10
224.33332655164932
 20
269.84998914930554
 10
226.38332790798611
 20
268.01666259765625
 10
229.2999945746528
 20
268.01666259765625
  0
LWPOLYLINE
  5
83A
330
17
100
AcDbEntity
  8
EJE_VIA
100
AcDbPolyline
 90
3
 70
0
 10
406.40001085069446
 20
180.93332926432294
 10
406.40001085069446
 20
180.750003390842
 10
412.683342827691
 20
180.91666327582467
  0
LWPOLYLINE
  5
83B
330
17
100
AcDbEntity
  8
EJE_VIA
100
AcDbPolyline
 90
3
 70
0
 10
406.40001085069446
 20
180.750003390842
 10
412.683342827691
 20
180.91666327582467
 10
412.683342827691
 20
180.750003390842
  0
LWPOLYLINE
  5
83C
330
17
100
AcDbEntity
  8
EJE_VIA
100
AcDbPolyline
 90
39
 70
0
 10
412.7166748046875
 20
180.83333333333334
 10
412.683342827691
 20
181.28333197699655
 10
412.5833468967014
 20
181.73333062065973
 10
412.3502448780669
 20
182.2981986569034
 10
412.04494072331323
 20
182.78021852175397
 10
411.67858422630366
 20
183.18020073903932
 10
411.2623251809014
 20
183.49895583258737
 10
410.8073133809699
 20
183.73729432622594
 10
410.3246986203724
 20
183.8960267437829
 10
409.8256306929721
 20
183.97596360908616
 10
409.3212593926324
 20
183.97791544596356
 10
408.8227345132166
 20
183.90269277824297
 10
408.3412058485879
 20
183.7511061297523
 10
407.8878231926097
 20
183.52396602431935
 10
407.47373633914526
 20
183.22208298577203
 10
407.11009508205785
 20
182.84626753793825
 10
406.8080492152108
 20
182.3973302046458
 10
406.57874853246744
 20
181.8760815097226
 10
406.433342827691
 20
181.28333197699655
 10
406.40001085069446
 20
180.83333333333334
 10
406.433342827691
 20
180.38333468967014
 10
406.58076056175764
 20
179.79080957671007
 10
406.8118223879073
 20
179.27000807391275
 10
407.11537478698625
 20
178.82171631687217
 10
407.48026423984106
 20
178.44672044118246
 10
407.89533722731807
 20
178.14580658243764
 10
408.3494402302636
 20
177.91976087623172
 10
408.8314197295242
 20
177.76936945815882
 10
409.3301222059462
 20
177.69541846381293
 10
409.834394140376
 20
177.69869402878814
 10
410.33308201366003
 20
177.7799822886785
 10
410.8150323066447
 20
177.94006937907804
 10
411.26909150017633
 20
178.17974143558078
 10
411.68410607510145
 20
178.49978459378084
 10
412.0489225122664
 20
178.90098498927225
 10
412.35238729251756
 20
179.384128757649
 10
412.5833468967014
 20
179.95000203450522
 10
412.683342827691
 20
180.38333468967014
 10
412.7166748046875
 20
180.83333333333334
  0
LWPOLYLINE
  5
83D
330
17
100
AcDbEntity
  8
EJE_VIA
100
AcDbPolyline
 90
3
 70
0
 10
373.23333740234375
 20
164.71666124131946
 10
372.1499972873264
 20
163.64998711480035
 10
372.83335367838544
 20
165.0
  0
LWPOLYLINE
  5
83E
330
17
100
AcDbEntity
  8
EJE_VIA
100
AcDbPolyline
 90
3
 70
0
 10
373.0333455403646
 20
164.86667209201389
 10
384.68332926432294
 20
180.83333333333334
 10
406.40001085069446
 20
180.83333333333334
  0
LWPOLYLINE
  5
83F
330
17
100
AcDbEntity
  8
EJE_VIA
100
AcDbPolyline
 90
3
 70
0
 10
175.4499986436632
 20
60.93332926432292
 10
175.4499986436632
 20
60.766660902235245
 10
181.73333062065973
 20
60.93332926432292
  0
LWPOLYLINE
  5
840
330
17
100
AcDbEntity
  8
EJE_VIA
100
AcDbPolyline
 90
3
 70
0
 10
175.4499986436632
 20
60.76666937934028
 10
181.73333062065973
 20
60.933337741427955
 10
181.73333062065973
 20
60.75000339084202
  0
LWPOLYLINE
  5
841
330
17
100
AcDbEntity
  8
EJE_VIA
100
AcDbPolyline
 90
39
 70
0
 10
181.76666259765625
 20
60.849999321831596
 10
181.73333062065973
 20
61.299997965494796
 10
181.65000067816842
 20
61.73333062065972
 10
181.41195504201784
 20
62.29934736775856
 10
181.10414703687033
 20
62.78288328813182
 10
180.7373151348697
 20
63.184667129276534
 10
180.32219780815973
 20
63.50542763868968
 10
179.86953352888426
 20
63.74589356386827
 10
179.3900607691871
 20
63.90679365230932
 10
178.89451800121202
 20
63.988856651509806
 10
178.39364369710287
 20
63.99281130896674
 10
177.89817632900346
 20
63.919386372177144
 10
177.41885436905756
 20
63.76931058863799
 10
176.966416289409
 20
63.5433127058463
 10
176.5516005622016
 20
63.24212147129907
 10
176.18514565957918
 20
62.8664656324933
 10
175.87779005368552
 20
62.417073936925995
 10
175.6402722166644
 20
61.89467513209416
 10
175.48333062065973
 20
61.299997965494796
 10
175.4499986436632
 20
60.849999321831596
 10
175.48333062065973
 20
60.400000678168404
 10
175.63971565829382
 20
59.804811004756225
 10
175.8768081665039
 20
59.28174011409283
 10
176.18385745419397
 20
58.83156559223102
 10
176.550112830268
 20
58.455065025223625
 10
176.96482360363007
 20
58.153015999123454
 10
177.41723908318414
 20
57.92619609998332
 10
177.89660857783426
 20
57.77538291385604
 10
178.39218139648438
 20
57.701354026794434
 10
178.89320684803857
 20
57.70488702485131
 10
179.38893424140085
 20
57.78675949407948
 10
179.86861288547516
 20
57.947749020531774
 10
180.3214920891656
 20
58.188633190260994
 10
180.73682116137613
 20
58.51018958931996
 10
181.10384941101074
 20
58.91319580376148
 10
181.4118261469735
 20
59.39842941963838
 10
181.65000067816842
 20
59.96666802300347
 10
181.73333062065973
 20
60.400000678168404
 10
181.76666259765625
 20
60.849999321831596
  0
LWPOLYLINE
  5
842
330
17
100
AcDbEntity
  8
EJE_VIA
100
AcDbPolyline
 90
3
 70
0
 10
214.40000745985245
 20
68.88332790798611
 10
215.5333455403646
 20
69.89999559190538
 10
214.78334214952258
 20
68.56666141086154
  0
LWPOLYLINE
  5
843
330
17
100
AcDbEntity
  8
EJE_VIA
100
AcDbPolyline
 90
3
 70
0
 10
214.58333333333334
 20
68.71666802300348
 10
208.28333536783856
 20
60.849999321831596
 10
181.7999945746528
 20
60.849999321831596
  0
LWPOLYLINE
  5
844
330
17
100
AcDbEntity
  8
EJE_VIA
100
AcDbPolyline
 90
3
 70
0
 10
33.69998508029514
 20
260.61665852864587
 10
33.69998508029514
 20
258.5499911838108
 10
38.29998440212674
 20
256.6666666666667
  0
LWPOLYLINE
  5
845
330
17
100
AcDbEntity
  8
EJE_VIA
100
AcDbPolyline
 90
3
 70
0
 10
33.69998508029514
 20
258.55000813802087
 10
38.29998440212674
 20
256.6666666666667
 10
38.29998440212674
 20
254.61668226453995
  0
LWPOLYLINE
  5
846
330
17
100
AcDbEntity
  8
EJE_VIA
100
AcDbPolyline
 90
3
 70
0
 10
35.99999321831597
 20
281.6166517469618
 10
37.499991522894966
 20
265.61665852864587
 10
35.99999321831597
 20
267.61664496527777
  0
LWPOLYLINE
  5
847
330
17
100
AcDbEntity
  8
EJE_VIA
100
AcDbPolyline
 90
3
 70
0
 10
35.99999321831597
 20
243.61667209201389
 10
35.99999321831597
 20
233.61667209201389
 10
37.499991522894966
 20
241.61666870117188
  0
LWPOLYLINE
  5
848
330
17
100
AcDbEntity
  8
EJE_VIA
100
AcDbPolyline
 90
3
 70
0
 10
35.99999321831597
 20
233.61667209201389
 10
37.499991522894966
 20
241.61666870117188
 10
37.499991522894966
 20
231.61666870117188
  0
LWPOLYLINE
  5
849
330
17
100
AcDbEntity
  8
EJE_VIA
100
AcDbPolyline
 90
3
 70
0
 10
35.99999321831597
 20
281.6166517469618
 10
34.499992794460724
 20
265.61665852864587
 10
35.99999321831597
 20
267.61664496527777
  0
LWPOLYLINE
  5
84A
330
17
100
AcDbEntity
  8
EJE_VIA
100
AcDbPolyline
 90
3
 70
0
 10
35.99999321831597
 20
243.61667209201389
 10
35.99999321831597
 20
233.61667209201389
 10
34.499992794460724
 20
241.61666870117188
  0
LWPOLYLINE
  5
84B
330
17
100
AcDbEntity
  8
EJE_VIA
100
AcDbPolyline
 90
3
 70
0
 10
35.99999321831597
 20
233.61667209201389
 10
34.499992794460724
 20
241.61666870117188
 10
34.499992794460724
 20
231.61666870117188
  0
LWPOLYLINE
  5
84C
330
17
100
AcDbEntity
  8
EJE_VIA
100
AcDbPolyline
 90
3
 70
0
 10
26.349995930989586
 20
219.91665310329861
 10
26.349995930989586
 20
217.88331773546008
 10
31.349995930989586
 20
219.91665310329861
  0
LWPOLYLINE
  5
84D
330
17
100
AcDbEntity
  8
EJE_VIA
100
AcDbPolyline
 90
3
 70
0
 10
26.349995930989586
 20
217.88333468967014
 10
31.349995930989586
 20
219.9166700575087
 10
31.349995930989586
 20
217.88333468967014
  0
LWPOLYLINE
  5
84E
330
17
100
AcDbEntity
  8
EJE_VIA
100
AcDbPolyline
 90
5
 70
0
 10
16.350000169542103
 20
215.91666327582467
 10
16.350000169542103
 20
219.9166700575087
 10
56.350000169542106
 20
219.9166700575087
 10
56.350000169542106
 20
215.91666327582467
 10
16.350000169542103
 20
215.91666327582467
  0
LWPOLYLINE
  5
84F
330
17
100
AcDbEntity
  8
EJE_VIA
100
AcDbPolyline
 90
3
 70
0
 10
21.349995930989586
 20
217.9499986436632
 10
21.349995930989586
 20
215.91666327582467
 10
26.349995930989586
 20
217.9499986436632
  0
LWPOLYLINE
  5
850
330
17
100
AcDbEntity
  8
EJE_VIA
100
AcDbPolyline
 90
3
 70
0
 10
21.349995930989586
 20
215.91668023003473
 10
26.349995930989586
 20
217.95001559787326
 10
26.349995930989586
 20
215.91668023003473
  0
LWPOLYLINE
  5
851
330
17
100
AcDbEntity
  8
EJE_VIA
100
AcDbPolyline
 90
3
 70
0
 10
16.349995930989586
 20
219.91665310329861
 10
16.349995930989586
 20
217.88331773546008
 10
21.349995930989586
 20
219.91665310329861
  0
LWPOLYLINE
  5
852
330
17
100
AcDbEntity
  8
EJE_VIA
100
AcDbPolyline
 90
3
 70
0
 10
16.349995930989586
 20
217.88333468967014
 10
21.349995930989586
 20
219.9166700575087
 10
21.349995930989586
 20
217.88333468967014
  0
LWPOLYLINE
  5
853
330
17
100
AcDbEntity
  8
EJE_VIA
100
AcDbPolyline
 90
3
 70
0
 10
31.349995930989586
 20
217.9499986436632
 10
31.349995930989586
 20
215.91666327582467
 10
36.349995930989586
 20
217.9499986436632
  0
LWPOLYLINE
  5
854
330
17
100
AcDbEntity
  8
EJE_VIA
100
AcDbPolyline
 90
3
 70
0
 10
31.349995930989586
 20
215.91668023003473
 10
36.349995930989586
 20
217.95001559787326
 10
36.349995930989586
 20
215.91668023003473
  0
LWPOLYLINE
  5
855
330
17
100
AcDbEntity
  8
EJE_VIA
100
AcDbPolyline
 90
3
 70
0
 10
36.349995930989586
 20
219.91665310329861
 10
56.349995930989586
 20
217.9166497124566
 10
36.349995930989586
 20
217.9166497124566
  0
LWPOLYLINE
  5
856
330
17
100
AcDbEntity
  8
EJE_VIA
100
AcDbPolyline
 90
3
 70
0
 10
56.349995930989586
 20
217.91666666666669
 10
56.349995930989586
 20
219.9166700575087
 10
36.349995930989586
 20
219.9166700575087
  0
LWPOLYLINE
  5
857
330
17
100
AcDbEntity
  8
EJE_VIA
100
AcDbPolyline
 90
3
 70
0
 10
46.266682942708336
 20
218.91665988498264
 10
36.350017123752174
 20
219.91665310329861
 10
36.350017123752174
 20
217.9499986436632
  0
LWPOLYLINE
  5
858
330
17
100
AcDbEntity
  8
EJE_VIA
100
AcDbPolyline
 90
3
 70
0
 10
46.266682942708336
 20
218.91665988498264
 10
56.350017123752174
 20
219.91665310329861
 10
56.350017123752174
 20
217.91666666666669
  0
LWPOLYLINE
  5
859
330
17
100
AcDbEntity
  8
EJE_VIA
100
AcDbPolyline
 90
3
 70
0
 10
132.96668158637152
 20
142.48333401150174
 10
126.56667921278212
 20
142.48333401150174
 10
126.56667921278212
 20
139.08333672417535
  0
LWPOLYLINE
  5
85A
330
17
100
AcDbEntity
  8
EJE_VIA
100
AcDbPolyline
 90
3
 70
0
 10
127.40001254611546
 20
141.78333706325955
 10
128.35001627604169
 20
141.78333706325955
 10
127.48334248860678
 20
141.70000712076825
  0
LWPOLYLINE
  5
85B
330
17
100
AcDbEntity
  8
EJE_VIA
100
AcDbPolyline
 90
20
 70
0
 10
127.40001254611546
 20
141.03333367241754
 10
127.68334282769098
 20
141.11666361490887
 10
127.94174909177754
 20
141.11489764518208
 10
128.15009378724628
 20
141.06687201393976
 10
128.31103684587612
 20
140.98052615920705
 10
128.42723819944595
 20
140.86379951900906
 10
128.50135777973466
 20
140.72463153137102
 10
128.5360555185212
 20
140.57096163431805
 10
128.53399134758448
 20
140.4107292658753
 10
128.49782519870334
 20
140.25187386406793
 10
128.43021700365676
 20
140.10233486692113
 10
128.33382669422363
 20
139.97005171246
 10
128.21131420218282
 20
139.86296383870973
 10
128.0653394593133
 20
139.7890106836955
 10
127.89856239739392
 20
139.7561316854424
 10
127.71364294820363
 20
139.77226628197565
 10
127.5132410435213
 20
139.8453539113204
 10
127.30001661512587
 20
139.98333401150174
 10
127.20001220703125
 20
140.16666836208768
 10
127.30001661512587
 20
140.16666836208768
  0
LWPOLYLINE
  5
85C
330
17
100
AcDbEntity
  8
EJE_VIA
100
AcDbPolyline
 90
3
 70
0
 10
129.3000200059679
 20
141.7833285861545
 10
130.3500196668837
 20
141.7833285861545
 10
129.68335469563803
 20
140.93332926432294
  0
LINE
  5
85D
330
17
100
AcDbEntity
  8
EJE_VIA
100
AcDbLine
 10
129.3000200059679
 20
141.7833285861545
 30
0.0
 11
130.2500237358941
 21
141.6999986436632
 31
0.0
  0
LWPOLYLINE
  5
85E
330
17
100
AcDbEntity
  8
EJE_VIA
100
AcDbPolyline
 90
4
 70
0
 10
129.58335876464844
 20
140.93332926432294
 10
129.86668904622397
 20
140.93332926432294
 10
130.1500278049045
 20
140.83333333333334
 10
130.3500281439887
 20
140.54999457465277
  0
LWPOLYLINE
  5
85F
330
17
100
AcDbEntity
  8
EJE_VIA
100
AcDbPolyline
 90
3
 70
0
 10
131.01669311523438
 20
141.7833285861545
 10
132.3500230577257
 20
141.7833285861545
 10
131.4000278049045
 20
139.7833251953125
  0
LINE
  5
860
330
17
100
AcDbEntity
  8
EJE_VIA
100
AcDbLine
 10
131.01669311523438
 20
141.7833285861545
 30
0.0
 11
132.25002712673611
 21
141.6999986436632
 31
0.0
  0
LWPOLYLINE
  5
861
330
17
100
AcDbEntity
  8
EJE_VIA
100
AcDbPolyline
 90
3
 70
0
 10
132.25002712673611
 20
141.7833285861545
 10
131.3000233968099
 20
139.7833251953125
 10
131.4000278049045
 20
139.7833251953125
  0
LWPOLYLINE
  5
862
330
17
100
AcDbEntity
  8
EJE_VIA
100
AcDbPolyline
 90
3
 70
0
 10
252.40000406901044
 20
67.16666327582466
 10
253.18333943684897
 20
68.48333146837022
 10
252.86666870117188
 20
66.98332892523872
  0
LWPOLYLINE
  5
863
330
17
100
AcDbEntity
  8
EJE_VIA
100
AcDbPolyline
 90
3
 70
0
 10
252.63332790798611
 20
67.08333333333334
 10
249.8833211263021
 20
60.16666836208768
 10
246.60000271267361
 20
60.16666836208768
  0
LWPOLYLINE
  5
864
330
17
100
AcDbEntity
  8
EJE_VIA
100
AcDbPolyline
 90
3
 70
0
 10
137.40001254611545
 20
137.89999220106338
 10
144.96668497721356
 20
135.4833221435547
 10
147.70000881618924
 20
135.4833221435547
  0
LWPOLYLINE
  5
865
330
17
100
AcDbEntity
  8
EJE_VIA
100
AcDbPolyline
 90
3
 70
0
 10
148.33333333333334
 20
141.90000745985245
 10
139.73333570692276
 20
146.15000406901044
 10
136.00000169542102
 20
146.15000406901044
  0
LWPOLYLINE
  5
866
330
17
100
AcDbEntity
  8
EJE_VIA
100
AcDbPolyline
 90
3
 70
0
 10
205.59999254014758
 20
84.91667005750868
 10
206.59998575846356
 20
83.93333435058594
 10
206.59998575846356
 20
85.01666598849826
  0
LWPOLYLINE
  5
867
330
17
100
AcDbEntity
  8
EJE_VIA
100
AcDbPolyline
 90
18
 70
0
 10
200.2666727701823
 20
84.5999993218316
 10
200.40000067816842
 20
84.41666497124567
 10
200.597934656673
 20
84.2260523305999
 10
200.70684427188505
 20
84.1381940452589
 10
200.8214871088664
 20
84.05649741490683
 10
200.9411917709642
 20
83.98185966329443
 10
201.06528686152566
 20
83.91517801417245
 10
201.19310098389786
 20
83.85734969129166
 10
201.32396274142795
 20
83.80927191840279
 10
201.45720073746313
 20
83.77184191925659
 10
201.59214357535046
 20
83.74595691760382
 10
201.7281198584371
 20
83.73251413719522
 10
201.86445819007028
 20
83.73241080178155
 10
202.00048717359704
 20
83.74654413511357
 10
202.13553541236453
 20
83.775811360942
 10
202.26893150971998
 20
83.82110970301761
 10
202.40000406901044
 20
83.88333638509116
 10
202.5499979654948
 20
83.98333231608073
  0
LWPOLYLINE
  5
868
330
17
100
AcDbEntity
  8
EJE_VIA
100
AcDbPolyline
 90
24
 70
0
 10
202.86668565538196
 20
91.01665920681424
 10
202.933349609375
 20
90.84999084472656
 10
203.06667751736111
 20
90.6833224826389
 10
203.20452719926834
 20
90.56981838411755
 10
203.36856020821466
 20
90.46935160954794
 10
203.54920662111707
 20
90.39042794042165
 10
203.73689651489258
 20
90.34155315823025
 10
203.92205996645822
 20
90.33123304446539
 10
204.095127052731
 20
90.36797338061864
 10
204.2465278506279
 20
90.46027994818158
 10
204.36669243706598
 20
90.61665852864584
 10
204.36669243706598
 20
90.89998881022136
 10
204.2833455403646
 20
91.06665717230904
 10
204.179229537646
 20
91.20780683226056
 10
204.03354167938232
 20
91.3368402587043
 10
203.857834537824
 20
91.44619898663628
 10
203.66366068522137
 20
91.52832455105252
 10
203.56325892110667
 20
91.55681287662851
 10
203.46257269382477
 20
91.57565848694908
 10
203.2661231358846
 20
91.58064232932198
 10
203.08586458365124
 20
91.53571761316724
 10
202.933349609375
 20
91.43332587348091
 10
202.86668565538196
 20
91.29998948838976
 10
202.86668565538196
 20
91.01665920681424
  0
LWPOLYLINE
  5
869
330
17
100
AcDbEntity
  8
EJE_VIA
100
AcDbPolyline
 90
3
 70
0
 10
198.53335910373264
 20
84.91665310329861
 10
199.53335232204861
 20
83.93331739637587
 10
199.53335232204861
 20
85.01664903428819
  0
LWPOLYLINE
  5
86A
330
17
100
AcDbEntity
  8
EJE_VIA
100
AcDbPolyline
 90
7
 70
0
 10
198.683353000217
 20
87.16665479871962
 10
198.55002509223092
 20
87.1333228217231
 10
198.55002509223092
 20
86.98332044813368
 10
198.683353000217
 20
86.8833245171441
 10
198.80001491970486
 20
86.91665649414062
 10
198.80001491970486
 20
87.06665886773004
 10
198.683353000217
 20
87.16665479871962
  0
LWPOLYLINE
  5
86B
330
17
100
AcDbEntity
  8
EJE_VIA
100
AcDbPolyline
 90
3
 70
0
 10
116.80002000596788
 20
268.06667751736114
 10
117.8000217013889
 20
267.0833502875434
 10
117.8000217013889
 20
268.1500074598524
  0
LWPOLYLINE
  5
86C
330
17
100
AcDbEntity
  8
EJE_VIA
100
AcDbPolyline
 90
3
 70
0
 10
109.20001559787327
 20
240.83336724175348
 10
110.20001729329428
 20
239.85004001193576
 10
110.20001729329428
 20
240.9166971842448
  0
LWPOLYLINE
  5
86D
330
17
100
AcDbEntity
  8
EJE_VIA
100
AcDbPolyline
 90
7
 70
0
 10
109.33335198296442
 20
243.06671142578125
 10
109.21668158637154
 20
243.03337944878473
 10
109.21668158637154
 20
242.90005154079861
 10
109.33335198296442
 20
242.7833726671007
 10
109.46668836805556
 20
242.8333706325955
 10
109.46668836805556
 20
242.96671549479169
 10
109.33335198296442
 20
243.06671142578125
  0
LWPOLYLINE
  5
86E
330
17
100
AcDbEntity
  8
EJE_VIA
100
AcDbPolyline
 90
3
 70
0
 10
110.7000223795573
 20
246.28338283962674
 10
109.2000240749783
 20
246.68338351779514
 10
109.2000240749783
 20
247.61671278211807
  0
LWPOLYLINE
  5
86F
330
17
100
AcDbEntity
  8
EJE_VIA
100
AcDbPolyline
 90
3
 70
0
 10
128.26668633355035
 20
238.46671210394967
 10
129.26668802897137
 20
237.48338487413196
 10
129.26668802897137
 20
238.55004204644098
  0
LWPOLYLINE
  5
870
330
17
100
AcDbEntity
  8
EJE_VIA
100
AcDbPolyline
 90
3
 70
0
 10
129.76669311523438
 20
243.91672770182294
 10
128.2666948106554
 20
244.31672837999133
 10
128.2666948106554
 20
245.25005764431424
  0
LWPOLYLINE
  5
871
330
17
100
AcDbEntity
  8
EJE_VIA
100
AcDbPolyline
 90
3
 70
0
 10
108.01666259765625
 20
127.46666802300348
 10
108.86666191948785
 20
128.71666802300348
 10
108.46666124131944
 20
127.25000169542102
  0
LWPOLYLINE
  5
872
330
17
100
AcDbEntity
  8
EJE_VIA
100
AcDbPolyline
 90
3
 70
0
 10
108.23333740234375
 20
127.35000610351562
 10
99.51666937934029
 20
108.50001017252605
 10
78.73333401150174
 20
108.50001017252605
  0
LWPOLYLINE
  5
873
330
17
100
AcDbEntity
  8
EJE_VIA
100
AcDbPolyline
 90
3
 70
0
 10
119.23333062065973
 20
189.76665920681424
 10
120.61666700575087
 20
189.13331773546008
 10
119.09999423556859
 20
189.2833285861545
  0
LWPOLYLINE
  5
874
330
17
100
AcDbEntity
  8
EJE_VIA
100
AcDbPolyline
 90
3
 70
0
 10
154.80000813802084
 20
190.36666870117188
 10
153.68333604600696
 20
189.35000949435764
 10
154.4166734483507
 20
190.68333943684897
  0
LWPOLYLINE
  5
875
330
17
100
AcDbEntity
  8
EJE_VIA
100
AcDbPolyline
 90
3
 70
0
 10
154.61666531032986
 20
190.5333285861545
 10
171.81666056315106
 20
212.21666124131946
 10
190.96666124131946
 20
212.21666124131946
  0
LWPOLYLINE
  5
876
330
17
100
AcDbEntity
  8
EJE_VIA
100
AcDbPolyline
 90
3
 70
0
 10
108.21666293674046
 20
153.6333211263021
 10
107.749998304579
 20
151.8833245171441
 10
108.75
 20
151.8833245171441
  0
LWPOLYLINE
  5
877
330
17
100
AcDbEntity
  8
EJE_VIA
100
AcDbPolyline
 90
3
 70
0
 10
64.06665378146701
 20
126.4666748046875
 10
63.33332061767578
 20
124.46667141384549
 10
64.48332044813368
 20
124.46667141384549
  0
LWPOLYLINE
  5
878
330
17
100
AcDbEntity
  8
EJE_VIA
100
AcDbPolyline
 90
3
 70
0
 10
58.94998762342665
 20
206.4666748046875
 10
58.23332044813368
 20
204.4666714138455
 10
59.366654290093315
 20
204.4666714138455
  0
LWPOLYLINE
  5
879
330
17
100
AcDbEntity
  8
EJE_VIA
100
AcDbPolyline
 90
3
 70
0
 10
133.23333740234375
 20
178.250003390842
 10
133.23333740234375
 20
177.75000678168402
 10
134.73333570692276
 20
177.999996609158
  0
LWPOLYLINE
  5
87A
330
17
100
AcDbEntity
  8
EJE_VIA
100
AcDbPolyline
 90
3
 70
0
 10
129.14998372395834
 20
178.250003390842
 10
129.14998372395834
 20
177.75000678168402
 10
127.64998541937935
 20
177.999996609158
  0
LWPOLYLINE
  5
87B
330
17
100
AcDbEntity
  8
EJE_VIA
100
AcDbPolyline
 90
3
 70
0
 10
182.58332994249133
 20
166.73333062065973
 10
183.08332655164932
 20
166.73333062065973
 10
182.83333672417535
 20
165.2333238389757
  0
LWPOLYLINE
  5
87C
330
17
100
AcDbEntity
  8
EJE_VIA
100
AcDbPolyline
 90
3
 70
0
 10
182.58332994249133
 20
160.68333943684897
 10
183.08332655164932
 20
160.68333943684897
 10
182.83333672417535
 20
162.183346218533
  0
LWPOLYLINE
  5
87D
330
17
100
AcDbEntity
  8
EJE_VIA
100
AcDbPolyline
 90
3
 70
0
 10
200.5333285861545
 20
161.63333468967014
 10
201.0333251953125
 20
161.63333468967014
 10
200.78333536783856
 20
160.13332790798611
  0
LWPOLYLINE
  5
87E
330
17
100
AcDbEntity
  8
EJE_VIA
100
AcDbPolyline
 90
3
 70
0
 10
185.58332655164932
 20
163.41666327582465
 10
184.6999952528212
 20
162.18332926432294
 10
185.13332790798611
 20
163.63333808051215
  0
LWPOLYLINE
  5
87F
330
17
100
AcDbEntity
  8
EJE_VIA
100
AcDbPolyline
 90
3
 70
0
 10
192.2833251953125
 20
158.63333808051215
 10
192.08333333333334
 20
160.1333448621962
 10
192.76665581597223
 20
158.78333197699652
  0
LWPOLYLINE
  5
880
330
17
100
AcDbEntity
  8
EJE_VIA
100
AcDbPolyline
 90
3
 70
0
 10
192.51666598849826
 20
158.70000203450522
 10
193.89999389648438
 20
154.16666666666669
 10
195.19999186197919
 20
154.16666666666669
  0
LWPOLYLINE
  5
881
330
17
100
AcDbEntity
  8
EJE_VIA
100
AcDbPolyline
 90
3
 70
0
 10
54.7833251953125
 20
179.10000271267361
 10
55.24998982747396
 20
180.5499945746528
 10
54.33332655164931
 20
179.33334350585938
  0
LWPOLYLINE
  5
882
330
17
100
AcDbEntity
  8
EJE_VIA
100
AcDbPolyline
 90
19
 70
0
 10
54.53331841362847
 20
179.23333062065973
 10
54.216651916503906
 20
178.39999728732639
 10
54.04730792778234
 20
177.85691132148108
 10
53.90424318611622
 20
177.3119126425849
 10
53.78740887157619
 20
176.76545166307025
 10
53.696756164232895
 20
176.21797879536948
 10
53.63223624415696
 20
175.6699444519149
 10
53.59380029141903
 20
175.12179904513889
 10
53.58139948608975
 20
174.57399298747382
 10
53.594985008239746
 20
174.026976691352
 10
53.63450803793967
 20
173.4812005692058
 10
53.699919755260154
 20
172.93711503346762
 10
53.79117134027183
 20
172.39517049656973
 10
53.90821397304535
 20
171.85581737094455
 10
54.05099883365135
 20
171.3195060690244
 10
54.219477102160454
 20
170.78668700324164
 10
54.41359995864332
 20
170.25781058602863
 10
54.63331858317058
 20
169.73332722981772
 10
55.04998524983724
 20
168.94999186197919
  0
LWPOLYLINE
  5
883
330
17
100
AcDbEntity
  8
EJE_VIA
100
AcDbPolyline
 90
3
 70
0
 10
54.800008138020836
 20
152.05000135633682
 10
55.18334282769097
 20
150.58332655164932
 10
54.333343505859375
 20
151.85000949435764
  0
LWPOLYLINE
  5
884
330
17
100
AcDbEntity
  8
EJE_VIA
100
AcDbPolyline
 90
19
 70
0
 10
55.050014919704864
 20
168.94999186197919
 10
54.500016106499565
 20
168.09999254014758
 10
54.002046032498285
 20
167.2078247823649
 10
53.56661023365127
 20
166.29404117663702
 10
53.193762416226996
 20
165.3614725213912
 10
52.88355628649394
 20
164.41294961505466
 10
52.63604555072056
 20
163.45130325605473
 10
52.45128391517533
 20
162.47936424281863
 10
52.32932508612673
 20
161.49996337377362
 10
52.27022276984321
 20
160.51593144734701
 10
52.27403067259325
 20
159.53009926196603
 10
52.340802500645324
 20
158.54529761605792
 10
52.47059196026789
 20
157.56435730805
 10
52.663452757729424
 20
156.5901091363695
 10
52.9194385992984
 20
155.62538389944368
 10
53.23860319124328
 20
154.67301239569983
 10
53.62100023983253
 20
153.7358254235652
 10
54.06668345133464
 20
152.816653781467
 10
54.56668006049262
 20
151.94998847113715
  0
LWPOLYLINE
  5
885
330
17
100
AcDbEntity
  8
EJE_VIA
100
AcDbPolyline
 90
3
 70
0
 10
148.36666531032986
 20
166.25
 10
147.93333265516495
 20
166.25
 10
148.36666531032986
 20
162.03333536783856
  0
LWPOLYLINE
  5
886
330
17
100
AcDbEntity
  8
EJE_VIA
100
AcDbPolyline
 90
3
 70
0
 10
147.933349609375
 20
166.25
 10
148.36668226453995
 20
162.03333536783856
 10
147.91668362087674
 20
162.46666802300348
  0
LWPOLYLINE
  5
887
330
17
100
AcDbEntity
  8
EJE_VIA
100
AcDbPolyline
 90
3
 70
0
 10
148.36666531032986
 20
162.03333536783856
 10
147.91666666666669
 20
162.46666802300348
 10
105.61666700575087
 20
162.03333536783856
  0
LWPOLYLINE
  5
888
330
17
100
AcDbEntity
  8
EJE_VIA
100
AcDbPolyline
 90
3
 70
0
 10
147.91666666666669
 20
162.46666802300348
 10
105.61666700575087
 20
162.03333536783856
 10
106.0499996609158
 20
162.46666802300348
  0
LWPOLYLINE
  5
889
330
17
100
AcDbEntity
  8
EJE_VIA
100
AcDbPolyline
 90
3
 70
0
 10
105.61665852864584
 20
162.03333536783856
 10
106.04999118381077
 20
162.46666802300348
 10
105.61665852864584
 20
166.23333401150174
  0
LWPOLYLINE
  5
88A
330
17
100
AcDbEntity
  8
EJE_VIA
100
AcDbPolyline
 90
3
 70
0
 10
106.05000813802084
 20
162.46666802300348
 10
105.61667548285591
 20
166.23333401150174
 10
106.05000813802084
 20
166.23333401150174
  0
LWPOLYLINE
  5
88B
330
17
100
AcDbEntity
  8
EJE_VIA
100
AcDbPolyline
 90
3
 70
0
 10
105.61665852864584
 20
170.61665852864584
 10
107.58332146538629
 20
166.23331705729169
 10
105.59999254014757
 20
166.23331705729169
  0
LWPOLYLINE
  5
88C
330
17
100
AcDbEntity
  8
EJE_VIA
100
AcDbPolyline
 90
3
 70
0
 10
148.36666531032986
 20
170.58332655164932
 10
148.36666531032986
 20
166.18331909179688
 10
146.38332790798611
 20
166.18331909179688
  0
LWPOLYLINE
  5
88D
330
17
100
AcDbEntity
  8
EJE_VIA
100
AcDbPolyline
 90
29
 70
0
 10
107.01666937934029
 20
173.76666598849826
 10
106.8999989827474
 20
174.0166727701823
 10
106.65000067816841
 20
174.249996609158
 10
106.4576082262728
 20
174.36779419581097
 10
106.25862081845602
 20
174.4201808505588
 10
106.06001110540497
 20
174.41440290874905
 10
105.86875173780653
 20
174.35770670572919
 10
105.69181536634764
 20
174.25733857684665
 10
105.53617464171516
 20
174.120544857449
 10
105.40880221459601
 20
173.95457188288373
 10
105.31667073567709
 20
173.76666598849826
 10
105.20000033908421
 20
173.39999728732639
 10
105.20000033908421
 20
172.80000474717883
 10
105.22928476126658
 20
172.67012099011077
 10
105.26927734414737
 20
172.5439092516899
 10
105.31943607040579
 20
172.4227757793334
 10
105.37921892272102
 20
172.3081268204583
 10
105.4480838837723
 20
172.20136862248182
 10
105.6108920627998
 20
172.01714949889316
 10
105.80352446892196
 20
171.88136838790444
 10
105.90966971384155
 20
171.8351577056779
 10
106.02164496357243
 20
171.8052752688527
 10
106.13890820079381
 20
171.79312732484607
 10
106.26091740818488
 20
171.80012012107505
 10
106.38713056842487
 20
171.82765990495682
 10
106.51700566419298
 20
171.8771529239085
 10
106.65000067816841
 20
171.95000542534723
 10
106.8999989827474
 20
172.1999952528212
 10
107.01666937934029
 20
172.43333604600696
  0
LWPOLYLINE
  5
88E
330
17
100
AcDbEntity
  8
EJE_VIA
100
AcDbPolyline
 90
25
 70
0
 10
107.01666937934029
 20
173.76666598849826
 10
106.8999989827474
 20
173.76666598849826
 10
106.78333706325955
 20
174.0166727701823
 10
106.65000067816841
 20
174.13333468967014
 10
106.41666836208768
 20
174.249996609158
 10
105.93333774142796
 20
174.249996609158
 10
105.68333943684897
 20
174.13333468967014
 10
105.44999864366319
 20
173.76666598849826
 10
105.31667073567709
 20
173.39999728732639
 10
105.31667073567709
 20
172.80000474717883
 10
105.3514594750272
 20
172.6711264294055
 10
105.39261254999373
 20
172.5492419468032
 10
105.44015315671763
 20
172.43522532698182
 10
105.4941044913398
 20
172.32995059755115
 10
105.62133212884268
 20
172.14912292030124
 10
105.77448103162978
 20
172.01375113593207
 10
105.9537367688285
 20
171.9308274653223
 10
106.15928490956625
 20
171.90734412935046
 10
106.27197662161457
 20
171.92007765587834
 10
106.39131102297041
 20
171.95029334889517
 10
106.51731130977473
 20
171.99886523601083
 10
106.65000067816841
 20
172.06666734483508
 10
106.78333706325955
 20
172.1999952528212
 10
106.8999989827474
 20
172.43333604600696
 10
107.01666937934029
 20
172.43333604600696
  0
LWPOLYLINE
  5
88F
330
17
100
AcDbEntity
  8
EJE_VIA
100
AcDbPolyline
 90
3
 70
0
 10
193.89999389648438
 20
154.16666666666669
 10
193.89999389648438
 20
148.08332655164932
 10
195.46666463216147
 20
148.08332655164932
  0
LWPOLYLINE
  5
890
330
17
100
AcDbEntity
  8
EJE_VIA
100
AcDbPolyline
 90
3
 70
0
 10
230.499996609158
 20
58.81666395399306
 10
230.98332722981772
 20
60.249998304578995
 10
230.99999321831598
 20
58.73332977294922
  0
LWPOLYLINE
  5
891
330
17
100
AcDbEntity
  8
EJE_VIA
100
AcDbPolyline
 90
3
 70
0
 10
232.80000474717883
 20
83.16667344835069
 10
233.250003390842
 20
81.7166731092665
 10
232.35000610351562
 20
82.95000712076823
  0
LWPOLYLINE
  5
892
330
17
100
AcDbEntity
  8
EJE_VIA
100
AcDbPolyline
 90
3
 70
0
 10
232.56666395399307
 20
83.06666056315105
 10
230.98332722981772
 20
86.2333255343967
 10
216.41665988498264
 20
86.2333255343967
  0
LWPOLYLINE
  5
893
330
17
100
AcDbEntity
  8
EJE_VIA
100
AcDbPolyline
 90
3
 70
0
 10
271.3499959309896
 20
165.89999728732639
 10
270.16665988498266
 20
164.93333604600696
 10
270.96666124131946
 20
166.21666802300348
  0
LWPOLYLINE
  5
894
330
17
100
AcDbEntity
  8
EJE_VIA
100
AcDbPolyline
 90
3
 70
0
 10
271.15000406901044
 20
166.0666741265191
 10
273.0333455403646
 20
168.23333740234375
 10
274.53333536783856
 20
168.23333740234375
  0
LWPOLYLINE
  5
895
330
17
100
AcDbEntity
  8
EJE_VIA
100
AcDbPolyline
 90
3
 70
0
 10
386.99998643663196
 20
149.66666327582465
 10
387.5
 20
149.66666327582465
 10
387.249993218316
 20
151.1666700575087
  0
LWPOLYLINE
  5
896
330
17
100
AcDbEntity
  8
EJE_VIA
100
AcDbPolyline
 90
3
 70
0
 10
386.99998643663196
 20
142.61666191948785
 10
387.5
 20
142.61666191948785
 10
387.249993218316
 20
141.11666361490887
  0
LWPOLYLINE
  5
897
330
17
100
AcDbEntity
  8
EJE_VIA
100
AcDbPolyline
 90
3
 70
0
 10
386.99998643663196
 20
139.61666531032986
 10
387.5
 20
139.61666531032986
 10
387.249993218316
 20
141.11666361490887
  0
LWPOLYLINE
  5
898
330
17
100
AcDbEntity
  8
EJE_VIA
100
AcDbPolyline
 90
3
 70
0
 10
386.99998643663196
 20
134.6999952528212
 10
387.5
 20
134.6999952528212
 10
387.249993218316
 20
133.1999969482422
  0
LWPOLYLINE
  5
899
330
17
100
AcDbEntity
  8
EJE_VIA
100
AcDbPolyline
 90
3
 70
0
 10
386.99998643663196
 20
131.6999986436632
 10
387.5
 20
131.6999986436632
 10
387.249993218316
 20
133.1999969482422
  0
LWPOLYLINE
  5
89A
330
17
100
AcDbEntity
  8
EJE_VIA
100
AcDbPolyline
 90
3
 70
0
 10
386.99998643663196
 20
127.41667005750868
 10
387.5
 20
127.41667005750868
 10
387.249993218316
 20
125.91667175292969
  0
LWPOLYLINE
  5
89B
330
17
100
AcDbEntity
  8
EJE_VIA
100
AcDbPolyline
 90
3
 70
0
 10
386.99998643663196
 20
124.41667344835069
 10
387.5
 20
124.41667344835069
 10
387.249993218316
 20
125.91667175292969
  0
LWPOLYLINE
  5
89C
330
17
100
AcDbEntity
  8
EJE_VIA
100
AcDbPolyline
 90
3
 70
0
 10
386.99998643663196
 20
120.14999389648438
 10
387.5
 20
120.14999389648438
 10
387.249993218316
 20
118.64999559190538
  0
LWPOLYLINE
  5
89D
330
17
100
AcDbEntity
  8
EJE_VIA
100
AcDbPolyline
 90
3
 70
0
 10
386.99998643663196
 20
117.13333129882812
 10
387.5
 20
117.13333129882812
 10
387.249993218316
 20
118.63332960340712
  0
LWPOLYLINE
  5
89E
330
17
100
AcDbEntity
  8
EJE_VIA
100
AcDbPolyline
 90
3
 70
0
 10
386.99998643663196
 20
107.38333808051216
 10
387.5
 20
107.38333808051216
 10
387.249993218316
 20
105.88333977593317
  0
LWPOLYLINE
  5
89F
330
17
100
AcDbEntity
  8
EJE_VIA
100
AcDbPolyline
 90
3
 70
0
 10
386.99998643663196
 20
96.90000745985243
 10
387.5
 20
96.90000745985243
 10
387.249993218316
 20
98.40000576443143
  0
LWPOLYLINE
  5
8A0
330
17
100
AcDbEntity
  8
EJE_VIA
100
AcDbPolyline
 90
3
 70
0
 10
386.99998643663196
 20
92.41667005750868
 10
387.5
 20
92.41667005750868
 10
387.249993218316
 20
90.91667175292969
  0
LWPOLYLINE
  5
8A1
330
17
100
AcDbEntity
  8
EJE_VIA
100
AcDbPolyline
 90
3
 70
0
 10
386.99998643663196
 20
89.41667344835069
 10
387.5
 20
89.41667344835069
 10
387.249993218316
 20
90.91667175292969
  0
LWPOLYLINE
  5
8A2
330
17
100
AcDbEntity
  8
EJE_VIA
100
AcDbPolyline
 90
3
 70
0
 10
386.99998643663196
 20
87.06666734483507
 10
387.5
 20
87.06666734483507
 10
387.249993218316
 20
85.56666904025607
  0
LWPOLYLINE
  5
8A3
330
17
100
AcDbEntity
  8
EJE_VIA
100
AcDbPolyline
 90
3
 70
0
 10
387.03335232204864
 20
104.38334147135417
 10
387.5333658854167
 20
104.38334147135417
 10
387.28335910373266
 20
105.88333977593317
  0
LWPOLYLINE
  5
8A4
330
17
100
AcDbEntity
  8
EJE_VIA
100
AcDbPolyline
 90
3
 70
0
 10
387.03335232204864
 20
99.90000406901042
 10
387.5333658854167
 20
99.90000406901042
 10
387.28335910373266
 20
98.40000576443143
  0
LWPOLYLINE
  5
8A5
330
17
100
AcDbEntity
  8
EJE_VIA
100
AcDbPolyline
 90
3
 70
0
 10
372.5333319769965
 20
152.84998575846356
 10
374.76667616102435
 20
156.86665852864584
 10
379.10000271267364
 20
156.86665852864584
  0
LWPOLYLINE
  5
8A6
330
17
100
AcDbEntity
  8
EJE_VIA
100
AcDbPolyline
 90
3
 70
0
 10
374.9666680230035
 20
153.09999254014758
 10
374.9666680230035
 20
152.5999959309896
 10
376.4666748046875
 20
152.84998575846356
  0
LWPOLYLINE
  5
8A7
330
17
100
AcDbEntity
  8
EJE_VIA
100
AcDbPolyline
 90
3
 70
0
 10
370.0833468967014
 20
153.09999254014758
 10
370.0833468967014
 20
152.5999959309896
 10
368.5833401150174
 20
152.84998575846356
  0
LWPOLYLINE
  5
8A8
330
17
100
AcDbEntity
  8
EJE_VIA
100
AcDbPolyline
 90
3
 70
0
 10
380.15001085069446
 20
152.85000271267361
 10
382.65001085069446
 20
156.83334350585938
 10
386.9666883680556
 20
156.83334350585938
  0
LWPOLYLINE
  5
8A9
330
17
100
AcDbEntity
  8
EJE_VIA
100
AcDbPolyline
 90
3
 70
0
 10
382.3333401150174
 20
153.09999254014758
 10
382.3333401150174
 20
152.5999959309896
 10
383.8333468967014
 20
152.84998575846356
  0
LWPOLYLINE
  5
8AA
330
17
100
AcDbEntity
  8
EJE_VIA
100
AcDbPolyline
 90
3
 70
0
 10
377.9666476779514
 20
153.09999254014758
 10
377.9666476779514
 20
152.5999959309896
 10
376.4666408962674
 20
152.84998575846356
  0
LWPOLYLINE
  5
8AB
330
17
100
AcDbEntity
  8
EJE_VIA
100
AcDbPolyline
 90
3
 70
0
 10
364.4833713107639
 20
152.84998575846356
 10
361.6167195638021
 20
156.89999050564236
 10
357.300042046441
 20
156.89999050564236
  0
LWPOLYLINE
  5
8AC
330
17
100
AcDbEntity
  8
EJE_VIA
100
AcDbPolyline
 90
3
 70
0
 10
367.08333333333337
 20
153.09999254014758
 10
367.08333333333337
 20
152.5999959309896
 10
368.5833401150174
 20
152.84998575846356
  0
LWPOLYLINE
  5
8AD
330
17
100
AcDbEntity
  8
EJE_VIA
100
AcDbPolyline
 90
3
 70
0
 10
361.86665852864587
 20
153.09999254014758
 10
361.86665852864587
 20
152.5999959309896
 10
360.36665174696185
 20
152.84998575846356
  0
LWPOLYLINE
  5
8AE
330
17
100
AcDbEntity
  8
EJE_VIA
100
AcDbPolyline
 90
3
 70
0
 10
358.86667887369794
 20
153.09999254014758
 10
358.86667887369794
 20
152.5999959309896
 10
360.36668565538196
 20
152.84998575846356
  0
LWPOLYLINE
  5
8AF
330
17
100
AcDbEntity
  8
EJE_VIA
100
AcDbPolyline
 90
5
 70
0
 10
109.8333231608073
 20
141.98333740234375
 10
109.8333231608073
 20
145.38333468967014
 10
116.91665649414062
 20
145.38333468967014
 10
116.91665649414062
 20
141.98333740234375
 10
109.8333231608073
 20
141.98333740234375
  0
LINE
  5
8B0
330
17
100
AcDbEntity
  8
EJE_VIA
100
AcDbLine
 10
112.09999084472656
 20
143.08332655164932
 30
0.0
 11
113.43332078721788
 21
143.08332655164932
 31
0.0
  0
LWPOLYLINE
  5
8B1
330
17
100
AcDbEntity
  8
EJE_VIA
100
AcDbPolyline
 90
7
 70
0
 10
114.28332010904948
 20
144.6999952528212
 10
114.09998575846355
 20
144.61666531032986
 10
113.99998982747397
 20
144.79999118381076
 10
114.19999016655817
 20
144.89998711480035
 10
114.28332010904948
 20
144.51666937934027
 10
114.19999016655817
 20
144.31666056315106
 10
113.99998982747397
 20
144.23333062065973
  0
LWPOLYLINE
  5
8B2
330
17
100
AcDbEntity
  8
EJE_VIA
100
AcDbPolyline
 90
7
 70
0
 10
114.94997660319011
 20
144.6999952528212
 10
114.76664225260417
 20
144.61666531032986
 10
114.66664632161459
 20
144.79999118381076
 10
114.86664666069879
 20
144.89998711480035
 10
114.94997660319011
 20
144.51666937934027
 10
114.86664666069879
 20
144.31666056315106
 10
114.66664632161459
 20
144.23333062065973
  0
LWPOLYLINE
  5
8B3
330
17
100
AcDbEntity
  8
EJE_VIA
100
AcDbPolyline
 90
23
 70
0
 10
58.133349948459205
 20
138.53333367241754
 10
58.05001576741537
 20
138.6666700575087
 10
57.85001542833117
 20
138.78333197699652
 10
57.7242881556352
 20
138.83628909786543
 10
57.58424772156609
 20
138.86376155747308
 10
57.436857041385444
 20
138.86646212802992
 10
57.28907903035482
 20
138.84510358174643
 10
57.14787660373582
 20
138.800398690833
 10
57.02021267679003
 20
138.73306022750006
 10
56.91305016477903
 20
138.6438009639581
 10
56.83335198296441
 20
138.53333367241754
 10
56.75001780192058
 20
138.3499993218316
 10
56.75001780192058
 20
138.03333706325955
 10
56.82392031782204
 20
137.86789109309515
 10
56.925094988611015
 20
137.73738357755875
 10
57.048991049329445
 20
137.64024234480328
 10
57.191057735019264
 20
137.57489522298178
 10
57.34674428072241
 20
137.5397700402472
 10
57.51149992148082
 20
137.53329462475247
 10
57.680773892336425
 20
137.55389680465063
 10
57.85001542833117
 20
137.60000440809463
 10
58.05001576741537
 20
137.73333231608075
 10
58.133349948459205
 20
137.85000271267361
  0
LWPOLYLINE
  5
8B4
330
17
100
AcDbEntity
  8
EJE_VIA
100
AcDbPolyline
 90
3
 70
0
 10
57.80001746283637
 20
139.1999986436632
 10
57.083350287543404
 20
137.1999952528212
 10
58.216684129503044
 20
137.1999952528212
  0
LWPOLYLINE
  5
8B5
330
17
100
AcDbEntity
  8
EJE_VIA
100
AcDbPolyline
 90
3
 70
0
 10
128.91665988498264
 20
116.21666802300348
 10
128.91665988498264
 20
115.71667141384549
 10
127.41666158040366
 20
115.96666971842448
  0
LWPOLYLINE
  5
8B6
330
17
100
AcDbEntity
  8
EJE_VIA
100
AcDbPolyline
 90
3
 70
0
 10
133.0333455403646
 20
116.21666802300348
 10
133.0333455403646
 20
115.71667141384549
 10
134.53334384494357
 20
115.96666971842448
  0
LWPOLYLINE
  5
8B7
330
17
100
AcDbEntity
  8
EJE_VIA
100
AcDbPolyline
 90
5
 70
0
 10
147.13331434461807
 20
125.31666225857205
 10
147.13331434461807
 20
128.71665954589844
 10
154.21664767795139
 20
128.71665954589844
 10
154.21664767795139
 20
125.31666225857205
 10
147.13331434461807
 20
125.31666225857205
  0
LWPOLYLINE
  5
8B8
330
17
100
AcDbEntity
  8
EJE_VIA
100
AcDbPolyline
 90
3
 70
0
 10
147.39998711480035
 20
127.84999423556859
 10
148.73331705729169
 20
127.84999423556859
 10
147.7833218044705
 20
125.84999084472656
  0
LINE
  5
8B9
330
17
100
AcDbEntity
  8
EJE_VIA
100
AcDbLine
 10
147.39998711480035
 20
127.84999423556859
 30
0.0
 11
148.6333211263021
 21
127.749998304579
 31
0.0
  0
LINE
  5
8BA
330
17
100
AcDbEntity
  8
EJE_VIA
100
AcDbLine
 10
148.6333211263021
 20
127.84999423556859
 30
0.0
 11
147.6833258734809
 21
125.84999084472656
 31
0.0
  0
LWPOLYLINE
  5
8BB
330
17
100
AcDbEntity
  8
EJE_VIA
100
AcDbPolyline
 90
3
 70
0
 10
148.316650390625
 20
147.88333468967014
 10
139.18331570095486
 20
149.68332926432294
 10
135.43331570095486
 20
149.68332926432294
  0
LINE
  5
8BC
330
17
100
AcDbEntity
  8
EJE_VIA
100
AcDbLine
 10
181.2999979654948
 20
156.6999986436632
 30
0.0
 11
181.2999979654948
 21
154.79999118381076
 31
0.0
  0
LWPOLYLINE
  5
8BD
330
17
100
AcDbEntity
  8
EJE_VIA
100
AcDbPolyline
 90
5
 70
0
 10
175.91666327582465
 20
154.2833285861545
 10
175.91666327582465
 20
157.6833258734809
 10
182.999996609158
 20
157.6833258734809
 10
182.999996609158
 20
154.2833285861545
 10
175.91666327582465
 20
154.2833285861545
  0
LWPOLYLINE
  5
8BE
330
17
100
AcDbEntity
  8
EJE_VIA
100
AcDbPolyline
 90
4
 70
0
 10
177.2833251953125
 20
156.61666870117188
 10
176.99998643663196
 20
156.71666463216147
 10
176.79999457465277
 20
156.71666463216147
 10
176.51665581597223
 20
156.61666870117188
  0
LWPOLYLINE
  5
8BF
330
17
100
AcDbEntity
  8
EJE_VIA
100
AcDbPolyline
 90
5
 70
0
 10
176.99998643663196
 20
154.90000406901044
 10
177.2833251953125
 20
155.0999959309896
 10
177.36665513780383
 20
155.38333468967014
 10
177.2833251953125
 20
155.76666937934027
 10
176.99998643663196
 20
155.95001220703125
  0
LWPOLYLINE
  5
8C0
330
17
100
AcDbEntity
  8
EJE_VIA
100
AcDbPolyline
 90
3
 70
0
 10
176.69998168945312
 20
155.95001220703125
 10
176.41664293077258
 20
155.76668633355035
 10
176.33331298828125
 20
155.4833475748698
  0
LWPOLYLINE
  5
8C1
330
17
100
AcDbEntity
  8
EJE_VIA
100
AcDbPolyline
 90
4
 70
0
 10
179.18331570095486
 20
156.61668565538196
 10
178.89997694227432
 20
156.71668158637152
 10
178.51664225260419
 20
156.71668158637152
 10
178.2333204481337
 20
156.61668565538196
  0
LWPOLYLINE
  5
8C2
330
17
100
AcDbEntity
  8
EJE_VIA
100
AcDbPolyline
 90
8
 70
0
 10
180.33330281575522
 20
157.0000203450521
 10
180.13331095377606
 20
156.9000244140625
 10
180.03329806857639
 20
157.0000203450521
 10
180.13331095377606
 20
157.183346218533
 10
180.33330281575522
 20
157.10001627604169
 10
180.33330281575522
 20
156.8166944715712
 10
180.23330688476562
 20
156.61668565538196
 10
180.03329806857639
 20
156.51668972439236
  0
LWPOLYLINE
  5
8C3
330
17
100
AcDbEntity
  8
EJE_VIA
100
AcDbPolyline
 90
8
 70
0
 10
180.99997626410592
 20
157.0000203450521
 10
180.79998440212674
 20
156.9000244140625
 10
180.6999715169271
 20
157.0000203450521
 10
180.79998440212674
 20
157.183346218533
 10
180.99997626410592
 20
157.10001627604169
 10
180.99997626410592
 20
156.8166944715712
 10
180.89998033311633
 20
156.61668565538196
 10
180.6999715169271
 20
156.51668972439236
  0
LWPOLYLINE
  5
8C4
330
17
100
AcDbEntity
  8
EJE_VIA
100
AcDbPolyline
 90
19
 70
0
 10
160.5166456434462
 20
178.250003390842
 10
160.49997965494794
 20
178.39999728732639
 10
160.4166497124566
 20
178.53334214952258
 10
160.2999708387587
 20
178.61667209201389
 10
159.99998304578995
 20
178.61667209201389
 10
159.83330620659723
 20
178.53334214952258
 10
159.64998033311633
 20
178.39999728732639
 10
159.51665242513022
 20
178.250003390842
 10
159.36664157443576
 20
178.0333285861545
 10
159.23331366644965
 20
177.68334282769098
 10
159.22255761093564
 20
177.5072509712643
 10
159.2442602581448
 20
177.36029307047528
 10
159.29593132601843
 20
177.24412931336298
 10
159.42418122457133
 20
177.1312543584241
 10
159.53987836009927
 20
177.09933928317494
 10
159.67682792908616
 20
177.10402900973958
 10
159.8325396494733
 20
177.1469837261571
 10
160.11664496527777
 20
177.3166741265191
 10
160.23330688476562
 20
177.46666802300348
  0
LWPOLYLINE
  5
8C5
330
17
100
AcDbEntity
  8
EJE_VIA
100
AcDbPolyline
 90
3
 70
0
 10
160.38331773546008
 20
177.11666531032986
 10
161.49998982747397
 20
178.61667209201389
 10
161.5333218044705
 20
177.11666531032986
  0
LWPOLYLINE
  5
8C6
330
17
100
AcDbEntity
  8
EJE_VIA
100
AcDbPolyline
 90
3
 70
0
 10
148.33333333333334
 20
176.6500006781684
 10
137.61666191948785
 20
180.68333943684897
 10
136.01666768391928
 20
180.68333943684897
  0
LWPOLYLINE
  5
8C7
330
17
100
AcDbEntity
  8
EJE_VIA
100
AcDbPolyline
 90
3
 70
0
 10
226.95000542534723
 20
166.58333672417535
 10
227.45000203450522
 20
166.58333672417535
 10
227.20001220703125
 20
165.08332994249133
  0
LWPOLYLINE
  5
8C8
330
17
100
AcDbEntity
  8
EJE_VIA
100
AcDbPolyline
 90
3
 70
0
 10
226.95000542534723
 20
186.60000271267361
 10
227.45000203450522
 20
186.60000271267361
 10
227.20001220703125
 20
188.10000949435764
  0
LWPOLYLINE
  5
8C9
330
17
100
AcDbEntity
  8
EJE_VIA
100
AcDbPolyline
 90
4
 70
0
 10
224.7333441840278
 20
178.3499993218316
 10
224.88333808051217
 20
178.30000135633682
 10
225.01668294270834
 20
178.1666734483507
 10
225.10001288519967
 20
178.06666056315106
  0
LINE
  5
8CA
330
17
100
AcDbEntity
  8
EJE_VIA
100
AcDbLine
 10
59.18333689371745
 20
279.2166815863715
 30
0.0
 11
59.18333689371745
 21
277.3166741265191
 31
0.0
  0
LWPOLYLINE
  5
8CB
330
17
100
AcDbEntity
  8
EJE_VIA
100
AcDbPolyline
 90
11
 70
0
 10
59.100002712673614
 20
279.31667751736114
 10
59.95000203450521
 20
279.31667751736114
 10
60.12446641921997
 20
279.2231262392468
 10
60.25019725163778
 20
279.0967141257392
 10
60.32663782437643
 20
278.94848591751526
 10
60.35323143005371
 20
278.78948635525177
 10
60.32942136128744
 20
278.6307601796256
 10
60.254650910695396
 20
278.4833521313138
 10
60.128363370895386
 20
278.35830695099304
 10
59.95000203450521
 20
278.26666937934027
 10
59.18333689371745
 20
278.26666937934027
  0
LWPOLYLINE
  5
8CC
330
17
100
AcDbEntity
  8
EJE_VIA
100
AcDbPolyline
 90
5
 70
0
 10
53.80000220404731
 20
276.80001152886285
 10
53.80000220404731
 20
280.20000881618927
 10
60.883335537380646
 20
280.20000881618927
 10
60.883335537380646
 20
276.80001152886285
 10
53.80000220404731
 20
276.80001152886285
  0
LWPOLYLINE
  5
8CD
330
17
100
AcDbEntity
  8
EJE_VIA
100
AcDbPolyline
 90
3
 70
0
 10
54.066670735677086
 20
279.31667751736114
 10
55.400004916720924
 20
279.31667751736114
 10
54.45000542534722
 20
277.3166741265191
  0
LINE
  5
8CE
330
17
100
AcDbEntity
  8
EJE_VIA
100
AcDbLine
 10
54.066670735677086
 20
279.31667751736114
 30
0.0
 11
55.300004747178825
 21
279.2333475748698
 31
0.0
  0
LWPOLYLINE
  5
8CF
330
17
100
AcDbEntity
  8
EJE_VIA
100
AcDbPolyline
 90
3
 70
0
 10
55.300004747178825
 20
279.31667751736114
 10
54.35000525580512
 20
277.3166741265191
 10
54.45000542534722
 20
277.3166741265191
  0
LWPOLYLINE
  5
8D0
330
17
100
AcDbEntity
  8
EJE_VIA
100
AcDbPolyline
 90
4
 70
0
 10
57.11666954888238
 20
279.13335164388025
 10
56.81666904025608
 20
279.2333475748698
 10
56.45000457763672
 20
279.2333475748698
 10
56.15000406901042
 20
279.13335164388025
  0
LWPOLYLINE
  5
8D1
330
17
100
AcDbEntity
  8
EJE_VIA
100
AcDbPolyline
 90
8
 70
0
 10
58.25000339084202
 20
279.51668633355035
 10
58.15000322129992
 20
279.4166904025608
 10
57.96666887071398
 20
279.51668633355035
 10
58.06666904025608
 20
279.70001220703125
 10
58.25000339084202
 20
279.6166822645399
 10
58.25000339084202
 20
279.31669447157117
 10
58.15000322129992
 20
279.13335164388025
 10
57.96666887071398
 20
279.0333557128906
  0
LWPOLYLINE
  5
8D2
330
17
100
AcDbEntity
  8
EJE_VIA
100
AcDbPolyline
 90
8
 70
0
 10
58.91666836208768
 20
279.51668633355035
 10
58.81666819254558
 20
279.4166904025608
 10
58.63333384195964
 20
279.51668633355035
 10
58.73333401150174
 20
279.70001220703125
 10
58.91666836208768
 20
279.6166822645399
 10
58.91666836208768
 20
279.31669447157117
 10
58.81666819254558
 20
279.13335164388025
 10
58.63333384195964
 20
279.0333557128906
  0
LWPOLYLINE
  5
8D3
330
17
100
AcDbEntity
  8
EJE_VIA
100
AcDbPolyline
 90
3
 70
0
 10
148.316650390625
 20
112.99999660915799
 10
139.71665276421442
 20
111.13332960340712
 10
135.96665276421442
 20
111.13332960340712
  0
LWPOLYLINE
  5
8D4
330
17
100
AcDbEntity
  8
EJE_VIA
100
AcDbPolyline
 90
3
 70
0
 10
148.316650390625
 20
106.33332994249132
 10
139.69998677571616
 20
109.15000067816841
 10
135.96665276421442
 20
109.15000067816841
  0
LWPOLYLINE
  5
8D5
330
17
100
AcDbEntity
  8
EJE_VIA
100
AcDbPolyline
 90
3
 70
0
 10
148.13334147135419
 20
191.28333197699655
 10
147.16668023003473
 20
190.11666191948785
 10
147.70000881618924
 20
191.53333875868057
  0
LWPOLYLINE
  5
8D6
330
17
100
AcDbEntity
  8
EJE_VIA
100
AcDbPolyline
 90
3
 70
0
 10
147.91666666666669
 20
191.41665988498264
 10
163.0333285861545
 20
217.816653781467
 10
182.18332926432294
 20
217.816653781467
  0
LWPOLYLINE
  5
8D7
330
17
100
AcDbEntity
  8
EJE_VIA
100
AcDbPolyline
 90
3
 70
0
 10
197.9499986436632
 20
269.3333265516493
 10
198.4499952528212
 20
269.3333265516493
 10
198.20000542534723
 20
270.83333333333337
  0
LWPOLYLINE
  5
8D8
330
17
100
AcDbEntity
  8
EJE_VIA
100
AcDbPolyline
 90
3
 70
0
 10
197.9499986436632
 20
263.9833238389757
 10
198.4499952528212
 20
263.9833238389757
 10
198.20000542534723
 20
262.4833170572917
  0
LWPOLYLINE
  5
8D9
330
17
100
AcDbEntity
  8
EJE_VIA
100
AcDbPolyline
 90
3
 70
0
 10
195.96666124131946
 20
265.6333414713542
 10
196.96665445963544
 20
264.5500013563368
 10
196.96665445963544
 20
265.6166754828559
  0
LWPOLYLINE
  5
8DA
330
17
100
AcDbEntity
  8
EJE_VIA
100
AcDbPolyline
 90
3
 70
0
 10
207.14999728732639
 20
73.76666598849826
 10
207.14999728732639
 20
74.53333536783855
 10
209.45000542534723
 20
81.63333468967014
  0
LWPOLYLINE
  5
8DB
330
17
100
AcDbEntity
  8
EJE_VIA
100
AcDbPolyline
 90
3
 70
0
 10
209.43333943684897
 20
74.8166741265191
 10
209.93333604600696
 20
74.8166741265191
 10
209.683346218533
 20
73.31667582194011
  0
LWPOLYLINE
  5
8DC
330
17
100
AcDbEntity
  8
EJE_VIA
100
AcDbPolyline
 90
3
 70
0
 10
209.43333943684897
 20
80.11666191948785
 10
209.93333604600696
 20
80.11666191948785
 10
209.683346218533
 20
81.61666022406685
  0
LWPOLYLINE
  5
8DD
330
17
100
AcDbEntity
  8
EJE_VIA
100
AcDbPolyline
 90
3
 70
0
 10
233.94999186197919
 20
69.90000406901042
 10
234.44998847113717
 20
69.90000406901042
 10
234.1999986436632
 20
71.40000237358942
  0
LWPOLYLINE
  5
8DE
330
17
100
AcDbEntity
  8
EJE_VIA
100
AcDbPolyline
 90
4
 70
0
 10
231.45000881618924
 20
67.55000220404732
 10
231.60000271267361
 20
67.50000423855252
 10
231.7333475748698
 20
67.38333384195964
 10
231.81667751736111
 20
67.28333367241754
  0
LWPOLYLINE
  5
8DF
330
17
100
AcDbEntity
  8
EJE_VIA
100
AcDbPolyline
 90
3
 70
0
 10
232.1999952528212
 20
70.36666870117188
 10
232.69999186197919
 20
70.36666870117188
 10
232.45000203450522
 20
68.86667039659288
  0
LWPOLYLINE
  5
8E0
330
17
100
AcDbEntity
  8
EJE_VIA
100
AcDbPolyline
 90
3
 70
0
 10
244.81665717230905
 20
75.93333774142795
 10
243.316650390625
 20
77.20000372992622
 10
243.316650390625
 20
76.20000203450522
  0
LWPOLYLINE
  5
8E1
330
17
100
AcDbEntity
  8
EJE_VIA
100
AcDbPolyline
 90
3
 70
0
 10
243.81666395399307
 20
79.93333604600694
 10
244.31666056315106
 20
79.93333604600694
 10
244.0666707356771
 20
81.43333435058594
  0
LWPOLYLINE
  5
8E2
330
17
100
AcDbEntity
  8
EJE_VIA
100
AcDbPolyline
 90
21
 70
0
 10
413.9666748046875
 20
21.516666412353516
 10
413.90001085069446
 20
21.61666658189562
 10
413.8000149197049
 20
21.73333273993598
 10
413.677558236652
 20
21.782987817294067
 10
413.5623327891032
 20
21.798437204625873
 10
413.456311888165
 20
21.78284493999349
 10
413.3188556796975
 20
21.708174778872895
 10
413.21320957607696
 20
21.581458614932167
 10
413.1637399726444
 20
21.473340123063988
 10
413.1333414713542
 20
21.350000169542103
 10
413.1333414713542
 20
21.066665649414062
 10
413.183356391059
 20
20.89999940660265
 10
413.23333740234375
 20
20.799999237060547
 10
413.3500162760417
 20
20.683333079020183
 10
413.46666124131946
 20
20.633332994249134
 10
413.68333604600696
 20
20.633332994249134
 10
413.8000149197049
 20
20.683333079020183
 10
413.90001085069446
 20
20.799999237060547
 10
413.9666748046875
 20
20.89999940660265
 10
413.9666748046875
 20
21.066665649414062
 10
413.68333604600696
 20
21.066665649414062
  0
LWPOLYLINE
  5
8E3
330
17
100
AcDbEntity
  8
EJE_VIA
100
AcDbPolyline
 90
25
 70
0
 10
371.4666748046875
 20
58.40000576443143
 10
370.95001220703125
 20
57.63334062364367
 10
370.433349609375
 20
58.40000576443143
 10
370.83333333333337
 20
58.40000576443143
 10
370.83333333333337
 20
58.91667260064019
 10
368.90001085069446
 20
58.91667260064019
 10
368.90001085069446
 20
58.40000576443143
 10
369.4166734483507
 20
58.40000576443143
 10
370.433349609375
 20
56.85000525580512
 10
371.4666748046875
 20
56.85000525580512
 10
371.98333740234375
 20
57.63334062364367
 10
372.5
 20
56.85000525580512
 10
373.5333251953125
 20
56.85000525580512
 10
374.55000135633685
 20
58.40000576443143
 10
375.0666639539931
 20
58.40000576443143
 10
375.0666639539931
 20
58.91667260064019
 10
373.1333414713542
 20
58.91667260064019
 10
373.1333414713542
 20
58.40000576443143
 10
373.5333251953125
 20
58.40000576443143
 10
373.01666259765625
 20
57.63334062364367
 10
372.5
 20
58.40000576443143
 10
372.88333468967016
 20
58.40000576443143
 10
372.88333468967016
 20
58.91667260064019
 10
371.0833401150174
 20
58.91667260064019
 10
371.0833401150174
 20
58.40000576443143
  0
LWPOLYLINE
  5
8E4
330
17
100
AcDbEntity
  8
EJE_VIA
100
AcDbPolyline
 90
24
 70
0
 10
365.8833482530382
 20
61.48334079318577
 10
365.8833482530382
 20
60.966673956977
 10
366.6666666666667
 20
60.966673956977
 10
366.6666666666667
 20
59.95000627305773
 10
365.8833482530382
 20
59.95000627305773
 10
365.8833482530382
 20
59.43333943684896
 10
370.2666897243924
 20
59.43333943684896
 10
370.5046921885676
 20
59.464415664681134
 10
370.7108073102103
 20
59.53435703284211
 10
370.8850680208869
 20
59.637608121459685
 10
371.0275072521634
 20
59.76861351066166
 10
371.1381579356061
 20
59.92181778057582
 10
371.21705300278137
 20
60.09166551132997
 10
371.2642253852553
 20
60.272601283051905
 10
371.2797080145942
 20
60.459069675869415
 10
371.2635338223643
 20
60.6455152699103
 10
371.21573574013183
 20
60.82638264530235
 10
371.136346699463
 20
60.99611638217337
 10
371.02539963192413
 20
61.149161060651146
 10
370.8829274690814
 20
61.27996126086348
 10
370.708963142501
 20
61.38296156293816
 10
370.5035395837493
 20
61.45260654700299
 10
370.2666897243924
 20
61.48334079318577
 10
365.8833482530382
 20
61.48334079318577
  0
LWPOLYLINE
  5
8E5
330
17
100
AcDbEntity
  8
EJE_VIA
100
AcDbPolyline
 90
26
 70
0
 10
374.23333062065973
 20
55.83334181043837
 10
374.23333062065973
 20
54.800008138020836
 10
373.46666124131946
 20
54.800008138020836
 10
373.46666124131946
 20
54.283341301812065
 10
376.54998779296875
 20
54.283341301812065
 10
376.54998779296875
 20
54.800008138020836
 10
375.7833184136285
 20
54.800008138020836
 10
375.7833184136285
 20
55.05000644259983
 10
378.10000949435766
 20
55.05000644259983
 10
378.2481508784824
 20
55.07413397232692
 10
378.3765400780572
 20
55.12111054526435
 10
378.48517709308203
 20
55.18767201238209
 10
378.64319456948175
 20
55.366493033038246
 10
378.6925750308567
 20
55.47222428851658
 10
378.72220330768164
 20
55.58448384205501
 10
378.7320793999566
 20
55.70000754462348
 10
378.72220330768164
 20
55.81553124719196
 10
378.6925750308567
 20
55.92779080073039
 10
378.64319456948175
 20
56.03352205620872
 10
378.48517709308203
 20
56.21234307686488
 10
378.3765400780572
 20
56.27890454398261
 10
378.2481508784824
 20
56.32588111692005
 10
378.10000949435766
 20
56.35000864664714
 10
373.46666124131946
 20
56.35000864664714
 10
373.46666124131946
 20
55.83334181043837
 10
374.23333062065973
 20
55.83334181043837
  0
LWPOLYLINE
  5
8E6
330
17
100
AcDbEntity
  8
EJE_VIA
100
AcDbPolyline
 90
5
 70
0
 10
355.5667453342014
 20
36.84999677870009
 10
355.5667453342014
 20
38.69999779595269
 10
357.416754828559
 20
38.69999779595269
 10
357.416754828559
 20
36.84999677870009
 10
355.5667453342014
 20
36.84999677870009
  0
LWPOLYLINE
  5
8E7
330
17
100
AcDbEntity
  8
EJE_VIA
100
AcDbPolyline
 90
5
 70
0
 10
355.5667453342014
 20
29.399998982747398
 10
355.5667453342014
 20
31.266665988498264
 10
357.416754828559
 20
31.266665988498264
 10
357.416754828559
 20
29.399998982747398
 10
355.5667453342014
 20
29.399998982747398
  0
LWPOLYLINE
  5
8E8
330
17
100
AcDbEntity
  8
EJE_VIA
100
AcDbPolyline
 90
5
 70
0
 10
340.733405219184
 20
24.983334011501736
 10
340.733405219184
 20
26.850001017252605
 10
342.6000637478299
 20
26.850001017252605
 10
342.6000637478299
 20
24.983334011501736
 10
340.733405219184
 20
24.983334011501736
  0
LWPOLYLINE
  5
8E9
330
17
100
AcDbEntity
  8
EJE_VIA
100
AcDbPolyline
 90
5
 70
0
 10
340.733405219184
 20
21.266668107774525
 10
340.733405219184
 20
23.13333511352539
 10
342.6000637478299
 20
23.13333511352539
 10
342.6000637478299
 20
21.266668107774525
 10
340.733405219184
 20
21.266668107774525
  0
LWPOLYLINE
  5
8EA
330
17
100
AcDbEntity
  8
EJE_VIA
100
AcDbPolyline
 90
3
 70
0
 10
426.2166680230035
 20
284.91665310329864
 10
12.599995930989584
 20
284.91665310329864
 10
12.599995930989584
 20
12.083316379123264
  0
LWPOLYLINE
  5
8EB
330
17
100
AcDbEntity
  8
EJE_VIA
100
AcDbPolyline
 90
26
 70
0
 10
364.11668565538196
 20
251.86665852864584
 10
363.9666748046875
 20
251.749996609158
 10
363.8166978624132
 20
251.51665581597223
 10
363.7518867519167
 20
251.35710063907837
 10
363.71685292985705
 20
251.18501318825616
 10
363.71132340696124
 20
251.0071317685975
 10
363.7350251939562
 20
250.83019468519424
 10
363.7876853015688
 20
250.6609402431382
 10
363.869030740526
 20
250.5061067475213
 10
363.97878852155475
 20
250.37243250343536
 10
364.11668565538196
 20
250.26665581597223
 10
364.35000949435766
 20
250.14999389648438
 10
364.73334418402777
 20
250.14999389648438
 10
364.84148136443565
 20
250.1927243380083
 10
365.0250411199199
 20
250.30359160155058
 10
365.16641389992503
 20
250.44406121389736
 10
365.2673187024064
 20
250.60900578482284
 10
365.3294745253192
 20
250.79329792410135
 10
365.3546003666189
 20
250.99181024150718
 10
365.35381423102484
 20
251.09479665756226
 10
365.3444152242608
 20
251.19941534681453
 10
365.32661822107104
 20
251.30502538548578
 10
365.3006380962001
 20
251.41098584979773
 10
365.2666897243924
 20
251.51665581597223
 10
365.11667887369794
 20
251.749996609158
 10
364.96670193142364
 20
251.86665852864584
  0
LWPOLYLINE
  5
8EC
330
17
100
AcDbEntity
  8
EJE_VIA
100
AcDbPolyline
 90
3
 70
0
 10
363.31668429904516
 20
251.44999186197919
 10
365.76666937934027
 20
250.56666056315106
 10
365.76666937934027
 20
251.96665445963544
  0
LWPOLYLINE
  5
8ED
330
17
100
AcDbEntity
  8
EJE_VIA
100
AcDbPolyline
 90
3
 70
0
 10
351.4499918619792
 20
245.93332926432294
 10
352.9166666666667
 20
245.5499945746528
 10
351.3999769422743
 20
245.43333265516495
  0
LWPOLYLINE
  5
8EE
330
17
100
AcDbEntity
  8
EJE_VIA
100
AcDbPolyline
 90
3
 70
0
 10
351.41665988498266
 20
245.68332248263889
 10
349.01665581597223
 20
245.89999728732639
 10
327.68330891927087
 20
245.88331434461807
  0
LWPOLYLINE
  5
8EF
330
17
100
AcDbEntity
  8
EJE_VIA
100
AcDbPolyline
 90
3
 70
0
 10
360.2166748046875
 20
251.71668158637155
 10
361.683349609375
 20
251.35001288519967
 10
360.16665988498266
 20
251.21668497721356
  0
LWPOLYLINE
  5
8F0
330
17
100
AcDbEntity
  8
EJE_VIA
100
AcDbPolyline
 90
3
 70
0
 10
360.1999918619792
 20
251.4666748046875
 10
337.40000406901044
 20
253.20000542534723
 10
317.76665581597223
 20
253.20000542534723
  0
LWPOLYLINE
  5
8F1
330
17
100
AcDbEntity
  8
EJE_VIA
100
AcDbPolyline
 90
3
 70
0
 10
355.71665445963544
 20
228.69998508029514
 10
357.18332926432294
 20
228.26665242513022
 10
355.6499905056424
 20
228.19998847113717
  0
LWPOLYLINE
  5
8F2
330
17
100
AcDbEntity
  8
EJE_VIA
100
AcDbPolyline
 90
27
 70
0
 10
353.38331434461804
 20
244.43332248263889
 10
353.5333251953125
 20
244.59998236762155
 10
353.566657172309
 20
244.71666124131946
 10
353.59998914930554
 20
244.86665513780383
 10
353.6333211263021
 20
245.2333238389757
 10
353.6333211263021
 20
245.61665852864584
 10
353.6246137072643
 20
245.73352621247372
 10
353.61005326112115
 20
245.8859901626905
 10
353.59571244981555
 20
245.99582036336264
 10
353.5766970449024
 20
246.10408892234167
 10
353.53759498231943
 20
246.2483542536696
 10
353.48331027560766
 20
246.3499959309896
 10
353.3332994249132
 20
246.41665988498264
 10
353.2488907708062
 20
246.24651849269867
 10
353.2157048251894
 20
246.1383840524488
 10
353.18844477335614
 20
246.0180785920885
 10
353.1670458449258
 20
245.88800571858883
 10
353.1514432695177
 20
245.75056903892093
 10
353.1415722767512
 20
245.60817216005591
 10
353.13736809624567
 20
245.46321868896484
 10
353.1387659576204
 20
245.31811223261886
 10
353.1457010904948
 20
245.17525639798907
 10
353.15810872448816
 20
245.03705479204655
 10
353.17592408921985
 20
244.90591102176242
 10
353.1990824143092
 20
244.7842286941078
 10
353.22751892937555
 20
244.67441141605377
 10
353.2999674479167
 20
244.49998643663196
  0
LWPOLYLINE
  5
8F3
330
17
100
AcDbEntity
  8
EJE_VIA
100
AcDbPolyline
 90
3
 70
0
 10
374.3833414713542
 20
245.46668158637155
 10
372.85000271267364
 20
245.55001152886285
 10
374.31667751736114
 20
245.9666781955295
  0
LWPOLYLINE
  5
8F4
330
17
100
AcDbEntity
  8
EJE_VIA
100
AcDbPolyline
 90
35
 70
0
 10
362.1333143446181
 20
250.63334147135419
 10
362.23331027560766
 20
250.75000339084204
 10
362.2666422526042
 20
250.933346218533
 10
362.2833251953125
 20
251.05000813802084
 10
362.2999742296007
 20
251.18333604600696
 10
362.2999742296007
 20
251.30001491970486
 10
362.298665576511
 20
251.4351903067695
 10
362.28762009077604
 20
251.54517987536062
 10
362.27113419108923
 20
251.6570536957847
 10
362.25207515888746
 20
251.76586711572278
 10
362.23331027560766
 20
251.86667548285592
 10
362.0999823676215
 20
251.9666714138455
 10
362.0314344184266
 20
251.82135179224943
 10
362.00160297254723
 20
251.69432839171756
 10
361.9821504834626
 20
251.53115686029196
 10
361.9739563183652
 20
251.34666107181047
 10
361.9778998444478
 20
251.15566490011085
 10
361.9948604289029
 20
250.97299221903086
 10
362.025717438923
 20
250.81346690240835
 10
362.0713502417008
 20
250.69191282408107
 10
362.18807227081726
 20
250.69018595334558
 10
362.23646587795685
 20
250.84555175569324
 10
362.255662282308
 20
250.9689987036917
 10
362.26456536187067
 20
251.09979629516602
 10
362.2633118099637
 20
251.23062011268405
 10
362.25203831990564
 20
251.35414573881363
 10
362.2308815850152
 20
251.4630487561226
 10
362.18332926432294
 20
251.60000271267361
 10
362.0832994249132
 20
251.60000271267361
 10
362.01663547092016
 20
251.3333468967014
 10
362.01663547092016
 20
251.13333808051217
 10
362.0154931810167
 20
251.01100047429404
 10
362.02476501464844
 20
250.90397093031143
 10
362.0466380649143
 20
250.7991253005134
 10
362.0832994249132
 20
250.68333943684897
  0
LWPOLYLINE
  5
8F5
330
17
100
AcDbEntity
  8
EJE_VIA
100
AcDbPolyline
 90
3
 70
0
 10
377.88333468967016
 20
250.16665988498266
 10
376.36667887369794
 20
250.24998982747397
 10
377.83331976996527
 20
250.66665649414062
  0
LWPOLYLINE
  5
8F6
330
17
100
AcDbEntity
  8
EJE_VIA
100
AcDbPolyline
 90
3
 70
0
 10
377.86668565538196
 20
250.41666666666669
 10
394.8500230577257
 20
252.26665920681424
 10
421.16668701171875
 20
252.26665920681424
  0
LWPOLYLINE
  5
8F7
330
17
100
AcDbEntity
  8
EJE_VIA
100
AcDbPolyline
 90
27
 70
0
 10
375.8666653103299
 20
249.566650390625
 10
375.9290769365099
 20
249.69005319807266
 10
375.9444091882971
 20
249.83812417421078
 10
375.94510388043193
 20
249.94498379528522
 10
375.93786837326155
 20
250.04697828657098
 10
375.91156707869635
 20
250.16950733131833
 10
375.80999665790137
 20
250.14562517404556
 10
375.78730248742636
 20
250.02423707395792
 10
375.78052096896704
 20
249.87821578979492
 10
375.7909341984325
 20
249.73363038152456
 10
375.81982427173193
 20
249.61654990911484
 10
375.9287053346634
 20
249.63269776768155
 10
375.9604205025567
 20
249.74032613966202
 10
375.9794303443697
 20
249.87627387046814
 10
375.9866714477539
 20
250.02727932400174
 10
375.98308040036096
 20
250.18008086416458
 10
375.9695937898424
 20
250.3214168548584
 10
375.9471482038498
 20
250.43802565998502
 10
375.8833482530382
 20
250.54997762044272
 10
375.7897138595581
 20
250.43630871507858
 10
375.75878143310547
 20
250.3189622031318
 10
375.7401259740194
 20
250.19905110200247
 10
375.73333740234375
 20
250.07768842909073
 10
375.73800563812256
 20
249.95598720179666
 10
375.7537206013998
 20
249.83506043752035
 10
375.78007221221924
 20
249.71602115366196
 10
375.816650390625
 20
249.59998236762155
  0
LWPOLYLINE
  5
8F8
330
17
100
AcDbEntity
  8
EJE_VIA
100
AcDbPolyline
 90
3
 70
0
 10
370.6499905056424
 20
234.7833251953125
 10
370.13332790798614
 20
236.21665106879342
 10
371.0833401150174
 20
235.03333197699655
  0
LWPOLYLINE
  5
8F9
330
17
100
AcDbEntity
  8
EJE_VIA
100
AcDbPolyline
 90
3
 70
0
 10
343.66665310329864
 20
241.3499959309896
 10
383.066643608941
 20
239.6999952528212
 10
385.98331027560766
 20
239.61666531032986
  0
LWPOLYLINE
  5
8FA
330
17
100
AcDbEntity
  8
EJE_VIA
100
AcDbPolyline
 90
3
 70
0
 10
343.66665310329864
 20
237.3333231608073
 10
383.066643608941
 20
235.66665649414062
 10
385.98331027560766
 20
235.66665649414062
  0
LWPOLYLINE
  5
8FB
330
17
100
AcDbEntity
  8
EJE_VIA
100
AcDbPolyline
 90
3
 70
0
 10
362.39997016059027
 20
257.25001017252606
 10
364.88328721788196
 20
257.20001220703125
 10
366.9166395399306
 20
257.1500142415365
  0
LWPOLYLINE
  5
8FC
330
17
100
AcDbEntity
  8
EJE_VIA
100
AcDbPolyline
 90
3
 70
0
 10
383.1666395399306
 20
256.78336249457465
 10
385.199957953559
 20
256.7333645290799
 10
385.98331027560766
 20
256.7166985405816
  0
LWPOLYLINE
  5
8FD
330
17
100
AcDbEntity
  8
EJE_VIA
100
AcDbPolyline
 90
3
 70
0
 10
356.0833401150174
 20
258.90001085069446
 10
356.2833319769965
 20
257.40000406901044
 10
355.61665852864587
 20
258.76668294270837
  0
LWPOLYLINE
  5
8FE
330
17
100
AcDbEntity
  8
EJE_VIA
100
AcDbPolyline
 90
3
 70
0
 10
355.8500162760417
 20
258.8333468967014
 10
352.38335503472223
 20
270.41668362087677
 10
334.000006781684
 20
246.48334079318576
  0
LWPOLYLINE
  5
8FF
330
17
100
AcDbEntity
  8
EJE_VIA
100
AcDbPolyline
 90
3
 70
0
 10
370.11667887369794
 20
247.2833251953125
 10
370.616692437066
 20
247.2833251953125
 10
370.36668565538196
 20
245.78331841362848
  0
LWPOLYLINE
  5
900
330
17
100
AcDbEntity
  8
EJE_VIA
100
AcDbPolyline
 90
3
 70
0
 10
370.11667887369794
 20
255.51666259765625
 10
370.616692437066
 20
255.51666259765625
 10
370.36668565538196
 20
257.01666937934027
  0
LWPOLYLINE
  5
901
330
17
100
AcDbEntity
  8
EJE_VIA
100
AcDbPolyline
 90
30
 70
0
 10
372.3833211263021
 20
243.11665852864584
 10
372.5
 20
243.21665445963544
 10
372.5666639539931
 20
243.33333333333334
 10
372.61664496527777
 20
243.49999321831598
 10
372.64997694227435
 20
243.69998508029514
 10
372.68330891927087
 20
243.93332587348092
 10
372.6999918619792
 20
244.18333265516495
 10
372.7166408962674
 20
244.44998847113717
 10
372.6999918619792
 20
244.71666124131946
 10
372.68330891927087
 20
244.96665106879342
 10
372.61664496527777
 20
245.39998372395834
 10
372.5666639539931
 20
245.56666056315106
 10
372.5
 20
245.68332248263889
 10
372.3833211263021
 20
245.78331841362848
 10
372.249993218316
 20
245.68332248263889
 10
372.18332926432294
 20
245.56666056315106
 10
372.1333143446181
 20
245.39998372395834
 10
372.066650390625
 20
244.96665106879342
 10
372.05000135633685
 20
244.71666124131946
 10
372.0333184136285
 20
244.44998847113717
 10
372.0421271191703
 20
244.30946224265628
 10
372.0506302515666
 20
244.16836579640707
 10
372.0604009760751
 20
244.02711914645303
 10
372.07301245795355
 20
243.88614230685764
 10
372.09003786245984
 20
243.74585529168448
 10
372.1130503548516
 20
243.60667811499704
 10
372.1436231003867
 20
243.4690307908588
 10
372.18332926432294
 20
243.33333333333334
 10
372.249993218316
 20
243.21665445963544
 10
372.3833211263021
 20
243.11665852864584
  0
LWPOLYLINE
  5
902
330
17
100
AcDbEntity
  8
EJE_VIA
100
AcDbPolyline
 90
3
 70
0
 10
386.99998643663196
 20
237.65001085069446
 10
383.066643608941
 20
237.65001085069446
 10
366.73333062065973
 20
238.35001627604169
  0
LWPOLYLINE
  5
903
330
17
100
AcDbEntity
  8
EJE_VIA
100
AcDbPolyline
 90
3
 70
0
 10
376.5333387586806
 20
244.61666531032986
 10
377.03335232204864
 20
244.61666531032986
 10
376.7833455403646
 20
243.11665852864584
  0
LWPOLYLINE
  5
904
330
17
100
AcDbEntity
  8
EJE_VIA
100
AcDbPolyline
 90
3
 70
0
 10
376.5333387586806
 20
238.65000406901044
 10
377.03335232204864
 20
238.65000406901044
 10
376.7833455403646
 20
240.15001085069446
  0
LWPOLYLINE
  5
905
330
17
100
AcDbEntity
  8
EJE_VIA
100
AcDbPolyline
 90
47
 70
0
 10
343.66665310329864
 20
241.3499959309896
 10
343.44997829861114
 20
241.18333604600696
 10
343.2872909969754
 20
241.00757757822674
 10
343.1710857815213
 20
240.80211215549045
 10
343.13041395611236
 20
240.6913338104884
 10
343.10136265224884
 20
240.57684209611682
 10
343.0839318699307
 20
240.45987480216556
 10
343.078121609158
 20
240.3416697184245
 10
343.0839318699307
 20
240.2234646346834
 10
343.10136265224884
 20
240.10649734073215
 10
343.13041395611236
 20
239.9920056263606
 10
343.1710857815213
 20
239.88122728135852
 10
343.22337812847564
 20
239.77540009551578
 10
343.36282438702057
 20
239.5835503604677
 10
343.66665310329864
 20
239.33332655164932
 10
343.44997829861114
 20
239.18333265516495
 10
343.2863897747464
 20
238.99441619714102
 10
343.2221306032605
 20
238.89195646676754
 10
343.16955990261505
 20
238.78528541988797
 10
343.12867648071716
 20
238.67524531980357
 10
343.09947914547394
 20
238.56267842981552
 10
343.0819667047925
 20
238.44842701322503
 10
343.0761379665799
 20
238.33333333333334
 10
343.0819917387433
 20
238.21823965344166
 10
343.09952682918976
 20
238.10398823685117
 10
343.1287420458264
 20
237.99142134686312
 10
343.16963619656036
 20
237.88138124677872
 10
343.2222080892987
 20
237.77471019989915
 10
343.28645653194855
 20
237.67225046952566
 10
343.44997829861114
 20
237.48333401150174
 10
343.66665310329864
 20
237.3333231608073
 10
343.88332790798614
 20
237.48333401150174
 10
344.04684967464874
 20
237.67225046952566
 10
344.1110981172986
 20
237.77471019989915
 10
344.1636700100369
 20
237.88138124677872
 10
344.2045641607709
 20
237.99142134686312
 10
344.23377937740753
 20
238.10398823685117
 10
344.251314467854
 20
238.21823965344166
 10
344.2571682400174
 20
238.33333333333334
 10
344.2513395018048
 20
238.44842701322503
 10
344.23382706112335
 20
238.56267842981552
 10
344.2046297258801
 20
238.67524531980357
 10
344.16374630398224
 20
238.78528541988797
 10
344.1111756033368
 20
238.89195646676754
 10
344.0469164318509
 20
238.99441619714102
 10
343.88332790798614
 20
239.18333265516495
 10
343.66665310329864
 20
239.33332655164932
  0
LWPOLYLINE
  5
906
330
17
100
AcDbEntity
  8
EJE_VIA
100
AcDbPolyline
 90
17
 70
0
 10
385.98331027560766
 20
239.63333129882812
 10
385.74998643663196
 20
239.48333740234375
 10
385.594127840466
 20
239.29949935939578
 10
385.5325160589483
 20
239.1976859793067
 10
385.48186090257434
 20
239.0906760427687
 10
385.4422210819192
 20
238.9795193117526
 10
385.41365530755786
 20
238.86526554822922
 10
385.39622229006557
 20
238.74896451416944
 10
385.3899807400174
 20
238.63166597154407
 10
385.3949893679884
 20
238.51441968232393
 10
385.4113068845537
 20
238.39827540847992
 10
385.43899200028847
 20
238.2842829119828
 10
385.4781034257677
 20
238.17349195480347
 10
385.5286998715666
 20
238.06695229891275
 10
385.5908400482602
 20
237.96571370628146
 10
385.74998643663196
 20
237.78333875868057
 10
385.98331027560766
 20
237.61666191948785
  0
LWPOLYLINE
  5
907
330
17
100
AcDbEntity
  8
EJE_VIA
100
AcDbPolyline
 90
17
 70
0
 10
385.98331027560766
 20
237.64999389648438
 10
386.18330213758685
 20
237.7833218044705
 10
386.3498279783461
 20
237.97772890991635
 10
386.4152488443587
 20
238.0817675507731
 10
386.4687750074599
 20
238.18940427568225
 10
386.5104064676497
 20
238.2999201036162
 10
386.54014322492816
 20
238.41259605354733
 10
386.5579852792952
 20
238.52671314444808
 10
386.5639326307509
 20
238.6415523952908
 10
386.5579852792952
 20
238.75639482504792
 10
386.54014322492816
 20
238.87052145269183
 10
386.5104064676497
 20
238.9832132971949
 10
386.4687750074599
 20
239.09375137752957
 10
386.4152488443587
 20
239.20141671266822
 10
386.3498279783461
 20
239.30549032158322
 10
386.18330213758685
 20
239.49998643663196
 10
385.98331027560766
 20
239.63333129882812
  0
LWPOLYLINE
  5
908
330
17
100
AcDbEntity
  8
EJE_VIA
100
AcDbPolyline
 90
17
 70
0
 10
385.98331027560766
 20
235.66665649414062
 10
386.18330213758685
 20
235.79998440212674
 10
386.3523452811771
 20
235.99774549404782
 10
386.4191754493449
 20
236.10183912432856
 10
386.47412512037494
 20
236.20866272184585
 10
386.5171296232277
 20
236.31765721986693
 10
386.5481242868636
 20
236.42826355165906
 10
386.567044440243
 20
236.53992265048956
 10
386.5738254123264
 20
236.65207544962567
 10
386.56840253207423
 20
236.76416288233466
 10
386.55071112844684
 20
236.87562588188385
 10
386.52068653040465
 20
236.98590538154048
 10
386.47826406690814
 20
237.0944423145718
 10
386.4233790669177
 20
237.20067761424517
 10
386.3559668593937
 20
237.3040522138278
 10
386.18330213758685
 20
237.49998304578995
 10
385.98331027560766
 20
237.64999389648438
  0
TEXT
  5
909
330
17
100
AcDbEntity
  8
TEXTO
100
AcDbText
 10
256.57947116427954
 20
169.97667100694446
 30
0.0
 40
1.1019118470522358
  1
CURB
 72
1
 11
256.57947116427954
 21
169.97667100694446
 31
0.0
100
AcDbText
 73
2
  0
TEXT
  5
90A
330
17
100
AcDbEntity
  8
TEXTO
100
AcDbText
 10
356.3048299153646
 20
167.77684529622397
 30
0.0
 40
0.6459483241340693
  1
ANODE
 72
1
 11
356.3048299153646
 21
167.77684529622397
 31
0.0
100
AcDbText
 73
2
  0
TEXT
  5
90B
330
17
100
AcDbEntity
  8
TEXTO
100
AcDbText
 10
392.56859673394104
 20
124.24699571397569
 30
0.0
 40
0.6459483241340693
  1
ANODE
 72
1
 11
392.56859673394104
 21
124.24699571397569
 31
0.0
100
AcDbText
 73
2
  0
TEXT
  5
90C
330
17
100
AcDbEntity
  8
TEXTO
100
AcDbText
 10
321.8742370605469
 20
98.41573079427084
 30
0.0
 40
0.9879209663226942
  1
CHANDLER
 72
1
 11
321.8742370605469
 21
98.41573079427084
 31
0.0
100
AcDbText
 73
2
  0
TEXT
  5
90D
330
17
100
AcDbEntity
  8
TEXTO
100
AcDbText
 10
292.17663235134546
 20
63.9851548936632
 30
0.0
 40
1.329893608511319
  1
INSTALL
 72
1
 11
292.17663235134546
 21
63.9851548936632
 31
0.0
100
AcDbText
 73
2
  0
TEXT
  5
90E
330
17
100
AcDbEntity
  8
TEXTO
100
AcDbText
 10
328.40706719292535
 20
61.55200534396702
 30
0.0
 40
1.1399088072954162
  1
PERMIT APPL
 72
1
 11
328.40706719292535
 21
61.55200534396702
 31
0.0
100
AcDbText
 73
2
  0
TEXT
  5
90F
330
17
100
AcDbEntity
  8
TEXTO
100
AcDbText
 10
359.2712571885851
 20
60.952063666449654
 30
0.0
 40
0.911927045836333
  1
SUBS
 72
1
 11
359.2712571885851
 21
60.952063666449654
 31
0.0
100
AcDbText
 73
2
  0
TEXT
  5
910
330
17
100
AcDbEntity
  8
TEXTO
100
AcDbText
 10
327.9071044921875
 20
50.086263020833336
 30
0.0
 40
0.6079513638908887
  1
SERVICE NO
 72
1
 11
327.9071044921875
 21
50.086263020833336
 31
0.0
100
AcDbText
 73
2
  0
TEXT
  5
911
330
17
100
AcDbEntity
  8
TEXTO
100
AcDbText
 10
327.9071044921875
 20
46.21990627712674
 30
0.0
 40
0.6079513638908887
  1
SERVICE NO
 72
1
 11
327.9071044921875
 21
46.21990627712674
 31
0.0
100
AcDbText
 73
2
  0
TEXT
  5
912
330
17
100
AcDbEntity
  8
TEXTO
100
AcDbText
 10
346.6056145562066
 20
25.921529134114586
 30
0.0
 40
0.5699544036477081
  1
SAND
 72
1
 11
346.6056145562066
 21
25.921529134114586
 31
0.0
100
AcDbText
 73
2
  0
TEXT
  5
913
330
17
100
AcDbEntity
  8
TEXTO
100
AcDbText
 10
367.77058919270837
 20
23.888363308376736
 30
0.0
 40
0.6079513638908887
  1
DATE
 72
1
 11
367.77058919270837
 21
23.888363308376736
 31
0.0
100
AcDbText
 73
2
  0
TEXT
  5
914
330
17
100
AcDbEntity
  8
TEXTO
100
AcDbText
 10
397.10157606336804
 20
23.921678331163196
 30
0.0
 40
0.5699544036477081
  1
DATE
 72
1
 11
397.10157606336804
 21
23.921678331163196
 31
0.0
100
AcDbText
 73
2
  0
TEXT
  5
915
330
17
100
AcDbEntity
  8
TEXTO
100
AcDbText
 10
347.1722412109375
 20
22.221815321180557
 30
0.0
 40
0.6079513638908887
  1
NATIVE
 72
1
 11
347.1722412109375
 21
22.221815321180557
 31
0.0
100
AcDbText
 73
2
  0
TEXT
  5
916
330
17
100
AcDbEntity
  8
TEXTO
100
AcDbText
 10
361.2377590603299
 20
19.188724093967014
 30
0.0
 40
0.6459483241340693
  1
MISC
 72
1
 11
361.2377590603299
 21
19.188724093967014
 31
0.0
100
AcDbText
 73
2
  0
TEXT
  5
917
330
17
100
AcDbEntity
  8
TEXTO
100
AcDbText
 10
369.1371324327257
 20
20.95525105794271
 30
0.0
 40
0.6079513638908887
  1
DESIGNED
 72
1
 11
369.1371324327257
 21
20.95525105794271
 31
0.0
100
AcDbText
 73
2
  0
TEXT
  5
918
330
17
100
AcDbEntity
  8
TEXTO
100
AcDbText
 10
347.67218695746527
 20
18.48878648546007
 30
0.0
 40
0.6079513638908887
  1
SLURRY
 72
1
 11
347.67218695746527
 21
18.48878648546007
 31
0.0
100
AcDbText
 73
2
  0
TEXT
  5
919
330
17
100
AcDbEntity
  8
TEXTO
100
AcDbText
 10
369.30379231770837
 20
17.955491807725696
 30
0.0
 40
0.6079513638908887
  1
APPROVED
 72
1
 11
369.30379231770837
 21
17.955491807725696
 31
0.0
100
AcDbText
 73
2
  0
TEXT
  5
91A
330
17
100
AcDbEntity
  8
TEXTO
100
AcDbText
 10
396.86825222439234
 20
17.955491807725696
 30
0.0
 40
0.6079513638908887
  1
SUPT
 72
1
 11
396.86825222439234
 21
17.955491807725696
 31
0.0
100
AcDbText
 73
2
  0
TEXT
  5
91B
330
17
100
AcDbEntity
  8
TEXTO
100
AcDbText
 10
406.13416883680554
 20
14.35579087999132
 30
0.0
 40
0.6079513638908887
  1
SHEET
 72
1
 11
406.13416883680554
 21
14.35579087999132
 31
0.0
100
AcDbText
 73
2
  0
TEXT
  5
91C
330
17
100
AcDbEntity
  8
TEXTO
100
AcDbText
 10
356.0381740993924
 20
75.45089721679688
 30
0.0
 40
0.9879209663226942
  1
COLFAX
 50
90.0
 72
1
 11
356.0381740993924
 21
75.45089721679688
 31
0.0
100
AcDbText
 73
2
  0
TEXT
  5
91D
330
17
100
AcDbEntity
  8
TEXTO
100
AcDbText
 10
401.1345757378473
 20
59.71881442599827
 30
0.0
 40
0.7219422446204303
  1
DEPARTMENT OF WATER AND POWER
 72
1
 11
401.1345757378473
 21
59.71881442599827
 31
0.0
100
AcDbText
 73
2
  0
TEXT
  5
91E
330
17
100
AcDbEntity
  8
TEXTO
100
AcDbText
 10
237.5143347846137
 20
47.086503770616325
 30
0.0
 40
0.9879209663226942
  1
24" HDPE SD
 72
1
 11
237.5143347846137
 21
47.086503770616325
 31
0.0
100
AcDbText
 73
2
  0
TEXT
  5
91F
330
17
100
AcDbEntity
  8
TEXTO
100
AcDbText
 10
275.51128811306427
 20
218.20614284939236
 30
0.0
 40
1.0639148868090553
  1
FH 63114
 72
1
 11
275.51128811306427
 21
218.20614284939236
 31
0.0
100
AcDbText
 73
2
  0
TEXT
  5
920
330
17
100
AcDbEntity
  8
TEXTO
100
AcDbText
 10
326.9738430447049
 20
53.95261976453993
 30
0.0
 40
0.6079513638908887
  1
TRACT NO
 72
1
 11
326.9738430447049
 21
53.95261976453993
 31
0.0
100
AcDbText
 73
2
  0
TEXT
  5
921
330
17
100
AcDbEntity
  8
TEXTO
100
AcDbText
 10
202.41714477539062
 20
170.70994059244794
 30
0.0
 40
1.1019118470522358
  1
24" HDPE SD
 72
1
 11
202.41714477539062
 21
170.70994059244794
 31
0.0
100
AcDbText
 73
2
  0
TEXT
  5
922
330
17
100
AcDbEntity
  8
TEXTO
100
AcDbText
 10
227.2151607937283
 20
89.81641981336806
 30
0.0
 40
0.9879209663226942
  1
18" COMM DUCT
 72
1
 11
227.2151607937283
 21
89.81641981336806
 31
0.0
100
AcDbText
 73
2
  0
TEXT
  5
923
330
17
100
AcDbEntity
  8
TEXTO
100
AcDbText
 10
156.82078043619794
 20
252.77004665798611
 30
0.0
 40
0.9499240060795137
  1
COLFAX AVE
 72
1
 11
156.82078043619794
 21
252.77004665798611
 31
0.0
100
AcDbText
 73
2
  0
TEXT
  5
924
330
17
100
AcDbEntity
  8
TEXTO
100
AcDbText
 10
326.27390543619794
 20
232.20503065321182
 30
0.0
 40
1.2159027277817773
  1
12" SEWER
 72
1
 11
326.27390543619794
 21
232.20503065321182
 31
0.0
100
AcDbText
 73
2
  0
TEXT
  5
925
330
17
100
AcDbEntity
  8
TEXTO
100
AcDbText
 10
398.00148857964416
 20
231.53840806749133
 30
0.0
 40
1.0639148868090553
  1
24" HDPE SD
 72
1
 11
398.00148857964416
 21
231.53840806749133
 31
0.0
100
AcDbText
 73
2
  0
TEXT
  5
926
330
17
100
AcDbEntity
  8
TEXTO
100
AcDbText
 10
348.63878038194446
 20
213.6731635199653
 30
0.0
 40
0.9879209663226942
  1
SCALE
 72
1
 11
348.63878038194446
 21
213.6731635199653
 31
0.0
100
AcDbText
 73
2
  0
TEXT
  5
927
330
17
100
AcDbEntity
  8
TEXTO
100
AcDbText
 10
256.6461351182726
 20
155.17784966362848
 30
0.0
 40
1.1019118470522358
  1
CURB
 72
1
 11
256.6461351182726
 21
155.17784966362848
 31
0.0
100
AcDbText
 73
2
  0
TEXT
  5
928
330
17
100
AcDbEntity
  8
TEXTO
100
AcDbText
 10
403.50106133355035
 20
144.37871297200522
 30
0.0
 40
2.0138388928885687
  1
RIGHT
 72
1
 11
403.50106133355035
 21
144.37871297200522
 31
0.0
100
AcDbText
 73
2
  0
TEXT
  5
929
330
17
100
AcDbEntity
  8
TEXTO
100
AcDbText
 10
373.8034396701389
 20
51.286163330078125
 30
0.0
 40
0.7599392048636109
  1
DISTRICT DISTRICT
 72
1
 11
373.8034396701389
 21
51.286163330078125
 31
0.0
100
AcDbText
 73
2
  0
TEXT
  5
92A
330
17
100
AcDbEntity
  8
TEXTO
100
AcDbText
 10
360.83779229058166
 20
48.95300971137153
 30
0.0
 40
0.6079513638908887
  1
GAS
 72
1
 11
360.83779229058166
 21
48.95300971137153
 31
0.0
100
AcDbText
 73
2
  0
TEXT
  5
92B
330
17
100
AcDbEntity
  8
TEXTO
100
AcDbText
 10
404.9342685275608
 20
41.12031724717882
 30
0.0
 40
1.329893608511319
  1
PHASE 3B
 72
1
 11
404.9342685275608
 21
41.12031724717882
 31
0.0
100
AcDbText
 73
2
  0
TEXT
  5
92C
330
17
100
AcDbEntity
  8
TEXTO
100
AcDbText
 10
416.0333930121528
 20
14.35579087999132
 30
0.0
 40
0.6079513638908887
  1
OF
 72
1
 11
416.0333930121528
 21
14.35579087999132
 31
0.0
100
AcDbText
 73
2
  0
TEXT
  5
92D
330
17
100
AcDbEntity
  8
TEXTO
100
AcDbText
 10
99.39204745822484
 20
49.08633761935764
 30
0.0
 40
2.7357811375089995
  1
COLFAX AVE.
 50
90.0
 72
1
 11
99.39204745822484
 21
49.08633761935764
 31
0.0
100
AcDbText
 73
2
  0
TEXT
  5
92E
330
17
100
AcDbEntity
  8
TEXTO
100
AcDbText
 10
362.7709621853299
 20
268.6687723795573
 30
0.0
 40
1.1399088072954162
  1
CO FAX AVE
 50
90.0
 72
1
 11
362.7709621853299
 21
268.6687723795573
 31
0.0
100
AcDbText
 73
2
  0
TEXT
  5
92F
330
17
100
AcDbEntity
  8
TEXTO
100
AcDbText
 10
214.98279995388455
 20
148.0117628309462
 30
0.0
 40
1.2159027277817773
  1
SEE SHEET 19 FOR DETAILS
 72
1
 11
214.98279995388455
 21
148.0117628309462
 31
0.0
100
AcDbText
 73
2
  0
TEXT
  5
930
330
17
100
AcDbEntity
  8
TEXTO
100
AcDbText
 10
401.2012396918403
 20
61.38536241319445
 30
0.0
 40
0.4939604831613471
  1
CITY OF LOS ANGELES
 72
1
 11
401.2012396918403
 21
61.38536241319445
 31
0.0
100
AcDbText
 73
2
  0
TEXT
  5
931
330
17
100
AcDbEntity
  8
TEXTO
100
AcDbText
 10
401.1345757378473
 20
55.81914265950521
 30
0.0
 40
0.6079513638908887
  1
WATER DISTRIBUTION BUSINESS UNIT
 72
1
 11
401.1345757378473
 21
55.81914265950521
 31
0.0
100
AcDbText
 73
2
  0
TEXT
  5
932
330
17
100
AcDbEntity
  8
TEXTO
100
AcDbText
 10
394.2351277669271
 20
45.51995171440972
 30
0.0
 40
1.329893608511319
  1
N. HOLLYWOOD RECYCLE WATER
 72
1
 11
394.2351277669271
 21
45.51995171440972
 31
0.0
100
AcDbText
 73
2
  0
TEXT
  5
933
330
17
100
AcDbEntity
  8
TEXTO
100
AcDbText
 10
403.4343973795573
 20
246.47054036458334
 30
0.0
 40
1.0639148868090553
  1
IN 16" CSG
 72
1
 11
403.4343973795573
 21
246.47054036458334
 31
0.0
100
AcDbText
 73
2
  0
TEXT
  5
934
330
17
100
AcDbEntity
  8
TEXTO
100
AcDbText
 10
199.21739366319446
 20
100.48222859700522
 30
0.0
 40
0.9879209663226942
  1
AT PIPE CL
 72
1
 11
199.21739366319446
 21
100.48222859700522
 31
0.0
100
AcDbText
 73
2
  0
TEXT
  5
935
330
17
100
AcDbEntity
  8
TEXTO
100
AcDbText
 10
236.54774136013458
 20
258.20293850368927
 30
0.0
 40
1.5198784097272218
  1
INSTALL 6"
 72
1
 11
236.54774136013458
 21
258.20293850368927
 31
0.0
100
AcDbText
 73
2
  0
TEXT
  5
936
330
17
100
AcDbEntity
  8
TEXTO
100
AcDbText
 10
392.30194091796875
 20
111.41469319661459
 30
0.0
 40
0.6839452843772499
  1
GCPTS 2
 72
1
 11
392.30194091796875
 21
111.41469319661459
 31
0.0
100
AcDbText
 73
2
  0
TEXT
  5
937
330
17
100
AcDbEntity
  8
TEXTO
100
AcDbText
 10
202.11716545952692
 20
102.54872639973959
 30
0.0
 40
0.9879209663226942
  1
APPROX GRADE
 72
1
 11
202.11716545952692
 21
102.54872639973959
 31
0.0
100
AcDbText
 73
2
  0
TEXT
  5
938
330
17
100
AcDbEntity
  8
TEXTO
100
AcDbText
 10
106.95810953776042
 20
229.43857828776044
 30
0.0
 40
0.8739300855931526
  1
SCALE 7 HORIZONTAL
 72
1
 11
106.95810953776042
 21
229.43857828776044
 31
0.0
100
AcDbText
 73
2
  0
TEXT
  5
939
330
17
100
AcDbEntity
  8
TEXTO
100
AcDbText
 10
172.45286729600696
 20
275.66821628146704
 30
0.0
 40
1.5198784097272218
  1
INSTALL 8"
 72
1
 11
172.45286729600696
 21
275.66821628146704
 31
0.0
100
AcDbText
 73
2
  0
TEXT
  5
93A
330
17
100
AcDbEntity
  8
TEXTO
100
AcDbText
 10
77.36047532823352
 20
271.83519151475696
 30
0.0
 40
0.9499240060795137
  1
PIPE CL
 72
1
 11
77.36047532823352
 21
271.83519151475696
 31
0.0
100
AcDbText
 73
2
  0
TEXT
  5
93B
330
17
100
AcDbEntity
  8
TEXTO
100
AcDbText
 10
80.19358317057292
 20
238.53785196940106
 30
0.0
 40
1.1399088072954162
  1
8" SEWER
 72
1
 11
80.19358317057292
 21
238.53785196940106
 31
0.0
100
AcDbText
 73
2
  0
TEXT
  5
93C
330
17
100
AcDbEntity
  8
TEXTO
100
AcDbText
 10
330.6068759494358
 20
225.30558268229169
 30
0.0
 40
1.5578753699704022
  1
(6306 INV) 630
 72
1
 11
330.6068759494358
 21
225.30558268229169
 31
0.0
100
AcDbText
 73
2
  0
TEXT
  5
93D
330
17
100
AcDbEntity
  8
TEXTO
100
AcDbText
 10
350.70527818467883
 20
177.90937635633682
 30
0.0
 40
0.6459483241340693
  1
GCPTS 2
 72
1
 11
350.70527818467883
 21
177.90937635633682
 31
0.0
100
AcDbText
 73
2
  0
TEXT
  5
93E
330
17
100
AcDbEntity
  8
TEXTO
100
AcDbText
 10
352.1718173556858
 20
136.21270073784723
 30
0.0
 40
0.9879209663226942
  1
PAVE ENT
 72
1
 11
352.1718173556858
 21
136.21270073784723
 31
0.0
100
AcDbText
 73
2
  0
TEXT
  5
93F
330
17
100
AcDbEntity
  8
TEXTO
100
AcDbText
 10
85.0931888156467
 20
135.67940606011285
 30
0.0
 40
1.2159027277817773
  1
EX PAVEMENT
 72
1
 11
85.0931888156467
 21
135.67940606011285
 31
0.0
100
AcDbText
 73
2
  0
TEXT
  5
940
330
17
100
AcDbEntity
  8
TEXTO
100
AcDbText
 10
87.09303114149307
 20
133.14627753363715
 30
0.0
 40
1.2159027277817773
  1
CONST JOINT TYP
 72
1
 11
87.09303114149307
 21
133.14627753363715
 31
0.0
100
AcDbText
 73
2
  0
TEXT
  5
941
330
17
100
AcDbEntity
  8
TEXTO
100
AcDbText
 10
401.16790771484375
 20
57.985619439019096
 30
0.0
 40
0.4939604831613471
  1
PO BOX 51111 LOS ANGELES CALIFORNIA 90051
 72
1
 11
401.16790771484375
 21
57.985619439019096
 31
0.0
100
AcDbText
 73
2
  0
TEXT
  5
942
330
17
100
AcDbEntity
  8
TEXTO
100
AcDbText
 10
204.08366733127173
 20
43.95341661241319
 30
0.0
 40
1.0639148868090553
  1
8" STL RECYCLED WATER PIPE
 72
1
 11
204.08366733127173
 21
43.95341661241319
 31
0.0
100
AcDbText
 73
2
  0
TEXT
  5
943
330
17
100
AcDbEntity
  8
TEXTO
100
AcDbText
 10
360.47115749782984
 20
26.62146674262153
 30
0.0
 40
0.6079513638908887
  1
TS
 72
1
 11
360.47115749782984
 21
26.62146674262153
 31
0.0
100
AcDbText
 73
2
  0
TEXT
  5
944
330
17
100
AcDbEntity
  8
TEXTO
100
AcDbText
 10
36.3637563917372
 20
223.63905164930557
 30
0.0
 40
1.329893608511319
  1
SCALE IN FEET
 72
1
 11
36.3637563917372
 21
223.63905164930557
 31
0.0
100
AcDbText
 73
2
  0
TEXT
  5
945
330
17
100
AcDbEntity
  8
TEXTO
100
AcDbText
 10
379.5029703776042
 20
27.621392144097225
 30
0.0
 40
0.911927045836333
  1
DRAWING COMPLETED
 72
1
 11
379.5029703776042
 21
27.621392144097225
 31
0.0
100
AcDbText
 73
2
  0
TEXT
  5
946
330
17
100
AcDbEntity
  8
TEXTO
100
AcDbText
 10
163.82022433810766
 20
92.04957750108507
 30
0.0
 40
1.1779057675385969
  1
45° BEND HORZ
 72
1
 11
163.82022433810766
 21
92.04957750108507
 31
0.0
100
AcDbText
 73
2
  0
TEXT
  5
947
330
17
100
AcDbEntity
  8
TEXTO
100
AcDbText
 10
181.81878831651477
 20
243.40413411458334
 30
0.0
 40
1.0639148868090553
  1
18' E/O CL COLFAX AVE
 72
1
 11
181.81878831651477
 21
243.40413411458334
 31
0.0
100
AcDbText
 73
2
  0
TEXT
  5
948
330
17
100
AcDbEntity
  8
TEXTO
100
AcDbText
 10
239.1475338406033
 20
270.1353285047743
 30
0.0
 40
0.9879209663226942
  1
APPROX GRADE
 72
1
 11
239.1475338406033
 21
270.1353285047743
 31
0.0
100
AcDbText
 73
2
  0
TEXT
  5
949
330
17
100
AcDbEntity
  8
TEXTO
100
AcDbText
 10
185.91846042209204
 20
250.87019178602432
 30
0.0
 40
1.0639148868090553
  1
45° BEND HORZ
 72
1
 11
185.91846042209204
 21
250.87019178602432
 31
0.0
100
AcDbText
 73
2
  0
TEXT
  5
94A
330
17
100
AcDbEntity
  8
TEXTO
100
AcDbText
 10
206.18350558810766
 20
238.23788113064236
 30
0.0
 40
1.4058875289976802
  1
CHANDLER BLVD N. & COLFAX AVE.
 72
1
 11
206.18350558810766
 21
238.23788113064236
 31
0.0
100
AcDbText
 73
2
  0
TEXT
  5
94B
330
17
100
AcDbEntity
  8
TEXTO
100
AcDbText
 10
216.44934760199652
 20
211.93996853298611
 30
0.0
 40
2.7357811375089995
  1
CHANDLER WN
 72
1
 11
216.44934760199652
 21
211.93996853298611
 31
0.0
100
AcDbText
 73
2
  0
TEXT
  5
94C
330
17
100
AcDbEntity
  8
TEXTO
100
AcDbText
 10
325.84058973524304
 20
114.14779663085938
 30
0.0
 40
0.9879209663226942
  1
REPLACE CONC
 72
1
 11
325.84058973524304
 21
114.14779663085938
 31
0.0
100
AcDbText
 73
2
  0
TEXT
  5
94D
330
17
100
AcDbEntity
  8
TEXTO
100
AcDbText
 10
323.8074408637153
 20
111.9479709201389
 30
0.0
 40
0.9879209663226942
  1
HATCH AREA
 72
1
 11
323.8074408637153
 21
111.9479709201389
 31
0.0
100
AcDbText
 73
2
  0
TEXT
  5
94E
330
17
100
AcDbEntity
  8
TEXTO
100
AcDbText
 10
405.9008619520399
 20
51.252831353081596
 30
0.0
 40
0.7219422446204303
  1
PHONE PHONE
 72
1
 11
405.9008619520399
 21
51.252831353081596
 31
0.0
100
AcDbText
 73
2
  0
TEXT
  5
94F
330
17
100
AcDbEntity
  8
TEXTO
100
AcDbText
 10
188.151609632704
 20
279.9678717719184
 30
0.0
 40
1.0259179265658747
  1
8" SCG 22' E OF CL
 72
1
 11
188.151609632704
 21
279.9678717719184
 31
0.0
100
AcDbText
 73
2
  0
TEXT
  5
950
330
17
100
AcDbEntity
  8
TEXTO
100
AcDbText
 10
78.56038411458334
 20
278.33467271592883
 30
0.0
 40
0.9879209663226942
  1
12" DWPWS 23' W OF CL
 72
1
 11
78.56038411458334
 21
278.33467271592883
 31
0.0
100
AcDbText
 73
2
  0
TEXT
  5
951
330
17
100
AcDbEntity
  8
TEXTO
100
AcDbText
 10
79.56030315823025
 20
258.33626641167535
 30
0.0
 40
1.5198784097272218
  1
INSTALL 6"
 72
1
 11
79.56030315823025
 21
258.33626641167535
 31
0.0
100
AcDbText
 73
2
  0
TEXT
  5
952
330
17
100
AcDbEntity
  8
TEXTO
100
AcDbText
 10
185.91846042209204
 20
245.77060275607639
 30
0.0
 40
1.0259179265658747
  1
45° BEND HORZ
 72
1
 11
185.91846042209204
 21
245.77060275607639
 31
0.0
100
AcDbText
 73
2
  0
TEXT
  5
953
330
17
100
AcDbEntity
  8
TEXTO
100
AcDbText
 10
228.5817125108507
 20
87.48326619466147
 30
0.0
 40
0.9879209663226942
  1
BANK MTA DBC5002
 72
1
 11
228.5817125108507
 21
87.48326619466147
 31
0.0
100
AcDbText
 73
2
  0
TEXT
  5
954
330
17
100
AcDbEntity
  8
TEXTO
100
AcDbText
 10
243.08055453830295
 20
35.720740424262154
 30
0.0
 40
1.4058875289976802
  1
COLFAX AVE. & CHANDLER BLVD S.
 72
1
 11
243.08055453830295
 21
35.720740424262154
 31
0.0
100
AcDbText
 73
2
  0
TEXT
  5
955
330
17
100
AcDbEntity
  8
TEXTO
100
AcDbText
 10
123.55678134494359
 20
233.2716030544705
 30
0.0
 40
1.3678905687544998
  1
CHANDLER BLVD S. & COLFAX AVE.
 72
1
 11
123.55678134494359
 21
233.2716030544705
 31
0.0
100
AcDbText
 73
2
  0
TEXT
  5
956
330
17
100
AcDbEntity
  8
TEXTO
100
AcDbText
 10
395.16838921440973
 20
182.37567477756076
 30
0.0
 40
1.329893608511319
  1
CASING SECT.
 72
1
 11
395.16838921440973
 21
182.37567477756076
 31
0.0
100
AcDbText
 73
2
  0
TEXT
  5
957
330
17
100
AcDbEntity
  8
TEXTO
100
AcDbText
 10
391.20203653971356
 20
71.31790161132812
 30
0.0
 40
0.8739300855931526
  1
SCALE NTS
 72
1
 11
391.20203653971356
 21
71.31790161132812
 31
0.0
100
AcDbText
 73
2
  0
TEXT
  5
958
330
17
100
AcDbEntity
  8
TEXTO
100
AcDbText
 10
345.8056640625
 20
29.95452880859375
 30
0.0
 40
0.911927045836333
  1
BACKFILL
 72
1
 11
345.8056640625
 21
29.95452880859375
 31
0.0
100
AcDbText
 73
2
  0
TEXT
  5
959
330
17
100
AcDbEntity
  8
TEXTO
100
AcDbText
 10
201.31722344292535
 20
87.98322889539931
 30
0.0
 40
1.0639148868090553
  1
HORIZ
 50
90.0
 72
1
 11
201.31722344292535
 21
87.98322889539931
 31
0.0
100
AcDbText
 73
2
  0
TEXT
  5
95A
330
17
100
AcDbEntity
  8
TEXTO
100
AcDbText
 10
403.8010321723091
 20
254.56990559895834
 30
0.0
 40
1.2538996880249578
  1
645 4" GAS IN 6" CSG
 72
1
 11
403.8010321723091
 21
254.56990559895834
 31
0.0
100
AcDbText
 73
2
  0
TEXT
  5
95B
330
17
100
AcDbEntity
  8
TEXTO
100
AcDbText
 10
407.6340569390191
 20
249.83695136176217
 30
0.0
 40
1.0259179265658747
  1
INSTALL 8" STL WATER
 72
1
 11
407.6340569390191
 21
249.83695136176217
 31
0.0
100
AcDbText
 73
2
  0
TEXT
  5
95C
330
17
100
AcDbEntity
  8
TEXTO
100
AcDbText
 10
174.11940680609808
 20
219.40606011284723
 30
0.0
 40
1.2159027277817773
  1
8" MECH CPLG
 72
1
 11
174.11940680609808
 21
219.40606011284723
 31
0.0
100
AcDbText
 73
2
  0
TEXT
  5
95D
330
17
100
AcDbEntity
  8
TEXTO
100
AcDbText
 10
250.34663730197482
 20
103.38199191623265
 30
0.0
 40
0.9499240060795137
  1
6" DWPWS 148+07
 72
1
 11
250.34663730197482
 21
103.38199191623265
 31
0.0
100
AcDbText
 73
2
  0
TEXT
  5
95E
330
17
100
AcDbEntity
  8
TEXTO
100
AcDbText
 10
230.04826863606772
 20
93.54944864908855
 30
0.0
 40
0.9879209663226942
  1
8" SCG 19' N OF CL
 72
1
 11
230.04826863606772
 21
93.54944864908855
 31
0.0
100
AcDbText
 73
2
  0
TEXT
  5
95F
330
17
100
AcDbEntity
  8
TEXTO
100
AcDbText
 10
364.9374728732639
 20
223.13907199435764
 30
0.0
 40
1.2159027277817773
  1
STA 148+71
 72
1
 11
364.9374728732639
 21
223.13907199435764
 31
0.0
100
AcDbText
 73
2
  0
TEXT
  5
960
330
17
100
AcDbEntity
  8
TEXTO
100
AcDbText
 10
108.32466973198785
 20
273.1350792778863
 30
0.0
 40
1.0639148868090553
  1
45 BEND
 50
90.0
 72
1
 11
108.32466973198785
 21
273.1350792778863
 31
0.0
100
AcDbText
 73
2
  0
TEXT
  5
961
330
17
100
AcDbEntity
  8
TEXTO
100
AcDbText
 10
74.62736129760742
 20
219.03940836588544
 30
0.0
 40
1.1779057675385969
  1
8" 45° BEND HORZ
 72
1
 11
74.62736129760742
 21
219.03940836588544
 31
0.0
100
AcDbText
 73
2
  0
TEXT
  5
962
330
17
100
AcDbEntity
  8
TEXTO
100
AcDbText
 10
333.5066562228733
 20
57.31901380750868
 30
0.0
 40
1.1779057675385969
  1
WORK ORDER U DF36
 72
1
 11
333.5066562228733
 21
57.31901380750868
 31
0.0
100
AcDbText
 73
2
  0
TEXT
  5
963
330
17
100
AcDbEntity
  8
TEXTO
100
AcDbText
 10
85.09319305419922
 20
116.9475809733073
 30
0.0
 40
1.0639148868090553
  1
FH 52150
 72
1
 11
85.09319305419922
 21
116.9475809733073
 31
0.0
100
AcDbText
 73
2
  0
TEXT
  5
964
330
17
100
AcDbEntity
  8
TEXTO
100
AcDbText
 10
387.73564656575525
 20
75.08426242404514
 30
0.0
 40
1.3678905687544998
  1
DETAIL
 72
1
 11
387.73564656575525
 21
75.08426242404514
 31
0.0
100
AcDbText
 73
2
  0
TEXT
  5
965
330
17
100
AcDbEntity
  8
TEXTO
100
AcDbText
 10
328.7070380316841
 20
42.35354953342014
 30
0.0
 40
0.6079513638908887
  1
GATE SECTION
 72
1
 11
328.7070380316841
 21
42.35354953342014
 31
0.0
100
AcDbText
 73
2
  0
TEXT
  5
966
330
17
100
AcDbEntity
  8
TEXTO
100
AcDbText
 10
392.43526882595484
 20
32.85430908203125
 30
0.0
 40
1.329893608511319
  1
WITHIN MTA R/W
 72
1
 11
392.43526882595484
 21
32.85430908203125
 31
0.0
100
AcDbText
 73
2
  0
TEXT
  5
967
330
17
100
AcDbEntity
  8
TEXTO
100
AcDbText
 10
208.3499993218316
 20
87.98322889539931
 30
0.0
 40
1.0259179265658747
  1
HORIZ
 50
90.0
 72
1
 11
208.3499993218316
 21
87.98322889539931
 31
0.0
100
AcDbText
 73
2
  0
TEXT
  5
968
330
17
100
AcDbEntity
  8
TEXTO
100
AcDbText
 10
366.8373277452257
 20
271.1685774061415
 30
0.0
 40
1.1399088072954162
  1
148+71
 50
90.0
 72
1
 11
366.8373277452257
 21
271.1685774061415
 31
0.0
100
AcDbText
 73
2
  0
TEXT
  5
969
330
17
100
AcDbEntity
  8
TEXTO
100
AcDbText
 10
74.49404186672635
 20
226.83878580729169
 30
0.0
 40
1.329893608511319
  1
8" 45° BEND HORZ)
 72
1
 11
74.49404186672635
 21
226.83878580729169
 31
0.0
100
AcDbText
 73
2
  0
TEXT
  5
96A
330
17
100
AcDbEntity
  8
TEXTO
100
AcDbText
 10
89.8261472913954
 20
209.10686916775174
 30
0.0
 40
1.1019118470522358
  1
FH 52151
 72
1
 11
89.8261472913954
 21
209.10686916775174
 31
0.0
100
AcDbText
 73
2
  0
TEXT
  5
96B
330
17
100
AcDbEntity
  8
TEXTO
100
AcDbText
 10
153.08775160047745
 20
178.00935533311633
 30
0.0
 40
1.2159027277817773
  1
16" STL
 72
1
 11
153.08775160047745
 21
178.00935533311633
 31
0.0
100
AcDbText
 73
2
  0
TEXT
  5
96C
330
17
100
AcDbEntity
  8
TEXTO
100
AcDbText
 10
213.78289964463977
 20
151.6447957356771
 30
0.0
 40
1.1019118470522358
  1
MTA DBC1061 & DBC5002
 72
1
 11
213.78289964463977
 21
151.6447957356771
 31
0.0
100
AcDbText
 73
2
  0
TEXT
  5
96D
330
17
100
AcDbEntity
  8
TEXTO
100
AcDbText
 10
237.14769151475696
 20
43.75342475043403
 30
0.0
 40
0.9879209663226942
  1
MTA BIC6029
 72
1
 11
237.14769151475696
 21
43.75342475043403
 31
0.0
100
AcDbText
 73
2
  0
TEXT
  5
96E
330
17
100
AcDbEntity
  8
TEXTO
100
AcDbText
 10
86.5597407023112
 20
91.7162577311198
 30
0.0
 40
1.329893608511319
  1
INSTALL 8" RW DI. PIPE
 72
1
 11
86.5597407023112
 21
91.7162577311198
 31
0.0
100
AcDbText
 73
2
  0
TEXT
  5
96F
330
17
100
AcDbEntity
  8
TEXTO
100
AcDbText
 10
174.15273878309463
 20
260.46942816840277
 30
0.0
 40
0.9879209663226942
  1
C/L COLFAX AVE
 72
1
 11
174.15273878309463
 21
260.46942816840277
 31
0.0
100
AcDbText
 73
2
  0
TEXT
  5
970
330
17
100
AcDbEntity
  8
TEXTO
100
AcDbText
 10
340.9393988715278
 20
272.00183444552954
 30
0.0
 40
0.9879209663226942
  1
EXIST GRADE
 72
1
 11
340.9393988715278
 21
272.00183444552954
 31
0.0
100
AcDbText
 73
2
  0
TEXT
  5
971
330
17
100
AcDbEntity
  8
TEXTO
100
AcDbText
 10
339.67281765407984
 20
247.60379367404514
 30
0.0
 40
1.0639148868090553
  1
WPWS
 72
1
 11
339.67281765407984
 21
247.60379367404514
 31
0.0
100
AcDbText
 73
2
  0
TEXT
  5
972
330
17
100
AcDbEntity
  8
TEXTO
100
AcDbText
 10
193.11788770887586
 20
62.351938883463546
 30
0.0
 40
1.3678905687544998
  1
CASING SECT.
 72
1
 11
193.11788770887586
 21
62.351938883463546
 31
0.0
100
AcDbText
 73
2
  0
TEXT
  5
973
330
17
100
AcDbEntity
  8
TEXTO
100
AcDbText
 10
330.0069342719184
 20
21.955176459418404
 30
0.0
 40
1.747860171186305
  1
CORROSION
 72
1
 11
330.0069342719184
 21
21.955176459418404
 31
0.0
100
AcDbText
 73
2
  0
TEXT
  5
974
330
17
100
AcDbEntity
  8
TEXTO
100
AcDbText
 10
187.8516387939453
 20
228.77197265625
 30
0.0
 40
1.2538996880249578
  1
4" SCG 22' E OF C/L (ABAND)
 72
1
 11
187.8516387939453
 21
228.77197265625
 31
0.0
100
AcDbText
 73
2
  0
TEXT
  5
975
330
17
100
AcDbEntity
  8
TEXTO
100
AcDbText
 10
181.81878831651477
 20
248.5370551215278
 30
0.0
 40
1.0639148868090553
  1
14' E/O CL COLFAX AVE
 72
1
 11
181.81878831651477
 21
248.5370551215278
 31
0.0
100
AcDbText
 73
2
  0
TEXT
  5
976
330
17
100
AcDbEntity
  8
TEXTO
100
AcDbText
 10
177.38580491807727
 20
213.80649142795139
 30
0.0
 40
1.3678905687544998
  1
6" GV
 72
1
 11
177.38580491807727
 21
213.80649142795139
 31
0.0
100
AcDbText
 73
2
  0
TEXT
  5
977
330
17
100
AcDbEntity
  8
TEXTO
100
AcDbText
 10
201.71719868977866
 20
206.90704345703125
 30
0.0
 40
1.1019118470522358
  1
12' CURB
 72
1
 11
201.71719868977866
 21
206.90704345703125
 31
0.0
100
AcDbText
 73
2
  0
TEXT
  5
978
330
17
100
AcDbEntity
  8
TEXTO
100
AcDbText
 10
95.75900607638889
 20
155.54450141059027
 30
0.0
 40
1.2159027277817773
  1
6 GV
 72
1
 11
95.75900607638889
 21
155.54450141059027
 31
0.0
100
AcDbText
 73
2
  0
TEXT
  5
979
330
17
100
AcDbEntity
  8
TEXTO
100
AcDbText
 10
149.65469360351562
 20
79.15060255262588
 30
0.0
 40
1.0639148868090553
  1
12' CURB
 50
90.0
 72
1
 11
149.65469360351562
 21
79.15060255262588
 31
0.0
100
AcDbText
 73
2
  0
TEXT
  5
97A
330
17
100
AcDbEntity
  8
TEXTO
100
AcDbText
 10
78.06042141384549
 20
123.2470703125
 30
0.0
 40
1.1019118470522358
  1
12° CURB
 72
1
 11
78.06042141384549
 21
123.2470703125
 31
0.0
100
AcDbText
 73
2
  0
TEXT
  5
97B
330
17
100
AcDbEntity
  8
TEXTO
100
AcDbText
 10
325.50728691948785
 20
116.41428629557292
 30
0.0
 40
0.9879209663226942
  1
SAW CUT LINE
 72
1
 11
325.50728691948785
 21
116.41428629557292
 31
0.0
100
AcDbText
 73
2
  0
TEXT
  5
97C
330
17
100
AcDbEntity
  8
TEXTO
100
AcDbText
 10
153.42105441623266
 20
111.58133612738716
 30
0.0
 40
1.0259179265658747
  1
148+69
 72
1
 11
153.42105441623266
 21
111.58133612738716
 31
0.0
100
AcDbText
 73
2
  0
TEXT
  5
97D
330
17
100
AcDbEntity
  8
TEXTO
100
AcDbText
 10
165.28678046332465
 20
98.31573486328125
 30
0.0
 40
1.1779057675385969
  1
45° BEND HORIZ
 72
1
 11
165.28678046332465
 21
98.31573486328125
 31
0.0
100
AcDbText
 73
2
  0
TEXT
  5
97E
330
17
100
AcDbEntity
  8
TEXTO
100
AcDbText
 10
139.18886396620007
 20
82.25034925672743
 30
0.0
 40
2.241820654347652
  1
48 P
 72
1
 11
139.18886396620007
 21
82.25034925672743
 31
0.0
100
AcDbText
 73
2
  0
TEXT
  5
97F
330
17
100
AcDbEntity
  8
TEXTO
100
AcDbText
 10
394.0018208821615
 20
36.92064073350694
 30
0.0
 40
1.329893608511319
  1
8" D.I. IN 16" STL CASING
 72
1
 11
394.0018208821615
 21
36.92064073350694
 31
0.0
100
AcDbText
 73
2
  0
TEXT
  5
980
330
17
100
AcDbEntity
  8
TEXTO
100
AcDbText
 10
366.0707092285156
 20
213.73982747395834
 30
0.0
 40
1.1399088072954162
  1
1"=40' HORIZONTAL
 72
1
 11
366.0707092285156
 21
213.73982747395834
 31
0.0
100
AcDbText
 73
2
  0
TEXT
  5
981
330
17
100
AcDbEntity
  8
TEXTO
100
AcDbText
 10
163.65358140733508
 20
108.14827813042535
 30
0.0
 40
1.3678905687544998
  1
8" MECH CPLG 48'P
 72
1
 11
163.65358140733508
 21
108.14827813042535
 31
0.0
100
AcDbText
 73
2
  0
TEXT
  5
982
330
17
100
AcDbEntity
  8
TEXTO
100
AcDbText
 10
281.04419284396704
 20
168.34347195095486
 30
0.0
 40
1.595872330213583
  1
BRT C/L
 72
1
 11
281.04419284396704
 21
168.34347195095486
 31
0.0
100
AcDbText
 73
2
  0
TEXT
  5
983
330
17
100
AcDbEntity
  8
TEXTO
100
AcDbText
 10
410.3338453504774
 20
54.15259467230903
 30
0.0
 40
0.5319574434045277
  1
— DIRECTOR
 72
1
 11
410.3338453504774
 21
54.15259467230903
 31
0.0
100
AcDbText
 73
2
  0
TEXT
  5
984
330
17
100
AcDbEntity
  8
TEXTO
100
AcDbText
 10
267.37860785590277
 20
51.78612603081597
 30
0.0
 40
1.329893608511319
  1
148+00
 72
1
 11
267.37860785590277
 21
51.78612603081597
 31
0.0
100
AcDbText
 73
2
  0
TEXT
  5
985
330
17
100
AcDbEntity
  8
TEXTO
100
AcDbText
 10
319.007805718316
 20
226.63880242241754
 30
0.0
 40
0.8739300855931526
  1
NO
 50
90.0
 72
1
 11
319.007805718316
 21
226.63880242241754
 31
0.0
100
AcDbText
 73
2
  0
TEXT
  5
986
330
17
100
AcDbEntity
  8
TEXTO
100
AcDbText
 10
163.65358140733508
 20
114.81441921657986
 30
0.0
 40
1.3678905687544998
  1
8" MECH CPLG 48'P
 72
1
 11
163.65358140733508
 21
114.81441921657986
 31
0.0
100
AcDbText
 73
2
  0
TEXT
  5
987
330
17
100
AcDbEntity
  8
TEXTO
100
AcDbText
 10
263.87888590494794
 20
233.57157389322919
 30
0.0
 40
1.2538996880249578
  1
PT&T 19° N OF C/L (ABAND)
 50
90.0
 72
1
 11
263.87888590494794
 21
233.57157389322919
 31
0.0
100
AcDbText
 73
2
  0
TEXT
  5
988
330
17
100
AcDbEntity
  8
TEXTO
100
AcDbText
 10
163.62024943033856
 20
143.67877536349826
 30
0.0
 40
1.3678905687544998
  1
8" MECH CPLG 68'P
 72
1
 11
163.62024943033856
 21
143.67877536349826
 31
0.0
100
AcDbText
 73
2
  0
TEXT
  5
989
330
17
100
AcDbEntity
  8
TEXTO
100
AcDbText
 10
161.72039455837677
 20
155.74447631835938
 30
0.0
 40
1.0639148868090553
  1
16% STL CASING 8" DI
 72
1
 11
161.72039455837677
 21
155.74447631835938
 31
0.0
100
AcDbText
 73
2
  0
TEXT
  5
98A
330
17
100
AcDbEntity
  8
TEXTO
100
AcDbText
 10
67.62792163425021
 20
207.57364908854169
 30
0.0
 40
1.1019118470522358
  1
12' CURB
 72
1
 11
67.62792163425021
 21
207.57364908854169
 31
0.0
100
AcDbText
 73
2
  0
TEXT
  5
98B
330
17
100
AcDbEntity
  8
TEXTO
100
AcDbText
 10
234.31458367241754
 20
41.02032131618924
 30
0.0
 40
0.9879209663226942
  1
148+71
 72
1
 11
234.31458367241754
 21
41.02032131618924
 31
0.0
100
AcDbText
 73
2
  0
TEXT
  5
98C
330
17
100
AcDbEntity
  8
TEXTO
100
AcDbText
 10
396.8682522243924
 20
20.95525105794271
 30
0.0
 40
0.6079513638908887
  1
SUPV
 72
1
 11
396.8682522243924
 21
20.95525105794271
 31
0.0
100
AcDbText
 73
2
  0
TEXT
  5
98D
330
17
100
AcDbEntity
  8
TEXTO
100
AcDbText
 10
373.50345187717016
 20
272.60179307725696
 30
0.0
 40
1.2159027277817773
  1
B1C6029
 50
90.0
 72
1
 11
373.50345187717016
 21
272.60179307725696
 31
0.0
100
AcDbText
 73
2
  0
TEXT
  5
98E
330
17
100
AcDbEntity
  8
TEXTO
100
AcDbText
 10
81.06018278333876
 20
255.2698432074653
 30
0.0
 40
1.2918966482681387
  1
RW DI. PIPE
 72
1
 11
81.06018278333876
 21
255.2698432074653
 31
0.0
100
AcDbText
 73
2
  0
TEXT
  5
98F
330
17
100
AcDbEntity
  8
TEXTO
100
AcDbText
 10
84.82654995388455
 20
99.28232828776042
 30
0.0
 40
1.0639148868090553
  1
12" SEWER VARIES
 72
1
 11
84.82654995388455
 21
99.28232828776042
 31
0.0
100
AcDbText
 73
2
  0
TEXT
  5
990
330
17
100
AcDbEntity
  8
TEXTO
100
AcDbText
 10
397.5348578559028
 20
169.54337226019965
 30
0.0
 40
1.747860171186305
  1
CASING: L=60,
 72
1
 11
397.5348578559028
 21
169.54337226019965
 31
0.0
100
AcDbText
 73
2
  0
TEXT
  5
991
330
17
100
AcDbEntity
  8
TEXTO
100
AcDbText
 10
82.06010182698569
 20
104.91521199544272
 30
0.0
 40
1.2538996880249578
  1
12" DWPWS 23' W OF C/L
 72
1
 11
82.06010182698569
 21
104.91521199544272
 31
0.0
100
AcDbText
 73
2
  0
TEXT
  5
992
330
17
100
AcDbEntity
  8
TEXTO
100
AcDbText
 10
58.72863345675999
 20
101.38215806749133
 30
0.0
 40
2.2798176145908324
  1
INSTALL 6" RW DI. PIPE
 50
90.0
 72
1
 11
58.72863345675999
 21
101.38215806749133
 31
0.0
100
AcDbText
 73
2
  0
TEXT
  5
993
330
17
100
AcDbEntity
  8
TEXTO
100
AcDbText
 10
400.43462117513025
 20
173.07640923394098
 30
0.0
 40
1.3678905687544998
  1
8" R.W STL PIPE
 72
1
 11
400.43462117513025
 21
173.07640923394098
 31
0.0
100
AcDbText
 73
2
  0
TEXT
  5
994
330
17
100
AcDbEntity
  8
TEXTO
100
AcDbText
 10
393.66850111219617
 20
54.15259467230903
 30
0.0
 40
0.5319574434045277
  1
JOE CASTRUITA
 72
1
 11
393.66850111219617
 21
54.15259467230903
 31
0.0
100
AcDbText
 73
2
  0
TEXT
  5
995
330
17
100
AcDbEntity
  8
TEXTO
100
AcDbText
 10
103.65837097167969
 20
218.2727983262804
 30
0.0
 40
1.0639148868090553
  1
12° CURB
 50
90.0
 72
1
 11
103.65837097167969
 21
218.2727983262804
 31
0.0
100
AcDbText
 73
2
  0
TEXT
  5
996
330
17
100
AcDbEntity
  8
TEXTO
100
AcDbText
 10
359.07128228081604
 20
217.97281901041669
 30
0.0
 40
1.5578753699704022
  1
148+/71 ON COLFAX AVE.
 72
1
 11
359.07128228081604
 21
217.97281901041669
 31
0.0
100
AcDbText
 73
2
  0
TEXT
  5
997
330
17
100
AcDbEntity
  8
TEXTO
100
AcDbText
 10
260.0458696153429
 20
31.921047634548614
 30
0.0
 40
1.6338692904567635
  1
AT 14' E/O CL
 72
1
 11
260.0458696153429
 21
31.921047634548614
 31
0.0
100
AcDbText
 73
2
  0
TEXT
  5
998
330
17
100
AcDbEntity
  8
TEXTO
100
AcDbText
 10
382.80270046657984
 20
21.155242919921875
 30
0.0
 40
1.0639148868090553
  1
DQ/RR/WD
 72
1
 11
382.80270046657984
 21
21.155242919921875
 31
0.0
100
AcDbText
 73
2
  0
TEXT
  5
999
330
17
100
AcDbEntity
  8
TEXTO
100
AcDbText
 10
314.4081793891059
 20
108.58157687717015
 30
0.0
 40
1.329893608511319
  1
6" RW DI. PIPE
 72
1
 11
314.4081793891059
 21
108.58157687717015
 31
0.0
100
AcDbText
 73
2
  0
TEXT
  5
99A
330
17
100
AcDbEntity
  8
TEXTO
100
AcDbText
 10
117.55726284450955
 20
274.9349466959635
 30
0.0
 40
1.0259179265658747
  1
B ND
 50
90.0
 72
1
 11
117.55726284450955
 21
274.9349466959635
 31
0.0
100
AcDbText
 73
2
  0
TEXT
  5
99B
330
17
100
AcDbEntity
  8
TEXTO
100
AcDbText
 10
249.4800482855903
 20
229.70521714952258
 30
0.0
 40
1.2538996880249578
  1
8" DWPWS 9' N OF C/L
 50
90.0
 72
1
 11
249.4800482855903
 21
229.70521714952258
 31
0.0
100
AcDbText
 73
2
  0
TEXT
  5
99C
330
17
100
AcDbEntity
  8
TEXTO
100
AcDbText
 10
105.15825059678819
 20
82.31701321072049
 30
0.0
 40
1.1019118470522358
  1
12' CURB
 50
90.0
 72
1
 11
105.15825059678819
 21
82.31701321072049
 31
0.0
100
AcDbText
 73
2
  0
TEXT
  5
99D
330
17
100
AcDbEntity
  8
TEXTO
100
AcDbText
 10
172.01956854926215
 20
216.43961588541669
 30
0.0
 40
2.1658267338612913
  1
39° E OF CA
 72
1
 11
172.01956854926215
 21
216.43961588541669
 31
0.0
100
AcDbText
 73
2
  0
TEXT
  5
99E
330
17
100
AcDbEntity
  8
TEXTO
100
AcDbText
 10
179.4856431749132
 20
223.03909301757812
 30
0.0
 40
1.2538996880249578
  1
4" SCG 34' E OF C/L
 72
1
 11
179.4856431749132
 21
223.03909301757812
 31
0.0
100
AcDbText
 73
2
  0
TEXT
  5
99F
330
17
100
AcDbEntity
  8
TEXTO
100
AcDbText
 10
78.02708943684897
 20
273.8683573404948
 30
0.0
 40
0.9879209663226942
  1
APPROX GRADE
 72
1
 11
78.02708943684897
 21
273.8683573404948
 31
0.0
100
AcDbText
 73
2
  0
TEXT
  5
9A0
330
17
100
AcDbEntity
  8
TEXTO
100
AcDbText
 10
222.14889526367188
 20
84.88347371419272
 30
0.0
 40
0.9879209663226942
  1
148+67
 72
1
 11
222.14889526367188
 21
84.88347371419272
 31
0.0
100
AcDbText
 73
2
  0
TEXT
  5
9A1
330
17
100
AcDbEntity
  8
TEXTO
100
AcDbText
 10
211.48308648003473
 20
154.51124403211807
 30
0.0
 40
1.1019118470522358
  1
18" COMM DUCT BANK
 72
1
 11
211.48308648003473
 21
154.51124403211807
 31
0.0
100
AcDbText
 73
2
  0
TEXT
  5
9A2
330
17
100
AcDbEntity
  8
TEXTO
100
AcDbText
 10
233.74796549479169
 20
268.0688137478299
 30
0.0
 40
0.9879209663226942
  1
AT PIP,
 72
1
 11
233.74796549479169
 21
268.0688137478299
 31
0.0
100
AcDbText
 73
2
  0
TEXT
  5
9A3
330
17
100
AcDbEntity
  8
TEXTO
100
AcDbText
 10
81.9267823961046
 20
235.5047607421875
 30
0.0
 40
1.4058875289976802
  1
(627 79 INV)
 72
1
 11
81.9267823961046
 21
235.5047607421875
 31
0.0
100
AcDbText
 73
2
  0
TEXT
  5
9A4
330
17
100
AcDbEntity
  8
TEXTO
100
AcDbText
 10
296.9429185655382
 20
207.44033813476562
 30
0.0
 40
4.749620030397568
  1
L VD.
 72
1
 11
296.9429185655382
 21
207.44033813476562
 31
0.0
100
AcDbText
 73
2
  0
TEXT
  5
9A5
330
17
100
AcDbEntity
  8
TEXTO
100
AcDbText
 10
245.44703165690106
 20
229.03861151801215
 30
0.0
 40
2.2798176145908324
  1
INSTALL 6" RW D./. PIPE
 50
90.0
 72
1
 11
245.44703165690106
 21
229.03861151801215
 31
0.0
100
AcDbText
 73
2
  0
TEXT
  5
9A6
330
17
100
AcDbEntity
  8
TEXTO
100
AcDbText
 10
238.04762098524307
 20
255.1698472764757
 30
0.0
 40
1.329893608511319
  1
RW DI. PIPE
 72
1
 11
238.04762098524307
 21
255.1698472764757
 31
0.0
100
AcDbText
 73
2
  0
TEXT
  5
9A7
330
17
100
AcDbEntity
  8
TEXTO
100
AcDbText
 10
235.31450907389325
 20
273.50172254774304
 30
0.0
 40
1.1779057675385969
  1
51' E/O CL
 72
1
 11
235.31450907389325
 21
273.50172254774304
 31
0.0
100
AcDbText
 73
2
  0
TEXT
  5
9A8
330
17
100
AcDbEntity
  8
TEXTO
100
AcDbText
 10
338.20627848307294
 20
268.7687683105469
 30
0.0
 40
1.4058875289976802
  1
BRT C/A
 72
1
 11
338.20627848307294
 21
268.7687683105469
 31
0.0
100
AcDbText
 73
2
  0
TEXT
  5
9A9
330
17
100
AcDbEntity
  8
TEXTO
100
AcDbText
 10
330.873531765408
 20
255.10318332248266
 30
0.0
 40
1.2538996880249578
  1
6" WATER IN 6 §
 72
1
 11
330.873531765408
 21
255.10318332248266
 31
0.0
100
AcDbText
 73
2
  0
TEXT
  5
9AA
330
17
100
AcDbEntity
  8
TEXTO
100
AcDbText
 10
88.95954979790582
 20
109.91480509440105
 30
0.0
 40
1.1019118470522358
  1
TRAFFIC SIGNAL
 72
1
 11
88.95954979790582
 21
109.91480509440105
 31
0.0
100
AcDbText
 73
2
  0
TEXT
  5
9AB
330
17
100
AcDbEntity
  8
TEXTO
100
AcDbText
 10
392.0019700792101
 20
82.4503411187066
 30
0.0
 40
1.329893608511319
  1
8" RW DI. PIPE
 72
1
 11
392.0019700792101
 21
82.4503411187066
 31
0.0
100
AcDbText
 73
2
  0
TEXT
  5
9AC
330
17
100
AcDbEntity
  8
TEXTO
100
AcDbText
 10
330.0069342719184
 20
28.854624430338543
 30
0.0
 40
0.8739300855931526
  1
PRESSURE(PSI)
 72
1
 11
330.0069342719184
 21
28.854624430338543
 31
0.0
100
AcDbText
 73
2
  0
TEXT
  5
9AD
330
17
100
AcDbEntity
  8
TEXTO
100
AcDbText
 10
258.6126369900174
 20
234.73815070258246
 30
0.0
 40
1.2538996880249578
  1
3" SCG 15' N OF C/L (ABAND)
 50
90.0
 72
1
 11
258.6126369900174
 21
234.73815070258246
 31
0.0
100
AcDbText
 73
2
  0
TEXT
  5
9AE
330
17
100
AcDbEntity
  8
TEXTO
100
AcDbText
 10
88.6262427435981
 20
134.41285027398004
 30
0.0
 40
1.329893608511319
  1
SS
 50
270.0
 72
1
 11
88.6262427435981
 21
134.41285027398004
 31
0.0
100
AcDbText
 73
2
  0
TEXT
  5
9AF
330
17
100
AcDbEntity
  8
TEXTO
100
AcDbText
 10
143.6551751030816
 20
273.8350253634983
 30
0.0
 40
2.2038236941044715
  1
14° E/O CL
 50
90.0
 72
1
 11
143.6551751030816
 21
273.8350253634983
 31
0.0
100
AcDbText
 73
2
  0
TEXT
  5
9B0
330
17
100
AcDbEntity
  8
TEXTO
100
AcDbText
 10
254.61296929253473
 20
228.60530429416235
 30
0.0
 40
1.2538996880249578
  1
2" SCG 22' N OF CAL
 50
90.0
 72
1
 11
254.61296929253473
 21
228.60530429416235
 31
0.0
100
AcDbText
 73
2
  0
TEXT
  5
9B1
330
17
100
AcDbEntity
  8
TEXTO
100
AcDbText
 10
75.62728246053061
 20
193.3748033311632
 30
0.0
 40
1.2538996880249578
  1
SEWER 14' W OF CAL
 72
1
 11
75.62728246053061
 21
193.3748033311632
 31
0.0
100
AcDbText
 73
2
  0
TEXT
  5
9B2
330
17
100
AcDbEntity
  8
TEXTO
100
AcDbText
 10
182.95203314887152
 20
208.17362467447919
 30
0.0
 40
1.1019118470522358
  1
TRAFFIC SIGNAL
 72
1
 11
182.95203314887152
 21
208.17362467447919
 31
0.0
100
AcDbText
 73
2
  0
TEXT
  5
9B3
330
17
100
AcDbEntity
  8
TEXTO
100
AcDbText
 10
296.64294772677954
 20
61.11870659722222
 30
0.0
 40
1.329893608511319
  1
RW DI PIPE
 72
1
 11
296.64294772677954
 21
61.11870659722222
 31
0.0
100
AcDbText
 73
2
  0
TEXT
  5
9B4
330
17
100
AcDbEntity
  8
TEXTO
100
AcDbText
 10
360.6378004286024
 20
56.385752360026046
 30
0.0
 40
0.5699544036477081
  1
SD
 72
1
 11
360.6378004286024
 21
56.385752360026046
 31
0.0
100
AcDbText
 73
2
  0
TEXT
  5
9B5
330
17
100
AcDbEntity
  8
TEXTO
100
AcDbText
 10
140.8220672607422
 20
275.66821628146704
 30
0.0
 40
1.0259179265658747
  1
" TEE
 50
90.0
 72
1
 11
140.8220672607422
 21
275.66821628146704
 31
0.0
100
AcDbText
 73
2
  0
TEXT
  5
9B6
330
17
100
AcDbEntity
  8
TEXTO
100
AcDbText
 10
227.34848022460938
 20
234.2715284559462
 30
0.0
 40
1.3678905687544998
  1
AT 149417
 72
1
 11
227.34848022460938
 21
234.2715284559462
 31
0.0
100
AcDbText
 73
2
  0
TEXT
  5
9B7
330
17
100
AcDbEntity
  8
TEXTO
100
AcDbText
 10
358.304680718316
 20
76.2508307562934
 30
0.0
 40
2.0518358531317493
  1
AVE C/L
 50
90.0
 72
1
 11
358.304680718316
 21
76.2508307562934
 31
0.0
100
AcDbText
 73
2
  0
TEXT
  5
9B8
330
17
100
AcDbEntity
  8
TEXTO
100
AcDbText
 10
173.91942342122397
 20
272.6351250542535
 30
0.0
 40
1.329893608511319
  1
RW D1 PIPE
 72
1
 11
173.91942342122397
 21
272.6351250542535
 31
0.0
100
AcDbText
 73
2
  0
TEXT
  5
9B9
330
17
100
AcDbEntity
  8
TEXTO
100
AcDbText
 10
327.50712076822913
 20
251.07018364800348
 30
0.0
 40
1.595872330213583
  1
8" CSG(ABND)
 72
1
 11
327.50712076822913
 21
251.07018364800348
 31
0.0
100
AcDbText
 73
2
  0
TEXT
  5
9BA
330
17
100
AcDbEntity
  8
TEXTO
100
AcDbText
 10
144.62176005045575
 20
229.23858642578125
 30
0.0
 40
1.4058875289976802
  1
AT 148423
 72
1
 11
144.62176005045575
 21
229.23858642578125
 31
0.0
100
AcDbText
 73
2
  0
TEXT
  5
9BB
330
17
100
AcDbEntity
  8
TEXTO
100
AcDbText
 10
385.3358459472656
 20
41.086985270182296
 30
0.0
 40
1.3678905687544998
  1
PROJECT —
 72
1
 11
385.3358459472656
 21
41.086985270182296
 31
0.0
100
AcDbText
 73
2
  0
TEXT
  5
9BC
330
17
100
AcDbEntity
  8
TEXTO
100
AcDbText
 10
328.84036593967016
 20
228.30532497829861
 30
0.0
 40
1.1019118470522358
  1
CONC ENCASED
 72
1
 11
328.84036593967016
 21
228.30532497829861
 31
0.0
100
AcDbText
 73
2
  0
TEXT
  5
9BD
330
17
100
AcDbEntity
  8
TEXTO
100
AcDbText
 10
229.48164198133682
 20
168.7101067437066
 30
0.0
 40
2.0138388928885687
  1
MIA RELW
 72
1
 11
229.48164198133682
 21
168.7101067437066
 31
0.0
100
AcDbText
 73
2
  0
TEXT
  5
9BE
330
17
100
AcDbEntity
  8
TEXTO
100
AcDbText
 10
176.18590460883246
 20
182.27569580078125
 30
0.0
 40
1.3678905687544998
  1
8 6" REDUCER-44'E OF C/A.
 72
1
 11
176.18590460883246
 21
182.27569580078125
 31
0.0
100
AcDbText
 73
2
  0
TEXT
  5
9BF
330
17
100
AcDbEntity
  8
TEXTO
100
AcDbText
 10
52.76244693332249
 20
101.5154774983724
 30
0.0
 40
1.2538996880249578
  1
8" SCG 19° N OF CAL
 50
90.0
 72
1
 11
52.76244693332249
 21
101.5154774983724
 31
0.0
100
AcDbText
 73
2
  0
TEXT
  5
9C0
330
17
100
AcDbEntity
  8
TEXTO
100
AcDbText
 10
189.61816575792102
 20
234.53816731770834
 30
0.0
 40
0.9879209663226942
  1
SCALE 7 "=40° HORIZONTAL
 72
1
 11
189.61816575792102
 21
234.53816731770834
 31
0.0
100
AcDbText
 73
2
  0
TEXT
  5
9C1
330
17
100
AcDbEntity
  8
TEXTO
100
AcDbText
 10
81.29349814520943
 20
82.38367716471355
 30
0.0
 40
1.1019118470522358
  1
12" DWPWS 18° W OF CL
 72
1
 11
81.29349814520943
 21
82.38367716471355
 31
0.0
100
AcDbText
 73
2
  0
TEXT
  5
9C2
330
17
100
AcDbEntity
  8
TEXTO
100
AcDbText
 10
134.75588480631512
 20
275.4682328965929
 30
0.0
 40
1.9378449724022078
  1
2O/ ,
 50
270.0
 72
1
 11
134.75588480631512
 21
275.4682328965929
 31
0.0
100
AcDbText
 73
2
  0
TEXT
  5
9C3
330
17
100
AcDbEntity
  8
TEXTO
100
AcDbText
 10
328.1404113769531
 20
78.41732449001736
 30
0.0
 40
0.9879209663226942
  1
CONST JOINT —TYP
 72
1
 11
328.1404113769531
 21
78.41732449001736
 31
0.0
100
AcDbText
 73
2
  0
TEXT
  5
9C4
330
17
100
AcDbEntity
  8
TEXTO
100
AcDbText
 10
133.089353773329
 20
244.27073160807294
 30
0.0
 40
2.1658267338612913
  1
17° W/ CL
 50
90.0
 72
1
 11
133.089353773329
 21
244.27073160807294
 31
0.0
100
AcDbText
 73
2
  0
TEXT
  5
9C5
330
17
100
AcDbEntity
  8
TEXTO
100
AcDbText
 10
230.78153822157117
 20
251.43681844075522
 30
0.0
 40
1.1779057675385969
  1
8°x6" REDUCER
 72
1
 11
230.78153822157117
 21
251.43681844075522
 31
0.0
100
AcDbText
 73
2
  0
TEXT
  5
9C6
330
17
100
AcDbEntity
  8
TEXTO
100
AcDbText
 10
203.61704508463544
 20
94.6160380045573
 30
0.0
 40
1.0259179265658747
  1
CL
 50
90.0
 72
1
 11
203.61704508463544
 21
94.6160380045573
 31
0.0
100
AcDbText
 73
2
  0
TEXT
  5
9C7
330
17
100
AcDbEntity
  8
TEXTO
100
AcDbText
 10
210.6831529405382
 20
94.6160380045573
 30
0.0
 40
1.0259179265658747
  1
CL
 50
90.0
 72
1
 11
210.6831529405382
 21
94.6160380045573
 31
0.0
100
AcDbText
 73
2
  0
TEXT
  5
9C8
330
17
100
AcDbEntity
  8
TEXTO
100
AcDbText
 10
405.03426445855035
 20
217.77284410264758
 30
0.0
 40
1.5578753699704022
  1
SECTION C-C
 72
1
 11
405.03426445855035
 21
217.77284410264758
 31
0.0
100
AcDbText
 73
2
  0
TEXT
  5
9C9
330
17
100
AcDbEntity
  8
TEXTO
100
AcDbText
 10
329.00700887044275
 20
38.487192789713546
 30
0.0
 40
0.6079513638908887
  1
THOMAS GUIDE
 72
1
 11
329.00700887044275
 21
38.487192789713546
 31
0.0
100
AcDbText
 73
2
  0
TEXT
  5
9CA
330
17
100
AcDbEntity
  8
TEXTO
100
AcDbText
 10
294.10980224609375
 20
119.38071356879341
 30
0.0
 40
2.697784177265819
  1
BLVD.
 72
1
 11
294.10980224609375
 21
119.38071356879341
 31
0.0
100
AcDbText
 73
2
  0
TEXT
  5
9CB
330
17
100
AcDbEntity
  8
TEXTO
100
AcDbText
 10
323.54078504774304
 20
95.84927029079861
 30
0.0
 40
1.4058875289976802
  1
BLVD (S) C/L
 72
1
 11
323.54078504774304
 21
95.84927029079861
 31
0.0
100
AcDbText
 73
2
  0
TEXT
  5
9CC
330
17
100
AcDbEntity
  8
TEXTO
100
AcDbText
 10
231.31482442220053
 20
276.1015150282118
 30
0.0
 40
1.1779057675385969
  1
6°GV
 72
1
 11
231.31482442220053
 21
276.1015150282118
 31
0.0
100
AcDbText
 73
2
  0
TEXT
  5
9CD
330
17
100
AcDbEntity
  8
TEXTO
100
AcDbText
 10
398.70144314236114
 20
82.11702982584636
 30
0.0
 40
1.2918966482681387
  1
AY)
 50
90.0
 72
1
 11
398.70144314236114
 21
82.11702982584636
 31
0.0
100
AcDbText
 73
2
  0
TEXT
  5
9CE
330
17
100
AcDbEntity
  8
TEXTO
100
AcDbText
 10
236.44775390625
 20
97.6824442545573
 30
0.0
 40
0.9879209663226942
  1
C/L CHANDLER BLVD
 72
1
 11
236.44775390625
 21
97.6824442545573
 31
0.0
100
AcDbText
 73
2
  0
TEXT
  5
9CF
330
17
100
AcDbEntity
  8
TEXTO
100
AcDbText
 10
100.32530890570746
 20
187.14196099175348
 30
0.0
 40
1.0639148868090553
  1
2 2 ery W 2 ANO
 72
1
 11
100.32530890570746
 21
187.14196099175348
 31
0.0
100
AcDbText
 73
2
  0
TEXT
  5
9D0
330
17
100
AcDbEntity
  8
TEXTO
100
AcDbText
 10
408.8006252712674
 20
27.621392144097225
 30
0.0
 40
0.911927045836333
  1
AS-—BUILT COMPLETED
 72
1
 11
408.8006252712674
 21
27.621392144097225
 31
0.0
100
AcDbText
 73
2
  0
TEXT
  5
9D1
330
17
100
AcDbEntity
  8
TEXTO
100
AcDbText
 10
325.47395494249133
 20
80.95045301649306
 30
0.0
 40
0.9879209663226942
  1
EX - PAVEMENT
 72
1
 11
325.47395494249133
 21
80.95045301649306
 31
0.0
100
AcDbText
 73
2
  0
TEXT
  5
9D2
330
17
100
AcDbEntity
  8
TEXTO
100
AcDbText
 10
109.92453681098091
 20
227.53872341579861
 30
0.0
 40
0.9879209663226942
  1
"=10° VERTICAL
 72
1
 11
109.92453681098091
 21
227.53872341579861
 31
0.0
100
AcDbText
 73
2
  0
TEXT
  5
9D3
330
17
100
AcDbEntity
  8
TEXTO
100
AcDbText
 10
226.4818827311198
 20
32.08770751953125
 30
0.0
 40
0.911927045836333
  1
SCALE 1°=40° HORIZONTAL
 72
1
 11
226.4818827311198
 21
32.08770751953125
 31
0.0
100
AcDbText
 73
2
  0
TEXT
  5
9D4
330
17
100
AcDbEntity
  8
TEXTO
100
AcDbText
 10
228.81502787272137
 20
29.98786078559028
 30
0.0
 40
1.0259179265658747
  1
1°=10" VERTICAL
 72
1
 11
228.81502787272137
 21
29.98786078559028
 31
0.0
100
AcDbText
 73
2
  0
TEXT
  5
9D5
330
17
100
AcDbEntity
  8
TEXTO
100
AcDbText
 10
78.19374084472656
 20
101.91544426812067
 30
0.0
 40
0.911927045836333
  1
ND YG
 50
90.0
 72
1
 11
78.19374084472656
 21
101.91544426812067
 31
0.0
100
AcDbText
 73
2
  0
TEXT
  5
9D6
330
17
100
AcDbEntity
  8
TEXTO
100
AcDbText
 10
180.35224066840277
 20
211.0400390625
 30
0.0
 40
1.1779057675385969
  1
51' E OF CA
 72
1
 11
180.35224066840277
 21
211.0400390625
 31
0.0
100
AcDbText
 73
2
  0
TEXT
  5
9D7
330
17
100
AcDbEntity
  8
TEXTO
100
AcDbText
 10
172.85284254286023
 20
178.60931396484375
 30
0.0
 40
1.2159027277817773
  1
ING 8" DI 50'P
 72
1
 11
172.85284254286023
 21
178.60931396484375
 31
0.0
100
AcDbText
 73
2
  0
TEXT
  5
9D8
330
17
100
AcDbEntity
  8
TEXTO
100
AcDbText
 10
79.72695668538412
 20
169.11007351345486
 30
0.0
 40
2.0138388928885687
  1
MIA RII W. SEE DET '4'
 72
1
 11
79.72695668538412
 21
169.11007351345486
 31
0.0
100
AcDbText
 73
2
  0
TEXT
  5
9D9
330
17
100
AcDbEntity
  8
TEXTO
100
AcDbText
 10
189.88480461968317
 20
232.538333468967
 30
0.0
 40
0.9879209663226942
  1
1°=10" VERTICAL
 72
1
 11
189.88480461968317
 21
232.538333468967
 31
0.0
100
AcDbText
 73
2
  0
TEXT
  5
9DA
330
17
100
AcDbEntity
  8
TEXTO
100
AcDbText
 10
344.97241550021704
 20
167.34354654947919
 30
0.0
 40
1.0639148868090553
  1
TYP 18
 72
1
 11
344.97241550021704
 21
167.34354654947919
 31
0.0
100
AcDbText
 73
2
  0
TEXT
  5
9DB
330
17
100
AcDbEntity
  8
TEXTO
100
AcDbText
 10
157.38740709092883
 20
94.34939066569011
 30
0.0
 40
0.911927045836333
  1
N.
 50
270.0
 72
1
 11
157.38740709092883
 21
94.34939066569011
 31
0.0
100
AcDbText
 73
2
  0
TEXT
  5
9DC
330
17
100
AcDbEntity
  8
TEXTO
100
AcDbText
 10
98.62544589572482
 20
152.77804904513889
 30
0.0
 40
1.1779057675385969
  1
11 E OF C
 72
1
 11
98.62544589572482
 21
152.77804904513889
 31
0.0
100
AcDbText
 73
2
  0
TEXT
  5
9DD
330
17
100
AcDbEntity
  8
TEXTO
100
AcDbText
 10
43.39653015136719
 20
198.27440049913196
 30
0.0
 40
1.1399088072954162
  1
OF
 50
270.0
 72
1
 11
43.39653015136719
 21
198.27440049913196
 31
0.0
100
AcDbText
 73
2
  0
TEXT
  5
9DE
330
17
100
AcDbEntity
  8
TEXTO
100
AcDbText
 10
240.5807579888238
 20
59.25220065646702
 30
0.0
 40
2.697784177265819
  1
8°x6" TEE
 72
1
 11
240.5807579888238
 21
59.25220065646702
 31
0.0
100
AcDbText
 73
2
  0
TEXT
  5
9DF
330
17
100
AcDbEntity
  8
TEXTO
100
AcDbText
 10
112.19102647569444
 20
246.8038516574436
 30
0.0
 40
1.0639148868090553
  1
29% 0 CL
 50
90.0
 72
1
 11
112.19102647569444
 21
246.8038516574436
 31
0.0
100
AcDbText
 73
2
  0
TEXT
  5
9E0
330
17
100
AcDbEntity
  8
TEXTO
100
AcDbText
 10
43.39653015136719
 20
185.6754133436415
 30
0.0
 40
1.1399088072954162
  1
OF
 50
270.0
 72
1
 11
43.39653015136719
 21
185.6754133436415
 31
0.0
100
AcDbText
 73
2
  0
TEXT
  5
9E1
330
17
100
AcDbEntity
  8
TEXTO
100
AcDbText
 10
151.92117479112414
 20
153.04468790690106
 30
0.0
 40
1.0259179265658747
  1
1484+
 72
1
 11
151.92117479112414
 21
153.04468790690106
 31
0.0
100
AcDbText
 73
2
  0
TEXT
  5
9E2
330
17
100
AcDbEntity
  8
TEXTO
100
AcDbText
 10
199.38404507107208
 20
40.786997477213546
 30
0.0
 40
1.1779057675385969
  1
CASING L=60 #=16"
 72
1
 11
199.38404507107208
 21
40.786997477213546
 31
0.0
100
AcDbText
 73
2
  0
TEXT
  5
9E3
330
17
100
AcDbEntity
  8
TEXTO
100
AcDbText
 10
363.87088351779516
 20
211.50668674045139
 30
0.0
 40
1.1779057675385969
  1
1°=10" VERTICAL
 72
1
 11
363.87088351779516
 21
211.50668674045139
 31
0.0
100
AcDbText
 73
2
  0
TEXT
  5
9E4
330
17
100
AcDbEntity
  8
TEXTO
100
AcDbText
 10
217.4825965033637
 20
120.34730699327257
 30
0.0
 40
4.027677785777137
  1
CHANDLER S
 72
1
 11
217.4825965033637
 21
120.34730699327257
 31
0.0
100
AcDbText
 73
2
  0
TEXT
  5
9E5
330
17
100
AcDbEntity
  8
TEXTO
100
AcDbText
 10
329.9736022949219
 20
30.42115953233507
 30
0.0
 40
0.6079513638908887
  1
MAX STATIC
 72
1
 11
329.9736022949219
 21
30.42115953233507
 31
0.0
100
AcDbText
 73
2
  0
TEXT
  5
9E6
330
17
100
AcDbEntity
  8
TEXTO
100
AcDbText
 10
362.7709621853299
 20
262.3026106092665
 30
0.0
 40
1.2159027277817773
  1
O09
 50
270.0
 72
1
 11
362.7709621853299
 21
262.3026106092665
 31
0.0
100
AcDbText
 73
2
  0
TEXT
  5
9E7
330
17
100
AcDbEntity
  8
TEXTO
100
AcDbText
 10
202.4504682752821
 20
166.31028917100696
 30
0.0
 40
2.697784177265819
  1
wa B1C6029
 72
1
 11
202.4504682752821
 21
166.31028917100696
 31
0.0
100
AcDbText
 73
2
  0
TEXT
  5
9E8
330
17
100
AcDbEntity
  8
TEXTO
100
AcDbText
 10
99.05874464246963
 20
143.7121073404948
 30
0.0
 40
1.481881449484041
  1
48°P
 72
1
 11
99.05874464246963
 21
143.7121073404948
 31
0.0
100
AcDbText
 73
2
  0
TEXT
  5
9E9
330
17
100
AcDbEntity
  8
TEXTO
100
AcDbText
 10
206.28350151909723
 20
90.71634080674914
 30
0.0
 40
1.0259179265658747
  1
O78.
 50
270.0
 72
1
 11
206.28350151909723
 21
90.71634080674914
 31
0.0
100
AcDbText
 73
2
  0
TEXT
  5
9EA
330
17
100
AcDbEntity
  8
TEXTO
100
AcDbText
 10
322.27420383029516
 20
218.1061469184028
 30
0.0
 40
1.5578753699704022
  1
MTA STA.
 72
1
 11
322.27420383029516
 21
218.1061469184028
 31
0.0
100
AcDbText
 73
2
  0
TEXT
  5
9EB
330
17
100
AcDbEntity
  8
TEXTO
100
AcDbText
 10
205.51689995659723
 20
169.04340955946182
 30
0.0
 40
1.2918966482681387
  1
LI oO
 50
270.0
 72
1
 11
205.51689995659723
 21
169.04340955946182
 31
0.0
100
AcDbText
 73
2
  0
TEXT
  5
9EC
330
17
100
AcDbEntity
  8
TEXTO
100
AcDbText
 10
69.59443198310005
 20
215.60635036892361
 30
0.0
 40
1.3678905687544998
  1
8S OF CA
 72
1
 11
69.59443198310005
 21
215.60635036892361
 31
0.0
100
AcDbText
 73
2
  0
TEXT
  5
9ED
330
17
100
AcDbEntity
  8
TEXTO
100
AcDbText
 10
161.52041117350262
 20
151.27816094292535
 30
0.0
 40
1.0639148868090553
  1
6 li Ww 2 ANeDES
 72
1
 11
161.52041117350262
 21
151.27816094292535
 31
0.0
100
AcDbText
 73
2
  0
TEXT
  5
9EE
330
17
100
AcDbEntity
  8
TEXTO
100
AcDbText
 10
331.47349039713544
 20
250.27024163140192
 30
0.0
 40
0.9499240060795137
  1
7 DW
 50
90.0
 72
1
 11
331.47349039713544
 21
250.27024163140192
 31
0.0
100
AcDbText
 73
2
  0
TEXT
  5
9EF
330
17
100
AcDbEntity
  8
TEXTO
100
AcDbText
 10
131.85612148708768
 20
270.20198398166235
 30
0.0
 40
1.595872330213583
  1
6'dv
 50
90.0
 72
1
 11
131.85612148708768
 21
270.20198398166235
 31
0.0
100
AcDbText
 73
2
  0
TEXT
  5
9F0
330
17
100
AcDbEntity
  8
TEXTO
100
AcDbText
 10
179.918941921658
 20
247.23715040418838
 30
0.0
 40
1.2918966482681387
  1
PS Me
 50
90.0
 72
1
 11
179.918941921658
 21
247.23715040418838
 31
0.0
100
AcDbText
 73
2
  0
TEXT
  5
9F1
330
17
100
AcDbEntity
  8
TEXTO
100
AcDbText
 10
132.42273966471356
 20
270.5686272515191
 30
0.0
 40
0.8739300855931526
  1
S-
 72
1
 11
132.42273966471356
 21
270.5686272515191
 31
0.0
100
AcDbText
 73
2
  0
TEXT
  5
9F2
330
17
100
AcDbEntity
  8
TEXTO
100
AcDbText
 10
122.29021708170573
 20
78.21734958224826
 30
0.0
 40
0.9879209663226942
  1
474+0
 72
1
 11
122.29021708170573
 21
78.21734958224826
 31
0.0
100
AcDbText
 73
2
  0
TEXT
  5
9F3
330
17
100
AcDbEntity
  8
TEXTO
100
AcDbText
 10
325.14066908094617
 20
34.62083604600694
 30
0.0
 40
0.6079513638908887
  1
WwSM
 72
1
 11
325.14066908094617
 21
34.62083604600694
 31
0.0
100
AcDbText
 73
2
  0
TEXT
  5
9F4
330
17
100
AcDbEntity
  8
TEXTO
100
AcDbText
 10
91.62600199381511
 20
187.34195285373266
 30
0.0
 40
1.2538996880249578
  1
18'E
 50
90.0
 72
1
 11
91.62600199381511
 21
187.34195285373266
 31
0.0
100
AcDbText
 73
2
  0
TEXT
  5
9F5
330
17
100
AcDbEntity
  8
TEXTO
100
AcDbText
 10
405.70088704427087
 20
113.11454772949219
 30
0.0
 40
1.2918966482681387
  1
€20'>
 50
90.0
 72
1
 11
405.70088704427087
 21
113.11454772949219
 31
0.0
100
AcDbText
 73
2
  0
TEXT
  5
9F6
330
17
100
AcDbEntity
  8
TEXTO
100
AcDbText
 10
401.00124782986114
 20
172.84310234917535
 30
0.0
 40
2.0138388928885687
  1
U)
 50
90.0
 72
1
 11
401.00124782986114
 21
172.84310234917535
 31
0.0
100
AcDbText
 73
2
  0
TEXT
  5
9F7
330
17
100
AcDbEntity
  8
TEXTO
100
AcDbText
 10
201.6172112358941
 20
234.37151590983075
 30
0.0
 40
1.1019118470522358
  1
SS
 50
270.0
 72
1
 11
201.6172112358941
 21
234.37151590983075
 31
0.0
100
AcDbText
 73
2
  0
TEXT
  5
9F8
330
17
100
AcDbEntity
  8
TEXTO
100
AcDbText
 10
182.81870524088544
 20
247.0704989963108
 30
0.0
 40
1.1779057675385969
  1
QDoD
 50
90.0
 72
1
 11
182.81870524088544
 21
247.0704989963108
 31
0.0
100
AcDbText
 73
2
  0
TEXT
  5
9F9
330
17
100
AcDbEntity
  8
TEXTO
100
AcDbText
 10
374.03672960069446
 20
113.44785902235245
 30
0.0
 40
2.3558115350771938
  1
IG DOIG - OG O
 50
90.0
 72
1
 11
374.03672960069446
 21
113.44785902235245
 31
0.0
100
AcDbText
 73
2
  0
TEXT
  5
9FA
330
17
100
AcDbEntity
  8
TEXTO
100
AcDbText
 10
214.51616923014325
 20
160.0774637858073
 30
0.0
 40
0.25
  1
SS
 72
1
 11
214.51616923014325
 21
160.0774637858073
 31
0.0
100
AcDbText
 73
2
  0
TEXT
  5
9FB
330
17
100
AcDbEntity
  8
TEXTO
100
AcDbText
 10
75.99392149183485
 20
197.6744588216146
 30
0.0
 40
1.1399088072954162
  1
TRAFFIC—SIGNAE-COND
 72
1
 11
75.99392149183485
 21
197.6744588216146
 31
0.0
100
AcDbText
 73
2
  0
TEXT
  5
9FC
330
17
100
AcDbEntity
  8
TEXTO
100
AcDbText
 10
366.6706678602431
 20
212.53992716471356
 30
0.0
 40
1.2538996880249578
  1
UES)
 50
90.0
 72
1
 11
366.6706678602431
 21
212.53992716471356
 31
0.0
100
AcDbText
 73
2
  0
TEXT
  5
9FD
330
17
100
AcDbEntity
  8
TEXTO
100
AcDbText
 10
71.02764977349176
 20
272.9351043701172
 30
0.0
 40
0.8739300855931526
  1
"XD
 50
90.0
 72
1
 11
71.02764977349176
 21
272.9351043701172
 31
0.0
100
AcDbText
 73
2
  0
TEXT
  5
9FE
330
17
100
AcDbEntity
  8
TEXTO
100
AcDbText
 10
137.98895941840277
 20
221.37256198459204
 30
0.0
 40
0.835933125349972
  1
TS
 50
270.0
 72
1
 11
137.98895941840277
 21
221.37256198459204
 31
0.0
100
AcDbText
 73
2
  0
TEXT
  5
9FF
330
17
100
AcDbEntity
  8
TEXTO
100
AcDbText
 10
151.48787604437933
 20
127.04676310221355
 30
0.0
 40
1.481881449484041
  1
2'P
 72
1
 11
151.48787604437933
 21
127.04676310221355
 31
0.0
100
AcDbText
 73
2
  0
TEXT
  5
A00
330
17
100
AcDbEntity
  8
TEXTO
100
AcDbText
 10
68.96114985148112
 20
223.60571967230905
 30
0.0
 40
1.3678905687544998
  1
4S OF CA
 72
1
 11
68.96114985148112
 21
223.60571967230905
 31
0.0
100
AcDbText
 73
2
  0
TEXT
  5
A01
330
17
100
AcDbEntity
  8
TEXTO
100
AcDbText
 10
189.08487955729169
 20
247.03716701931427
 30
0.0
 40
1.7858571314294855
  1
TRUK
 50
270.0
 72
1
 11
189.08487955729169
 21
247.03716701931427
 31
0.0
100
AcDbText
 73
2
  0
ENDSEC
  0
SECTION
  2
OBJECTS
  0
DICTIONARY
  5
A
330
0
100
AcDbDictionary
281
1
  3
ACAD_COLOR
350
B
  3
ACAD_GROUP
350
C
  3
ACAD_LAYOUT
350
D
  3
ACAD_MATERIAL
350
E
  3
ACAD_MLEADERSTYLE
350
F
  3
ACAD_MLINESTYLE
350
10
  3
ACAD_PLOTSETTINGS
350
11
  3
ACAD_PLOTSTYLENAME
350
12
  3
ACAD_SCALELIST
350
14
  3
ACAD_TABLESTYLE
350
15
  3
ACAD_VISUALSTYLE
350
16
  3
EZDXF_META
350
2D
  0
DICTIONARY
  5
B
330
A
100
AcDbDictionary
281
1
  0
DICTIONARY
  5
C
330
A
100
AcDbDictionary
281
1
  0
DICTIONARY
  5
D
330
A
100
AcDbDictionary
281
1
  3
Model
350
1A
  3
Layout1
350
1E
  0
DICTIONARY
  5
E
330
A
100
AcDbDictionary
281
1
  3
ByBlock
350
1F
  3
ByLayer
350
20
  3
Global
350
21
  0
DICTIONARY
  5
F
330
A
100
AcDbDictionary
281
1
  3
Standard
350
2C
  0
DICTIONARY
  5
10
330
A
100
AcDbDictionary
281
1
  3
Standard
350
22
  0
DICTIONARY
  5
11
330
A
100
AcDbDictionary
281
1
  0
ACDBDICTIONARYWDFLT
  5
12
330
A
100
AcDbDictionary
281
1
  3
Normal
350
13
100
AcDbDictionaryWithDefault
340
13
  0
ACDBPLACEHOLDER
  5
13
330
12
  0
DICTIONARY
  5
14
330
A
100
AcDbDictionary
281
1
  0
DICTIONARY
  5
15
330
A
100
AcDbDictionary
281
1
  0
DICTIONARY
  5
16
330
A
100
AcDbDictionary
281
1
  3
2dWireframe
350
5A
  3
Basic
350
5B
  3
Brighten
350
5C
  3
ColorChange
350
5D
  3
Conceptual
350
5E
  3
Dim
350
5F
  3
EdgeColorOff
350
60
  3
Facepattern
350
61
  3
Flat
350
62
  3
FlatWithEdges
350
63
  3
Gouraud
350
64
  3
GouraudWithEdges
350
65
  3
Hidden
350
66
  3
JitterOff
350
67
  3
Linepattern
350
68
  3
Modeling
350
69
  3
OverhangOff
350
6A
  3
Realistic
350
6B
  3
Shaded
350
6C
  3
Shaded with edges
350
6D
  3
Shades of Gray
350
6E
  3
Sketchy
350
6F
  3
Thicken
350
70
  3
Wireframe
350
71
  3
X-Ray
350
72
  0
LAYOUT
  5
1A
330
D
100
AcDbPlotSettings
  1

  4
A3
  6

 40
7.5
 41
20.0
 42
7.5
 43
20.0
 44
420.0
 45
297.0
 46
0.0
 47
0.0
 48
0.0
 49
0.0
140
0.0
141
0.0
142
1.0
143
1.0
 70
1024
 72
1
 73
0
 74
5
  7

 75
16
 76
0
 77
2
 78
300
147
1.0
148
0.0
149
0.0
100
AcDbLayout
  1
Model
 70
1
 71
0
 10
0.0
 20
0.0
 11
420.0
 21
297.0
 12
0.0
 22
0.0
 32
0.0
 14
1e+20
 24
1e+20
 34
1e+20
 15
-1e+20
 25
-1e+20
 35
-1e+20
146
0.0
 13
0.0
 23
0.0
 33
0.0
 16
1.0
 26
0.0
 36
0.0
 17
0.0
 27
1.0
 37
0.0
 76
1
330
17
  0
LAYOUT
  5
1E
330
D
100
AcDbPlotSettings
  1

  4
A3
  6

 40
7.5
 41
20.0
 42
7.5
 43
20.0
 44
420.0
 45
297.0
 46
0.0
 47
0.0
 48
0.0
 49
0.0
140
0.0
141
0.0
142
1.0
143
1.0
 70
0
 72
1
 73
0
 74
5
  7

 75
16
 76
0
 77
2
 78
300
147
1.0
148
0.0
149
0.0
100
AcDbLayout
  1
Layout1
 70
1
 71
1
 10
0.0
 20
0.0
 11
420.0
 21
297.0
 12
0.0
 22
0.0
 32
0.0
 14
1e+20
 24
1e+20
 34
1e+20
 15
-1e+20
 25
-1e+20
 35
-1e+20
146
0.0
 13
0.0
 23
0.0
 33
0.0
 16
1.0
 26
0.0
 36
0.0
 17
0.0
 27
1.0
 37
0.0
 76
1
330
1B
  0
MATERIAL
  5
1F
102
{ACAD_REACTORS
330
E
102
}
330
E
100
AcDbMaterial
  1
ByBlock
  2

 70
0
 40
1.0
 71
1
 41
1.0
 91
-1023410177
 42
1.0
 72
1
  3

 73
1
 74
1
 75
1
 44
0.5
 73
0
 45
1.0
 46
1.0
 77
1
  4

 78
1
 79
1
170
1
 48
1.0
171
1
  6

172
1
173
1
174
1
140
1.0
141
1.0
175
1
  7

176
1
177
1
178
1
143
1.0
179
1
  8

270
1
271
1
272
1
145
1.0
146
1.0
273
1
  9

274
1
275
1
276
1
 42
1.0
 72
1
  3

 73
1
 74
1
 75
1
 94
63
  0
MATERIAL
  5
20
102
{ACAD_REACTORS
330
E
102
}
330
E
100
AcDbMaterial
  1
ByLayer
  2

 70
0
 40
1.0
 71
1
 41
1.0
 91
-1023410177
 42
1.0
 72
1
  3

 73
1
 74
1
 75
1
 44
0.5
 73
0
 45
1.0
 46
1.0
 77
1
  4

 78
1
 79
1
170
1
 48
1.0
171
1
  6

172
1
173
1
174
1
140
1.0
141
1.0
175
1
  7

176
1
177
1
178
1
143
1.0
179
1
  8

270
1
271
1
272
1
145
1.0
146
1.0
273
1
  9

274
1
275
1
276
1
 42
1.0
 72
1
  3

 73
1
 74
1
 75
1
 94
63
  0
MATERIAL
  5
21
102
{ACAD_REACTORS
330
E
102
}
330
E
100
AcDbMaterial
  1
Global
  2

 70
0
 40
1.0
 71
1
 41
1.0
 91
-1023410177
 42
1.0
 72
1
  3

 73
1
 74
1
 75
1
 44
0.5
 73
0
 45
1.0
 46
1.0
 77
1
  4

 78
1
 79
1
170
1
 48
1.0
171
1
  6

172
1
173
1
174
1
140
1.0
141
1.0
175
1
  7

176
1
177
1
178
1
143
1.0
179
1
  8

270
1
271
1
272
1
145
1.0
146
1.0
273
1
  9

274
1
275
1
276
1
 42
1.0
 72
1
  3

 73
1
 74
1
 75
1
 94
63
  0
MLINESTYLE
  5
22
102
{ACAD_REACTORS
330
10
102
}
330
10
100
AcDbMlineStyle
  2
Standard
 70
0
  3

 62
256
 51
90.0
 52
90.0
 71
2
 49
0.5
 62
256
  6
BYLAYER
 49
-0.5
 62
256
  6
BYLAYER
  0
MLEADERSTYLE
  5
2C
102
{ACAD_REACTORS
330
F
102
}
330
F
100
AcDbMLeaderStyle
179
2
170
2
171
1
172
0
 90
2
 40
0.0
 41
0.0
173
1
 91
-1056964608
 92
-2
290
1
 42
2.0
291
1
 43
8.0
  3
Standard
 44
4.0
300

342
29
174
1
175
1
176
0
178
1
 93
-1056964608
 45
4.0
292
0
297
0
 46
4.0
 94
-1056964608
 47
1.0
 49
1.0
140
1.0
294
1
141
0.0
177
0
142
1.0
295
0
296
0
143
3.75
271
0
272
9
273
9
  0
DICTIONARY
  5
2D
330
A
100
AcDbDictionary
280
1
281
1
  3
CREATED_BY_EZDXF
350
2E
  3
WRITTEN_BY_EZDXF
350
A04
  0
DICTIONARYVAR
  5
2E
330
2D
100
DictionaryVariables
280
0
  1
1.4.2 @ 2026-07-02T18:14:26.827854+00:00
  0
VISUALSTYLE
  5
5A
102
{ACAD_REACTORS
330
16
102
}
330
16
100
AcDbVisualStyle
  2
2dWireframe
 70
4
 90
0
 40
0.6
 62
7
290
0
291
0
  0
VISUALSTYLE
  5
5B
102
{ACAD_REACTORS
330
16
102
}
330
16
100
AcDbVisualStyle
  2
Basic
 70
7
 90
1
 40
0.6
 62
7
290
0
291
1
  0
VISUALSTYLE
  5
5C
102
{ACAD_REACTORS
330
16
102
}
330
16
100
AcDbVisualStyle
  2
Brighten
 70
12
 90
2
 40
0.6
 62
7
290
0
291
1
  0
VISUALSTYLE
  5
5D
102
{ACAD_REACTORS
330
16
102
}
330
16
100
AcDbVisualStyle
  2
ColorChange
 70
16
 90
2
 40
0.6
 62
8
290
0
291
1
  0
VISUALSTYLE
  5
5E
102
{ACAD_REACTORS
330
16
102
}
330
16
100
AcDbVisualStyle
  2
Conceptual
 70
9
 90
3
 40
0.6
 62
7
290
0
291
0
  0
VISUALSTYLE
  5
5F
102
{ACAD_REACTORS
330
16
102
}
330
16
100
AcDbVisualStyle
  2
Dim
 70
11
 90
2
 40
0.6
 62
7
290
0
291
1
  0
VISUALSTYLE
  5
60
102
{ACAD_REACTORS
330
16
102
}
330
16
100
AcDbVisualStyle
  2
EdgeColorOff
 70
22
 90
2
 40
0.6
 62
7
290
0
291
1
  0
VISUALSTYLE
  5
61
102
{ACAD_REACTORS
330
16
102
}
330
16
100
AcDbVisualStyle
  2
Facepattern
 70
15
 90
2
 40
0.6
 62
7
290
0
291
1
  0
VISUALSTYLE
  5
62
102
{ACAD_REACTORS
330
16
102
}
330
16
100
AcDbVisualStyle
  2
Flat
 70
0
 90
2
 40
0.6
 62
7
290
0
291
1
  0
VISUALSTYLE
  5
63
102
{ACAD_REACTORS
330
16
102
}
330
16
100
AcDbVisualStyle
  2
FlatWithEdges
 70
1
 90
2
 40
0.6
 62
7
290
0
291
1
  0
VISUALSTYLE
  5
64
102
{ACAD_REACTORS
330
16
102
}
330
16
100
AcDbVisualStyle
  2
Gouraud
 70
2
 90
2
 40
0.6
 62
7
290
0
291
1
  0
VISUALSTYLE
  5
65
102
{ACAD_REACTORS
330
16
102
}
330
16
100
AcDbVisualStyle
  2
GouraudWithEdges
 70
3
 90
2
 40
0.6
 62
7
290
0
291
1
  0
VISUALSTYLE
  5
66
102
{ACAD_REACTORS
330
16
102
}
330
16
100
AcDbVisualStyle
  2
Hidden
 70
6
 90
1
 40
0.6
 62
7
290
0
291
0
  0
VISUALSTYLE
  5
67
102
{ACAD_REACTORS
330
16
102
}
330
16
100
AcDbVisualStyle
  2
JitterOff
 70
20
 90
2
 40
0.6
 62
7
290
0
291
1
  0
VISUALSTYLE
  5
68
102
{ACAD_REACTORS
330
16
102
}
330
16
100
AcDbVisualStyle
  2
Linepattern
 70
14
 90
2
 40
0.6
 62
7
290
0
291
1
  0
VISUALSTYLE
  5
69
102
{ACAD_REACTORS
330
16
102
}
330
16
100
AcDbVisualStyle
  2
Modeling
 70
10
 90
2
 40
0.6
 62
7
290
0
291
0
  0
VISUALSTYLE
  5
6A
102
{ACAD_REACTORS
330
16
102
}
330
16
100
AcDbVisualStyle
  2
OverhangOff
 70
21
 90
2
 40
0.6
 62
7
290
0
291
1
  0
VISUALSTYLE
  5
6B
102
{ACAD_REACTORS
330
16
102
}
330
16
100
AcDbVisualStyle
  2
Realistic
 70
8
 90
2
 40
0.6
 62
7
290
0
291
0
  0
VISUALSTYLE
  5
6C
102
{ACAD_REACTORS
330
16
102
}
330
16
100
AcDbVisualStyle
  2
Shaded
 70
27
 90
2
 40
0.6
 62
7
290
0
291
0
  0
VISUALSTYLE
  5
6D
102
{ACAD_REACTORS
330
16
102
}
330
16
100
AcDbVisualStyle
  2
Shaded with edges
 70
26
 90
2
 40
0.6
 62
7
290
0
291
0
  0
VISUALSTYLE
  5
6E
102
{ACAD_REACTORS
330
16
102
}
330
16
100
AcDbVisualStyle
  2
Shades of Gray
 70
23
 90
2
 40
0.6
 62
7
290
0
291
0
  0
VISUALSTYLE
  5
6F
102
{ACAD_REACTORS
330
16
102
}
330
16
100
AcDbVisualStyle
  2
Sketchy
 70
24
 90
1
 40
0.6
 62
7
290
0
291
0
  0
VISUALSTYLE
  5
70
102
{ACAD_REACTORS
330
16
102
}
330
16
100
AcDbVisualStyle
  2
Thicken
 70
13
 90
2
 40
0.6
 62
7
290
0
291
1
  0
VISUALSTYLE
  5
71
102
{ACAD_REACTORS
330
16
102
}
330
16
100
AcDbVisualStyle
  2
Wireframe
 70
5
 90
0
 40
0.6
 62
7
290
0
291
0
  0
VISUALSTYLE
  5
72
102
{ACAD_REACTORS
330
16
102
}
330
16
100
AcDbVisualStyle
  2
X-Ray
 70
25
 90
2
 40
0.5
 62
7
290
0
291
0
  0
DICTIONARYVAR
  5
A04
330
2D
100
DictionaryVariables
280
0
  1
1.4.2 @ 2026-07-02T18:14:26.955379+00:00
  0
ENDSEC
  0
EOF
